대분류,중분류,소분류,event_url,시술명,대표이미지,시술_해시태그,평점,후기_갯수,원가,VAT_정보,시술_정보,병원명,병원_정보,병원_주소,마취정보,영업시간,병원_연락처(안심번호)
리프팅,레이저리프팅,울쎄라리프팅,https://www.yeoshin.co.kr/event/mobile/16693,울쎄라 리프팅 편안한 케어,https://d3gurpvil0se70.cloudfront.net/upfiles/images/product/IHI7Jba1PF5BnV3lyDxqKhHWwpc6.jpg?q=90&f=webp&w=1024,"#리프팅레이저
#타이트닝",9.8,후기 6,"790,000원",VAT 포함,"울쎄라
시술시간
30~60분
마취여부
수면마취
회복시간
약 1주
시술효과
4~8주 후",세가지소원의원(압구정),영어 응대 / 영어 응대 / 중국어 응대 / 중국어 응대 / 일본어 응대 / 일본어 응대,서울특별시 강남구 논현로 824 세가지소원의원(압구정),,화요일 10:00 ~ 20:00 / 수요일 10:00 ~ 19:00 / 목요일 10:00 ~ 20:00 / 금요일 10:00 ~ 19:00 / 토요일 10:00 ~ 17:00 / 일요일 휴진,0508-0353-5028
리프팅,레이저리프팅,울쎄라리프팅,https://www.yeoshin.co.kr/event/mobile/25183,대구 더올림 울쎄라 300샷,https://d3gurpvil0se70.cloudfront.net/upfiles/images/product/0DHERngeEgdKrwz81QdyeyKkQi5A.jpg?q=90&f=webp&w=1024,"#리프팅레이저
#타이트닝",9.5,후기 2,"770,000원",VAT 포함,"울쎄라
시술시간
30~60분
마취여부
크림마취
회복시간
약 1주
시술효과
4~8주 후",더올림성형외과의원,전문의 1명 / 전문의 1명 / 여의사 진료 / 여의사 진료 / 사후관리 / 사후관리,대구광역시 중구 달구벌대로 2095 (덕산동) 삼성생명 3층 더올림성형외과의원,"크림마취
수면마취",화요일 10:00 ~ 19:00 / 수요일 10:00 ~ 19:00 / 목요일 10:00 ~ 19:00 / 금요일 10:00 ~ 19:00 / 토요일 10:00 ~ 16:00 / 일요일 휴진,050803531308
리프팅,레이저리프팅,울쎄라리프팅,https://www.yeoshin.co.kr/event/mobile/27687,프라임 온쎄라_울쎄라피 프라임 & 온다,https://d3gurpvil0se70.cloudfront.net/upfiles/images/product/BN86sckuu5LOqn7DsT1zqd5rLGmA.png?q=90&f=webp&w=1024,"#리프팅레이저
#타이트닝",,,"1,419,000원",VAT 포함,"울쎄라피프라임
시술시간
30~60분
마취여부
크림마취
회복시간
약 1~3일
시술효과
1~2개월",뷰티블라썸의원,여의사 진료 / 여의사 진료 / 사후관리 / 사후관리 / 영어 응대 / 영어 응대 / 중국어 응대 / 중국어 응대 / 일본어 응대 / 일본어 응대,"서울특별시 마포구 양화로 66 (서교동) 5층,6층",,화요일 10:00 ~ 20:00 / 수요일 10:00 ~ 20:00 / 목요일 10:00 ~ 20:00 / 금요일 10:00 ~ 20:00 / 토요일 10:00 ~ 16:30 / 일요일 10:00 ~ 16:30 / 대체 공휴일 진료,0508-0353-9342
리프팅,레이저리프팅,울쎄라리프팅,https://www.yeoshin.co.kr/event/mobile/5421,정품정량 울쎄라피 프라임 리프팅 100샷,https://d3gurpvil0se70.cloudfront.net/upfiles/images/product/WddrJAlUmxmP9KpT3AHJVrxrZtE.jpg?q=90&f=webp&w=1024,"#리프팅레이저
#타이트닝",9.1,후기 54,"385,000원",VAT 포함,"울쎄라피프라임
시술시간
30~60분
마취여부
크림마취
회복시간
약 1~3일
시술효과
1~2개월",온리프성형외과,전문의 1명 / 전문의 1명 / 영어 응대 / 영어 응대 / 중국어 응대 / 중국어 응대 / 일본어 응대 / 일본어 응대 / 피부진단기 F-RAY 촬영 > / 피부진단기 F-RAY 촬영 > / 피부진단기 F-RAY 촬영 >,서울특별시 서초구 강남대로 399 온리프성형외과,,화요일 11:00 ~ 20:00 / 수요일 11:00 ~ 20:00 / 목요일 11:00 ~ 20:00 / 금요일 11:00 ~ 21:00 / 토요일 10:00 ~ 17:00 / 일요일 휴진,0508-0353-1273
리프팅,레이저리프팅,울쎄라리프팅,https://www.yeoshin.co.kr/event/mobile/26604,BTQ 울쎄라 리프팅 특가,https://d3gurpvil0se70.cloudfront.net/upfiles/images/product/xBnoWqgZNAmqePfFLFAHxUmvXyW8.png?q=90&f=webp&w=1024,"#리프팅레이저
#타이트닝",10,후기 7,"1,250,000원",VAT 포함,"울쎄라
시술시간
30~60분
마취여부
크림마취
회복시간
약 1주
시술효과
4~8주 후",비티큐의원,전문의 1명 / 전문의 1명 / 여의사 진료 / 여의사 진료 / 전담회복실 / 전담회복실 / 중국어 응대 / 중국어 응대 / 피부진단기 F-RAY 촬영 > / 피부진단기 F-RAY 촬영 > / 피부진단기 F-RAY 촬영 >,"서울특별시 강남구 선릉로90길 48 (대치동) 2,3,4층","크림마취
가글마취
비수면 무통마취
국소마취",화요일 10:00 ~ 20:00 / 수요일 10:00 ~ 20:00 / 목요일 10:00 ~ 20:00 / 금요일 10:00 ~ 20:00 / 토요일 10:00 ~ 16:00 / 일요일 휴진 / 공휴일 : 10:00 ~ 16:00,050803542323
리프팅,레이저리프팅,울쎄라리프팅,https://www.yeoshin.co.kr/event/mobile/20567,탄방동 프리미엄 리프팅 울쎄라 100샷,https://d3gurpvil0se70.cloudfront.net/upfiles/images/product/rYbt89JyzYtmsmAbC6tRrPQ9sTe8.png?q=90&f=webp&w=1024,"#리프팅레이저
#타이트닝",,,"363,000원",VAT 포함,"울쎄라
시술시간
30~60분
마취여부
크림마취
회복시간
약 1주
시술효과
4~8주 후",닥터쁘띠의원(대전점),여의사 진료 / 여의사 진료,대전광역시 서구 문정로48번길 70 (탄방동) 우리병원건물 2층 닥터쁘띠의원 대전점,,화요일 10:00 ~ 20:00 (점심 13:00 ~ 14:00) / 수요일 10:00 ~ 20:00 (점심 13:00 ~ 14:00) / 목요일 10:00 ~ 20:00 (점심 13:00 ~ 14:00) / 금요일 10:00 ~ 20:00 (점심 13:00 ~ 14:00) / 토요일 10:00 ~ 16:30 / 일요일 휴진 / *공휴일 : 10:00 ~ 17:00,0508-0353-0924
리프팅,레이저리프팅,울쎄라리프팅,https://www.yeoshin.co.kr/event/mobile/18540,여배우리프팅 상륙! 울쎄라써마지티타늄리프팅,https://d3gurpvil0se70.cloudfront.net/upfiles/images/product/cKYp59v7ZkbxxphS8ToUUVBOJvB7.jpg?q=90&f=webp&w=1024,"#리프팅레이저
#타이트닝",9.6,후기 73,"590,000원",VAT 포함,"티타늄
시술시간
20분
마취여부
마취없음
회복시간
당일
시술효과
2~4주 후",로렐의원,전문의 1명 / 전문의 1명 / 영어 응대 / 영어 응대 / 중국어 응대 / 중국어 응대 / 일본어 응대 / 일본어 응대,서울특별시 강남구 선릉로152길 17 (청담동) 7층,,화요일 10:00 ~ 19:00 (점심 13:00 ~ 14:00) / 수요일 10:00 ~ 19:00 (점심 13:00 ~ 14:00) / 목요일 10:00 ~ 20:30 (점심 13:00 ~ 14:00) / 금요일 10:00 ~ 20:30 (점심 13:00 ~ 14:00) / 토요일 10:00 ~ 17:00 / 일요일 휴진,0508-0353-5495
리프팅,레이저리프팅,울쎄라리프팅,https://www.yeoshin.co.kr/event/mobile/21364,"정품정샷울쎄라(전문의,정품인증)",https://d3gurpvil0se70.cloudfront.net/upfiles/images/product/MCu44DXkivi4OOEdjr57mCGSiBl5.jpg?q=90&f=webp&w=1024,"#리프팅레이저
#타이트닝",9.7,후기 20,"335,000원",VAT 포함,"울쎄라
시술시간
30~60분
마취여부
크림마취
회복시간
약 1주
시술효과
4~8주 후",청담란셀의원,전문의 1명 / 전문의 1명 / 여의사 진료 / 여의사 진료,서울특별시 강남구 봉은사로 325 (논현동) 라임타워 2층,,화요일 휴진 / 수요일 10:00 ~ 16:00 / 목요일 10:00 ~ 19:00 / 금요일 10:00 ~ 19:00 / 토요일 10:00 ~ 16:00 / 일요일 휴진,0508-0353-5927
리프팅,레이저리프팅,울쎄라리프팅,https://www.yeoshin.co.kr/event/mobile/23106,UP! 강력 초음파 리프팅_울쎄라피 프라임,https://d3gurpvil0se70.cloudfront.net/upfiles/images/product/pOzeEtnQr0WgZyJa5HoqrpKN0mU9.png?q=90&f=webp&w=1024,"#리프팅레이저
#타이트닝",10,후기 3,"1,199,000원",VAT 포함,"울쎄라피프라임
시술시간
30~60분
마취여부
크림마취
회복시간
약 1~3일
시술효과
1~2개월",뷰티블라썸의원,여의사 진료 / 여의사 진료 / 사후관리 / 사후관리 / 영어 응대 / 영어 응대 / 중국어 응대 / 중국어 응대 / 일본어 응대 / 일본어 응대,"서울특별시 마포구 양화로 66 (서교동) 5층,6층",,화요일 10:00 ~ 20:00 / 수요일 10:00 ~ 20:00 / 목요일 10:00 ~ 20:00 / 금요일 10:00 ~ 20:00 / 토요일 10:00 ~ 16:30 / 일요일 10:00 ~ 16:30 / 대체 공휴일 진료,0508-0353-9342
리프팅,레이저리프팅,울쎄라리프팅,https://www.yeoshin.co.kr/event/mobile/26166,신상 울쎄라피 프라임,https://d3gurpvil0se70.cloudfront.net/upfiles/images/product/KNMj6n6Dphe82yibXw2FiKDW4BrA.jpg?q=90&f=webp&w=1024,"#피부과 전문의
#리프팅레이저
#타이트닝",,,"1,290,000원",VAT 포함,"울쎄라피프라임
시술시간
30~60분
마취여부
크림마취
회복시간
약 1~3일
시술효과
1~2개월",신상성형외과의원,전문의 6명 / 전문의 6명,"서울특별시 강남구 도산대로 150 (논현동) 5층,6층 신상성형외과의원",,화요일 10:00 ~ 19:00 / 수요일 10:00 ~ 19:00 / 목요일 10:00 ~ 19:00 / 금요일 10:00 ~ 21:00 / 토요일 10:00 ~ 17:00 / 일요일 휴진 / [접수마감] 월~목 : 18시 / 금 : 20시 / 토 16시,0508-0353-5883
리프팅,레이저리프팅,울쎄라리프팅,https://www.yeoshin.co.kr/event/mobile/25842,대표원장 1:1 디자인 리프팅 울쎄라,https://d3gurpvil0se70.cloudfront.net/upfiles/images/product/Ci9jU3Zr0iJoY8DLuzdhid2Y3st2.png?q=90&f=webp&w=1024,"#리프팅레이저
#타이트닝",5,후기 2,,,"울쎄라
시술시간
30~60분
마취여부
크림마취
회복시간
약 1주
시술효과
4~8주 후",베르미의원/한의원,수술실 CCTV / 수술실 CCTV / 분야별 협진 / 분야별 협진 / 일본어 응대 / 일본어 응대,서울특별시 강남구 영동대로 722 (청담동) 풍양빌딩 2층 (청담동),,화요일 10:00 ~ 19:00 (점심 13:00 ~ 14:00) / 수요일 10:00 ~ 19:00 (점심 13:00 ~ 14:00) / 목요일 10:00 ~ 19:00 (점심 13:00 ~ 14:00) / 금요일 10:00 ~ 20:00 (점심 13:00 ~ 14:00) / 토요일 10:00 ~ 16:00 / 일요일 휴진,0508-0353-7622
리프팅,레이저리프팅,울쎄라리프팅,https://www.yeoshin.co.kr/event/mobile/21917,인천 구월동 프리미엄 울쎄라 100샷,https://d3gurpvil0se70.cloudfront.net/upfiles/images/product/p9wCaKODqebb5iGR561lEQYrpZl3.png?q=90&f=webp&w=1024,"#리프팅레이저
#타이트닝",,,"319,000원",VAT 포함,"울쎄라
시술시간
30~60분
마취여부
크림마취
회복시간
약 1주
시술효과
4~8주 후",닥터쁘띠의원(인천구월점),여의사 진료 / 여의사 진료 / 사후관리 / 사후관리,인천광역시 남동구 예술로 126 (구월동) 3층,"크림마취
비수면 무통마취
국소마취",화요일 10:30 ~ 20:30 / 수요일 10:30 ~ 20:30 / 목요일 10:30 ~ 20:30 / 금요일 10:30 ~ 20:30 / 토요일 10:30 ~ 17:00 / 일요일 10:30 ~ 17:00,0508-0353-0764
리프팅,레이저리프팅,울쎄라리프팅,https://www.yeoshin.co.kr/event/mobile/27778,뉴엘라인 울쎄라 리프팅,https://d3gurpvil0se70.cloudfront.net/upfiles/images/product/XNc1yJPea8DYohAvlJSxlO52bwG7.jpg?q=90&f=webp&w=1024,"#리프팅레이저
#타이트닝",,,"363,000원",VAT 포함,"울쎄라
시술시간
30~60분
마취여부
크림마취
회복시간
약 1주
시술효과
4~8주 후",뉴엘라인의원,전문의 1명 / 전문의 1명 / 여의사 진료 / 여의사 진료 / 마취과의 진료 / 마취과의 진료 / 수술실 CCTV / 수술실 CCTV,서울특별시 성동구 상원길 26 (성수동1가) 뉴엘라인의원,"크림마취
수면마취",화요일 11:00 ~ 20:00 (점심 14:00 ~ 15:00) / 수요일 11:00 ~ 20:00 (점심 14:00 ~ 15:00) / 목요일 11:00 ~ 20:00 (점심 14:00 ~ 15:00) / 금요일 11:00 ~ 21:00 (점심 14:00 ~ 15:00) / 토요일 11:00 ~ 16:00 / 일요일 휴진,0508-0353-1719
리프팅,레이저리프팅,울쎄라리프팅,https://www.yeoshin.co.kr/event/mobile/27652,리앤영 울쎄라피 프라임 300샷,https://d3gurpvil0se70.cloudfront.net/upfiles/images/product/gyIjoTlpaSKLfBxzYZA7qv6hSB95.jpg?q=90&f=webp&w=1024,"#리프팅레이저
#타이트닝",,,"1,199,000원",VAT 포함,"울쎄라피프라임
시술시간
30~60분
마취여부
크림마취
회복시간
약 1~3일
시술효과
1~2개월",리앤영의원(강남점),전문의 3명 / 전문의 3명,서울특별시 서초구 강남대로 415 대동빌딩 6층,,화요일 10:00 ~ 19:00 (점심 13:00 ~ 14:00) / 수요일 14:00 ~ 21:00 / 목요일 10:00 ~ 19:00 (점심 13:00 ~ 14:00) / 금요일 10:00 ~ 21:00 (점심 13:00 ~ 14:00) / 토요일 10:00 ~ 16:00 (점심 13:00 ~ 14:00) / 일요일 휴진,0508-0354-0401
리프팅,레이저리프팅,울쎄라리프팅,https://www.yeoshin.co.kr/event/mobile/27353,브이올렛+울쎄라피 프라임 300샷 1회,https://d3gurpvil0se70.cloudfront.net/upfiles/images/product/DgGEHTkoSCZNaTHFPArBNxNAbNsA.jpg?q=90&f=webp&w=1024,"#피부과 전문의
#목/턱
#얼굴지방개선",,,"1,309,000원",VAT 포함,"브이올렛
시술시간
10~20분
마취여부
크림마취
회복시간
약 3일
시술효과
1개월 후",리뉴미피부과의원(홍제점),전문의 3명 / 전문의 3명 / 여의사 진료 / 여의사 진료 / 수술실 CCTV / 수술실 CCTV / 응급처치 시스템 / 응급처치 시스템 / 전담회복실 / 전담회복실 / 사후관리 / 사후관리 / 피부진단기 F-RAY 촬영 > / 피부진단기 F-RAY 촬영 > / 피부진단기 F-RAY 촬영 >,"서울특별시 서대문구 통일로 433 (홍제동) 조이빌딩 7, 8층","크림마취
수면마취
비수면 무통마취
국소마취",화요일 10:00 ~ 19:00 (점심 13:00 ~ 14:00) / 수요일 10:00 ~ 19:00 (점심 13:00 ~ 14:00) / 목요일 10:00 ~ 19:00 (점심 13:00 ~ 14:00) / 금요일 10:00 ~ 20:00 (점심 13:00 ~ 14:00) / 토요일 09:30 ~ 16:30 (점심 13:00 ~ 14:00) / 일요일 휴진,050803534854
리프팅,레이저리프팅,울쎄라리프팅,https://www.yeoshin.co.kr/event/mobile/26176,블리비 울쎄라피 프라임 리프팅,https://d3gurpvil0se70.cloudfront.net/upfiles/images/product/IuqIvWmTNZAzxtLM18qok8bMV8K2.jpg?q=90&f=webp&w=1024,"#리프팅레이저
#타이트닝",,,"429,000원",VAT 포함,"울쎄라피프라임
시술시간
30~60분
마취여부
크림마취
회복시간
약 1~3일
시술효과
1~2개월",블리비의원(명동점),,서울특별시 중구 남대문로 84 (남대문로2가) 하이드파크 6층,,화요일 10:30 ~ 20:30 (점심 14:00 ~ 15:00) / 수요일 10:30 ~ 20:30 (점심 14:00 ~ 15:00) / 목요일 10:30 ~ 20:30 (점심 14:00 ~ 15:00) / 금요일 10:30 ~ 20:30 (점심 14:00 ~ 15:00) / 토요일 10:00 ~ 16:30 / 일요일 휴진,0508-0354-2895
리프팅,레이저리프팅,울쎄라리프팅,https://www.yeoshin.co.kr/event/mobile/25153,울쎄라피 프라임 & 써마지 FLX 리프팅,https://d3gurpvil0se70.cloudfront.net/upfiles/images/product/bVplPCOCfVmPy6kWgXl8lSzHSx7A.jpg?q=90&f=webp&w=1024,"#리프팅레이저
#타이트닝",10,후기 1,"2,574,000원",VAT 포함,"울쎄라피프라임
시술시간
30~60분
마취여부
크림마취
회복시간
약 1~3일
시술효과
1~2개월",온리프성형외과,전문의 1명 / 전문의 1명 / 영어 응대 / 영어 응대 / 중국어 응대 / 중국어 응대 / 일본어 응대 / 일본어 응대 / 피부진단기 F-RAY 촬영 > / 피부진단기 F-RAY 촬영 > / 피부진단기 F-RAY 촬영 >,서울특별시 서초구 강남대로 399 온리프성형외과,,화요일 11:00 ~ 20:00 / 수요일 11:00 ~ 20:00 / 목요일 11:00 ~ 20:00 / 금요일 11:00 ~ 21:00 / 토요일 10:00 ~ 17:00 / 일요일 휴진,0508-0353-1273
리프팅,레이저리프팅,울쎄라리프팅,https://www.yeoshin.co.kr/event/mobile/17376,블리비 울쎄라 리프팅,https://d3gurpvil0se70.cloudfront.net/upfiles/images/product/IuqIvWmTNZAzxtLM18qok8bMV8K2.jpg?q=90&f=webp&w=1024,"#리프팅레이저
#타이트닝",,,"319,000원",VAT 포함,"울쎄라
시술시간
30~60분
마취여부
크림마취
회복시간
약 1주
시술효과
4~8주 후",블리비의원(명동점),,서울특별시 중구 남대문로 84 (남대문로2가) 하이드파크 6층,,화요일 10:30 ~ 20:30 (점심 14:00 ~ 15:00) / 수요일 10:30 ~ 20:30 (점심 14:00 ~ 15:00) / 목요일 10:30 ~ 20:30 (점심 14:00 ~ 15:00) / 금요일 10:30 ~ 20:30 (점심 14:00 ~ 15:00) / 토요일 10:00 ~ 16:30 / 일요일 휴진,0508-0354-2895
리프팅,레이저리프팅,울쎄라리프팅,https://www.yeoshin.co.kr/event/mobile/17291,블리비 울쎄라 리프팅,https://d3gurpvil0se70.cloudfront.net/upfiles/images/product/kGCwLuaGbaxktAupFSISOMYNmVr7.jpg?q=90&f=webp&w=1024,"#리프팅레이저
#타이트닝",,,"297,000원",VAT 포함,"울쎄라
시술시간
30~60분
마취여부
크림마취
회복시간
약 1주
시술효과
4~8주 후",블리비의원(발산점),,"서울특별시 강서구 강서로 395 (마곡동) 3층(마곡동, 플레이스H)",,화요일 10:30 ~ 20:30 (점심 14:00 ~ 15:00) / 수요일 10:30 ~ 20:30 (점심 14:00 ~ 15:00) / 목요일 10:30 ~ 20:30 (점심 14:00 ~ 15:00) / 금요일 10:30 ~ 20:30 (점심 14:00 ~ 15:00) / 토요일 10:00 ~ 16:30 / 일요일 휴진 / 토요일 점심시간 없이 진료 일요일 / 공휴일 휴무,0508-0354-2882
리프팅,레이저리프팅,울쎄라리프팅,https://www.yeoshin.co.kr/event/mobile/7644,울쎄라 100샷&인모드FX 풀페이스,https://d3gurpvil0se70.cloudfront.net/upfiles/images/product/7ZimrAziUWWLYVIzppl9rhvW0mL2.jpg?q=90&f=webp&w=1024,"#리프팅레이저
#타이트닝",,,"297,000원",VAT 포함,"리프팅레이저
시술시간
40~60분
마취여부
크림마취
회복시간
1주
시술효과
1~2달 후",VS라인의원(인천구월점),피부진단기 F-RAY 촬영 > / 피부진단기 F-RAY 촬영 > / 피부진단기 F-RAY 촬영 >,인천광역시 남동구 인하로489번길 10 VS라인의원(인천구월점),,화요일 10:00 ~ 20:00 / 수요일 10:00 ~ 20:00 / 목요일 10:00 ~ 20:00 / 금요일 10:00 ~ 20:00 / 토요일 10:00 ~ 17:00 / 일요일 휴진,0508-0354-1766
리프팅,레이저리프팅,울쎄라리프팅,https://www.yeoshin.co.kr/event/mobile/79,울쎄라 리프팅,https://d3gurpvil0se70.cloudfront.net/upfiles/images/product/3281646234.png?q=90&f=webp&w=1024,"#리프팅레이저
#타이트닝",10,후기 1,"847,000원",VAT 포함,"울쎄라
시술시간
40~60분
마취여부
크림마취
회복시간
1주
시술효과
1~2달 후",VS라인의원(인천구월점),피부진단기 F-RAY 촬영 > / 피부진단기 F-RAY 촬영 > / 피부진단기 F-RAY 촬영 >,인천광역시 남동구 인하로489번길 10 VS라인의원(인천구월점),,화요일 10:00 ~ 20:00 / 수요일 10:00 ~ 20:00 / 목요일 10:00 ~ 20:00 / 금요일 10:00 ~ 20:00 / 토요일 10:00 ~ 17:00 / 일요일 휴진,0508-0354-1766
리프팅,레이저리프팅,울쎄라리프팅,https://www.yeoshin.co.kr/event/mobile/25998,"피부과 전문의, 울쎄라400s+온다40kj",https://d3gurpvil0se70.cloudfront.net/upfiles/images/product/9wgz3P8hhSlL167GpEKpFHVBlNhA.jpg?q=90&f=webp&w=1024,"#피부과 전문의
#리프팅레이저
#타이트닝",10,후기 1,"1,790,000원",VAT 포함,"울쎄라피프라임
시술시간
50~60분
마취여부
크림/주사마취
회복시간
약 1~3일
시술효과
1~2개월",청담더오피부과의원,전문의 1명 / 전문의 1명 / 사후관리 / 사후관리,서울특별시 강남구 선릉로 602 (삼성동) 2층,,화요일 10:00 ~ 19:00 (점심 13:00 ~ 14:00) / 수요일 10:00 ~ 19:00 (점심 13:00 ~ 14:00) / 목요일 10:00 ~ 19:00 (점심 13:00 ~ 14:00) / 금요일 10:00 ~ 19:00 (점심 13:00 ~ 14:00) / 토요일 10:00 ~ 17:00 (점심 13:00 ~ 14:00) / 일요일 휴진,050803531528
리프팅,레이저리프팅,울쎄라리프팅,https://www.yeoshin.co.kr/event/mobile/26740,대표원장 1:1 맞춤 시술 울쎄라 400샷,https://d3gurpvil0se70.cloudfront.net/upfiles/images/product/UhlcVZSMnOZam24VOLHbWKhkD2n3.jpg?q=90&f=webp&w=1024,"#리프팅레이저
#타이트닝",10,후기 1,,,"울쎄라
시술시간
30~60분
마취여부
크림마취
회복시간
약 1주
시술효과
4~8주 후",청담엔샤인의원,전문의 1명 / 전문의 1명 / 여의사 진료 / 여의사 진료 / 수술실 CCTV / 수술실 CCTV / 중국어 응대 / 중국어 응대,"서울특별시 강남구 도산대로 333 (신사동) 9층(신사동, K+메디칼타워)","크림마취
국소마취",화요일 10:00 ~ 20:00 / 수요일 휴진 / 목요일 10:00 ~ 19:00 / 금요일 10:00 ~ 20:00 / 토요일 10:00 ~ 15:00 / 일요일 휴진,0508-0353-5899
리프팅,레이저리프팅,울쎄라리프팅,https://www.yeoshin.co.kr/event/mobile/26688,"업그레이드된 울쎄라2, 울쎄라피 프라임",https://d3gurpvil0se70.cloudfront.net/upfiles/images/product/JbNwLv5TGfHBXunvWax9ZsgSWn0A.jpg?q=90&f=webp&w=1024,"#리프팅레이저
#타이트닝",,,"396,000원",VAT 포함,"울쎄라피프라임
시술시간
30~60분
마취여부
크림마취
회복시간
약 1~3일
시술효과
1~2개월",제이필의원(홍대점),전문의 1명 / 전문의 1명 / 여의사 진료 / 여의사 진료 / 수술실 CCTV / 수술실 CCTV / 분야별 협진 / 분야별 협진 / 사후관리 / 사후관리,서울특별시 마포구 양화로 166 (동교동) 제이필의원,"크림마취
수면마취
비수면 무통마취",화요일 10:00 ~ 20:00 / 수요일 10:00 ~ 20:00 / 목요일 10:00 ~ 20:00 / 금요일 10:00 ~ 20:00 / 토요일 10:00 ~ 17:00 / 일요일 휴진,050803543270
리프팅,레이저리프팅,울쎄라리프팅,https://www.yeoshin.co.kr/event/mobile/24073,울쎄라300샷+엑소좀 5cc+모델링팩,https://d3gurpvil0se70.cloudfront.net/upfiles/images/product/7YfrTjwYq3qTuffxECWkfWUhFWa3.jpg?q=90&f=webp&w=1024,"#리프팅레이저
#타이트닝",7,후기 1,"1,089,000원",VAT 포함,"울쎄라
시술시간
30~60분
마취여부
수면마취
회복시간
약 1주
시술효과
4~8주 후",비올라셀성형외과,전문의 1명 / 전문의 1명 / 수술실 CCTV / 수술실 CCTV / 전담회복실 / 전담회복실 / 사후관리 / 사후관리 / 피부진단기 F-RAY 촬영 > / 피부진단기 F-RAY 촬영 > / 피부진단기 F-RAY 촬영 >,서울특별시 강남구 도산대로 138 (논현동) 3층,"크림마취
수면마취
비수면 무통마취
국소마취",화요일 10:00 ~ 19:00 / 수요일 10:00 ~ 19:00 / 목요일 10:00 ~ 19:00 / 금요일 10:00 ~ 21:00 / 토요일 10:00 ~ 17:00 / 일요일 휴진,0508-0353-4553
리프팅,레이저리프팅,울쎄라리프팅,https://www.yeoshin.co.kr/event/mobile/12171,"업그레이드된 울쎄라2, 울쎄라피 프라임",https://d3gurpvil0se70.cloudfront.net/upfiles/images/product/sgjlQ45ALG2b7xFqVtoLQaAO4Lf6.jpg?q=90&f=webp&w=1024,"#리프팅레이저
#타이트닝",10,후기 5,"429,000원",VAT 포함,"울쎄라피프라임
시술시간
30~60분
마취여부
크림마취
회복시간
약 1~3일
시술효과
1~2개월",제이필의원(강남점),영어 응대 / 영어 응대 / 중국어 응대 / 중국어 응대 / 일본어 응대 / 일본어 응대,서울특별시 강남구 강남대로 438 (역삼동) 스타플렉스 B1,,화요일 10:00 ~ 20:00 / 수요일 10:00 ~ 20:00 / 목요일 10:00 ~ 20:00 / 금요일 10:00 ~ 20:00 / 토요일 10:00 ~ 17:00 / 일요일 휴진,0508-0353-4730
리프팅,레이저리프팅,울쎄라리프팅,https://www.yeoshin.co.kr/event/mobile/21140,울쎄라+써마지FLX / 울써마지 리프팅,https://d3gurpvil0se70.cloudfront.net/upfiles/images/product/MOQqq1UbEQ3T0Yvf9PiH70kDtrk.jpg?q=90&f=webp&w=1024,"#피부과 전문의
#리프팅레이저
#타이트닝",,,"1,969,000원",VAT 포함,"리프팅레이저
시술시간
40~60분
마취여부
3중마취
회복시간
1일
시술효과
2~3달 후",닥터스피부과의원(공덕점),전문의 4명 / 전문의 4명,서울특별시 마포구 마포대로 127 닥터스피부과의원(공덕점),,화요일 10:00 ~ 20:00 (점심 13:00 ~ 14:00) / 수요일 10:00 ~ 19:30 (점심 13:00 ~ 14:00) / 목요일 10:00 ~ 20:00 (점심 13:00 ~ 14:00) / 금요일 10:00 ~ 20:00 (점심 13:00 ~ 14:00) / 토요일 10:00 ~ 15:00 / 일요일 휴진 / 공휴일은 휴진,0508-0353-8201
리프팅,레이저리프팅,울쎄라리프팅,https://www.yeoshin.co.kr/event/mobile/7060,피부과전문의_아이 울쎄라 피프라임,https://d3gurpvil0se70.cloudfront.net/upfiles/images/product/77aUwACpNUg8ps0B7iYyJ91x26F9.jpg?q=90&f=webp&w=1024,"#피부과 전문의
#리프팅레이저
#타이트닝",,,"660,000원",VAT 포함,"아이울쎄라
시술시간
60분
마취여부
크림마취
회복시간
당일
시술효과
3개월 후",페이브피부과의원(용산),전문의 1명 / 전문의 1명 / 여의사 진료 / 여의사 진료 / 수술실 CCTV / 수술실 CCTV / 사후관리 / 사후관리 / 영어 응대 / 영어 응대 / 중국어 응대 / 중국어 응대 / 일본어 응대 / 일본어 응대,"서울특별시 용산구 한강대로 69 (한강로2가, 용산푸르지오써밋) 페이브피부과의원",,화요일 10:00 ~ 20:00 (점심 13:00 ~ 14:00) / 수요일 휴진 / 목요일 10:00 ~ 20:00 (점심 13:00 ~ 14:00) / 금요일 10:00 ~ 20:00 (점심 13:00 ~ 14:00) / 토요일 09:30 ~ 15:00 / 일요일 휴진 / (공휴일이 있는 주는 수요일 정상진료),0508-0353-1618
리프팅,레이저리프팅,울쎄라리프팅,https://www.yeoshin.co.kr/event/mobile/27335,[정품] 울쎄라피 프라임 리프팅 300샷,https://d3gurpvil0se70.cloudfront.net/upfiles/images/product/kW7tYmWrWAuEsdX5VLaSO4YgbWr7.jpg?q=90&f=webp&w=1024,"#리프팅레이저
#타이트닝",,,"1,155,000원",VAT 포함,"울쎄라피프라임
시술시간
30~60분
마취여부
크림마취
회복시간
약 1~3일
시술효과
1~2개월",유앤아이의원(창동점),,서울특별시 도봉구 마들로11길 51 (창동) 4층,크림마취,화요일 10:00 ~ 20:30 / 수요일 10:00 ~ 20:30 / 목요일 10:00 ~ 20:30 / 금요일 10:00 ~ 20:30 / 토요일 10:00 ~ 16:00 / 일요일 10:00 ~ 16:00,050803543360
리프팅,레이저리프팅,울쎄라리프팅,https://www.yeoshin.co.kr/event/mobile/17873,전문의시술! 울쎄라피+리쥬란2cc 영상O!,https://d3gurpvil0se70.cloudfront.net/upfiles/images/product/Q1jeL8JTrNYPetj6l0Zlkzoveco5.jpg?q=90&f=webp&w=1024,"#피부과 전문의
#리프팅레이저
#타이트닝",,,"1,650,000원",VAT 포함,"울쎄라피프라임
시술시간
30~60분
마취여부
크림마취
회복시간
약 1~3일
시술효과
1~2개월",페이브피부과의원(용산),전문의 1명 / 전문의 1명 / 여의사 진료 / 여의사 진료 / 수술실 CCTV / 수술실 CCTV / 사후관리 / 사후관리 / 영어 응대 / 영어 응대 / 중국어 응대 / 중국어 응대 / 일본어 응대 / 일본어 응대,"서울특별시 용산구 한강대로 69 (한강로2가, 용산푸르지오써밋) 페이브피부과의원",,화요일 10:00 ~ 20:00 (점심 13:00 ~ 14:00) / 수요일 휴진 / 목요일 10:00 ~ 20:00 (점심 13:00 ~ 14:00) / 금요일 10:00 ~ 20:00 (점심 13:00 ~ 14:00) / 토요일 09:30 ~ 15:00 / 일요일 휴진 / (공휴일이 있는 주는 수요일 정상진료),0508-0353-1618
리프팅,레이저리프팅,울쎄라리프팅,https://www.yeoshin.co.kr/event/mobile/27326,에르네의원 울쎄라 리프팅(마취선택),https://d3gurpvil0se70.cloudfront.net/upfiles/images/product/Nv20HEGS5USSbCZvLhbidpopcca3.jpg?q=90&f=webp&w=1024,"#리프팅레이저
#타이트닝",,,"341,000원",VAT 포함,"울쎄라
시술시간
30~60분
마취여부
마취타입 선택
회복시간
약 1주
시술효과
4~8주 후",에르네의원,여의사 진료 / 여의사 진료 / 영어 응대 / 영어 응대 / 중국어 응대 / 중국어 응대 / 일본어 응대 / 일본어 응대,서울시 서초구 서초대로 77길 59 에르네의원,,화요일 10:00 ~ 21:00 / 수요일 10:00 ~ 21:00 / 목요일 10:00 ~ 21:00 / 금요일 10:00 ~ 21:00 / 토요일 10:00 ~ 17:00 / 일요일 10:00 ~ 17:00,0508-0354-2964
리프팅,레이저리프팅,울쎄라리프팅,https://www.yeoshin.co.kr/event/mobile/22022,울쎄라 리프팅 (성형외과 전문의_1:1),https://d3gurpvil0se70.cloudfront.net/upfiles/images/product/bPsB4vySTIVhb9pWhXD8PuQBM608.png?q=90&f=webp&w=1024,"#리프팅레이저
#타이트닝",,,"580,000원",VAT 포함,"울쎄라
시술시간
30~60분
마취여부
크림마취
회복시간
약 1주
시술효과
4~8주 후",비올라셀성형외과,전문의 1명 / 전문의 1명 / 수술실 CCTV / 수술실 CCTV / 전담회복실 / 전담회복실 / 사후관리 / 사후관리 / 피부진단기 F-RAY 촬영 > / 피부진단기 F-RAY 촬영 > / 피부진단기 F-RAY 촬영 >,서울특별시 강남구 도산대로 138 (논현동) 3층,"크림마취
수면마취
비수면 무통마취
국소마취",화요일 10:00 ~ 19:00 / 수요일 10:00 ~ 19:00 / 목요일 10:00 ~ 19:00 / 금요일 10:00 ~ 21:00 / 토요일 10:00 ~ 17:00 / 일요일 휴진,0508-0353-4553
리프팅,레이저리프팅,울쎄라리프팅,https://www.yeoshin.co.kr/event/mobile/3531,정품 울쎄라 리프팅,https://d3gurpvil0se70.cloudfront.net/upfiles/images/product/jWywlM7zs8sOaBI9kHPiQFuPz4m.jpg?q=90&f=webp&w=1024,"#리프팅레이저
#타이트닝",9.6,후기 8,"383,900원",VAT 포함,"울쎄라
시술시간
30~60분
마취여부
크림마취
회복시간
1주
시술효과
1~2달 후",다이아의원,영어 응대 / 영어 응대 / 중국어 응대 / 중국어 응대 / 일본어 응대 / 일본어 응대,서울시 서초구 강남대로 411 다이아의원,"크림마취
국소마취",화요일 10:00 ~ 20:00 / 수요일 10:00 ~ 20:00 / 목요일 10:00 ~ 20:00 / 금요일 10:00 ~ 20:00 / 토요일 10:00 ~ 16:00 / 일요일 휴진,0508-0353-7788
리프팅,레이저리프팅,울쎄라리프팅,https://www.yeoshin.co.kr/event/mobile/27043,송도 울쎄라피 프라임(마취 선택 가능),https://d3gurpvil0se70.cloudfront.net/upfiles/images/product/tvUYK8OHEJGzsumFZWfgzvu4oUS9.jpg?q=90&f=webp&w=1024,"#리프팅레이저
#타이트닝",,,"440,000원",VAT 포함,"울쎄라피프라임
시술시간
30~60분
마취여부
크림마취
회복시간
약 1~3일
시술효과
1~2개월",샤인빔의원(송도점),여의사 진료 / 여의사 진료 / 영어 응대 / 영어 응대 / 일본어 응대 / 일본어 응대,"인천광역시 연수구 인천타워대로197번길 16 (송도동) 리치센트럴 3층 323, 324, 325호","크림마취
수면마취
비수면 무통마취",화요일 10:00 ~ 20:00 / 수요일 10:00 ~ 20:00 / 목요일 10:00 ~ 20:00 / 금요일 10:00 ~ 20:00 / 토요일 10:00 ~ 16:00 / 일요일 휴진,"인천광역시 연수구 인천타워대로 197번길 16, 3층 323,324, 325호(송 도동, 리치센트럴)"
리프팅,레이저리프팅,울쎄라리프팅,https://www.yeoshin.co.kr/event/mobile/24426,울쎄라피 프라임,https://d3gurpvil0se70.cloudfront.net/upfiles/images/product/N2LOtI7whw2ARfDomtgJA750I0B7.png?q=90&f=webp&w=1024,"#피부과 전문의
#리프팅레이저
#타이트닝",,,"1,320,000원",VAT 포함,"울쎄라피프라임
시술시간
30~60분
마취여부
크림마취
회복시간
약 1~3일
시술효과
1~2개월",휴먼피부과의원(평택점),전문의 5명 / 전문의 5명 / 여의사 진료 / 여의사 진료 / 사후관리 / 사후관리 / 영어 응대 / 영어 응대,경기도 평택시 중앙2로 13 (평택동) 센텀스카이 빌딩 10층,"크림마취
수면마취",화요일 10:00 ~ 21:00 (점심 13:00 ~ 14:30) / 수요일 10:00 ~ 21:00 (점심 13:00 ~ 14:30) / 목요일 10:00 ~ 21:00 (점심 13:00 ~ 14:30) / 금요일 10:00 ~ 21:00 (점심 13:00 ~ 14:30) / 토요일 10:00 ~ 17:00 / 일요일 휴진 / 평일) 접수마감 8시 30분 / 토요일) 점수마감 4시,0508-0353-0418
리프팅,레이저리프팅,울쎄라리프팅,https://www.yeoshin.co.kr/event/mobile/23537,정품인증 울쎄라피 프라임,https://d3gurpvil0se70.cloudfront.net/upfiles/images/product/S1Jpo5QMDoNDdcmhDn0rImDoFHK9.png?q=90&f=webp&w=1024,"#리프팅레이저
#타이트닝",10,후기 2,"363,000원",VAT 포함,"울쎄라피프라임
시술시간
30~60분
마취여부
크림마취
회복시간
약 1~3일
시술효과
1~2개월",우아성형외과의원,전문의 7명 / 전문의 7명 / 여의사 진료 / 여의사 진료 / 마취과의 진료 / 마취과의 진료 / 수술실 CCTV / 수술실 CCTV / 응급처치 시스템 / 응급처치 시스템 / 분야별 협진 / 분야별 협진 / 기본 입원실 / 기본 입원실 / 전담회복실 / 전담회복실 / 사후관리 / 사후관리 / 영어 응대 / 영어 응대 / 중국어 응대 / 중국어 응대 / 일본어 응대 / 일본어 응대,"서울특별시 강남구 강남대로 492 (논현동) 지하 1층, 3층, 4층, 5층, 6층, 10층,12층 각 전체(논현동, HM타워)","크림마취
수면마취
전신마취
국소마취",화요일 10:00 ~ 19:00 / 수요일 10:00 ~ 19:00 / 목요일 10:00 ~ 19:00 / 금요일 10:00 ~ 20:30 / 토요일 10:00 ~ 17:00 / 일요일 휴진,0508-0353-5445
리프팅,레이저리프팅,울쎄라리프팅,https://www.yeoshin.co.kr/event/mobile/27172,DM 울쎄라 300샷 (대표원장 직접시술),https://d3gurpvil0se70.cloudfront.net/upfiles/images/product/2V3mSuLzhho3rr8Ku6zYpDthCla3.jpg?q=90&f=webp&w=1024,"#리프팅레이저
#타이트닝",,,"1,320,000원",VAT 포함,"울쎄라
시술시간
30~60분
마취여부
크림/수면
회복시간
약 1주
시술효과
4~8주 후",디엠성형외과의원,전문의 2명 / 전문의 2명 / 마취과의 진료 / 마취과의 진료 / 수술실 CCTV / 수술실 CCTV / 분야별 협진 / 분야별 협진 / 기본 입원실 / 기본 입원실 / 전담회복실 / 전담회복실 / 사후관리 / 사후관리 / 영어 응대 / 영어 응대 / 중국어 응대 / 중국어 응대,서울특별시 강남구 압구정로 158 (신사동) 2층,"크림마취
수면마취
전신마취
국소마취",화요일 10:00 ~ 18:00 / 수요일 10:00 ~ 18:00 / 목요일 10:00 ~ 18:00 / 금요일 10:00 ~ 18:00 / 토요일 10:00 ~ 16:00 / 일요일 휴진,0508-0353-2413
리프팅,레이저리프팅,울쎄라리프팅,https://www.yeoshin.co.kr/event/mobile/27008,프리미엄리프팅 울쎄라 200샷,https://d3gurpvil0se70.cloudfront.net/upfiles/images/product/C3Ue8OMkrZhXqtzYdRT6HZqSGks2.jpg?q=90&f=webp&w=1024,"#리프팅레이저
#타이트닝",,,"770,000원",VAT 포함,"울쎄라
시술시간
30~60분
마취여부
크림마취
회복시간
약 1주
시술효과
4~8주 후",얼굴본성형외과의원,전문의 1명 / 전문의 1명 / 여의사 진료 / 여의사 진료 / 수술실 CCTV / 수술실 CCTV / 응급처치 시스템 / 응급처치 시스템 / 사후관리 / 사후관리,서울특별시 서초구 강남대로 603 (잠원동) 4층,"크림마취
수면마취
국소마취",화요일 10:00 ~ 18:00 / 수요일 10:00 ~ 18:00 / 목요일 10:00 ~ 18:00 / 금요일 10:00 ~ 18:00 / 토요일 10:00 ~ 16:00 / 일요일 휴진,0508-0353-2574
리프팅,레이저리프팅,울쎄라리프팅,https://www.yeoshin.co.kr/event/mobile/10076,"울쎄라! 탄력,라인까지 업그레이드! 리프팅레이저 울쎄라",https://d3gurpvil0se70.cloudfront.net/upfiles/images/product/346718743.jpg?q=90&f=webp&w=1024,"#리프팅레이저
#타이트닝",10,후기 4,"440,000원",VAT 포함,"울쎄라
시술시간
60분
마취여부
크림마취
회복시간
1주
시술효과
1~2달 후",넬의원,,부산광역시 부산진구 서면로60 넬의원,,화요일 10:00 ~ 21:00 (점심 13:00 ~ 14:00) / 수요일 10:00 ~ 19:00 (점심 13:00 ~ 14:00) / 목요일 10:00 ~ 19:00 (점심 13:00 ~ 14:00) / 금요일 10:00 ~ 21:00 (점심 13:00 ~ 14:00) / 토요일 10:00 ~ 15:00 / 일요일 휴진,0508-0354-2100
리프팅,레이저리프팅,울쎄라리프팅,https://www.yeoshin.co.kr/event/mobile/27813,울쎄라+써마지flx +스킨보톡스,https://d3gurpvil0se70.cloudfront.net/upfiles/images/product/dEnHnlpjcQdYXNq3ZW2gsSoqmL87.jpg?q=90&f=webp&w=1024,"#리프팅레이저
#타이트닝",,,"3,000,000원",VAT 포함,"울쎄라
시술시간
30~60분
마취여부
크림마취
회복시간
약 1주
시술효과
4~8주 후",프레쉬테마의원,분야별 협진 / 분야별 협진 / 전담회복실 / 전담회복실 / 사후관리 / 사후관리,"서울특별시 강남구 남부순환로 2615 (도곡동, 극동스타클래스) 201-202호(도곡동, 극동스타클래스)","크림마취
수면마취",화요일 09:30 ~ 18:30 (점심 13:00 ~ 14:00) / 수요일 09:30 ~ 18:30 (점심 13:00 ~ 14:00) / 목요일 09:30 ~ 18:30 (점심 13:00 ~ 14:00) / 금요일 09:30 ~ 18:30 (점심 13:00 ~ 14:00) / 토요일 09:30 ~ 16:00 (점심 13:00 ~ 14:00) / 일요일 휴진,050803538367
리프팅,레이저리프팅,울쎄라리프팅,https://www.yeoshin.co.kr/event/mobile/25497,울쎄라,https://d3gurpvil0se70.cloudfront.net/upfiles/images/product/OaBYHhtZYQQY4B6BlmHEILcsLXq7.jpg?q=90&f=webp&w=1024,"#리프팅레이저
#타이트닝",,,"319,000원",VAT 포함,"울쎄라
시술시간
30~60분
마취여부
크림마취
회복시간
약 1주
시술효과
4~8주 후",예쁨주의쁨의원(천안점),,"충청남도 천안시 동남구 만남로 38 (신부동) 2층(신부동, 도솔빌딩)",,"화요일 10:00 ~ 20:00 (점심 13:00 ~ 14:00) / 수요일 10:00 ~ 20:00 (점심 13:00 ~ 14:00) / 목요일 10:00 ~ 20:00 (점심 13:00 ~ 14:00) / 금요일 10:00 ~ 20:00 (점심 13:00 ~ 14:00) / 토요일 10:00 ~ 17:00 / 일요일 휴진 / 10월 6,7,8일 휴진",050803531349
리프팅,레이저리프팅,울쎄라리프팅,https://www.yeoshin.co.kr/event/mobile/2325,고강도 초음파 명동루비_울쎄라,https://d3gurpvil0se70.cloudfront.net/upfiles/images/product/n9qQTQcsJvN2u7aIKHDxxfVBdEx5.jpg?q=90&f=webp&w=1024,"#리프팅레이저
#타이트닝",8.8,후기 475,"649,000원",VAT 포함,"울쎄라
시술시간
30분
마취여부
냉각마취
회복시간
1주
시술효과
1~2달 후",루비의원(명동점),,서울특별시 중구 명동길 65 루비의원(명동점),,화요일 10:30 ~ 20:30 (점심 13:30 ~ 15:00) / 수요일 10:30 ~ 20:30 (점심 13:30 ~ 15:00) / 목요일 10:30 ~ 20:30 (점심 13:30 ~ 15:00) / 금요일 10:30 ~ 20:30 (점심 13:30 ~ 15:00) / 토요일 10:00 ~ 16:00 / 일요일 12:00 ~ 17:00,0508-0353-8508
리프팅,레이저리프팅,울쎄라리프팅,https://www.yeoshin.co.kr/event/mobile/27464,울쎄라 300샷 / 리쥬쎄라_정품_대표원장,https://d3gurpvil0se70.cloudfront.net/upfiles/images/product/c55Mjg2LMLboAHChgNLPKo5xZlE.png?q=90&f=webp&w=1024,"#리프팅레이저
#타이트닝",,,"940,000원",VAT 포함,"울쎄라
시술시간
30~60분
마취여부
수면마취
회복시간
약 1주
시술효과
4~8주 후",뷰라밸성형외과의원,전문의 1명 / 전문의 1명 / 수술실 CCTV / 수술실 CCTV / 응급처치 시스템 / 응급처치 시스템 / 전담회복실 / 전담회복실 / 사후관리 / 사후관리 / 영어 응대 / 영어 응대 / 중국어 응대 / 중국어 응대 / 일본어 응대 / 일본어 응대,"서울특별시 강남구 강남대로 422 (역삼동) 9층(역삼동, 씨티빌딩)",,"화요일 10:00 ~ 19:00 / 수요일 휴진 / 목요일 10:00 ~ 19:00 / 금요일 10:00 ~ 19:00 / 토요일 10:00 ~ 16:00 / 일요일 휴진 / 10월 1,2,3,4,5일 정상진료",0508-0353-4874
리프팅,레이저리프팅,울쎄라리프팅,https://www.yeoshin.co.kr/event/mobile/24898,울쎄라 리프팅 100샷,https://d3gurpvil0se70.cloudfront.net/upfiles/images/product/gYKHQfOYfupJbdoypL1tVWnEHdI4.jpg?q=90&f=webp&w=1024,"#리프팅레이저
#타이트닝",,,"207,900원",VAT 포함,"울쎄라
시술시간
30~60분
마취여부
크림마취
회복시간
약 1주
시술효과
4~8주 후",유앤아이의원(대전점),,대전광역시 서구 대덕대로 189 (둔산동) 5~6층,,화요일 10:30 ~ 20:30 / 수요일 10:30 ~ 20:30 / 목요일 10:30 ~ 20:30 / 금요일 10:30 ~ 20:30 / 토요일 10:30 ~ 17:00 / 일요일 휴진,0508-0354-1943
리프팅,레이저리프팅,울쎄라리프팅,https://www.yeoshin.co.kr/event/mobile/27206,울쎄라피 프라임 600샷,https://d3gurpvil0se70.cloudfront.net/upfiles/images/product/NL0zBSBY4eWsj7VxBSNviEy7Gsw.jpg?q=90&f=webp&w=1024,"#피부과 전문의
#리프팅레이저
#타이트닝",,,"2,090,000원",VAT 포함,"울쎄라피프라임
시술시간
30~60분
마취여부
크림마취
회복시간
약 1~3일
시술효과
1~2개월",리뉴미피부과의원(홍제점),전문의 3명 / 전문의 3명 / 여의사 진료 / 여의사 진료 / 수술실 CCTV / 수술실 CCTV / 응급처치 시스템 / 응급처치 시스템 / 전담회복실 / 전담회복실 / 사후관리 / 사후관리 / 피부진단기 F-RAY 촬영 > / 피부진단기 F-RAY 촬영 > / 피부진단기 F-RAY 촬영 >,"서울특별시 서대문구 통일로 433 (홍제동) 조이빌딩 7, 8층","크림마취
수면마취
비수면 무통마취
국소마취",화요일 10:00 ~ 19:00 (점심 13:00 ~ 14:00) / 수요일 10:00 ~ 19:00 (점심 13:00 ~ 14:00) / 목요일 10:00 ~ 19:00 (점심 13:00 ~ 14:00) / 금요일 10:00 ~ 20:00 (점심 13:00 ~ 14:00) / 토요일 09:30 ~ 16:30 (점심 13:00 ~ 14:00) / 일요일 휴진,050803534854
리프팅,레이저리프팅,울쎄라리프팅,https://www.yeoshin.co.kr/event/mobile/26165,순플러스_울써마지FLX 울쎄라 써마지FLX,https://d3gurpvil0se70.cloudfront.net/upfiles/images/product/FuVU5WaSCMhNcfRYUWHakxoZT2m8.jpg?q=90&f=webp&w=1024,"#타이트닝
#리프팅레이저",,,"2,310,000원",VAT 포함,"써마지
시술시간
30분
마취여부
크림마취
회복시간
당일
시술효과
1개월 후",순플러스성형외과의원,전문의 3명 / 전문의 3명 / 여의사 진료 / 여의사 진료 / 수술실 CCTV / 수술실 CCTV / 응급처치 시스템 / 응급처치 시스템 / 전담회복실 / 전담회복실 / 사후관리 / 사후관리 / 영어 응대 / 영어 응대 / 중국어 응대 / 중국어 응대,"서울특별시 서초구 강남대로 589 (잠원동) 멀버리힐스 메디컬동 12F, 13F","크림마취
수면마취
국소마취",화요일 10:00 ~ 19:00 / 수요일 10:00 ~ 19:00 / 목요일 10:00 ~ 19:00 / 금요일 10:00 ~ 19:00 / 토요일 10:00 ~ 16:00 / 일요일 휴진,050803533332
리프팅,레이저리프팅,울쎄라리프팅,https://www.yeoshin.co.kr/event/mobile/22735,정품정량 울쎄라 리프팅,https://d3gurpvil0se70.cloudfront.net/upfiles/images/product/2zfA22IyPHzPF7q6zMyPFZ6lowdA.jpg?q=90&f=webp&w=1024,"#리프팅레이저
#타이트닝",,,"319,000원",VAT 포함,"울쎄라
시술시간
30~60분
마취여부
크림마취
회복시간
약 1주
시술효과
4~8주 후",리엔장의원(목동점),전문의 1명 / 전문의 1명 / 중국어 응대 / 중국어 응대,서울시 양천구 오목로 325 리엔장의원(목동점),,화요일 10:00 ~ 20:00 (점심 13:00 ~ 14:00) / 수요일 10:00 ~ 20:00 (점심 13:00 ~ 14:00) / 목요일 10:00 ~ 20:00 (점심 13:00 ~ 14:00) / 금요일 10:00 ~ 20:00 (점심 13:00 ~ 14:00) / 토요일 09:00 ~ 16:00 / 일요일 휴진,0508-0353-1953
리프팅,레이저리프팅,울쎄라리프팅,https://www.yeoshin.co.kr/event/mobile/25767,울쎄라 300,https://d3gurpvil0se70.cloudfront.net/upfiles/images/product/5NyLrQglqP1DBglfPAUuxHwfqgk.jpg?q=90&f=webp&w=1024,"#리프팅레이저
#타이트닝",,,"825,000원",VAT 포함,"울쎄라
시술시간
30~60분
마취여부
마취있음
회복시간
약 1주
시술효과
4~8주 후",시안의원,여의사 진료 / 여의사 진료 / 마취과의 진료 / 마취과의 진료 / 수술실 CCTV / 수술실 CCTV / 기본 입원실 / 기본 입원실 / 사후관리 / 사후관리,서울특별시 서초구 강남대로 439 (서초동) 8층,"크림마취
수면마취
국소마취",화요일 10:30 ~ 20:00 / 수요일 10:30 ~ 20:00 / 목요일 10:30 ~ 20:00 / 금요일 10:30 ~ 20:00 / 토요일 10:00 ~ 17:00 / 일요일 휴진,050803533980
리프팅,레이저리프팅,울쎄라리프팅,https://www.yeoshin.co.kr/event/mobile/24954,울쎄라 리프팅 300샷,https://d3gurpvil0se70.cloudfront.net/upfiles/images/product/FCO9Ul31nb4dC7Tgcq7dLFKicbsA.jpg?q=90&f=webp&w=1024,"#리프팅레이저
#타이트닝",,,"1,070,000원",VAT 포함,"울쎄라
시술시간
30~60분
마취여부
수면마취
회복시간
약 1주
시술효과
4~8주 후",리스펙성형외과의원,마취과의 진료 / 마취과의 진료 / 수술실 CCTV / 수술실 CCTV / 응급처치 시스템 / 응급처치 시스템 / 분야별 협진 / 분야별 협진 / 기본 입원실 / 기본 입원실 / 사후관리 / 사후관리,서울특별시 강남구 강남대로 406 (역삼동) 13층,"크림마취
수면마취
전신마취
국소마취",화요일 10:00 ~ 19:00 / 수요일 10:00 ~ 19:00 / 목요일 10:00 ~ 19:00 / 금요일 10:00 ~ 19:00 / 토요일 10:00 ~ 16:00 / 일요일 휴진,050803534820
리프팅,레이저리프팅,울쎄라리프팅,https://www.yeoshin.co.kr/event/mobile/17119,맞춤 울쎄라리프팅,https://d3gurpvil0se70.cloudfront.net/upfiles/images/product/RBJUtSorgUAbW7RFqEH8DYU0dFo.jpg?q=90&f=webp&w=1024,"#리프팅레이저
#타이트닝",,,"380,000원",VAT 포함,"울쎄라
시술시간
30~60분
마취여부
크림마취
회복시간
1주
시술효과
1~2달 후",닥터고운선의원,수술실 CCTV / 수술실 CCTV / 응급처치 시스템 / 응급처치 시스템 / 전담회복실 / 전담회복실 / 사후관리 / 사후관리 / 중국어 응대 / 중국어 응대,서울특별시 강남구 언주로174길 29 (신사동) 3층,"크림마취
수면마취
국소마취",화요일 10:00 ~ 19:00 (점심 13:00 ~ 14:00) / 수요일 휴진 / 목요일 10:00 ~ 19:00 (점심 13:00 ~ 14:00) / 금요일 10:00 ~ 21:00 (점심 13:00 ~ 14:00) / 토요일 10:00 ~ 17:00 (점심 13:00 ~ 14:00) / 일요일 휴진,0508-0353-3733
리프팅,레이저리프팅,울쎄라리프팅,https://www.yeoshin.co.kr/event/mobile/26426,홍대입구역 포레나 울쎄라피 프라임,https://d3gurpvil0se70.cloudfront.net/upfiles/images/product/aFVQ3d7PtrmGFqA5dr67vapZ6Co7.jpg?q=90&f=webp&w=1024,"#리프팅레이저
#타이트닝",,,"539,000원",VAT 포함,"울쎄라피프라임
시술시간
30~60분
마취여부
크림마취
회복시간
약 1~3일
시술효과
1~2개월",포레나의원,여의사 진료 / 여의사 진료 / 영어 응대 / 영어 응대 / 중국어 응대 / 중국어 응대 / 일본어 응대 / 일본어 응대,서울특별시 마포구 양화로 140 (동교동) H-CUBE 7층 포레나의원,크림마취,화요일 10:00 ~ 20:30 / 수요일 10:00 ~ 20:30 / 목요일 10:00 ~ 20:30 / 금요일 10:00 ~ 20:30 / 토요일 10:00 ~ 17:00 / 일요일 10:00 ~ 17:00 / 공휴일 10:00-17:00,0508-0353-2218
리프팅,레이저리프팅,울쎄라리프팅,https://www.yeoshin.co.kr/event/mobile/23217,"신형 울쎄라, NEW 울쎄라프라임",https://d3gurpvil0se70.cloudfront.net/upfiles/images/product/TsQQih7zsXtXJWwDqze3G1u8yxi3.png?q=90&f=webp&w=1024,"#리프팅레이저
#타이트닝",,,"1,650,000원",VAT 포함,"울쎄라피프라임
시술시간
30~60분
마취여부
크림마취
회복시간
약 1~3일
시술효과
1~2개월",넬의원,,부산광역시 부산진구 서면로60 넬의원,,화요일 10:00 ~ 21:00 (점심 13:00 ~ 14:00) / 수요일 10:00 ~ 19:00 (점심 13:00 ~ 14:00) / 목요일 10:00 ~ 19:00 (점심 13:00 ~ 14:00) / 금요일 10:00 ~ 21:00 (점심 13:00 ~ 14:00) / 토요일 10:00 ~ 15:00 / 일요일 휴진,0508-0354-2100
리프팅,레이저리프팅,울쎄라리프팅,https://www.yeoshin.co.kr/event/mobile/27459,더블울쎄라 300샷,https://d3gurpvil0se70.cloudfront.net/upfiles/images/product/qD70Hvdwp9ox8kMldm4a4UYCW248.jpg?q=90&f=webp&w=1024,"#리프팅레이저
#타이트닝",,,"484,000원",VAT 포함,"울쎄라
시술시간
30~60분
마취여부
크림마취
회복시간
약 1주
시술효과
4~8주 후",얼굴본성형외과의원,전문의 1명 / 전문의 1명 / 여의사 진료 / 여의사 진료 / 수술실 CCTV / 수술실 CCTV / 응급처치 시스템 / 응급처치 시스템 / 사후관리 / 사후관리,서울특별시 서초구 강남대로 603 (잠원동) 4층,"크림마취
수면마취
국소마취",화요일 10:00 ~ 18:00 / 수요일 10:00 ~ 18:00 / 목요일 10:00 ~ 18:00 / 금요일 10:00 ~ 18:00 / 토요일 10:00 ~ 16:00 / 일요일 휴진,0508-0353-2574
리프팅,레이저리프팅,울쎄라리프팅,https://www.yeoshin.co.kr/event/mobile/25768,울쎄라200샷+티타늄40KJ,https://d3gurpvil0se70.cloudfront.net/upfiles/images/product/5evO3nvIeWu0H6VjHahBYmwyZ9o7.jpg?q=90&f=webp&w=1024,"#리프팅레이저
#타이트닝",,,"825,000원",VAT 포함,"티타늄
시술시간
60분
마취여부
마취있음
회복시간
당일
시술효과
2~4주 후",시안의원,여의사 진료 / 여의사 진료 / 마취과의 진료 / 마취과의 진료 / 수술실 CCTV / 수술실 CCTV / 기본 입원실 / 기본 입원실 / 사후관리 / 사후관리,서울특별시 서초구 강남대로 439 (서초동) 8층,"크림마취
수면마취
국소마취",화요일 10:30 ~ 20:00 / 수요일 10:30 ~ 20:00 / 목요일 10:30 ~ 20:00 / 금요일 10:30 ~ 20:00 / 토요일 10:00 ~ 17:00 / 일요일 휴진,050803533980
리프팅,레이저리프팅,울쎄라리프팅,https://www.yeoshin.co.kr/event/mobile/17298,블리비 울쎄라 리프팅,https://d3gurpvil0se70.cloudfront.net/upfiles/images/product/cOpY9CPpbQhFr2E3IsbExesoVD55.jpg?q=90&f=webp&w=1024,"#리프팅레이저
#타이트닝",,,"319,000원",VAT 포함,"울쎄라
시술시간
30~60분
마취여부
크림마취
회복시간
약 1주
시술효과
4~8주 후",블리비의원(영등포점),,서울특별시 영등포구 영중로 28 (영등포동3가) 9층,,화요일 10:30 ~ 20:30 (점심 14:00 ~ 15:00) / 수요일 10:30 ~ 20:30 (점심 14:00 ~ 15:00) / 목요일 10:30 ~ 20:30 (점심 14:00 ~ 15:00) / 금요일 10:30 ~ 20:30 (점심 14:00 ~ 15:00) / 토요일 10:00 ~ 17:00 / 일요일 휴진 / 토요일 점심시간 없이 진료 일요일 / 공휴일 휴무,0508-0354-2924
리프팅,레이저리프팅,울쎄라리프팅,https://www.yeoshin.co.kr/event/mobile/27015,피부과전문의 울쎄라 300샷,https://d3gurpvil0se70.cloudfront.net/upfiles/images/product/EEydiM1hliBcqCevxTEYmKCh00V9.jpg?q=90&f=webp&w=1024,"#피부과 전문의
#리프팅레이저
#타이트닝",,,"1,045,000원",VAT 포함,"울쎄라
시술시간
30~60분
마취여부
크림마취
회복시간
약 1주
시술효과
4~8주 후",오체안피부과의원(과천점),전문의 2명 / 전문의 2명 / 여의사 진료 / 여의사 진료,경기도 과천시 별양상가1로 13 (별양동) 교보빌딩 6층(별양동),크림마취,화요일 10:00 ~ 19:00 (점심 13:30 ~ 14:30) / 수요일 10:00 ~ 19:00 (점심 13:30 ~ 14:30) / 목요일 10:00 ~ 20:00 (점심 13:30 ~ 14:30) / 금요일 10:00 ~ 19:00 (점심 13:30 ~ 14:30) / 토요일 09:00 ~ 14:00 / 일요일 휴진,050803547663
리프팅,레이저리프팅,울쎄라리프팅,https://www.yeoshin.co.kr/event/mobile/14201,아이 울쎄라로 뚜렷한 눈으로 리프팅,https://d3gurpvil0se70.cloudfront.net/upfiles/images/product/1174194103.jpg?q=90&f=webp&w=1024,"#눈
#리프팅레이저
#타이트닝",,,"1,309,000원",VAT 포함,"아이울쎄라
시술시간
60분
마취여부
냉각마취
회복시간
당일
시술효과
3달 후",센텀릴리의원,전문의 1명 / 전문의 1명,부산광역시 해운대구 센텀2로 15 센텀릴리의원,,화요일 11:00 ~ 20:00 (점심 13:00 ~ 14:00) / 수요일 11:00 ~ 20:00 (점심 13:00 ~ 14:00) / 목요일 11:00 ~ 20:00 (점심 13:00 ~ 14:00) / 금요일 11:00 ~ 20:00 (점심 13:00 ~ 14:00) / 토요일 11:00 ~ 16:00 / 일요일 휴진,0508-0354-2054
리프팅,레이저리프팅,울쎄라리프팅,https://www.yeoshin.co.kr/event/mobile/26950,울쎄라 300샷+써마지300샷+턱선보톡스,https://d3gurpvil0se70.cloudfront.net/upfiles/images/product/RsG5dAZEcDDAohEms9o16QFaF3h5.jpg?q=90&f=webp&w=1024,"#타이트닝
#리프팅레이저",,,"2,700,000원",VAT 포함,"써마지
시술시간
1~2시간
마취여부
크림/수면
회복시간
약 1주
시술효과
4~8주 후",청담쥬넥스의원,수술실 CCTV / 수술실 CCTV / 응급처치 시스템 / 응급처치 시스템 / 분야별 협진 / 분야별 협진 / 전담회복실 / 전담회복실 / 사후관리 / 사후관리,서울특별시 강남구 도산대로 435 (청담동) 삼이빌딩 4층,"크림마취
수면마취
국소마취",화요일 09:30 ~ 18:30 / 수요일 휴진 / 목요일 09:30 ~ 18:30 / 금요일 09:30 ~ 18:30 / 토요일 09:30 ~ 17:00 / 일요일 휴진,050803543238
리프팅,레이저리프팅,울쎄라리프팅,https://www.yeoshin.co.kr/event/mobile/27491,울쎄라2 프라임 300샷(신경마취 포함),https://d3gurpvil0se70.cloudfront.net/upfiles/images/product/coCP1jyspdSGft5UR3UcVWeTDAP2.jpg?q=90&f=webp&w=1024,"#리프팅레이저
#타이트닝",,,"990,000원",VAT 포함,"울쎄라피프라임
시술시간
30~60분
마취여부
크림마취
회복시간
약 1~3일
시술효과
1~2개월",더리즈의원(강남),전문의 1명 / 전문의 1명 / 여의사 진료 / 여의사 진료 / 수술실 CCTV / 수술실 CCTV / 사후관리 / 사후관리 / 피부진단기 F-RAY 촬영 > / 피부진단기 F-RAY 촬영 > / 피부진단기 F-RAY 촬영 >,서울특별시 강남구 테헤란로 337 (역삼동) 11층,"크림마취
수면마취
국소마취",화요일 10:00 ~ 19:00 (점심 13:00 ~ 14:00) / 수요일 휴진 / 목요일 10:00 ~ 19:00 (점심 13:00 ~ 14:00) / 금요일 10:00 ~ 20:00 (점심 13:00 ~ 14:00) / 토요일 10:00 ~ 16:00 / 일요일 휴진,050803531297
리프팅,레이저리프팅,울쎄라리프팅,https://www.yeoshin.co.kr/event/mobile/4623,[원장님 영상] 콰트로핏 울쎄라피 프라임,https://d3gurpvil0se70.cloudfront.net/upfiles/images/product/oFGibGIbNmwedKVq4lbjiOsm3pu2.jpg?q=90&f=webp&w=1024,"#리프팅레이저
#타이트닝",9.9,후기 20,"385,000원",VAT 포함,"울쎄라피프라임
시술시간
30~60분
마취여부
크림마취
회복시간
약 1~3일
시술효과
1~2개월",베이드의원,전문의 3명 / 전문의 3명 / 영어 응대 / 영어 응대 / 중국어 응대 / 중국어 응대 / 피부진단기 F-RAY 촬영 > / 피부진단기 F-RAY 촬영 > / 피부진단기 F-RAY 촬영 >,서울특별시 강남구 논현로 839 베이드의원,,화요일 10:00 ~ 20:00 (점심 13:00 ~ 14:00) / 수요일 10:00 ~ 20:00 (점심 13:00 ~ 14:00) / 목요일 10:00 ~ 20:00 (점심 13:00 ~ 14:00) / 금요일 10:00 ~ 20:00 (점심 13:00 ~ 14:00) / 토요일 10:00 ~ 16:00 / 일요일 휴진,0508-0353-3673
리프팅,레이저리프팅,울쎄라리프팅,https://www.yeoshin.co.kr/event/mobile/20373,울쎄라 300샷,https://d3gurpvil0se70.cloudfront.net/upfiles/images/product/19n2W6esMANptQNFgfPnDP1zKhF2.png?q=90&f=webp&w=1024,"#리프팅레이저
#타이트닝",,,"869,000원",VAT 포함,"울쎄라
시술시간
30~60분
마취여부
크림마취
회복시간
약 1주
시술효과
4~8주 후",리블룸의원(원주),영어 응대 / 영어 응대 / 중국어 응대 / 중국어 응대 / 일본어 응대 / 일본어 응대,강원특별자치도 원주시 능라동길 73 (무실동) 리블룸의원,,화요일 10:30 ~ 20:00 (점심 13:00 ~ 14:00) / 수요일 10:30 ~ 20:00 (점심 13:00 ~ 14:00) / 목요일 10:30 ~ 20:00 (점심 13:00 ~ 14:00) / 금요일 10:30 ~ 20:00 (점심 13:00 ~ 14:00) / 토요일 10:00 ~ 15:00 / 일요일 휴진,0508-0353-0877
리프팅,레이저리프팅,울쎄라리프팅,https://www.yeoshin.co.kr/event/mobile/3345,땡큐 울쎄라 프라임,https://d3gurpvil0se70.cloudfront.net/upfiles/images/product/SNi9WQnMFQMgxsvycCsCabhrGgC5.jpg?q=90&f=webp&w=1024,"#피부과 전문의
#리프팅레이저
#타이트닝",,,"440,000원",VAT 포함,"울쎄라피프라임
시술시간
30~60분
마취여부
크림마취
회복시간
약 1~3일
시술효과
1~2개월",땡큐성형외과의원,전문의 7명 / 전문의 7명 / 영어 응대 / 영어 응대 / 중국어 응대 / 중국어 응대 / 일본어 응대 / 일본어 응대,서울특별시 강남구 강남대로 446 땡큐성형외과의원,,화요일 10:00 ~ 19:00 / 수요일 10:00 ~ 19:00 / 목요일 10:00 ~ 19:00 / 금요일 10:00 ~ 19:00 / 토요일 10:00 ~ 16:00 / 일요일 휴진,0508-0353-6942
리프팅,레이저리프팅,울쎄라리프팅,https://www.yeoshin.co.kr/event/mobile/20630,[NIKS] 울쎄라 300샷 이벤트,https://d3gurpvil0se70.cloudfront.net/upfiles/images/product/1wJeKendqJKKC6pZgROpwlwnfDr2.png?q=90&f=webp&w=1024,"#리프팅레이저
#타이트닝",,,"1,650,000원",VAT 포함,"울쎄라
시술시간
30~60분
마취여부
크림마취
회복시간
약 1주
시술효과
4~8주 후",닉스의원(수원점),여의사 진료 / 여의사 진료,경기도 수원시 팔달구 효원로265번길 28 (인계동) 3층 (인계동),"크림마취
수면마취
국소마취",화요일 10:30 ~ 20:30 (점심 14:00 ~ 15:00) / 수요일 10:30 ~ 20:30 (점심 14:00 ~ 15:00) / 목요일 10:30 ~ 20:30 (점심 14:00 ~ 15:00) / 금요일 10:30 ~ 20:30 (점심 14:00 ~ 15:00) / 토요일 10:30 ~ 16:30 / 일요일 휴진 / *일요일/공휴일 휴진,0508-0354-3026
리프팅,레이저리프팅,울쎄라리프팅,https://www.yeoshin.co.kr/event/mobile/27633,"울쎄라피 프라임, 커스터마이징 디자인",https://d3gurpvil0se70.cloudfront.net/upfiles/images/product/W3jsez9DcLCd7RErMs5cVgwLJZj5.jpg?q=90&f=webp&w=1024,"#리프팅레이저
#타이트닝",,,"1,419,000원",VAT 포함,"울쎄라피프라임
시술시간
30~60분
마취여부
크림마취
회복시간
약 1~3일
시술효과
1~2개월",피어봄의원(송도점),,"인천광역시 연수구 센트럴로 160 (송도동, 송도센트럴파크푸르지오) A동 2층 201호~207호",,화요일 10:00 ~ 19:00 (점심 13:00 ~ 14:00) / 수요일 10:00 ~ 21:00 (점심 13:00 ~ 14:00) / 목요일 휴진 / 금요일 10:00 ~ 21:00 (점심 13:00 ~ 14:00) / 토요일 09:00 ~ 15:00 / 일요일 휴진,0508-0353-0869
리프팅,레이저리프팅,울쎄라리프팅,https://www.yeoshin.co.kr/event/mobile/27529,"프리미엄 초음파 리프팅의 정석, 울쎄라",https://d3gurpvil0se70.cloudfront.net/upfiles/images/product/pFYOdNCmmxQnf2o2ehXn9u6KbWa3.png?q=90&f=webp&w=1024,"#리프팅레이저
#타이트닝",,,"841,500원",VAT 포함,"울쎄라
시술시간
30~60분
마취여부
크림마취
회복시간
약 1주
시술효과
4~8주 후",모리프한의원,여의사 진료 / 여의사 진료,광주광역시 서구 상무중앙로 43 (치평동) 212호,크림마취,화요일 08:00 ~ 21:00 (점심 13:00 ~ 14:00) / 수요일 08:00 ~ 21:00 (점심 13:00 ~ 14:00) / 목요일 08:00 ~ 21:00 (점심 13:00 ~ 14:00) / 금요일 08:00 ~ 21:00 (점심 13:00 ~ 14:00) / 토요일 08:00 ~ 18:00 (점심 13:00 ~ 14:00) / 일요일 08:00 ~ 18:00 (점심 13:00 ~ 14:00),050803543438
리프팅,레이저리프팅,울쎄라리프팅,https://www.yeoshin.co.kr/event/mobile/24666,"고강도 초음파, 울쎄라피 프라임 300샷",https://d3gurpvil0se70.cloudfront.net/upfiles/images/product/Y7TVAHxId47LOzbzeyY3kSCNvsu2.jpg?q=90&f=webp&w=1024,"#리프팅레이저
#타이트닝",,,"1,320,000원",VAT 포함,"울쎄라피프라임
시술시간
30~60분
마취여부
크림마취
회복시간
약 1~3일
시술효과
6~12개월",강남제이스타의원,전문의 1명 / 전문의 1명 / 여의사 진료 / 여의사 진료 / 수술실 CCTV / 수술실 CCTV / 응급처치 시스템 / 응급처치 시스템 / 전담회복실 / 전담회복실 / 사후관리 / 사후관리,"강원특별자치도 원주시 능라동길 51 (무실동) 501호,502호","크림마취
수면마취
국소마취",화요일 10:00 ~ 19:00 (점심 12:30 ~ 13:30) / 수요일 14:00 ~ 19:00 / 목요일 10:00 ~ 19:00 (점심 12:30 ~ 13:30) / 금요일 10:00 ~ 19:00 (점심 12:30 ~ 13:30) / 토요일 10:00 ~ 14:00 / 일요일 휴진,050803544136
리프팅,레이저리프팅,울쎄라리프팅,https://www.yeoshin.co.kr/event/mobile/23490,울쎄라 100샷,https://d3gurpvil0se70.cloudfront.net/upfiles/images/product/5keCeONFDKNhv5h4neouDYDRGOX4.jpg?q=90&f=webp&w=1024,"#리프팅레이저
#타이트닝",,,"330,000원",VAT 포함,"울쎄라
시술시간
30~60분
마취여부
크림마취
회복시간
약 1주
시술효과
4~8주 후",스무살의원,전문의 1명 / 전문의 1명 / 여의사 진료 / 여의사 진료,경기도 고양시 일산동구 정발산로 24 스무살의원,"크림마취
수면마취
비수면 무통마취
국소마취",화요일 10:30 ~ 21:00 (점심 13:00 ~ 14:00) / 수요일 10:30 ~ 21:00 (점심 13:00 ~ 14:00) / 목요일 10:30 ~ 19:00 (점심 13:00 ~ 14:00) / 금요일 10:30 ~ 21:00 (점심 13:00 ~ 14:00) / 토요일 10:30 ~ 17:00 (점심 13:00 ~ 14:00) / 일요일 휴진,0508-0354-0755
리프팅,레이저리프팅,울쎄라리프팅,https://www.yeoshin.co.kr/event/mobile/22534,피부과 전문의/하이엔드 디자인울쎄라,https://d3gurpvil0se70.cloudfront.net/upfiles/images/product/9ilUsMVQUvuwSS1e4p8JPQrbSYF2.png?q=90&f=webp&w=1024,"#피부과 전문의
#리프팅레이저
#타이트닝",,,"1,089,000원",VAT 포함,"울쎄라피프라임
시술시간
30~60분
마취여부
크림마취
회복시간
약 1주
시술효과
4~8주 후",하이엔드피부과,전문의 2명 / 전문의 2명 / 여의사 진료 / 여의사 진료,"경기도 구리시 경춘로 219 (인창동) 골든브릿지 9,10층",크림마취,화요일 10:00 ~ 19:00 (점심 13:00 ~ 14:00) / 수요일 10:00 ~ 19:00 (점심 13:00 ~ 14:00) / 목요일 10:00 ~ 19:00 (점심 13:00 ~ 14:00) / 금요일 10:00 ~ 20:00 (점심 13:00 ~ 14:00) / 토요일 09:30 ~ 15:00 / 일요일 휴진,0508-0353-0260
리프팅,레이저리프팅,울쎄라리프팅,https://www.yeoshin.co.kr/event/mobile/15726,울쎄라 리프팅,https://d3gurpvil0se70.cloudfront.net/upfiles/images/product/3JNZ04YWamOpl7OG9vCo7yvwJN68.jpg?q=90&f=webp&w=1024,"#리프팅레이저
#타이트닝",,,"385,000원",VAT 포함,"울쎄라
시술시간
30~60분
마취여부
크림마취
회복시간
1주
시술효과
1~2달 후",노블성형외과의원,전문의 1명 / 전문의 1명,인천광역시 연수구 해돋이로 160-4 (송도동) 4층,,화요일 10:00 ~ 21:00 (점심 13:00 ~ 14:00) / 수요일 10:00 ~ 19:00 (점심 13:00 ~ 14:00) / 목요일 10:00 ~ 19:00 (점심 13:00 ~ 14:00) / 금요일 10:00 ~ 21:00 (점심 13:00 ~ 14:00) / 토요일 10:00 ~ 16:00 / 일요일 휴진,0508-0354-1779
리프팅,레이저리프팅,울쎄라리프팅,https://www.yeoshin.co.kr/event/mobile/26189,리드 울쎄라,https://d3gurpvil0se70.cloudfront.net/upfiles/images/product/u3KChGw52oShLV1XoHvc2JpXhjD9.jpg?q=90&f=webp&w=1024,"#리프팅레이저
#타이트닝",,,"350,000원",VAT 포함,"울쎄라
시술시간
30~60분
마취여부
크림마취
회복시간
약 1주
시술효과
4~8주 후",리드성형외과의원,전문의 1명 / 전문의 1명 / 응급처치 시스템 / 응급처치 시스템 / 전담회복실 / 전담회복실 / 사후관리 / 사후관리 / 영어 응대 / 영어 응대,"서울특별시 강남구 언주로30길 21 (도곡동, 아카데미스위트) 지하1층 B101-31-1호","크림마취
수면마취
비수면 무통마취
국소마취",화요일 10:00 ~ 18:00 (점심 13:00 ~ 14:00) / 수요일 10:00 ~ 20:30 (점심 13:00 ~ 14:00) / 목요일 10:00 ~ 20:30 (점심 13:00 ~ 14:00) / 금요일 10:00 ~ 18:00 (점심 13:00 ~ 14:00) / 토요일 09:00 ~ 16:00 / 일요일 휴진,0508-0353-7926
리프팅,레이저리프팅,울쎄라리프팅,https://www.yeoshin.co.kr/event/mobile/23171,신형 울쎄라2 울쎄라피 프라임 이벤트,https://d3gurpvil0se70.cloudfront.net/upfiles/images/product/04hPQv0XzQkuMobA3H3t5fUOfLhA.jpg?q=90&f=webp&w=1024,"#피부과 전문의
#리프팅레이저
#타이트닝",,,"550,000원",VAT 포함,"울쎄라피프라임
시술시간
30~60분
마취여부
크림마취
회복시간
약 1~3일
시술효과
1~2개월",휴먼피부과의원(청라점),전문의 4명 / 전문의 4명 / 여의사 진료 / 여의사 진료,인천광역시 서구 중봉대로 594 비전프라자 4층 휴먼피부과의원(청라점),"크림마취
수면마취
비수면 무통마취",화요일 10:00 ~ 19:00 (점심 12:00 ~ 14:00) / 수요일 10:00 ~ 20:30 (점심 12:00 ~ 14:00) / 목요일 10:00 ~ 19:00 (점심 12:00 ~ 14:00) / 금요일 10:00 ~ 20:30 (점심 12:00 ~ 14:00) / 토요일 10:00 ~ 16:00 / 일요일 휴진 / 진료마감 : 월수금 19:30 / 화목 18:00 / 토 15:00,0508-0354-1088
리프팅,레이저리프팅,울쎄라리프팅,https://www.yeoshin.co.kr/event/mobile/20667,[NIKS] 울쎄라 리프팅,https://d3gurpvil0se70.cloudfront.net/upfiles/images/product/7NpkRfU6a8GZZEMACOjgijcrmeA7.jpg?q=90&f=webp&w=1024,"#리프팅레이저
#타이트닝",,,"1,650,000원",VAT 포함,"울쎄라
시술시간
30~60분
마취여부
크림마취
회복시간
약 1주
시술효과
4~8주 후",닉스의원(천안점),,충청남도 천안시 서북구 불당21로 67-8 (불당동) 정석프라자4차 3층 (닉스의원),"크림마취
수면마취
비수면 무통마취
국소마취",화요일 10:00 ~ 20:00 (점심 14:00 ~ 15:00) / 수요일 10:00 ~ 20:00 (점심 14:00 ~ 15:00) / 목요일 10:00 ~ 20:00 (점심 14:00 ~ 15:00) / 금요일 10:00 ~ 20:00 (점심 14:00 ~ 15:00) / 토요일 10:00 ~ 16:00 / 일요일 휴진 / [일요일/공휴일 휴진],0508-0354-2993
리프팅,레이저리프팅,울쎄라리프팅,https://www.yeoshin.co.kr/event/mobile/20599,[NIKS] 울쎄라 EVENT,https://d3gurpvil0se70.cloudfront.net/upfiles/images/product/g9DylmEGdZOjYD6TupDnJGNXPBA.jpg?q=90&f=webp&w=1024,"#리프팅레이저
#타이트닝",,,"1,320,000원",VAT 포함,"울쎄라
시술시간
30~60분
마취여부
크림마취
회복시간
약 1주
시술효과
4~8주 후",닉스의원(대전점),,대전광역시 서구 대덕대로 194 (둔산동) 2층 (닉스의원),"크림마취
수면마취
국소마취","화요일 10:00 ~ 20:00 (점심 14:00 ~ 15:00) / 수요일 10:00 ~ 20:00 (점심 14:00 ~ 15:00) / 목요일 10:00 ~ 20:00 (점심 14:00 ~ 15:00) / 금요일 10:00 ~ 20:00 (점심 14:00 ~ 15:00) / 토요일 10:00 ~ 16:00 / 일요일 휴진 / [일요일, 공휴일 휴진]",0508-0354-2955
리프팅,레이저리프팅,울쎄라리프팅,https://www.yeoshin.co.kr/event/mobile/4007,울쎄라 리프팅,https://d3gurpvil0se70.cloudfront.net/upfiles/images/product/4127965916.jpg?q=90&f=webp&w=1024,"#리프팅레이저
#타이트닝",,,"363,000원",VAT 포함,"울쎄라
시술시간
60분
마취여부
크림마취
회복시간
1주
시술효과
1~2달 후",파크뷰의원(운정점),,경기도 파주시 와석순환로 507 파크뷰의원(운정점),,화요일 10:00 ~ 20:30 (점심 13:00 ~ 14:00) / 수요일 10:00 ~ 19:30 (점심 13:00 ~ 14:00) / 목요일 10:00 ~ 19:30 (점심 13:00 ~ 14:00) / 금요일 10:00 ~ 20:30 (점심 13:00 ~ 14:00) / 토요일 09:30 ~ 15:00 / 일요일 휴진,0508-0354-0762
리프팅,레이저리프팅,울쎄라리프팅,https://www.yeoshin.co.kr/event/mobile/25438,유이 V라인 울쎄라피 프라임 100샷,https://d3gurpvil0se70.cloudfront.net/upfiles/images/product/g6GkHMgkFIoMwQN58PaBaU1IiRe8.jpg?q=90&f=webp&w=1024,"#리프팅레이저
#타이트닝",,,"462,000원",VAT 포함,"울쎄라피프라임
시술시간
30~60분
마취여부
크림마취
회복시간
약 1~3일
시술효과
1년",유이성형외과의원,전문의 1명 / 전문의 1명 / 여의사 진료 / 여의사 진료 / 전담회복실 / 전담회복실 / 사후관리 / 사후관리,서울특별시 강남구 강남대로 616 (신사동) 신사미타워 16층,"크림마취
수면마취
비수면 무통마취
전신마취
국소마취",화요일 10:00 ~ 19:00 / 수요일 10:00 ~ 19:00 / 목요일 10:00 ~ 19:00 / 금요일 10:00 ~ 19:00 / 토요일 09:30 ~ 15:30 / 일요일 휴진,"서울특별시 강남구 강남대로 616, 16층 1601,1602호 B518, B519호(신 사동, 외 1필지 신사미타워)"
리프팅,레이저리프팅,울쎄라리프팅,https://www.yeoshin.co.kr/event/mobile/9147,울쎄라,https://d3gurpvil0se70.cloudfront.net/upfiles/images/product/DwJliyaa4YNnbcVODUcGMDnytyo3.jpg?q=90&f=webp&w=1024,"#리프팅레이저
#타이트닝",,,"363,000원",VAT 포함,"울쎄라
시술시간
100분
마취여부
크림마취
회복시간
3일
시술효과
1~3달 후",아비쥬의원(대전점),전문의 2명 / 전문의 2명,대전광역시 서구 대덕대로 219 아비쥬의원(대전점),,화요일 10:30 ~ 20:30 (점심 14:00 ~ 15:00) / 수요일 10:30 ~ 20:30 (점심 14:00 ~ 15:00) / 목요일 10:30 ~ 20:30 (점심 14:00 ~ 15:00) / 금요일 10:30 ~ 20:30 (점심 14:00 ~ 15:00) / 토요일 10:30 ~ 17:00 / 일요일 10:30 ~ 17:00,0508-0354-2871
리프팅,레이저리프팅,울쎄라리프팅,https://www.yeoshin.co.kr/event/mobile/25822,피부과 전문의 작은 얼굴 울쎄라,https://d3gurpvil0se70.cloudfront.net/upfiles/images/product/EHff62P8xxnYVkLP02ek2vEoLBz4.png?q=90&f=webp&w=1024,"#피부과 전문의
#리프팅레이저
#타이트닝",,,"539,000원",VAT 포함,"울쎄라
시술시간
30~60분
마취여부
크림마취
회복시간
약 1주
시술효과
4~8주 후",청담엔케이피부과의원,전문의 1명 / 전문의 1명 / 여의사 진료 / 여의사 진료 / 피부진단기 F-RAY 촬영 > / 피부진단기 F-RAY 촬영 > / 피부진단기 F-RAY 촬영 >,서울특별시 강서구 마곡중앙5로 81 (마곡동) 5층 청담NK피부과의원,,화요일 10:00 ~ 19:00 (점심 13:00 ~ 14:00) / 수요일 10:00 ~ 19:00 (점심 13:00 ~ 14:00) / 목요일 10:00 ~ 19:00 (점심 13:00 ~ 14:00) / 금요일 10:00 ~ 20:00 (점심 13:00 ~ 14:00) / 토요일 09:30 ~ 14:30 / 일요일 휴진,050803531467
리프팅,레이저리프팅,울쎄라리프팅,https://www.yeoshin.co.kr/event/mobile/18239,정품팁 브라운 울쎄라 리프팅,https://d3gurpvil0se70.cloudfront.net/upfiles/images/product/SxfBSqiDtxXG1ehRSSgZGV68zTa3.jpg?q=90&f=webp&w=1024,"#리프팅레이저
#타이트닝",,,"319,000원",VAT 포함,"울쎄라
시술시간
30~60분
마취여부
크림마취
회복시간
약 1주
시술효과
4~8주 후",브라운성형외과의원,전문의 3명 / 전문의 3명 / 영어 응대 / 영어 응대 / 중국어 응대 / 중국어 응대 / 일본어 응대 / 일본어 응대,서울특별시 서초구 강남대로 475 (반포동) 브라운성형외과의원,,화요일 10:00 ~ 19:00 / 수요일 10:00 ~ 19:00 / 목요일 10:00 ~ 19:00 / 금요일 10:00 ~ 20:30 / 토요일 10:00 ~ 17:00 / 일요일 휴진 / 일요일&공휴일 휴진/금요일 야간진료,0508-0353-4515
리프팅,레이저리프팅,울쎄라리프팅,https://www.yeoshin.co.kr/event/mobile/24105,프리미엄 울쎄라 패키지,https://d3gurpvil0se70.cloudfront.net/upfiles/images/product/9sOFjvUSFIv8GtL35JtoRrrqb995.jpg?q=90&f=webp&w=1024,"#리프팅레이저
#타이트닝",,,,,"울쎄라피프라임
시술시간
30~60분
마취여부
크림마취
회복시간
약 1~3일
시술효과
1~2개월",유앤아이의원(평택점),,경기도 평택시 평남로 862 (비전동) 로이드빌딩 2층,,화요일 10:00 ~ 20:30 (점심 13:00 ~ 14:00) / 수요일 10:00 ~ 20:30 (점심 13:00 ~ 14:00) / 목요일 10:00 ~ 20:30 (점심 13:00 ~ 14:00) / 금요일 10:00 ~ 20:30 (점심 13:00 ~ 14:00) / 토요일 10:00 ~ 16:00 / 일요일 휴진,0508-0354-0339
리프팅,레이저리프팅,울쎄라리프팅,https://www.yeoshin.co.kr/event/mobile/15954,울쎄라,https://d3gurpvil0se70.cloudfront.net/upfiles/images/product/DU2TSXAMIkyDB892LLrxSHX9hN3A.jpg?q=90&f=webp&w=1024,"#리프팅레이저
#타이트닝",,,"1,089,000원",VAT 포함,"울쎄라
시술시간
30분
마취여부
크림마취
회복시간
2~3일
시술효과
2~3주 후",제이린의원(서면점),,부산광역시 부산진구 중앙대로 672 (부전동) 삼정타워 4층 제이린의원,,화요일 10:30 ~ 20:00 (점심 13:00 ~ 14:30) / 수요일 10:30 ~ 19:00 (점심 13:00 ~ 14:30) / 목요일 10:30 ~ 19:00 (점심 13:00 ~ 14:30) / 금요일 10:30 ~ 20:00 (점심 13:00 ~ 14:30) / 토요일 10:30 ~ 14:30 / 일요일 휴진,0508-0354-2276
리프팅,레이저리프팅,울쎄라리프팅,https://www.yeoshin.co.kr/event/mobile/26100,전문의가 설계하는 맞춤 울쎄라피 프라임,https://d3gurpvil0se70.cloudfront.net/upfiles/images/product/kSarPe0pSNVzFYVlgOQ4rLkejm97.jpg?q=90&f=webp&w=1024,"#피부과 전문의
#리프팅레이저
#타이트닝",,,"550,000원",VAT 포함,"울쎄라피프라임
시술시간
30~60분
마취여부
크림마취
회복시간
약 1~3일
시술효과
1~2개월",동탄오라클피부과의원,전문의 3명 / 전문의 3명,경기도 화성시 동탄역로 150 동탄오라클피부과의원,,화요일 10:00 ~ 19:00 (점심 13:00 ~ 14:00) / 수요일 10:00 ~ 19:00 (점심 13:00 ~ 14:00) / 목요일 10:00 ~ 19:00 (점심 13:00 ~ 14:00) / 금요일 10:00 ~ 19:00 (점심 13:00 ~ 14:00) / 토요일 10:00 ~ 14:00 / 일요일 휴진,0508-0353-9999
리프팅,레이저리프팅,울쎄라리프팅,https://www.yeoshin.co.kr/event/mobile/9884,울쎄라 효과를 더 끌어올려,https://d3gurpvil0se70.cloudfront.net/upfiles/images/product/498979265.jpg?q=90&f=webp&w=1024,"#리프팅레이저
#타이트닝",,,"1,969,000원",VAT 포함,"리프팅레이저
시술시간
70분
마취여부
크림/국소
회복시간
3일
시술효과
2~3달 후",센텀릴리의원,전문의 1명 / 전문의 1명,부산광역시 해운대구 센텀2로 15 센텀릴리의원,,화요일 11:00 ~ 20:00 (점심 13:00 ~ 14:00) / 수요일 11:00 ~ 20:00 (점심 13:00 ~ 14:00) / 목요일 11:00 ~ 20:00 (점심 13:00 ~ 14:00) / 금요일 11:00 ~ 20:00 (점심 13:00 ~ 14:00) / 토요일 11:00 ~ 16:00 / 일요일 휴진,0508-0354-2054
리프팅,레이저리프팅,울쎄라리프팅,https://www.yeoshin.co.kr/event/mobile/16191,[대표원장 시술] 커스텀 울쎄라 300샷,https://d3gurpvil0se70.cloudfront.net/upfiles/images/product/inTbltFbCMCwKJYI7xPrddEw2NEA.jpg?q=90&f=webp&w=1024,"#리프팅레이저
#타이트닝",,,"715,000원",VAT 포함,"울쎄라
시술시간
30~60분
마취여부
크림마취
회복시간
당일
시술효과
1~2달 후",뷰티스카이의원,,서울특별시 강동구 올림픽로 653 뷰티스카이의원,,화요일 10:30 ~ 20:30 / 수요일 10:00 ~ 20:00 / 목요일 10:00 ~ 20:00 / 금요일 10:30 ~ 20:30 / 토요일 09:30 ~ 16:30 / 일요일 휴진,0508-0353-3433
리프팅,레이저리프팅,울쎄라리프팅,https://www.yeoshin.co.kr/event/mobile/25283,반니 울쎄라/써마지/리쥬란/아이써마지_정품,https://d3gurpvil0se70.cloudfront.net/upfiles/images/product/BqyxH28yLfAgnD77mydH4b33et2.jpg?q=90&f=webp&w=1024,"#리프팅레이저
#타이트닝",10,후기 62,"319,000원",VAT 포함,"울쎄라
시술시간
30~60분
마취여부
크림마취
회복시간
약 1주
시술효과
4~8주 후",반니성형외과의원,전문의 2명 / 전문의 2명 / 여의사 진료 / 여의사 진료 / 수술실 CCTV / 수술실 CCTV / 전담회복실 / 전담회복실 / 사후관리 / 사후관리 / 중국어 응대 / 중국어 응대 / 일본어 응대 / 일본어 응대,"서울특별시 강남구 테헤란로 107 (역삼동) 8층 (역삼동, 메디타워)",,화요일 10:00 ~ 19:00 / 수요일 10:00 ~ 19:00 / 목요일 10:00 ~ 19:00 / 금요일 10:00 ~ 21:00 / 토요일 10:00 ~ 17:00 / 일요일 휴진,0508-0353-6588
리프팅,레이저리프팅,울쎄라리프팅,https://www.yeoshin.co.kr/event/mobile/27781,대표원장 1:1 디자인 울쎄라(정품인증),https://d3gurpvil0se70.cloudfront.net/upfiles/images/product/iuwVyhNgq301c7KtCsLqZU6OfJG5.jpg?q=90&f=webp&w=1024,"#리프팅레이저
#타이트닝",,,"363,000원",VAT 포함,"울쎄라
시술시간
30~60분
마취여부
크림마취
회복시간
약 1주
시술효과
4~8주 후",연의원 범계(안양),,경기도 안양시 동안구 평촌대로217번길 15 (호계동) 파크에비뉴엘 4층,,화요일 10:30 ~ 20:30 (점심 13:30 ~ 14:30) / 수요일 휴진 / 목요일 10:30 ~ 20:30 (점심 13:30 ~ 14:30) / 금요일 10:00 ~ 18:00 (점심 13:30 ~ 14:30) / 토요일 10:00 ~ 16:00 / 일요일 휴진,0508-0354-1067
리프팅,레이저리프팅,울쎄라리프팅,https://www.yeoshin.co.kr/event/mobile/16092,울쎄라,https://d3gurpvil0se70.cloudfront.net/upfiles/images/product/p4q126NfR26EKCutAUeqH3m3dCH4.jpg?q=90&f=webp&w=1024,"#리프팅레이저
#타이트닝",,,"420,000원",VAT 포함,"울쎄라
시술시간
30~60분
마취여부
크림마취
회복시간
1주
시술효과
1~2달 후",동안중심의원,전문의 2명 / 전문의 2명,서울특별시 강남구 압구정로48길 26 (신사동) 동안중심의원,,화요일 10:00 ~ 19:00 (점심 13:00 ~ 14:00) / 수요일 10:00 ~ 19:00 (점심 13:00 ~ 14:00) / 목요일 10:00 ~ 19:00 (점심 13:00 ~ 14:00) / 금요일 12:00 ~ 21:00 / 토요일 10:00 ~ 16:00 / 일요일 휴진,0508-0353-9614
리프팅,레이저리프팅,울쎄라리프팅,https://www.yeoshin.co.kr/event/mobile/16091,울써마지 펜타시스템,https://d3gurpvil0se70.cloudfront.net/upfiles/images/product/HMsexFSUYAuz2a97CVVVDbqEr7l5.jpg?q=90&f=webp&w=1024,"#리프팅레이저
#타이트닝",,,"429,000원",VAT 포함,"울쎄라
시술시간
30~60분
마취여부
크림마취
회복시간
1주
시술효과
1~2달 후",동안중심의원,전문의 2명 / 전문의 2명,서울특별시 강남구 압구정로48길 26 (신사동) 동안중심의원,,화요일 10:00 ~ 19:00 (점심 13:00 ~ 14:00) / 수요일 10:00 ~ 19:00 (점심 13:00 ~ 14:00) / 목요일 10:00 ~ 19:00 (점심 13:00 ~ 14:00) / 금요일 12:00 ~ 21:00 / 토요일 10:00 ~ 16:00 / 일요일 휴진,0508-0353-9614
리프팅,레이저리프팅,울쎄라리프팅,https://www.yeoshin.co.kr/event/mobile/26432,일공공 울쎄라,https://d3gurpvil0se70.cloudfront.net/upfiles/images/product/zZmg035AAmKKOguwCUzY0ud8ZrjA.jpg?q=90&f=webp&w=1024,"#리프팅레이저
#타이트닝",,,"330,000원",VAT 포함,"울쎄라
시술시간
30~60분
마취여부
마취없음
회복시간
당일
시술효과
4~8주 후",일공공성형외과의원,전문의 1명 / 전문의 1명 / 수술실 CCTV / 수술실 CCTV / 응급처치 시스템 / 응급처치 시스템 / 전담회복실 / 전담회복실 / 사후관리 / 사후관리 / 영어 응대 / 영어 응대 / 일본어 응대 / 일본어 응대,서울특별시 강남구 논현로175길 6 (신사동) 2층,"크림마취
수면마취",화요일 09:30 ~ 19:00 / 수요일 09:30 ~ 19:00 / 목요일 09:30 ~ 19:00 / 금요일 09:30 ~ 21:00 / 토요일 09:30 ~ 15:00 / 일요일 휴진,050803534989
리프팅,레이저리프팅,울쎄라리프팅,https://www.yeoshin.co.kr/event/mobile/12553,정품 울쎄라골드 리프팅,https://d3gurpvil0se70.cloudfront.net/upfiles/images/product/1522459682.jpg?q=90&f=webp&w=1024,"#리프팅레이저
#타이트닝",,,"275,000원",VAT 포함,"울쎄라
시술시간
60분
마취여부
냉각마취
회복시간
1~2주
시술효과
1~2달 후",용인미하나의원,전문의 1명 / 전문의 1명,경기도 용인시 처인구 금령로 86 용인미하나의원,,화요일 10:00 ~ 20:30 (점심 13:00 ~ 14:00) / 수요일 10:00 ~ 20:30 (점심 13:00 ~ 14:00) / 목요일 10:00 ~ 20:30 (점심 13:00 ~ 14:00) / 금요일 10:00 ~ 20:30 (점심 13:00 ~ 14:00) / 토요일 10:00 ~ 16:30 / 일요일 휴진,0508-0353-9926
리프팅,레이저리프팅,울쎄라리프팅,https://www.yeoshin.co.kr/event/mobile/24983,울쎄라,https://d3gurpvil0se70.cloudfront.net/upfiles/images/product/NdscVXWV5G71xFAS9VrXVtkgzkO9.jpg?q=90&f=webp&w=1024,"#리프팅레이저
#타이트닝",,,"1,369,500원",VAT 포함,"울쎄라
시술시간
30~60분
마취여부
크림마취
회복시간
약 1주
시술효과
4~8주 후",휴먼피부과의원(광명철산점),분야별 협진 / 분야별 협진 / 전담회복실 / 전담회복실 / 사후관리 / 사후관리 / 피부진단기 F-RAY 촬영 > / 피부진단기 F-RAY 촬영 > / 피부진단기 F-RAY 촬영 >,경기도 광명시 철산로 24 다인빌딩 301호 (철산동),,화요일 10:30 ~ 20:30 (점심 13:00 ~ 14:00) / 수요일 10:30 ~ 20:30 (점심 13:00 ~ 14:00) / 목요일 10:30 ~ 20:30 (점심 13:00 ~ 14:00) / 금요일 10:30 ~ 21:00 (점심 13:00 ~ 14:00) / 토요일 10:00 ~ 17:00 (점심 13:00 ~ 14:00) / 일요일 휴진,0508-0355-6373
리프팅,레이저리프팅,울쎄라리프팅,https://www.yeoshin.co.kr/event/mobile/26884,써마지600+울쎄라300 앵콜대전,https://d3gurpvil0se70.cloudfront.net/upfiles/images/product/2kj1Tha4R7huGfyDDG7lFFni0Er2.jpg?q=90&f=webp&w=1024,"#타이트닝
#리프팅레이저",10,후기 1,"2,490,000원",VAT 포함,"써마지
시술시간
60분
마취여부
크림마취
회복시간
당일
시술효과
3개월 후",르모아의원,전문의 1명 / 전문의 1명 / 여의사 진료 / 여의사 진료 / 전담회복실 / 전담회복실 / 사후관리 / 사후관리,서울특별시 강남구 선릉로 301 (역삼동) 2층 르모아의원 (역삼동 765-3),"크림마취
수면마취
비수면 무통마취
국소마취",화요일 10:00 ~ 20:00 (점심 14:00 ~ 15:00) / 수요일 10:00 ~ 20:00 (점심 14:00 ~ 15:00) / 목요일 10:00 ~ 20:00 (점심 14:00 ~ 15:00) / 금요일 10:00 ~ 20:00 (점심 14:00 ~ 15:00) / 토요일 10:00 ~ 16:00 / 일요일 휴진,0508-0353-6869
리프팅,레이저리프팅,울쎄라리프팅,https://www.yeoshin.co.kr/event/mobile/26882,써마지600+아이써마지225+울쎄라300,https://d3gurpvil0se70.cloudfront.net/upfiles/images/product/mifInnEbvobOdn1II9JKPMp4sCn8.jpg?q=90&f=webp&w=1024,"#타이트닝
#리프팅레이저",,,"3,400,000원",VAT 포함,"써마지
시술시간
60분
마취여부
크림마취
회복시간
당일
시술효과
3개월 후",르모아의원,전문의 1명 / 전문의 1명 / 여의사 진료 / 여의사 진료 / 전담회복실 / 전담회복실 / 사후관리 / 사후관리,서울특별시 강남구 선릉로 301 (역삼동) 2층 르모아의원 (역삼동 765-3),"크림마취
수면마취
비수면 무통마취
국소마취",화요일 10:00 ~ 20:00 (점심 14:00 ~ 15:00) / 수요일 10:00 ~ 20:00 (점심 14:00 ~ 15:00) / 목요일 10:00 ~ 20:00 (점심 14:00 ~ 15:00) / 금요일 10:00 ~ 20:00 (점심 14:00 ~ 15:00) / 토요일 10:00 ~ 16:00 / 일요일 휴진,0508-0353-6869
리프팅,레이저리프팅,울쎄라리프팅,https://www.yeoshin.co.kr/event/mobile/18267,루비 울쎄라,https://d3gurpvil0se70.cloudfront.net/upfiles/images/product/vhtAcuxBlZmfsoGHpj8oVtkoYdj8.jpg?q=90&f=webp&w=1024,"#리프팅레이저
#타이트닝",9.2,후기 26,"285,000원",VAT 포함,"울쎄라
시술시간
30~60분
마취여부
크림마취
회복시간
약 1주
시술효과
4~8주 후",루비성형외과의원,전문의 1명 / 전문의 1명,서울시 강남구 도산대로 108 루비성형외과의원,,화요일 10:00 ~ 19:00 / 수요일 10:00 ~ 19:00 / 목요일 10:00 ~ 20:30 / 금요일 10:00 ~ 19:00 / 토요일 10:00 ~ 19:00 / 일요일 휴진,0508-0353-1184
리프팅,레이저리프팅,울쎄라리프팅,https://www.yeoshin.co.kr/event/mobile/26411,볼패임NO 울쎄라400샷 얼굴전체,https://d3gurpvil0se70.cloudfront.net/upfiles/images/product/iVMGpKBEXpUCAqaZRmQP5TRZes3.jpg?q=90&f=webp&w=1024,"#리프팅레이저
#타이트닝",,,"1,640,000원",VAT 포함,"울쎄라
시술시간
30~60분
마취여부
크림마취
회복시간
약 1주
시술효과
4~8주 후",르모아의원,전문의 1명 / 전문의 1명 / 여의사 진료 / 여의사 진료 / 전담회복실 / 전담회복실 / 사후관리 / 사후관리,서울특별시 강남구 선릉로 301 (역삼동) 2층 르모아의원 (역삼동 765-3),"크림마취
수면마취
비수면 무통마취
국소마취",화요일 10:00 ~ 20:00 (점심 14:00 ~ 15:00) / 수요일 10:00 ~ 20:00 (점심 14:00 ~ 15:00) / 목요일 10:00 ~ 20:00 (점심 14:00 ~ 15:00) / 금요일 10:00 ~ 20:00 (점심 14:00 ~ 15:00) / 토요일 10:00 ~ 16:00 / 일요일 휴진,0508-0353-6869
리프팅,레이저리프팅,인모드리프팅,https://www.yeoshin.co.kr/event/mobile/19154,뉴셀 인모드,https://d3gurpvil0se70.cloudfront.net/upfiles/images/product/4CY6uiM5NsZJmGDh0Ds52CGoTiI9.jpg?q=90&f=webp&w=1024,"#리프팅레이저
#얼굴지방개선
#타이트닝",9.6,후기 125,"250,000원",VAT 포함,"인모드
시술시간
30~60분
마취여부
크림마취
회복시간
약 3일
시술효과
약 2주 후",닥터뉴셀의원,전문의 1명 / 전문의 1명 / 영어 응대 / 영어 응대 / 중국어 응대 / 중국어 응대 / 일본어 응대 / 일본어 응대,"서울특별시 강남구 강남대로 458 (역삼동) 809-16, 7층 닥터뉴셀 의원 강남본점","크림마취
비수면 무통마취
국소마취","화요일 10:30 ~ 19:30 (점심 14:00 ~ 15:00) / 수요일 10:30 ~ 19:30 (점심 14:00 ~ 15:00) / 목요일 10:30 ~ 19:30 (점심 14:00 ~ 15:00) / 금요일 10:30 ~ 21:00 (점심 14:00 ~ 15:00) / 토요일 10:30 ~ 17:00 / 일요일 휴진 / 3월1일,3월3일 정상 진료",0508-0353-7963
리프팅,레이저리프팅,인모드리프팅,https://www.yeoshin.co.kr/event/mobile/18747,"바디전용인모드-파워2배,면적2배",https://d3gurpvil0se70.cloudfront.net/upfiles/images/product/RGoHCTA0J4xTZlvNYKI1oouQYI82.jpg?q=90&f=webp&w=1024,"#바디리프팅
#바디지방개선
#리프팅레이저",9.5,후기 107,"108,900원",VAT 포함,"바디인모드
시술시간
30분
마취여부
마취없음
회복시간
약 3일
시술효과
약 2주 후",엔디어트의원,,서울특별시 강남구 압구정로28길 48 (신사동) 참빌딩 2층,,화요일 10:00 ~ 20:00 (점심 13:00 ~ 14:00) / 수요일 10:00 ~ 20:00 (점심 13:00 ~ 14:00) / 목요일 10:00 ~ 20:00 (점심 13:00 ~ 14:00) / 금요일 10:00 ~ 20:00 (점심 13:00 ~ 14:00) / 토요일 10:00 ~ 17:00 (점심 13:00 ~ 14:00) / 일요일 휴진,0508-0353-7994
리프팅,레이저리프팅,인모드리프팅,https://www.yeoshin.co.kr/event/mobile/18746,시간효과3배 인모드FX 지방제거,https://d3gurpvil0se70.cloudfront.net/upfiles/images/product/zGevvt0VCVQayYJSimZa7WNtARY4.jpg?q=90&f=webp&w=1024,"#리프팅레이저
#얼굴지방개선
#타이트닝",9.5,후기 192,"108,900원",VAT 포함,"인모드 FX
시술시간
5~20분
마취여부
마취없음
회복시간
약 3일
시술효과
약 2주 후",엔디어트의원,,서울특별시 강남구 압구정로28길 48 (신사동) 참빌딩 2층,,화요일 10:00 ~ 20:00 (점심 13:00 ~ 14:00) / 수요일 10:00 ~ 20:00 (점심 13:00 ~ 14:00) / 목요일 10:00 ~ 20:00 (점심 13:00 ~ 14:00) / 금요일 10:00 ~ 20:00 (점심 13:00 ~ 14:00) / 토요일 10:00 ~ 17:00 (점심 13:00 ~ 14:00) / 일요일 휴진,0508-0353-7994
리프팅,레이저리프팅,인모드리프팅,https://www.yeoshin.co.kr/event/mobile/18748,바디팁 인모드+바디 지방분해주사,https://d3gurpvil0se70.cloudfront.net/upfiles/images/product/ZYAR4SJwgeCm88IAd7khuWxisGZ3.jpg?q=90&f=webp&w=1024,"#바디리프팅
#바디지방개선
#리프팅레이저",9.6,후기 39,"187,000원",VAT 포함,"바디인모드
시술시간
30분
마취여부
마취없음
회복시간
약 3일
시술효과
약 2주 후",엔디어트의원,,서울특별시 강남구 압구정로28길 48 (신사동) 참빌딩 2층,,화요일 10:00 ~ 20:00 (점심 13:00 ~ 14:00) / 수요일 10:00 ~ 20:00 (점심 13:00 ~ 14:00) / 목요일 10:00 ~ 20:00 (점심 13:00 ~ 14:00) / 금요일 10:00 ~ 20:00 (점심 13:00 ~ 14:00) / 토요일 10:00 ~ 17:00 (점심 13:00 ~ 14:00) / 일요일 휴진,0508-0353-7994
리프팅,레이저리프팅,인모드리프팅,https://www.yeoshin.co.kr/event/mobile/18749,시간3배 인모드+윤곽지방분해주사,https://d3gurpvil0se70.cloudfront.net/upfiles/images/product/Vt50WhB7UpWeOQpEbeNWJwgaTlB5.jpg?q=90&f=webp&w=1024,"#리프팅레이저
#얼굴지방개선
#타이트닝",9.5,후기 117,"154,000원",VAT 포함,"인모드 FX
시술시간
5~20분
마취여부
마취없음
회복시간
약 3일
시술효과
약 2주 후",엔디어트의원,,서울특별시 강남구 압구정로28길 48 (신사동) 참빌딩 2층,,화요일 10:00 ~ 20:00 (점심 13:00 ~ 14:00) / 수요일 10:00 ~ 20:00 (점심 13:00 ~ 14:00) / 목요일 10:00 ~ 20:00 (점심 13:00 ~ 14:00) / 금요일 10:00 ~ 20:00 (점심 13:00 ~ 14:00) / 토요일 10:00 ~ 17:00 (점심 13:00 ~ 14:00) / 일요일 휴진,0508-0353-7994
리프팅,레이저리프팅,인모드리프팅,https://www.yeoshin.co.kr/event/mobile/20563,탄방동 이중턱 개선 인모드 FX 1부위,https://d3gurpvil0se70.cloudfront.net/upfiles/images/product/E9DrIz06JeUGMZTdX6Cut6KRuyF4.png?q=90&f=webp&w=1024,"#리프팅레이저
#얼굴지방개선
#타이트닝",9.9,후기 8,"86,900원",VAT 포함,"인모드
시술시간
30~60분
마취여부
마취없음
회복시간
약 3일
시술효과
약 2주 후",닥터쁘띠의원(대전점),여의사 진료 / 여의사 진료,대전광역시 서구 문정로48번길 70 (탄방동) 우리병원건물 2층 닥터쁘띠의원 대전점,,화요일 10:00 ~ 20:00 (점심 13:00 ~ 14:00) / 수요일 10:00 ~ 20:00 (점심 13:00 ~ 14:00) / 목요일 10:00 ~ 20:00 (점심 13:00 ~ 14:00) / 금요일 10:00 ~ 20:00 (점심 13:00 ~ 14:00) / 토요일 10:00 ~ 16:30 / 일요일 휴진 / *공휴일 : 10:00 ~ 17:00,0508-0353-0924
리프팅,레이저리프팅,인모드리프팅,https://www.yeoshin.co.kr/event/mobile/27590,인모드 Forma,https://d3gurpvil0se70.cloudfront.net/upfiles/images/product/XHjr9axZcZt1aG6jOW7XxNYlzGV6.jpg?q=90&f=webp&w=1024,"#리프팅레이저
#얼굴지방개선
#타이트닝",,,"97,900원",VAT 포함,"인모드 FORMA
시술시간
30~40분
마취여부
크림마취
회복시간
약 3일
시술효과
약 2주 후",리베리의원(마포점),사후관리 / 사후관리,서울특별시 마포구 월드컵로 200 (성산동) SJ라벨라 11층,"크림마취
국소마취",화요일 10:30 ~ 20:30 (점심 14:00 ~ 15:00) / 수요일 10:30 ~ 20:30 (점심 14:00 ~ 15:00) / 목요일 10:30 ~ 20:30 (점심 14:00 ~ 15:00) / 금요일 10:30 ~ 20:30 (점심 14:00 ~ 15:00) / 토요일 10:30 ~ 15:30 / 일요일 휴진,"서울특별시 마포구 월드컵로 200, 11층 1101,1102호(성산동, SJ라벨라 상암)"
리프팅,레이저리프팅,인모드리프팅,https://www.yeoshin.co.kr/event/mobile/18801,인모드fx+forma,https://d3gurpvil0se70.cloudfront.net/upfiles/images/product/mDgtltIDjrScpoWBaybEoEqmYKI7.jpg?q=90&f=webp&w=1024,"#리프팅레이저
#얼굴지방개선
#타이트닝",9.5,후기 12,"165,000원",VAT 포함,"인모드
시술시간
15분
마취여부
마취없음
회복시간
일주일
시술효과
약 2주 후",뷰티앤디지털치과병원,전문의 9명 / 전문의 9명 / 피부진단기 F-RAY 촬영 > / 피부진단기 F-RAY 촬영 > / 피부진단기 F-RAY 촬영 >,"경기도 파주시 경의로1240번길 19 (와동동) 월드타워15차 7층, 8층",,화요일 10:00 ~ 20:00 / 수요일 10:00 ~ 20:00 / 목요일 10:00 ~ 20:00 / 금요일 10:00 ~ 18:00 / 토요일 10:00 ~ 16:00 / 일요일 휴진 / 월~금 점심시간은 2시~3시 입니다,0508-0353-9799
리프팅,레이저리프팅,인모드리프팅,https://www.yeoshin.co.kr/event/mobile/18803,인모드fx 풀페이스,https://d3gurpvil0se70.cloudfront.net/upfiles/images/product/0UYIJhja0CJq2wvcHg82TmdwxKi1.jpg?q=90&f=webp&w=1024,"#리프팅레이저
#얼굴지방개선
#타이트닝",8.7,후기 25,"88,000원",VAT 포함,"인모드 FX
시술시간
10분
마취여부
마취없음
회복시간
1주일
시술효과
점차 증진",뷰티앤디지털치과병원,전문의 9명 / 전문의 9명 / 피부진단기 F-RAY 촬영 > / 피부진단기 F-RAY 촬영 > / 피부진단기 F-RAY 촬영 >,"경기도 파주시 경의로1240번길 19 (와동동) 월드타워15차 7층, 8층",,화요일 10:00 ~ 20:00 / 수요일 10:00 ~ 20:00 / 목요일 10:00 ~ 20:00 / 금요일 10:00 ~ 18:00 / 토요일 10:00 ~ 16:00 / 일요일 휴진 / 월~금 점심시간은 2시~3시 입니다,0508-0353-9799
리프팅,레이저리프팅,인모드리프팅,https://www.yeoshin.co.kr/event/mobile/23080,탄력 & 슬림라인 인모드,https://d3gurpvil0se70.cloudfront.net/upfiles/images/product/yZNOVIvCtUlmiEg6pmCgAxr8GHR9.png?q=90&f=webp&w=1024,"#리프팅레이저
#얼굴지방개선
#타이트닝",9.6,후기 89,"45,000원",VAT 포함,"인모드
시술시간
30~60분
마취여부
마취없음
회복시간
약 3일
시술효과
약 2주 후",뷰티블라썸의원,여의사 진료 / 여의사 진료 / 사후관리 / 사후관리 / 영어 응대 / 영어 응대 / 중국어 응대 / 중국어 응대 / 일본어 응대 / 일본어 응대,"서울특별시 마포구 양화로 66 (서교동) 5층,6층",,화요일 10:00 ~ 20:00 / 수요일 10:00 ~ 20:00 / 목요일 10:00 ~ 20:00 / 금요일 10:00 ~ 20:00 / 토요일 10:00 ~ 16:30 / 일요일 10:00 ~ 16:30 / 대체 공휴일 진료,0508-0353-9342
리프팅,레이저리프팅,인모드리프팅,https://www.yeoshin.co.kr/event/mobile/6746,지방&탄력 인모드 리프팅,https://d3gurpvil0se70.cloudfront.net/upfiles/images/product/SODpAQBJlb8vXXC0r2eWqCYi8dA7.png?q=90&f=webp&w=1024,"#리프팅레이저
#얼굴지방개선
#타이트닝",9.3,후기 15,"75,900원",VAT 포함,"인모드
시술시간
30~60분
마취여부
마취없음
회복시간
3일
시술효과
2주 후",유앤아이의원(일산점),,경기도 고양시 일산동구 중앙로1275번길 38-5 유앤아이의원(일산점),,화요일 10:00 ~ 20:30 (점심 13:00 ~ 14:00) / 수요일 10:00 ~ 20:30 (점심 13:00 ~ 14:00) / 목요일 10:00 ~ 20:30 (점심 13:00 ~ 14:00) / 금요일 10:00 ~ 20:30 (점심 13:00 ~ 14:00) / 토요일 10:00 ~ 16:00 / 일요일 휴진,0508-0354-0852
리프팅,레이저리프팅,인모드리프팅,https://www.yeoshin.co.kr/event/mobile/21982,인천 구월동 이중턱 인모드 1부위,https://d3gurpvil0se70.cloudfront.net/upfiles/images/product/ENJ6jVYlglZnsh4rShiNV8I0uMI7.png?q=90&f=webp&w=1024,"#리프팅레이저
#얼굴지방개선
#타이트닝",9.6,후기 34,"42,900원",VAT 포함,"인모드
시술시간
30~60분
마취여부
크림마취
회복시간
약 3일
시술효과
약 2주 후",닥터쁘띠의원(인천구월점),여의사 진료 / 여의사 진료 / 사후관리 / 사후관리,인천광역시 남동구 예술로 126 (구월동) 3층,"크림마취
비수면 무통마취
국소마취",화요일 10:30 ~ 20:30 / 수요일 10:30 ~ 20:30 / 목요일 10:30 ~ 20:30 / 금요일 10:30 ~ 20:30 / 토요일 10:30 ~ 17:00 / 일요일 10:30 ~ 17:00,0508-0353-0764
리프팅,레이저리프팅,인모드리프팅,https://www.yeoshin.co.kr/event/mobile/2350,이중턱 V라인 인모드 리프팅,https://d3gurpvil0se70.cloudfront.net/upfiles/images/product/GlrhSZ5O82aOkvanJXj4USixOW0A.jpg?q=90&f=webp&w=1024,"#리프팅레이저
#얼굴지방개선
#타이트닝",9,후기 39,"64,900원",VAT 포함,"인모드
시술시간
부위별상이
마취여부
마취없음
회복시간
3일
시술효과
2주 후",온리프성형외과,전문의 1명 / 전문의 1명 / 영어 응대 / 영어 응대 / 중국어 응대 / 중국어 응대 / 일본어 응대 / 일본어 응대 / 피부진단기 F-RAY 촬영 > / 피부진단기 F-RAY 촬영 > / 피부진단기 F-RAY 촬영 >,서울특별시 서초구 강남대로 399 온리프성형외과,,화요일 11:00 ~ 20:00 / 수요일 11:00 ~ 20:00 / 목요일 11:00 ~ 20:00 / 금요일 11:00 ~ 21:00 / 토요일 10:00 ~ 17:00 / 일요일 휴진,0508-0353-1273
리프팅,레이저리프팅,인모드리프팅,https://www.yeoshin.co.kr/event/mobile/11972,롱&핏 인모드 풀페이스 리프팅,https://d3gurpvil0se70.cloudfront.net/upfiles/images/product/I5kKkIqKJHx0IIsJZQvM1tn3RAV6.jpg?q=90&f=webp&w=1024,"#리프팅레이저
#얼굴지방개선
#타이트닝",8.7,후기 62,"55,000원",VAT 포함,"인모드
시술시간
30~60분
마취여부
크림마취
회복시간
3일
시술효과
2주 후",세가지소원의원(압구정),영어 응대 / 영어 응대 / 중국어 응대 / 중국어 응대 / 일본어 응대 / 일본어 응대,서울특별시 강남구 논현로 824 세가지소원의원(압구정),,화요일 10:00 ~ 20:00 / 수요일 10:00 ~ 19:00 / 목요일 10:00 ~ 20:00 / 금요일 10:00 ~ 19:00 / 토요일 10:00 ~ 17:00 / 일요일 휴진,0508-0353-5028
리프팅,레이저리프팅,인모드리프팅,https://www.yeoshin.co.kr/event/mobile/16374,디자인 인모드 리프팅,https://d3gurpvil0se70.cloudfront.net/upfiles/images/product/Z2mbLBP9oKBsdWTN5Ub181Ac50EA.jpg?q=90&f=webp&w=1024,"#리프팅레이저
#얼굴지방개선
#타이트닝",9,후기 2,"59,000원",VAT 포함,"인모드
시술시간
30분 내외
마취여부
크림마취
회복시간
3일
시술효과
2~3주 후",제너리스의원(연신내점),,"서울특별시 은평구 연서로 216 (대조동, 대조동아트캐슬주상복합) 3층 제너리스의원",,화요일 10:30 ~ 20:00 (점심 13:00 ~ 14:00) / 수요일 10:30 ~ 20:00 (점심 13:00 ~ 14:00) / 목요일 10:30 ~ 20:00 (점심 13:00 ~ 14:00) / 금요일 10:30 ~ 20:00 (점심 13:00 ~ 14:00) / 토요일 10:00 ~ 17:00 (점심 13:00 ~ 14:00) / 일요일 휴진,0508-0353-9732
리프팅,레이저리프팅,인모드리프팅,https://www.yeoshin.co.kr/event/mobile/17371,블리비인모드FX FORMA리프팅,https://d3gurpvil0se70.cloudfront.net/upfiles/images/product/jkW6d9VxuEIDVOUYHU3yzzwKgHQ6.jpg?q=90&f=webp&w=1024,"#리프팅레이저
#얼굴지방개선
#타이트닝",8.7,후기 32,"27,500원",VAT 포함,"인모드
시술시간
30~60분
마취여부
마취없음
회복시간
약 3일
시술효과
약 2주 후",블리비의원(명동점),,서울특별시 중구 남대문로 84 (남대문로2가) 하이드파크 6층,,화요일 10:30 ~ 20:30 (점심 14:00 ~ 15:00) / 수요일 10:30 ~ 20:30 (점심 14:00 ~ 15:00) / 목요일 10:30 ~ 20:30 (점심 14:00 ~ 15:00) / 금요일 10:30 ~ 20:30 (점심 14:00 ~ 15:00) / 토요일 10:00 ~ 16:30 / 일요일 휴진,0508-0354-2895
리프팅,레이저리프팅,인모드리프팅,https://www.yeoshin.co.kr/event/mobile/21268,[피부과전문의] 인모드리프팅,https://d3gurpvil0se70.cloudfront.net/upfiles/images/product/YEuNJIPr6C6bAvkVJACNwIWmQp75.jpg?q=90&f=webp&w=1024,"#피부과 전문의
#리프팅레이저
#얼굴지방개선",9.6,후기 77,"31,900원",VAT 포함,"인모드
시술시간
30~40분
마취여부
마취없음
회복시간
약 3일
시술효과
약 2주 후",딜라이트피부과의원,전문의 1명 / 전문의 1명,서울특별시 서초구 강남대로 509 (반포동) B동 4층,"크림마취
수면마취
비수면 무통마취
국소마취",화요일 10:00 ~ 20:00 (점심 13:00 ~ 14:00) / 수요일 10:00 ~ 20:00 (점심 13:00 ~ 14:00) / 목요일 10:00 ~ 20:00 (점심 13:00 ~ 14:00) / 금요일 10:00 ~ 20:00 (점심 13:00 ~ 14:00) / 토요일 10:00 ~ 16:00 / 일요일 휴진,0508-0353-4393
리프팅,레이저리프팅,인모드리프팅,https://www.yeoshin.co.kr/event/mobile/18802,인모드 fx 1부위(이중턱부위),https://d3gurpvil0se70.cloudfront.net/upfiles/images/product/22JFBH7Rg4RaWog2uE2ud0H3Op8.jpg?q=90&f=webp&w=1024,"#리프팅레이저
#얼굴지방개선
#타이트닝",9,후기 98,"20,000원",VAT 포함,"인모드 FX
시술시간
4분
마취여부
마취없음
회복시간
1주일
시술효과
점차 증진",뷰티앤디지털치과병원,전문의 9명 / 전문의 9명 / 피부진단기 F-RAY 촬영 > / 피부진단기 F-RAY 촬영 > / 피부진단기 F-RAY 촬영 >,"경기도 파주시 경의로1240번길 19 (와동동) 월드타워15차 7층, 8층",,화요일 10:00 ~ 20:00 / 수요일 10:00 ~ 20:00 / 목요일 10:00 ~ 20:00 / 금요일 10:00 ~ 18:00 / 토요일 10:00 ~ 16:00 / 일요일 휴진 / 월~금 점심시간은 2시~3시 입니다,0508-0353-9799
리프팅,레이저리프팅,인모드리프팅,https://www.yeoshin.co.kr/event/mobile/6823,탄력개선! 인모드FORMA 풀페이스,https://d3gurpvil0se70.cloudfront.net/upfiles/images/product/wPRFDvHrB14ITpdhp479VoNFXhZ8.jpg?q=90&f=webp&w=1024,"#리프팅레이저
#얼굴지방개선
#타이트닝",9.6,후기 76,"110,000원",VAT 포함,"인모드
시술시간
30분
마취여부
크림마취
회복시간
1일
시술효과
2주 후",한나이브성형외과의원,전문의 10명 / 전문의 10명 / 여의사 진료 / 여의사 진료 / 수술실 CCTV / 수술실 CCTV / 응급처치 시스템 / 응급처치 시스템 / 분야별 협진 / 분야별 협진 / 기본 입원실 / 기본 입원실 / 환자전용숙소 / 환자전용숙소 / 전담회복실 / 전담회복실 / 사후관리 / 사후관리 / 영어 응대 / 영어 응대 / 일본어 응대 / 일본어 응대,경기도 안양시 만안구 안양로 330-1 (안양동) (안양동) 다니엘빌딩 B1~7F,,화요일 10:00 ~ 21:00 / 수요일 10:00 ~ 19:00 / 목요일 10:00 ~ 19:00 / 금요일 10:00 ~ 21:00 / 토요일 10:00 ~ 17:00 / 일요일 휴진,0508-0354-0082
리프팅,레이저리프팅,인모드리프팅,https://www.yeoshin.co.kr/event/mobile/18804,인모드 forma 풀페이스,https://d3gurpvil0se70.cloudfront.net/upfiles/images/product/zRr4fnmcVNLw8JAIV6gOYOeyHEx9.jpg?q=90&f=webp&w=1024,"#리프팅레이저
#얼굴지방개선
#타이트닝",9.6,후기 8,"99,000원",VAT 포함,"인모드 FORMA
시술시간
10분
마취여부
마취없음
회복시간
당일
시술효과
점차 증진",뷰티앤디지털치과병원,전문의 9명 / 전문의 9명 / 피부진단기 F-RAY 촬영 > / 피부진단기 F-RAY 촬영 > / 피부진단기 F-RAY 촬영 >,"경기도 파주시 경의로1240번길 19 (와동동) 월드타워15차 7층, 8층",,화요일 10:00 ~ 20:00 / 수요일 10:00 ~ 20:00 / 목요일 10:00 ~ 20:00 / 금요일 10:00 ~ 18:00 / 토요일 10:00 ~ 16:00 / 일요일 휴진 / 월~금 점심시간은 2시~3시 입니다,0508-0353-9799
리프팅,레이저리프팅,인모드리프팅,https://www.yeoshin.co.kr/event/mobile/17981,브이라인 인모드FX+ON리프팅주사,https://d3gurpvil0se70.cloudfront.net/upfiles/images/product/KPFqypQLMSwDO3fQ42LRMGmKYzF.jpg?q=90&f=webp&w=1024,"#리프팅레이저
#얼굴지방개선
#타이트닝",9.1,후기 8,"108,900원",VAT 포함,"인모드
시술시간
~20분
마취여부
크림마취
회복시간
약 3일
시술효과
약 2주 후",온리프성형외과,전문의 1명 / 전문의 1명 / 영어 응대 / 영어 응대 / 중국어 응대 / 중국어 응대 / 일본어 응대 / 일본어 응대 / 피부진단기 F-RAY 촬영 > / 피부진단기 F-RAY 촬영 > / 피부진단기 F-RAY 촬영 >,서울특별시 서초구 강남대로 399 온리프성형외과,,화요일 11:00 ~ 20:00 / 수요일 11:00 ~ 20:00 / 목요일 11:00 ~ 20:00 / 금요일 11:00 ~ 21:00 / 토요일 10:00 ~ 17:00 / 일요일 휴진,0508-0353-1273
리프팅,레이저리프팅,인모드리프팅,https://www.yeoshin.co.kr/event/mobile/1263,얼굴 전체 인모드 PRO 롱타임,https://d3gurpvil0se70.cloudfront.net/upfiles/images/product/4VlNRkUJW0WPxEOyizrXvvx7pb01.jpg?q=90&f=webp&w=1024,"#리프팅레이저
#얼굴지방개선
#타이트닝",10,후기 4,"330,000원",VAT 포함,"인모드
시술시간
30~60분
마취여부
크림마취
회복시간
약 3일
시술효과
약 2주 후",온리프성형외과,전문의 1명 / 전문의 1명 / 영어 응대 / 영어 응대 / 중국어 응대 / 중국어 응대 / 일본어 응대 / 일본어 응대 / 피부진단기 F-RAY 촬영 > / 피부진단기 F-RAY 촬영 > / 피부진단기 F-RAY 촬영 >,서울특별시 서초구 강남대로 399 온리프성형외과,,화요일 11:00 ~ 20:00 / 수요일 11:00 ~ 20:00 / 목요일 11:00 ~ 20:00 / 금요일 11:00 ~ 21:00 / 토요일 10:00 ~ 17:00 / 일요일 휴진,0508-0353-1273
리프팅,레이저리프팅,인모드리프팅,https://www.yeoshin.co.kr/event/mobile/16988,인모드리프팅,https://d3gurpvil0se70.cloudfront.net/upfiles/images/product/uYhLVJPxhs5dvObSYpyf8wgH6iz2.jpg?q=90&f=webp&w=1024,"#리프팅레이저
#얼굴지방개선
#타이트닝",9.3,후기 34,"42,900원",VAT 포함,"인모드
시술시간
30~60분
마취여부
냉각마취
회복시간
3일
시술효과
2주 후",롤리팝성형외과의원,전문의 6명 / 전문의 6명 / 여의사 진료 / 여의사 진료 / 수술실 CCTV / 수술실 CCTV / 영어 응대 / 영어 응대 / 일본어 응대 / 일본어 응대 / 피부진단기 F-RAY 촬영 > / 피부진단기 F-RAY 촬영 > / 피부진단기 F-RAY 촬영 >,서울특별시 강남구 도산대로 119 (신사동) 2층,"크림마취
수면마취
국소마취",화요일 10:00 ~ 19:00 / 수요일 10:00 ~ 19:00 / 목요일 10:00 ~ 19:00 / 금요일 10:00 ~ 19:00 / 토요일 10:00 ~ 19:00 / 일요일 13:00 ~ 19:00,0508-0353-5502
리프팅,레이저리프팅,인모드리프팅,https://www.yeoshin.co.kr/event/mobile/18049,"온리프 이중턱 착붙패키지, 인모드 실리프팅",https://d3gurpvil0se70.cloudfront.net/upfiles/images/product/GEBxeM8xuqLpJDVVaaTvb0NY4fg3.jpg?q=90&f=webp&w=1024,"#실리프팅
#탄력관리",9,후기 2,"330,000원",VAT 포함,"민트실
시술시간
20-30분
마취여부
국소마취
회복시간
약 7일
시술효과
2~3주 후",온리프성형외과,전문의 1명 / 전문의 1명 / 영어 응대 / 영어 응대 / 중국어 응대 / 중국어 응대 / 일본어 응대 / 일본어 응대 / 피부진단기 F-RAY 촬영 > / 피부진단기 F-RAY 촬영 > / 피부진단기 F-RAY 촬영 >,서울특별시 서초구 강남대로 399 온리프성형외과,,화요일 11:00 ~ 20:00 / 수요일 11:00 ~ 20:00 / 목요일 11:00 ~ 20:00 / 금요일 11:00 ~ 21:00 / 토요일 10:00 ~ 17:00 / 일요일 휴진,0508-0353-1273
리프팅,레이저리프팅,인모드리프팅,https://www.yeoshin.co.kr/event/mobile/718,"꿈꾸던 윤곽,인모드 리프팅",https://d3gurpvil0se70.cloudfront.net/upfiles/images/product/kOBj2Sg7JEGzocPueZATooUoNU83.jpg?q=90&f=webp&w=1024,"#리프팅레이저
#얼굴지방개선
#타이트닝",9.6,후기 49,"55,000원",VAT 포함,"인모드
시술시간
30~60분
마취여부
크림마취
회복시간
3일
시술효과
2주 후",제이필의원(강남점),영어 응대 / 영어 응대 / 중국어 응대 / 중국어 응대 / 일본어 응대 / 일본어 응대,서울특별시 강남구 강남대로 438 (역삼동) 스타플렉스 B1,,화요일 10:00 ~ 20:00 / 수요일 10:00 ~ 20:00 / 목요일 10:00 ~ 20:00 / 금요일 10:00 ~ 20:00 / 토요일 10:00 ~ 17:00 / 일요일 휴진,0508-0353-4730
리프팅,레이저리프팅,인모드리프팅,https://www.yeoshin.co.kr/event/mobile/25221,이중턱 인모드Fx + 윤곽주사,https://d3gurpvil0se70.cloudfront.net/upfiles/images/product/S41bKPqiyKkFdd5EBst5LNrXo1G.jpg?q=90&f=webp&w=1024,"#리프팅레이저
#얼굴지방개선
#타이트닝",,,"99,000원",VAT 포함,"인모드 FX
시술시간
5~20분
마취여부
크림마취
회복시간
약 3일
시술효과
약 2주 후",더올림성형외과의원,전문의 1명 / 전문의 1명 / 여의사 진료 / 여의사 진료 / 사후관리 / 사후관리,대구광역시 중구 달구벌대로 2095 (덕산동) 삼성생명 3층 더올림성형외과의원,"크림마취
수면마취",화요일 10:00 ~ 19:00 / 수요일 10:00 ~ 19:00 / 목요일 10:00 ~ 19:00 / 금요일 10:00 ~ 19:00 / 토요일 10:00 ~ 16:00 / 일요일 휴진,050803531308
리프팅,레이저리프팅,인모드리프팅,https://www.yeoshin.co.kr/event/mobile/5290,유앤아이 인모드 리프팅,https://d3gurpvil0se70.cloudfront.net/upfiles/images/product/nqbjVWEezxuDyOWivAGu8PLXfao5.jpg?q=90&f=webp&w=1024,"#리프팅레이저
#얼굴지방개선
#타이트닝",8.9,후기 34,"38,500원",VAT 포함,"인모드
시술시간
30~60분
마취여부
크림마취
회복시간
3일
시술효과
2주 후",유앤아이의원(수원점),전문의 1명 / 전문의 1명 / 영어 응대 / 영어 응대 / 중국어 응대 / 중국어 응대,경기도 수원시 팔달구 효원로 265번길 54 유앤아이의원(수원점),,화요일 10:00 ~ 20:30 / 수요일 10:00 ~ 20:30 / 목요일 10:00 ~ 20:30 / 금요일 10:00 ~ 20:30 / 토요일 휴진 / 일요일 휴진,0508-0354-0319
리프팅,레이저리프팅,인모드리프팅,https://www.yeoshin.co.kr/event/mobile/25222,인모드 Fx 풀페이스,https://d3gurpvil0se70.cloudfront.net/upfiles/images/product/4qMvdaKGeoJgOiEubuDVl9qDfAx9.jpg?q=90&f=webp&w=1024,"#리프팅레이저
#얼굴지방개선
#타이트닝",,,"196,900원",VAT 포함,"인모드 FX
시술시간
5~20분
마취여부
크림마취
회복시간
약 3일
시술효과
약 2주 후",더올림성형외과의원,전문의 1명 / 전문의 1명 / 여의사 진료 / 여의사 진료 / 사후관리 / 사후관리,대구광역시 중구 달구벌대로 2095 (덕산동) 삼성생명 3층 더올림성형외과의원,"크림마취
수면마취",화요일 10:00 ~ 19:00 / 수요일 10:00 ~ 19:00 / 목요일 10:00 ~ 19:00 / 금요일 10:00 ~ 19:00 / 토요일 10:00 ~ 16:00 / 일요일 휴진,050803531308
리프팅,레이저리프팅,인모드리프팅,https://www.yeoshin.co.kr/event/mobile/17288,블리비 인모드 리프팅,https://d3gurpvil0se70.cloudfront.net/upfiles/images/product/Rl5IhmeQqrxLaLb4tiUliJyrPv0A.jpg?q=90&f=webp&w=1024,"#리프팅레이저
#얼굴지방개선
#타이트닝",8.4,후기 10,"31,900원",VAT 포함,"인모드
시술시간
30~60분
마취여부
마취없음
회복시간
약 3일
시술효과
약 2주 후",블리비의원(발산점),,"서울특별시 강서구 강서로 395 (마곡동) 3층(마곡동, 플레이스H)",,화요일 10:30 ~ 20:30 (점심 14:00 ~ 15:00) / 수요일 10:30 ~ 20:30 (점심 14:00 ~ 15:00) / 목요일 10:30 ~ 20:30 (점심 14:00 ~ 15:00) / 금요일 10:30 ~ 20:30 (점심 14:00 ~ 15:00) / 토요일 10:00 ~ 16:30 / 일요일 휴진 / 토요일 점심시간 없이 진료 일요일 / 공휴일 휴무,0508-0354-2882
리프팅,레이저리프팅,인모드리프팅,https://www.yeoshin.co.kr/event/mobile/13029,신사역 세상 인모드 리프팅!,https://d3gurpvil0se70.cloudfront.net/upfiles/images/product/ocRRSDfADbbdiKXHhTg3QJhIunD9.png?q=90&f=webp&w=1024,"#리프팅레이저
#얼굴지방개선
#타이트닝",9.6,후기 198,"27,500원",VAT 포함,"인모드
시술시간
30~60분
마취여부
크림마취
회복시간
3일
시술효과
2주 후",신사에그의원,여의사 진료 / 여의사 진료 / 영어 응대 / 영어 응대 / 중국어 응대 / 중국어 응대 / 일본어 응대 / 일본어 응대,서울특별시 서초구 강남대로 613 (잠원동) 성락빌딩 5~7층,"크림마취
수면마취
국소마취",화요일 11:00 ~ 20:30 (점심 14:00 ~ 15:00) / 수요일 11:00 ~ 20:30 (점심 14:00 ~ 15:00) / 목요일 11:00 ~ 20:30 (점심 14:00 ~ 15:00) / 금요일 11:00 ~ 20:30 (점심 14:00 ~ 15:00) / 토요일 11:00 ~ 17:00 / 일요일 11:00 ~ 17:00,0508-0353-5368
리프팅,레이저리프팅,인모드리프팅,https://www.yeoshin.co.kr/event/mobile/12140,인모드 FX 풀페이스,https://d3gurpvil0se70.cloudfront.net/upfiles/images/product/1564392474.jpg?q=90&f=webp&w=1024,"#리프팅레이저
#얼굴지방개선
#타이트닝",9.4,후기 61,"97,900원",VAT 포함,"인모드
시술시간
15분
마취여부
냉각마취
회복시간
3일
시술효과
2주 후",VS라인의원(인천구월점),피부진단기 F-RAY 촬영 > / 피부진단기 F-RAY 촬영 > / 피부진단기 F-RAY 촬영 >,인천광역시 남동구 인하로489번길 10 VS라인의원(인천구월점),,화요일 10:00 ~ 20:00 / 수요일 10:00 ~ 20:00 / 목요일 10:00 ~ 20:00 / 금요일 10:00 ~ 20:00 / 토요일 10:00 ~ 17:00 / 일요일 휴진,0508-0354-1766
리프팅,레이저리프팅,인모드리프팅,https://www.yeoshin.co.kr/event/mobile/7644,울쎄라 100샷&인모드FX 풀페이스,https://d3gurpvil0se70.cloudfront.net/upfiles/images/product/7ZimrAziUWWLYVIzppl9rhvW0mL2.jpg?q=90&f=webp&w=1024,"#리프팅레이저
#타이트닝",,,"297,000원",VAT 포함,"리프팅레이저
시술시간
40~60분
마취여부
크림마취
회복시간
1주
시술효과
1~2달 후",VS라인의원(인천구월점),피부진단기 F-RAY 촬영 > / 피부진단기 F-RAY 촬영 > / 피부진단기 F-RAY 촬영 >,인천광역시 남동구 인하로489번길 10 VS라인의원(인천구월점),,화요일 10:00 ~ 20:00 / 수요일 10:00 ~ 20:00 / 목요일 10:00 ~ 20:00 / 금요일 10:00 ~ 20:00 / 토요일 10:00 ~ 17:00 / 일요일 휴진,0508-0354-1766
리프팅,레이저리프팅,인모드리프팅,https://www.yeoshin.co.kr/event/mobile/6344,이중턱 박살 인모드+윤곽주사,https://d3gurpvil0se70.cloudfront.net/upfiles/images/product/4aATREqQVISFCALhIIq2GwGtlnA7.jpg?q=90&f=webp&w=1024,"#리프팅레이저
#얼굴지방개선
#타이트닝",9.4,후기 38,"129,000원",VAT 포함,"인모드
시술시간
15분
마취여부
냉각마취
회복시간
3일
시술효과
2주 후",VS라인의원(인천구월점),피부진단기 F-RAY 촬영 > / 피부진단기 F-RAY 촬영 > / 피부진단기 F-RAY 촬영 >,인천광역시 남동구 인하로489번길 10 VS라인의원(인천구월점),,화요일 10:00 ~ 20:00 / 수요일 10:00 ~ 20:00 / 목요일 10:00 ~ 20:00 / 금요일 10:00 ~ 20:00 / 토요일 10:00 ~ 17:00 / 일요일 휴진,0508-0354-1766
리프팅,레이저리프팅,인모드리프팅,https://www.yeoshin.co.kr/event/mobile/3664,바디 인모드(바디전용 핸드피스),https://d3gurpvil0se70.cloudfront.net/upfiles/images/product/991684528.png?q=90&f=webp&w=1024,"#바디리프팅
#바디지방개선
#리프팅레이저",9.4,후기 5,"132,000원",VAT 포함,"바디인모드
시술시간
10~20분
마취여부
냉각마취
회복시간
3일
시술효과
2주 후",VS라인의원(인천구월점),피부진단기 F-RAY 촬영 > / 피부진단기 F-RAY 촬영 > / 피부진단기 F-RAY 촬영 >,인천광역시 남동구 인하로489번길 10 VS라인의원(인천구월점),,화요일 10:00 ~ 20:00 / 수요일 10:00 ~ 20:00 / 목요일 10:00 ~ 20:00 / 금요일 10:00 ~ 20:00 / 토요일 10:00 ~ 17:00 / 일요일 휴진,0508-0354-1766
리프팅,레이저리프팅,인모드리프팅,https://www.yeoshin.co.kr/event/mobile/26638,"꿈꾸던 윤곽,인모드 리프팅",https://d3gurpvil0se70.cloudfront.net/upfiles/images/product/HbQDibbrn3VwP44RNzokYZjSIR65.jpg?q=90&f=webp&w=1024,"#리프팅레이저
#얼굴지방개선
#타이트닝",9,후기 1,"55,000원",VAT 포함,"인모드
시술시간
30~60분
마취여부
크림마취
회복시간
3일
시술효과
2주 후",제이필의원(홍대점),전문의 1명 / 전문의 1명 / 여의사 진료 / 여의사 진료 / 수술실 CCTV / 수술실 CCTV / 분야별 협진 / 분야별 협진 / 사후관리 / 사후관리,서울특별시 마포구 양화로 166 (동교동) 제이필의원,"크림마취
수면마취
비수면 무통마취",화요일 10:00 ~ 20:00 / 수요일 10:00 ~ 20:00 / 목요일 10:00 ~ 20:00 / 금요일 10:00 ~ 20:00 / 토요일 10:00 ~ 17:00 / 일요일 휴진,050803543270
리프팅,레이저리프팅,인모드리프팅,https://www.yeoshin.co.kr/event/mobile/21213,#시간보장 인모드 리프팅,https://d3gurpvil0se70.cloudfront.net/upfiles/images/product/R8bIrH8IgT6k0qfmXDEamxXVT723.jpg?q=90&f=webp&w=1024,"#리프팅레이저
#얼굴지방개선
#타이트닝",,,"165,000원",VAT 포함,"인모드
시술시간
30~60분
마취여부
마취없음
회복시간
약 3일
시술효과
약 2주 후",가산시그니처정형외과의원,전문의 1명 / 전문의 1명 / 분야별 협진 / 분야별 협진 / 전담회복실 / 전담회복실,서울특별시 금천구 가산디지털2로 144 (가산동) 현대테라타워 가산DK 2층 가산시그니처정형외과의원,"크림마취
수면마취
비수면 무통마취
국소마취",화요일 09:00 ~ 20:00 (점심 14:00 ~ 15:00) / 수요일 09:00 ~ 20:00 (점심 14:00 ~ 15:00) / 목요일 09:00 ~ 20:00 (점심 14:00 ~ 15:00) / 금요일 09:00 ~ 20:00 (점심 14:00 ~ 15:00) / 토요일 09:00 ~ 14:00 / 일요일 휴진,0508-0353-8080
리프팅,레이저리프팅,인모드리프팅,https://www.yeoshin.co.kr/event/mobile/27334,V라인 인모드 리프팅,https://d3gurpvil0se70.cloudfront.net/upfiles/images/product/Ib7q5MfPtpPtBr5M9tyEqiRCTZw7.jpg?q=90&f=webp&w=1024,"#리프팅레이저
#얼굴지방개선
#타이트닝",10,후기 1,"27,500원",VAT 포함,"인모드
시술시간
30~60분
마취여부
크림마취
회복시간
약 3일
시술효과
약 2주 후",유앤아이의원(창동점),,서울특별시 도봉구 마들로11길 51 (창동) 4층,크림마취,화요일 10:00 ~ 20:30 / 수요일 10:00 ~ 20:30 / 목요일 10:00 ~ 20:30 / 금요일 10:00 ~ 20:30 / 토요일 10:00 ~ 16:00 / 일요일 10:00 ~ 16:00,050803543360
리프팅,레이저리프팅,인모드리프팅,https://www.yeoshin.co.kr/event/mobile/26669,착붙 인모드_인모드&윤곽주사,https://d3gurpvil0se70.cloudfront.net/upfiles/images/product/tzBa4viPWBu0wIXqzKPDciYJtz15.jpg?q=90&f=webp&w=1024,"#리프팅레이저
#얼굴지방개선
#타이트닝",,,"77,000원",VAT 포함,"인모드
시술시간
30분
마취여부
마취없음
회복시간
3일
시술효과
2주 후",제이필의원(홍대점),전문의 1명 / 전문의 1명 / 여의사 진료 / 여의사 진료 / 수술실 CCTV / 수술실 CCTV / 분야별 협진 / 분야별 협진 / 사후관리 / 사후관리,서울특별시 마포구 양화로 166 (동교동) 제이필의원,"크림마취
수면마취
비수면 무통마취",화요일 10:00 ~ 20:00 / 수요일 10:00 ~ 20:00 / 목요일 10:00 ~ 20:00 / 금요일 10:00 ~ 20:00 / 토요일 10:00 ~ 17:00 / 일요일 휴진,050803543270
리프팅,레이저리프팅,인모드리프팅,https://www.yeoshin.co.kr/event/mobile/18357,브리에 디자인 인모드,https://d3gurpvil0se70.cloudfront.net/upfiles/images/product/QEeghijmWDwjRog9fvx6i3c1Jtk5.jpg?q=90&f=webp&w=1024,"#리프팅레이저
#얼굴지방개선
#타이트닝",9.6,후기 25,"132,000원",VAT 포함,"인모드 FX
시술시간
5~20분
마취여부
크림마취
회복시간
약 3일
시술효과
약 2주 후",브리에의원,전문의 1명 / 전문의 1명 / 영어 응대 / 영어 응대 / 중국어 응대 / 중국어 응대 / 일본어 응대 / 일본어 응대,서울특별시 강남구 선릉로 806 (청담동) 킹콩빌딩 601호,"크림마취
국소마취","화요일 10:00 ~ 20:00 (점심 13:00 ~ 14:00) / 수요일 휴진 / 목요일 10:00 ~ 20:00 (점심 13:00 ~ 14:00) / 금요일 10:00 ~ 20:00 (점심 13:00 ~ 14:00) / 토요일 10:00 ~ 15:30 / 일요일 휴진 / 수요일, 일요일 휴진 / 공휴일 일부 휴진",0508-0353-1587
리프팅,레이저리프팅,인모드리프팅,https://www.yeoshin.co.kr/event/mobile/8081,착붙 인모드_인모드&윤곽주사,https://d3gurpvil0se70.cloudfront.net/upfiles/images/product/vvwHwhrnNlo5cMwpWOAXpn6SJ9i.jpg?q=90&f=webp&w=1024,"#리프팅레이저
#얼굴지방개선
#타이트닝",8.5,후기 23,"77,000원",VAT 포함,"인모드
시술시간
30분
마취여부
마취없음
회복시간
3일
시술효과
2주 후",제이필의원(강남점),영어 응대 / 영어 응대 / 중국어 응대 / 중국어 응대 / 일본어 응대 / 일본어 응대,서울특별시 강남구 강남대로 438 (역삼동) 스타플렉스 B1,,화요일 10:00 ~ 20:00 / 수요일 10:00 ~ 20:00 / 목요일 10:00 ~ 20:00 / 금요일 10:00 ~ 20:00 / 토요일 10:00 ~ 17:00 / 일요일 휴진,0508-0353-4730
리프팅,레이저리프팅,인모드리프팅,https://www.yeoshin.co.kr/event/mobile/27591,1:1 대표원장 시술 인모드 FX 풀페이스,https://d3gurpvil0se70.cloudfront.net/upfiles/images/product/H6o5QbuPdd7UGbpKIEYbYeRnFvI2.jpg?q=90&f=webp&w=1024,"#리프팅레이저
#얼굴지방개선
#타이트닝",,,"119,900원",VAT 포함,"인모드 FX
시술시간
5~20분
마취여부
크림마취
회복시간
약 3일
시술효과
약 2주 후",리베리의원(마포점),사후관리 / 사후관리,서울특별시 마포구 월드컵로 200 (성산동) SJ라벨라 11층,"크림마취
국소마취",화요일 10:30 ~ 20:30 (점심 14:00 ~ 15:00) / 수요일 10:30 ~ 20:30 (점심 14:00 ~ 15:00) / 목요일 10:30 ~ 20:30 (점심 14:00 ~ 15:00) / 금요일 10:30 ~ 20:30 (점심 14:00 ~ 15:00) / 토요일 10:30 ~ 15:30 / 일요일 휴진,"서울특별시 마포구 월드컵로 200, 11층 1101,1102호(성산동, SJ라벨라 상암)"
리프팅,레이저리프팅,인모드리프팅,https://www.yeoshin.co.kr/event/mobile/17505,튠라이너 인모드로 지방파괴 V핏,https://d3gurpvil0se70.cloudfront.net/upfiles/images/product/Z3nWhfjZGTqgbUAhfJ0mP7Yy2Sr7.jpg?q=90&f=webp&w=1024,"#리프팅레이저
#얼굴지방개선
#타이트닝",9.1,후기 7,"165,000원",VAT 포함,"인모드
시술시간
30~60분
마취여부
크림마취
회복시간
약 3일
시술효과
약 2주 후",제이필의원(강남점),영어 응대 / 영어 응대 / 중국어 응대 / 중국어 응대 / 일본어 응대 / 일본어 응대,서울특별시 강남구 강남대로 438 (역삼동) 스타플렉스 B1,,화요일 10:00 ~ 20:00 / 수요일 10:00 ~ 20:00 / 목요일 10:00 ~ 20:00 / 금요일 10:00 ~ 20:00 / 토요일 10:00 ~ 17:00 / 일요일 휴진,0508-0353-4730
리프팅,레이저리프팅,인모드리프팅,https://www.yeoshin.co.kr/event/mobile/25845,[대표원장]인모드는 길게 롱모드 풀페이스,https://d3gurpvil0se70.cloudfront.net/upfiles/images/product/GcUFYgMYJCfI2kSmYVHdfL2WWwN6.png?q=90&f=webp&w=1024,"#리프팅레이저
#얼굴지방개선
#타이트닝",10,후기 1,,,"인모드
시술시간
30~60분
마취여부
크림마취
회복시간
약 3일
시술효과
약 2주 후",베르미의원/한의원,수술실 CCTV / 수술실 CCTV / 분야별 협진 / 분야별 협진 / 일본어 응대 / 일본어 응대,서울특별시 강남구 영동대로 722 (청담동) 풍양빌딩 2층 (청담동),,화요일 10:00 ~ 19:00 (점심 13:00 ~ 14:00) / 수요일 10:00 ~ 19:00 (점심 13:00 ~ 14:00) / 목요일 10:00 ~ 19:00 (점심 13:00 ~ 14:00) / 금요일 10:00 ~ 20:00 (점심 13:00 ~ 14:00) / 토요일 10:00 ~ 16:00 / 일요일 휴진,0508-0353-7622
리프팅,레이저리프팅,인모드리프팅,https://www.yeoshin.co.kr/event/mobile/26708,튠라이너 인모드로 지방파괴 V핏,https://d3gurpvil0se70.cloudfront.net/upfiles/images/product/AM4T2RqsrqSEgCs6iCg2kRcXSSr2.jpg?q=90&f=webp&w=1024,"#리프팅레이저
#얼굴지방개선
#타이트닝",,,"165,000원",VAT 포함,"인모드
시술시간
30~60분
마취여부
크림마취
회복시간
약 3일
시술효과
약 2주 후",제이필의원(홍대점),전문의 1명 / 전문의 1명 / 여의사 진료 / 여의사 진료 / 수술실 CCTV / 수술실 CCTV / 분야별 협진 / 분야별 협진 / 사후관리 / 사후관리,서울특별시 마포구 양화로 166 (동교동) 제이필의원,"크림마취
수면마취
비수면 무통마취",화요일 10:00 ~ 20:00 / 수요일 10:00 ~ 20:00 / 목요일 10:00 ~ 20:00 / 금요일 10:00 ~ 20:00 / 토요일 10:00 ~ 17:00 / 일요일 휴진,050803543270
리프팅,레이저리프팅,인모드리프팅,https://www.yeoshin.co.kr/event/mobile/25268,더프라이드 인모드,https://d3gurpvil0se70.cloudfront.net/upfiles/images/product/qLprTS9E3k6KAp7fPjr5UfO0YSW6.jpg?q=90&f=webp&w=1024,"#리프팅레이저
#얼굴지방개선
#타이트닝",,,"55,000원",VAT 포함,"인모드
시술시간
30~60분
마취여부
크림마취
회복시간
약 3일
시술효과
약 2주 후",더프라이드성형외과의원,전문의 4명 / 전문의 4명,서울특별시 강남구 논현로 842 (신사동) 압구정빌딩 4층,"수면마취
전신마취
국소마취",화요일 10:00 ~ 19:00 / 수요일 10:00 ~ 19:00 / 목요일 10:00 ~ 19:00 / 금요일 10:00 ~ 19:00 / 토요일 10:00 ~ 17:00 / 일요일 휴진,050803530154
리프팅,레이저리프팅,인모드리프팅,https://www.yeoshin.co.kr/event/mobile/26695,바디 인모드로 지방 제거하기,https://d3gurpvil0se70.cloudfront.net/upfiles/images/product/sw9mwtsUSsee5l7iFnT1TZv89W15.jpg?q=90&f=webp&w=1024,"#바디리프팅
#바디지방개선
#리프팅레이저",,,"88,000원",VAT 포함,"바디인모드
시술시간
30분
마취여부
마취없음
회복시간
3일
시술효과
2주 후",제이필의원(홍대점),전문의 1명 / 전문의 1명 / 여의사 진료 / 여의사 진료 / 수술실 CCTV / 수술실 CCTV / 분야별 협진 / 분야별 협진 / 사후관리 / 사후관리,서울특별시 마포구 양화로 166 (동교동) 제이필의원,"크림마취
수면마취
비수면 무통마취",화요일 10:00 ~ 20:00 / 수요일 10:00 ~ 20:00 / 목요일 10:00 ~ 20:00 / 금요일 10:00 ~ 20:00 / 토요일 10:00 ~ 17:00 / 일요일 휴진,050803543270
리프팅,레이저리프팅,인모드리프팅,https://www.yeoshin.co.kr/event/mobile/27029,이중턱 개선 에디션 인모드,https://d3gurpvil0se70.cloudfront.net/upfiles/images/product/gLGbN86QWKNp3GekKFisqthqNwN9.jpg?q=90&f=webp&w=1024,"#리프팅레이저
#얼굴지방개선
#타이트닝",9,후기 2,"75,900원",VAT 포함,"인모드
시술시간
별도문의
마취여부
크림마취
회복시간
약 3일
시술효과
약 2주 후",에디션성형외과,전문의 1명 / 전문의 1명,서울특별시 서초구 강남대로 407 (서초동) OPUS 407 빌딩 6층,,화요일 10:00 ~ 19:00 / 수요일 10:00 ~ 19:00 / 목요일 10:00 ~ 19:00 / 금요일 10:00 ~ 19:00 / 토요일 10:00 ~ 17:00 / 일요일 휴진,0508-0353-9700
리프팅,레이저리프팅,인모드리프팅,https://www.yeoshin.co.kr/event/mobile/19818,플래티넘 인모드 리프팅,https://d3gurpvil0se70.cloudfront.net/upfiles/images/product/3BKOUnYzPaSgCldxWJoWqZYHkti3.jpg?q=90&f=webp&w=1024,"#리프팅레이저
#얼굴지방개선
#타이트닝",9.3,후기 146,"40,000원",VAT 포함,"인모드
시술시간
5~15분
마취여부
마취없음
회복시간
약 3일
시술효과
약 2주 후",플래티넘의원,,"서울특별시 서초구 강남대로 589 (잠원동) 5층 (잠원동, 멀버리힐스 메디컬타워)","크림마취
비수면 무통마취","화요일 10:00 ~ 19:00 (점심 13:00 ~ 14:00) / 수요일 10:00 ~ 19:00 (점심 13:00 ~ 14:00) / 목요일 10:00 ~ 19:00 (점심 13:00 ~ 14:00) / 금요일 10:00 ~ 19:00 (점심 13:00 ~ 14:00) / 토요일 10:00 ~ 16:00 (점심 13:00 ~ 14:00) / 일요일 휴진 / 매주 수요일, 일요일 휴진입니다.",0508-0353-4211
리프팅,레이저리프팅,인모드리프팅,https://www.yeoshin.co.kr/event/mobile/1519,다이아 인모드 리프팅!,https://d3gurpvil0se70.cloudfront.net/upfiles/images/product/RctCOxRVSh9TxeJuZMqb7ZM1onZ8.jpg?q=90&f=webp&w=1024,"#리프팅레이저
#얼굴지방개선
#타이트닝",9.5,후기 42,"64,900원",VAT 포함,"인모드
시술시간
20분
마취여부
크림마취
회복시간
3일
시술효과
2주 후",다이아의원,영어 응대 / 영어 응대 / 중국어 응대 / 중국어 응대 / 일본어 응대 / 일본어 응대,서울시 서초구 강남대로 411 다이아의원,"크림마취
국소마취",화요일 10:00 ~ 20:00 / 수요일 10:00 ~ 20:00 / 목요일 10:00 ~ 20:00 / 금요일 10:00 ~ 20:00 / 토요일 10:00 ~ 16:00 / 일요일 휴진,0508-0353-7788
리프팅,레이저리프팅,인모드리프팅,https://www.yeoshin.co.kr/event/mobile/10300,풀페이스 인모드 FX+FR,https://d3gurpvil0se70.cloudfront.net/upfiles/images/product/zES7uIQy8OUvUcDwdEwsYMSOj6n.jpg?q=90&f=webp&w=1024,"#리프팅레이저
#얼굴지방개선
#타이트닝",9.6,후기 43,"319,000원",VAT 포함,"인모드
시술시간
30분
마취여부
냉각마취
회복시간
3일
시술효과
2주 후",우아성형외과의원,전문의 7명 / 전문의 7명 / 여의사 진료 / 여의사 진료 / 마취과의 진료 / 마취과의 진료 / 수술실 CCTV / 수술실 CCTV / 응급처치 시스템 / 응급처치 시스템 / 분야별 협진 / 분야별 협진 / 기본 입원실 / 기본 입원실 / 전담회복실 / 전담회복실 / 사후관리 / 사후관리 / 영어 응대 / 영어 응대 / 중국어 응대 / 중국어 응대 / 일본어 응대 / 일본어 응대,"서울특별시 강남구 강남대로 492 (논현동) 지하 1층, 3층, 4층, 5층, 6층, 10층,12층 각 전체(논현동, HM타워)","크림마취
수면마취
전신마취
국소마취",화요일 10:00 ~ 19:00 / 수요일 10:00 ~ 19:00 / 목요일 10:00 ~ 19:00 / 금요일 10:00 ~ 20:30 / 토요일 10:00 ~ 17:00 / 일요일 휴진,0508-0353-5445
리프팅,레이저리프팅,인모드리프팅,https://www.yeoshin.co.kr/event/mobile/4661,이중턱 박살! V라인 인모드,https://d3gurpvil0se70.cloudfront.net/upfiles/images/product/FtJ5YakNrQU680ggX3eB9o5w79G5.png?q=90&f=webp&w=1024,"#리프팅레이저
#얼굴지방개선
#타이트닝",9.8,후기 12,"42,900원",VAT 포함,"인모드
시술시간
30~60분
마취여부
크림마취
회복시간
약 3일
시술효과
약 2주 후",리엔장의원(목동점),전문의 1명 / 전문의 1명 / 중국어 응대 / 중국어 응대,서울시 양천구 오목로 325 리엔장의원(목동점),,화요일 10:00 ~ 20:00 (점심 13:00 ~ 14:00) / 수요일 10:00 ~ 20:00 (점심 13:00 ~ 14:00) / 목요일 10:00 ~ 20:00 (점심 13:00 ~ 14:00) / 금요일 10:00 ~ 20:00 (점심 13:00 ~ 14:00) / 토요일 09:00 ~ 16:00 / 일요일 휴진,0508-0353-1953
리프팅,레이저리프팅,인모드리프팅,https://www.yeoshin.co.kr/event/mobile/16760,인모드 리프팅,https://d3gurpvil0se70.cloudfront.net/upfiles/images/product/2nDdjpyzREJC4csGuY2964TNTGo3.jpg?q=90&f=webp&w=1024,"#리프팅레이저
#얼굴지방개선
#타이트닝",9.4,후기 78,"62,700원",VAT 포함,"인모드 FX
시술시간
5~20분
마취여부
크림마취
회복시간
약 3일
시술효과
약 2주 후",유앤아이의원(대전점),,대전광역시 서구 대덕대로 189 (둔산동) 5~6층,,화요일 10:30 ~ 20:30 / 수요일 10:30 ~ 20:30 / 목요일 10:30 ~ 20:30 / 금요일 10:30 ~ 20:30 / 토요일 10:30 ~ 17:00 / 일요일 휴진,0508-0354-1943
리프팅,레이저리프팅,인모드리프팅,https://www.yeoshin.co.kr/event/mobile/6493,풀페이스 인모드리프팅(forma+fx),https://d3gurpvil0se70.cloudfront.net/upfiles/images/product/WKS5phYCX29ZYxZ8LdvpBH5C9rB2.jpg?q=90&f=webp&w=1024,"#리프팅레이저
#얼굴지방개선
#타이트닝",9.5,후기 2,"110,000원",VAT 포함,"인모드
시술시간
30~60분
마취여부
크림마취
회복시간
약 3일
시술효과
약 2주 후",얼굴본성형외과의원,전문의 1명 / 전문의 1명 / 여의사 진료 / 여의사 진료 / 수술실 CCTV / 수술실 CCTV / 응급처치 시스템 / 응급처치 시스템 / 사후관리 / 사후관리,서울특별시 서초구 강남대로 603 (잠원동) 4층,"크림마취
수면마취
국소마취",화요일 10:00 ~ 18:00 / 수요일 10:00 ~ 18:00 / 목요일 10:00 ~ 18:00 / 금요일 10:00 ~ 18:00 / 토요일 10:00 ~ 16:00 / 일요일 휴진,0508-0353-2574
리프팅,레이저리프팅,인모드리프팅,https://www.yeoshin.co.kr/event/mobile/23583,인모드,https://d3gurpvil0se70.cloudfront.net/upfiles/images/product/btwXZbtYzEtq1Ocvzg2u6oSElnD5.jpg?q=90&f=webp&w=1024,"#리프팅레이저
#얼굴지방개선
#타이트닝",,,"66,000원",VAT 포함,"인모드
시술시간
30~60분
마취여부
크림마취
회복시간
약 3일
시술효과
약 2주 후",닥터스팟여성의원,전문의 1명 / 전문의 1명 / 여의사 진료 / 여의사 진료 / 수술실 CCTV / 수술실 CCTV / 기본 입원실 / 기본 입원실 / 전담회복실 / 전담회복실 / 사후관리 / 사후관리 / 피부진단기 F-RAY 촬영 > / 피부진단기 F-RAY 촬영 > / 피부진단기 F-RAY 촬영 >,경기도 성남시 수정구 위례동로 147 (창곡동) 건아타워 2층 202호,"크림마취
수면마취
국소마취",화요일 10:00 ~ 20:00 (점심 13:00 ~ 14:00) / 수요일 10:00 ~ 19:00 (점심 13:00 ~ 14:00) / 목요일 10:00 ~ 19:00 (점심 13:00 ~ 14:00) / 금요일 10:00 ~ 20:00 (점심 13:00 ~ 14:00) / 토요일 09:30 ~ 15:30 (점심 13:00 ~ 14:00) / 일요일 휴진,0508-0353-0338
리프팅,레이저리프팅,인모드리프팅,https://www.yeoshin.co.kr/event/mobile/5871,명동루비_인모드,https://d3gurpvil0se70.cloudfront.net/upfiles/images/product/2301076929.jpg?q=90&f=webp&w=1024,"#리프팅레이저
#얼굴지방개선
#타이트닝",9,후기 641,"50,000원",VAT 포함,"인모드
시술시간
30분
마취여부
냉각마취
회복시간
3일
시술효과
2주 후",루비의원(명동점),,서울특별시 중구 명동길 65 루비의원(명동점),,화요일 10:30 ~ 20:30 (점심 13:30 ~ 15:00) / 수요일 10:30 ~ 20:30 (점심 13:30 ~ 15:00) / 목요일 10:30 ~ 20:30 (점심 13:30 ~ 15:00) / 금요일 10:30 ~ 20:30 (점심 13:30 ~ 15:00) / 토요일 10:00 ~ 16:00 / 일요일 12:00 ~ 17:00,0508-0353-8508
리프팅,레이저리프팅,인모드리프팅,https://www.yeoshin.co.kr/event/mobile/18566,홍대 페이스&바디 디자인 인모드,https://d3gurpvil0se70.cloudfront.net/upfiles/images/product/o2VKbRnwgSa912KAvmM0NKXjRuK4.jpg?q=90&f=webp&w=1024,"#리프팅레이저
#얼굴지방개선
#타이트닝",9.1,후기 17,"108,900원",VAT 포함,"인모드
시술시간
30~60분
마취여부
마취없음
회복시간
약 3일
시술효과
약 2주 후",포레나의원,여의사 진료 / 여의사 진료 / 영어 응대 / 영어 응대 / 중국어 응대 / 중국어 응대 / 일본어 응대 / 일본어 응대,서울특별시 마포구 양화로 140 (동교동) H-CUBE 7층 포레나의원,크림마취,화요일 10:00 ~ 20:30 / 수요일 10:00 ~ 20:30 / 목요일 10:00 ~ 20:30 / 금요일 10:00 ~ 20:30 / 토요일 10:00 ~ 17:00 / 일요일 10:00 ~ 17:00 / 공휴일 10:00-17:00,0508-0353-2218
리프팅,레이저리프팅,인모드리프팅,https://www.yeoshin.co.kr/event/mobile/23625,인모드(포마 or 픽스),https://d3gurpvil0se70.cloudfront.net/upfiles/images/product/K9AFYGYSQvrKSSHxKnzkYrXN3fBA.jpg?q=90&f=webp&w=1024,"#리프팅레이저
#얼굴지방개선
#타이트닝",9,후기 1,"44,000원",VAT 포함,"인모드
시술시간
30~60분
마취여부
크림마취
회복시간
약 3일
시술효과
약 2주 후",샤인유의원(수원점),,경기도 수원시 팔달구 권광로 199 세영빌딩6층,,화요일 10:30 ~ 20:30 (점심 14:00 ~ 15:00) / 수요일 10:30 ~ 20:30 (점심 14:00 ~ 15:00) / 목요일 10:30 ~ 20:30 (점심 14:00 ~ 15:00) / 금요일 10:30 ~ 20:30 (점심 14:00 ~ 15:00) / 토요일 10:00 ~ 16:00 / 일요일 휴진,0508-0354-0678
리프팅,레이저리프팅,인모드리프팅,https://www.yeoshin.co.kr/event/mobile/20594,피온 시그니처 인모드 20분 보장,https://d3gurpvil0se70.cloudfront.net/upfiles/images/product/Yr0XljKg8qgcPBvubXZZFbRjNgv.jpg?q=90&f=webp&w=1024,"#리프팅레이저
#얼굴지방개선
#타이트닝",9.8,후기 103,"119,900원",VAT 포함,"인모드
시술시간
30~60분
마취여부
마취없음
회복시간
약 3일
시술효과
약 2주 후",나은내일한의원,사후관리 / 사후관리,인천광역시 연수구 신송로 153 (송도동) 더 마란츠타워 8층,크림마취,화요일 09:30 ~ 20:00 (점심 13:00 ~ 14:00) / 수요일 09:30 ~ 20:00 (점심 13:00 ~ 14:00) / 목요일 09:30 ~ 20:00 (점심 13:00 ~ 14:00) / 금요일 09:30 ~ 20:00 (점심 13:00 ~ 14:00) / 토요일 휴진 / 일요일 휴진,0508-0353-0839
리프팅,레이저리프팅,인모드리프팅,https://www.yeoshin.co.kr/event/mobile/17287,블리비 인모드 FX FORMA,https://d3gurpvil0se70.cloudfront.net/upfiles/images/product/Jwp93cYiKaiFkgzv1Cnk25LOS8r5.jpg?q=90&f=webp&w=1024,"#리프팅레이저
#얼굴지방개선
#타이트닝",9,후기 102,"24,200원",VAT 포함,"인모드
시술시간
30~60분
마취여부
마취없음
회복시간
약 3일
시술효과
약 2주 후",블리비의원(영등포점),,서울특별시 영등포구 영중로 28 (영등포동3가) 9층,,화요일 10:30 ~ 20:30 (점심 14:00 ~ 15:00) / 수요일 10:30 ~ 20:30 (점심 14:00 ~ 15:00) / 목요일 10:30 ~ 20:30 (점심 14:00 ~ 15:00) / 금요일 10:30 ~ 20:30 (점심 14:00 ~ 15:00) / 토요일 10:00 ~ 17:00 / 일요일 휴진 / 토요일 점심시간 없이 진료 일요일 / 공휴일 휴무,0508-0354-2924
리프팅,레이저리프팅,인모드리프팅,https://www.yeoshin.co.kr/event/mobile/9269,"미케이 인모드 포마_얼굴탄력, 브이라인",https://d3gurpvil0se70.cloudfront.net/upfiles/images/product/RFP9bCAbZjvugh35eYASKXRI4zd3.jpg?q=90&f=webp&w=1024,"#리프팅레이저
#얼굴지방개선
#타이트닝",8.8,후기 42,"84,700원",VAT 포함,"인모드
시술시간
30~60분
마취여부
크림마취
회복시간
3일
시술효과
2주 후",미케이의원,전문의 1명 / 전문의 1명 / 분야별 협진 / 분야별 협진 / 일본어 응대 / 일본어 응대,서울특별시 서초구 서초대로 77길 24 미케이의원,"크림마취
국소마취",화요일 10:00 ~ 19:00 / 수요일 10:00 ~ 19:00 / 목요일 10:00 ~ 19:00 / 금요일 10:00 ~ 19:00 / 토요일 10:00 ~ 17:00 / 일요일 10:00 ~ 17:00,0508-0353-1137
리프팅,레이저리프팅,인모드리프팅,https://www.yeoshin.co.kr/event/mobile/7227,NEW 인모드리프팅,https://d3gurpvil0se70.cloudfront.net/upfiles/images/product/342950596.jpg?q=90&f=webp&w=1024,"#리프팅레이저
#얼굴지방개선
#타이트닝",10,후기 7,"165,000원",VAT 포함,"인모드
시술시간
15분
마취여부
냉각마취
회복시간
3일
시술효과
2주 후",넬의원,,부산광역시 부산진구 서면로60 넬의원,,화요일 10:00 ~ 21:00 (점심 13:00 ~ 14:00) / 수요일 10:00 ~ 19:00 (점심 13:00 ~ 14:00) / 목요일 10:00 ~ 19:00 (점심 13:00 ~ 14:00) / 금요일 10:00 ~ 21:00 (점심 13:00 ~ 14:00) / 토요일 10:00 ~ 15:00 / 일요일 휴진,0508-0354-2100
리프팅,레이저리프팅,인모드리프팅,https://www.yeoshin.co.kr/event/mobile/26026,슈링크 유니버스 300샷 / 인모드 슈모드,https://d3gurpvil0se70.cloudfront.net/upfiles/images/product/JQYs0Q54LpIZ9yKQRU4naHcvQ7z.png?q=90&f=webp&w=1024,"#리프팅레이저
#타이트닝",9.7,후기 3,"75,900원",VAT 포함,"슈링크유니버스
시술시간
30~40분
마취여부
크림마취
회복시간
약 3일
시술효과
1~2개월",강남초이스병원,수술실 CCTV / 수술실 CCTV / 응급처치 시스템 / 응급처치 시스템 / 분야별 협진 / 분야별 협진 / 기본 입원실 / 기본 입원실 / 전담회복실 / 전담회복실 / 사후관리 / 사후관리 / 피부진단기 F-RAY 촬영 > / 피부진단기 F-RAY 촬영 > / 피부진단기 F-RAY 촬영 >,서울특별시 강남구 테헤란로 337 (역삼동) 강남초이스병원,"크림마취
수면마취
국소마취",화요일 10:00 ~ 20:00 / 수요일 10:00 ~ 20:00 / 목요일 휴진 / 금요일 10:00 ~ 20:00 / 토요일 10:00 ~ 15:00 / 일요일 휴진,050803531552
리프팅,레이저리프팅,인모드리프팅,https://www.yeoshin.co.kr/event/mobile/26025,"인모드 리프팅 지방 감소, 탄력",https://d3gurpvil0se70.cloudfront.net/upfiles/images/product/5HFAP7pfg3hGwSdJYxMl5m0dkZG2.png?q=90&f=webp&w=1024,"#리프팅레이저
#얼굴지방개선
#타이트닝",10,후기 3,"42,900원",VAT 포함,"인모드
시술시간
30~60분
마취여부
크림마취
회복시간
약 3일
시술효과
약 2주 후",강남초이스병원,수술실 CCTV / 수술실 CCTV / 응급처치 시스템 / 응급처치 시스템 / 분야별 협진 / 분야별 협진 / 기본 입원실 / 기본 입원실 / 전담회복실 / 전담회복실 / 사후관리 / 사후관리 / 피부진단기 F-RAY 촬영 > / 피부진단기 F-RAY 촬영 > / 피부진단기 F-RAY 촬영 >,서울특별시 강남구 테헤란로 337 (역삼동) 강남초이스병원,"크림마취
수면마취
국소마취",화요일 10:00 ~ 20:00 / 수요일 10:00 ~ 20:00 / 목요일 휴진 / 금요일 10:00 ~ 20:00 / 토요일 10:00 ~ 15:00 / 일요일 휴진,050803531552
리프팅,레이저리프팅,인모드리프팅,https://www.yeoshin.co.kr/event/mobile/26159,(원장상담후 시술)이중턱 인모드 1부위,https://d3gurpvil0se70.cloudfront.net/upfiles/images/product/CH7EFa0pyGlRRPMM9DIIDV8autB2.jpg?q=90&f=webp&w=1024,"#리프팅레이저
#얼굴지방개선
#타이트닝",,,"53,900원",VAT 포함,"인모드
시술시간
30~60분
마취여부
크림마취
회복시간
약 3일
시술효과
약 2주 후",오운의원(삼성점),,"서울특별시 강남구 테헤란로87길 36 (삼성동) 301~303호(삼성동, 도심공항타워)",,화요일 10:30 ~ 20:30 / 수요일 10:30 ~ 20:30 / 목요일 10:30 ~ 20:30 / 금요일 10:30 ~ 20:30 / 토요일 10:30 ~ 16:30 / 일요일 10:30 ~ 16:30 / 접수마감 (평일 19:30/ 주말 15:30),050803531550
리프팅,레이저리프팅,인모드리프팅,https://www.yeoshin.co.kr/event/mobile/27534,인모드,https://d3gurpvil0se70.cloudfront.net/upfiles/images/product/AfBDri1c8H7BLbwXeWSJonZDZKM4.png?q=90&f=webp&w=1024,"#리프팅레이저
#얼굴지방개선
#타이트닝",,,"128,700원",VAT 포함,"인모드
시술시간
30~60분
마취여부
크림마취
회복시간
약 3일
시술효과
약 2주 후",모리프한의원,여의사 진료 / 여의사 진료,광주광역시 서구 상무중앙로 43 (치평동) 212호,크림마취,화요일 08:00 ~ 21:00 (점심 13:00 ~ 14:00) / 수요일 08:00 ~ 21:00 (점심 13:00 ~ 14:00) / 목요일 08:00 ~ 21:00 (점심 13:00 ~ 14:00) / 금요일 08:00 ~ 21:00 (점심 13:00 ~ 14:00) / 토요일 08:00 ~ 18:00 (점심 13:00 ~ 14:00) / 일요일 08:00 ~ 18:00 (점심 13:00 ~ 14:00),050803543438
리프팅,레이저리프팅,인모드리프팅,https://www.yeoshin.co.kr/event/mobile/25256,[고주파 주입시간 확인] 인모드 리프팅,https://d3gurpvil0se70.cloudfront.net/upfiles/images/product/CbZkkexvGoHPyNUBz49EdPuFmAlA.png?q=90&f=webp&w=1024,"#리프팅레이저
#얼굴지방개선
#타이트닝",9.7,후기 18,"53,900원",VAT 포함,"인모드
시술시간
30~60분
마취여부
크림마취
회복시간
약 3일
시술효과
약 2주 후",끗한의원(수원),여의사 진료 / 여의사 진료,경기도 수원시 팔달구 효원로 278 (인계동) 4층(메가박스 건물),,화요일 10:30 ~ 20:30 / 수요일 10:30 ~ 20:30 / 목요일 10:30 ~ 20:30 / 금요일 10:30 ~ 20:30 / 토요일 10:00 ~ 16:00 / 일요일 10:00 ~ 16:00,050803531328
리프팅,레이저리프팅,인모드리프팅,https://www.yeoshin.co.kr/event/mobile/6836,동탄역 인모드 리프팅,https://d3gurpvil0se70.cloudfront.net/upfiles/images/product/2968006318.jpg?q=90&f=webp&w=1024,"#피부과 전문의
#리프팅레이저
#얼굴지방개선",9.8,후기 5,"132,000원",VAT 포함,"인모드
시술시간
15분
마취여부
마취없음
회복시간
3일
시술효과
2주 후",동탄오라클피부과의원,전문의 3명 / 전문의 3명,경기도 화성시 동탄역로 150 동탄오라클피부과의원,,화요일 10:00 ~ 19:00 (점심 13:00 ~ 14:00) / 수요일 10:00 ~ 19:00 (점심 13:00 ~ 14:00) / 목요일 10:00 ~ 19:00 (점심 13:00 ~ 14:00) / 금요일 10:00 ~ 19:00 (점심 13:00 ~ 14:00) / 토요일 10:00 ~ 14:00 / 일요일 휴진,0508-0353-9999
리프팅,레이저리프팅,인모드리프팅,https://www.yeoshin.co.kr/event/mobile/17247,V라인 인모드 리프팅,https://d3gurpvil0se70.cloudfront.net/upfiles/images/product/cnWdcWExrRv1Rd2eiy12B8jYekT1.jpg?q=90&f=webp&w=1024,"#리프팅레이저
#얼굴지방개선
#타이트닝",9,후기 7,,,"인모드
시술시간
30~60분
마취여부
크림마취
회복시간
3일
시술효과
2주 후",유앤아이의원(평택점),,경기도 평택시 평남로 862 (비전동) 로이드빌딩 2층,,화요일 10:00 ~ 20:30 (점심 13:00 ~ 14:00) / 수요일 10:00 ~ 20:30 (점심 13:00 ~ 14:00) / 목요일 10:00 ~ 20:30 (점심 13:00 ~ 14:00) / 금요일 10:00 ~ 20:30 (점심 13:00 ~ 14:00) / 토요일 10:00 ~ 16:00 / 일요일 휴진,0508-0354-0339
리프팅,레이저리프팅,인모드리프팅,https://www.yeoshin.co.kr/event/mobile/23065,인모드두가지모드 얼굴전체,https://d3gurpvil0se70.cloudfront.net/upfiles/images/product/YHr7h6FbwDKLmvvgACb3AoUOl5vA.jpg?q=90&f=webp&w=1024,"#리프팅레이저
#얼굴지방개선
#타이트닝",9.8,후기 4,"220,000원",VAT 포함,"인모드
시술시간
30~60분
마취여부
크림마취
회복시간
약 3일
시술효과
약 2주 후",워너비의원,여의사 진료 / 여의사 진료 / 마취과의 진료 / 마취과의 진료 / 수술실 CCTV / 수술실 CCTV / 응급처치 시스템 / 응급처치 시스템 / 분야별 협진 / 분야별 협진 / 기본 입원실 / 기본 입원실 / 전담회복실 / 전담회복실 / 사후관리 / 사후관리,부산광역시 해운대구 센텀남대로 50 (우동) 임페리얼타워 7층 워너비의원,"크림마취
수면마취",화요일 10:00 ~ 21:00 (점심 13:00 ~ 14:00) / 수요일 10:00 ~ 19:00 (점심 13:00 ~ 14:00) / 목요일 10:00 ~ 19:00 (점심 13:00 ~ 14:00) / 금요일 10:00 ~ 21:00 (점심 13:00 ~ 14:00) / 토요일 10:00 ~ 16:00 / 일요일 10:00 ~ 19:00,0508-0353-1028
리프팅,레이저리프팅,인모드리프팅,https://www.yeoshin.co.kr/event/mobile/1879,얼굴인모드,https://d3gurpvil0se70.cloudfront.net/upfiles/images/product/4016373650.jpg?q=90&f=webp&w=1024,"#리프팅레이저
#얼굴지방개선
#타이트닝",,,"99,000원",VAT 포함,"인모드
시술시간
30분
마취여부
냉각마취
회복시간
3일
시술효과
2주 후",수앤모성형외과의원,전문의 1명 / 전문의 1명,서울시 강남구 압구정로28길 49 수앤모성형외과의원,"크림마취
수면마취
비수면 무통마취
국소마취",화요일 10:00 ~ 19:00 (점심 13:00 ~ 14:00) / 수요일 10:00 ~ 19:00 (점심 13:00 ~ 14:00) / 목요일 10:00 ~ 19:00 (점심 13:00 ~ 14:00) / 금요일 10:00 ~ 21:00 (점심 13:00 ~ 14:00) / 토요일 10:00 ~ 16:00 (점심 13:00 ~ 14:00) / 일요일 휴진,0508-0353-7838
리프팅,레이저리프팅,인모드리프팅,https://www.yeoshin.co.kr/event/mobile/14763,인모드,https://d3gurpvil0se70.cloudfront.net/upfiles/images/product/1953150366.jpg?q=90&f=webp&w=1024,"#리프팅레이저
#얼굴지방개선
#타이트닝",9,후기 4,"82,500원",VAT 포함,"인모드
시술시간
30분
마취여부
마취없음
회복시간
3일
시술효과
1~2주 후",더청담의원,,서울특별시 마포구 서강로 106 (신수동) 2층 더청담의원,크림마취,화요일 09:00 ~ 19:00 / 수요일 09:00 ~ 19:00 / 목요일 09:00 ~ 19:00 / 금요일 09:00 ~ 19:00 / 토요일 09:00 ~ 15:00 / 일요일 휴진,0508-0354-0492
리프팅,레이저리프팅,인모드리프팅,https://www.yeoshin.co.kr/event/mobile/16381,인모드,https://d3gurpvil0se70.cloudfront.net/upfiles/images/product/TMXNJzvIjW0cCwRZ21J3kWezNsG7.jpg?q=90&f=webp&w=1024,"#리프팅레이저
#얼굴지방개선
#타이트닝",9.7,후기 3,"77,000원",VAT 포함,"인모드 FX
시술시간
5~20분
마취여부
크림마취
회복시간
3일
시술효과
2주 후",늘샤인의원,,경기도 성남시 분당구 성남대로916번길 11 (야탑동) 글라스타워 3층 늘샤인의원,,화요일 10:00 ~ 20:30 (점심 13:00 ~ 14:00) / 수요일 10:00 ~ 19:30 (점심 13:00 ~ 14:00) / 목요일 10:00 ~ 19:30 (점심 13:00 ~ 14:00) / 금요일 10:00 ~ 20:30 (점심 13:00 ~ 14:00) / 토요일 10:00 ~ 15:30 / 일요일 휴진,0508-0354-1028
리프팅,레이저리프팅,인모드리프팅,https://www.yeoshin.co.kr/event/mobile/17280,인모드 리프팅,https://d3gurpvil0se70.cloudfront.net/upfiles/images/product/yaykw5JILOwxZkaoo0xq6cYBzbK7.jpg?q=90&f=webp&w=1024,"#리프팅레이저
#얼굴지방개선
#타이트닝",,,"165,000원",VAT 포함,"인모드
시술시간
30~60분
마취여부
마취없음
회복시간
약 3일
시술효과
2주 후",은하여성의원,전문의 4명 / 전문의 4명,"경기도 군포시 고산로 248 (당동) 은하프라자, 2층",,화요일 09:00 ~ 20:00 (점심 13:00 ~ 14:00) / 수요일 09:00 ~ 20:00 (점심 13:00 ~ 14:00) / 목요일 09:00 ~ 20:00 (점심 13:00 ~ 14:00) / 금요일 09:00 ~ 20:00 (점심 13:00 ~ 14:00) / 토요일 09:00 ~ 15:00 / 일요일 휴진,0508-0354-0049
리프팅,레이저리프팅,인모드리프팅,https://www.yeoshin.co.kr/event/mobile/26133,V라인 인모드 리프팅,https://d3gurpvil0se70.cloudfront.net/upfiles/images/product/soilrdusV5647YxETd5XsFiy8p48.jpg?q=90&f=webp&w=1024,"#리프팅레이저
#얼굴지방개선
#타이트닝",9,후기 1,"31,900원",VAT 포함,"인모드
시술시간
30~60분
마취여부
크림마취
회복시간
약 3일
시술효과
약 2주 후",유앤아이의원(과천점),,경기도 과천시 과천대로 111 (갈현동) 과천 렉서 2층,크림마취,화요일 10:00 ~ 20:30 / 수요일 10:00 ~ 20:30 / 목요일 10:00 ~ 20:30 / 금요일 10:00 ~ 20:30 / 토요일 10:00 ~ 17:00 / 일요일 휴진,050803539821
리프팅,레이저리프팅,인모드리프팅,https://www.yeoshin.co.kr/event/mobile/9558,인모드 여자피부과전문의,https://d3gurpvil0se70.cloudfront.net/upfiles/images/product/4250642586.jpg?q=90&f=webp&w=1024,"#피부과 전문의
#리프팅레이저
#얼굴지방개선",10,후기 7,,,"인모드
시술시간
15분
마취여부
냉각마취
회복시간
3일
시술효과
2주 후",글래시피부과의원,전문의 1명 / 전문의 1명,서울시 강남구 도산대로81길 51 -,,화요일 10:00 ~ 20:00 / 수요일 휴진 / 목요일 10:00 ~ 20:00 / 금요일 10:00 ~ 20:00 / 토요일 10:00 ~ 15:30 / 일요일 휴진,0508-0353-4138
리프팅,레이저리프팅,인모드리프팅,https://www.yeoshin.co.kr/event/mobile/1230,인모드 리프팅 [얼굴전체],https://d3gurpvil0se70.cloudfront.net/upfiles/images/product/pt1zGqcte0X8DQMLoxCDlajUVQ92.jpg?q=90&f=webp&w=1024,"#리프팅레이저
#얼굴지방개선
#타이트닝",9.2,후기 454,"68,200원",VAT 포함,"인모드
시술시간
30~60분
마취여부
크림마취
회복시간
약 3일
시술효과
약 2주 후",유앤아이의원(영등포점),여의사 진료 / 여의사 진료 / 중국어 응대 / 중국어 응대 / 일본어 응대 / 일본어 응대,서울특별시 영등포구 영중로 12 유앤아이의원(영등포점),"크림마취
수면마취",화요일 10:00 ~ 20:30 / 수요일 10:00 ~ 20:30 / 목요일 10:00 ~ 20:30 / 금요일 10:00 ~ 20:30 / 토요일 10:00 ~ 17:00 / 일요일 10:00 ~ 17:00 / 점심시간 없음 / 공휴일 진료,0508-0353-1932
리프팅,레이저리프팅,인모드리프팅,https://www.yeoshin.co.kr/event/mobile/9632,인모드,https://d3gurpvil0se70.cloudfront.net/upfiles/images/product/eYgTuTQgtkD5HQ39mXxzoIm1FaH.jpg?q=90&f=webp&w=1024,"#리프팅레이저
#얼굴지방개선
#타이트닝",8.9,후기 7,"42,900원",VAT 포함,"인모드
시술시간
30~70분
마취여부
크림마취
회복시간
3일
시술효과
2~4주 후",아비쥬의원(대전점),전문의 2명 / 전문의 2명,대전광역시 서구 대덕대로 219 아비쥬의원(대전점),,화요일 10:30 ~ 20:30 (점심 14:00 ~ 15:00) / 수요일 10:30 ~ 20:30 (점심 14:00 ~ 15:00) / 목요일 10:30 ~ 20:30 (점심 14:00 ~ 15:00) / 금요일 10:30 ~ 20:30 (점심 14:00 ~ 15:00) / 토요일 10:30 ~ 17:00 / 일요일 10:30 ~ 17:00,0508-0354-2871
리프팅,레이저리프팅,인모드리프팅,https://www.yeoshin.co.kr/event/mobile/15947,인모드,https://d3gurpvil0se70.cloudfront.net/upfiles/images/product/PKXr9f6F9n7ayKF4xNUyJxFmu5F5.jpg?q=90&f=webp&w=1024,"#리프팅레이저
#얼굴지방개선
#타이트닝",8.5,후기 29,"22,000원",VAT 포함,"인모드
시술시간
30분
마취여부
크림마취
회복시간
1주
시술효과
2~3일 후",제이린의원(서면점),,부산광역시 부산진구 중앙대로 672 (부전동) 삼정타워 4층 제이린의원,,화요일 10:30 ~ 20:00 (점심 13:00 ~ 14:30) / 수요일 10:30 ~ 19:00 (점심 13:00 ~ 14:30) / 목요일 10:30 ~ 19:00 (점심 13:00 ~ 14:30) / 금요일 10:30 ~ 20:00 (점심 13:00 ~ 14:30) / 토요일 10:30 ~ 14:30 / 일요일 휴진,0508-0354-2276
리프팅,레이저리프팅,인모드리프팅,https://www.yeoshin.co.kr/event/mobile/14069,시간보장 인모드,https://d3gurpvil0se70.cloudfront.net/upfiles/images/product/0GM9uWmMlTDePeNzTqFN6Af2JVK7.jpg?q=90&f=webp&w=1024,"#리프팅레이저
#얼굴지방개선
#타이트닝",10,후기 2,"55,000원",VAT 포함,"인모드
시술시간
20분
마취여부
마취없음
회복시간
3일
시술효과
2주 후",크크서울의원,,서울특별시 서초구 강남대로 439 (서초동) 7층 크크서울의원,크림마취,화요일 10:00 ~ 19:00 / 수요일 휴진 / 목요일 10:00 ~ 20:00 / 금요일 10:00 ~ 19:00 / 토요일 10:00 ~ 16:00 / 일요일 휴진,0508-0353-5802
리프팅,레이저리프팅,인모드리프팅,https://www.yeoshin.co.kr/event/mobile/13878,인모드,https://d3gurpvil0se70.cloudfront.net/upfiles/images/product/1621006657.jpg?q=90&f=webp&w=1024,"#리프팅레이저
#얼굴지방개선
#타이트닝",,,"165,000원",VAT 포함,"인모드
시술시간
30~60분
마취여부
냉각마취
회복시간
3일
시술효과
2주 후",푸른의원,전문의 1명 / 전문의 1명,경기도 김포시 풍무로 76 푸른의원,,화요일 10:00 ~ 20:00 (점심 13:00 ~ 14:00) / 수요일 10:00 ~ 19:00 (점심 13:00 ~ 14:00) / 목요일 10:00 ~ 20:00 (점심 13:00 ~ 14:00) / 금요일 10:00 ~ 19:00 (점심 13:00 ~ 14:00) / 토요일 10:00 ~ 15:00 / 일요일 휴진,0508-0354-0803
리프팅,레이저리프팅,인모드리프팅,https://www.yeoshin.co.kr/event/mobile/7593,인모드 FX+FORMA 두가지,https://d3gurpvil0se70.cloudfront.net/upfiles/images/product/3969944875.jpg?q=90&f=webp&w=1024,"#리프팅레이저
#얼굴지방개선
#타이트닝",10,후기 1,"253,000원",VAT 포함,"인모드
시술시간
30분
마취여부
크림마취
회복시간
3일
시술효과
2주 후",뷰티제이의원,,경상남도 창원시 마산회원구 양덕로 190 뷰티제이의원,,화요일 10:00 ~ 20:00 (점심 13:00 ~ 14:00) / 수요일 14:00 ~ 21:00 / 목요일 10:00 ~ 20:00 (점심 13:00 ~ 14:00) / 금요일 10:00 ~ 20:00 (점심 13:00 ~ 14:00) / 토요일 10:00 ~ 16:00 / 일요일 휴진,0508-0354-2500
리프팅,레이저리프팅,인모드리프팅,https://www.yeoshin.co.kr/event/mobile/10953,[땡큐] 이중턱 파괴 인모드,https://d3gurpvil0se70.cloudfront.net/upfiles/images/product/v790k7cGCrCJeLGJ0UDEUy8NGEj8.jpg?q=90&f=webp&w=1024,"#피부과 전문의
#리프팅레이저
#얼굴지방개선",10,후기 2,"110,000원",VAT 포함,"인모드
시술시간
30~60분
마취여부
크림마취
회복시간
3일
시술효과
2주 후",땡큐성형외과의원,전문의 7명 / 전문의 7명 / 영어 응대 / 영어 응대 / 중국어 응대 / 중국어 응대 / 일본어 응대 / 일본어 응대,서울특별시 강남구 강남대로 446 땡큐성형외과의원,,화요일 10:00 ~ 19:00 / 수요일 10:00 ~ 19:00 / 목요일 10:00 ~ 19:00 / 금요일 10:00 ~ 19:00 / 토요일 10:00 ~ 16:00 / 일요일 휴진,0508-0353-6942
리프팅,레이저리프팅,인모드리프팅,https://www.yeoshin.co.kr/event/mobile/18242,인모드 리프팅 FX FORMA,https://d3gurpvil0se70.cloudfront.net/upfiles/images/product/cM0uMyYOln5vgZgL4tn7Bm4y409.jpg?q=90&f=webp&w=1024,"#리프팅레이저
#얼굴지방개선
#타이트닝",9.3,후기 84,"42,900원",VAT 포함,"인모드
시술시간
10분 이내
마취여부
크림마취
회복시간
약 3일
시술효과
약 2주 후",브라운성형외과의원,전문의 3명 / 전문의 3명 / 영어 응대 / 영어 응대 / 중국어 응대 / 중국어 응대 / 일본어 응대 / 일본어 응대,서울특별시 서초구 강남대로 475 (반포동) 브라운성형외과의원,,화요일 10:00 ~ 19:00 / 수요일 10:00 ~ 19:00 / 목요일 10:00 ~ 19:00 / 금요일 10:00 ~ 20:30 / 토요일 10:00 ~ 17:00 / 일요일 휴진 / 일요일&공휴일 휴진/금요일 야간진료,0508-0353-4515
리프팅,레이저리프팅,인모드리프팅,https://www.yeoshin.co.kr/event/mobile/1378,인모드 리프팅 이벤트,https://d3gurpvil0se70.cloudfront.net/upfiles/images/product/b70adyWkVrT6nBKT7TsIDFSIlvpA.jpg?q=90&f=webp&w=1024,"#리프팅레이저
#얼굴지방개선
#타이트닝",10,후기 4,"59,800원",VAT 포함,"인모드 FX
시술시간
30분
마취여부
냉각마취
회복시간
3일
시술효과
2주 후",베이드의원,전문의 3명 / 전문의 3명 / 영어 응대 / 영어 응대 / 중국어 응대 / 중국어 응대 / 피부진단기 F-RAY 촬영 > / 피부진단기 F-RAY 촬영 > / 피부진단기 F-RAY 촬영 >,서울특별시 강남구 논현로 839 베이드의원,,화요일 10:00 ~ 20:00 (점심 13:00 ~ 14:00) / 수요일 10:00 ~ 20:00 (점심 13:00 ~ 14:00) / 목요일 10:00 ~ 20:00 (점심 13:00 ~ 14:00) / 금요일 10:00 ~ 20:00 (점심 13:00 ~ 14:00) / 토요일 10:00 ~ 16:00 / 일요일 휴진,0508-0353-3673
리프팅,레이저리프팅,인모드리프팅,https://www.yeoshin.co.kr/event/mobile/13720,탄력과 브이라인을 동시에 개선 인모드,https://d3gurpvil0se70.cloudfront.net/upfiles/images/product/3981993552.jpg?q=90&f=webp&w=1024,"#리프팅레이저
#얼굴지방개선
#타이트닝",10,후기 1,"165,000원",VAT 포함,"인모드
시술시간
60분
마취여부
크림마취
회복시간
3일
시술효과
2주 후",젠의원,,부산광역시 해운대구 센텀남대로 50 젠의원,,화요일 10:00 ~ 19:00 (점심 13:00 ~ 14:00) / 수요일 10:00 ~ 19:00 (점심 13:00 ~ 14:00) / 목요일 10:00 ~ 19:00 (점심 13:00 ~ 14:00) / 금요일 10:00 ~ 20:00 (점심 13:00 ~ 14:00) / 토요일 10:00 ~ 14:00 / 일요일 휴진,0508-0354-2221
리프팅,레이저리프팅,인모드리프팅,https://www.yeoshin.co.kr/event/mobile/16535,인모드 리프팅 BEST 모음,https://d3gurpvil0se70.cloudfront.net/upfiles/images/product/gIGoJBAcckxZLYvtEb5ibECW6mN9.jpg?q=90&f=webp&w=1024,"#피부과 전문의
#리프팅레이저
#얼굴지방개선",6,후기 1,"49,500원",VAT 포함,"인모드
시술시간
30~60분
마취여부
크림마취
회복시간
약 3일
시술효과
약 2주 후",유앤아이피부과의원(판교점),전문의 1명 / 전문의 1명,경기도 성남시 분당구 판교로 375 유앤아이피부과의원(판교점),,화요일 09:30 ~ 20:30 (점심 13:00 ~ 14:00) / 수요일 09:30 ~ 20:30 (점심 13:00 ~ 14:00) / 목요일 09:30 ~ 20:30 (점심 13:00 ~ 14:00) / 금요일 09:30 ~ 20:30 (점심 13:00 ~ 14:00) / 토요일 09:00 ~ 16:00 / 일요일 휴진,0508-0354-0510
리프팅,레이저리프팅,인모드리프팅,https://www.yeoshin.co.kr/event/mobile/14770,인모드 패키지,https://d3gurpvil0se70.cloudfront.net/upfiles/images/product/8mnS8QnQUPLF3L0lBc4zcKSWflN6.jpg?q=90&f=webp&w=1024,"#리프팅레이저
#얼굴지방개선
#타이트닝",9.3,후기 71,"28,000원",VAT 포함,"인모드
시술시간
30분
마취여부
냉각마취
회복시간
3일
시술효과
2주 후",케이톡스의원(인천구월점),전문의 1명 / 전문의 1명,인천광역시 남동구 인하로507번길 4 (구월동) 한성빌딩 3층 301호(구월동),,화요일 10:00 ~ 20:00 (점심 14:00 ~ 15:00) / 수요일 10:00 ~ 20:00 (점심 14:00 ~ 15:00) / 목요일 10:00 ~ 20:00 (점심 14:00 ~ 15:00) / 금요일 10:00 ~ 20:00 (점심 14:00 ~ 15:00) / 토요일 10:30 ~ 16:30 / 일요일 휴진,0508-0354-1668
리프팅,레이저리프팅,인모드리프팅,https://www.yeoshin.co.kr/event/mobile/20634,[NIKS] 인모드 FX/FORFA 이벤트,https://d3gurpvil0se70.cloudfront.net/upfiles/images/product/sjO43eh46G79mVvuDlrtEuBfe868.jpg?q=90&f=webp&w=1024,"#리프팅레이저
#얼굴지방개선
#타이트닝",,,"220,000원",VAT 포함,"인모드
시술시간
30~60분
마취여부
크림마취
회복시간
약 3일
시술효과
약 2주 후",닉스의원(수원점),여의사 진료 / 여의사 진료,경기도 수원시 팔달구 효원로265번길 28 (인계동) 3층 (인계동),"크림마취
수면마취
국소마취",화요일 10:30 ~ 20:30 (점심 14:00 ~ 15:00) / 수요일 10:30 ~ 20:30 (점심 14:00 ~ 15:00) / 목요일 10:30 ~ 20:30 (점심 14:00 ~ 15:00) / 금요일 10:30 ~ 20:30 (점심 14:00 ~ 15:00) / 토요일 10:30 ~ 16:30 / 일요일 휴진 / *일요일/공휴일 휴진,0508-0354-3026
리프팅,레이저리프팅,인모드리프팅,https://www.yeoshin.co.kr/event/mobile/14656,인모드 FX+FORMA,https://d3gurpvil0se70.cloudfront.net/upfiles/images/product/TVERYPVgqgtD47KIYwgBxVcHTsa8.jpg?q=90&f=webp&w=1024,"#리프팅레이저
#얼굴지방개선
#타이트닝",10,후기 2,"253,000원",VAT 포함,"인모드
시술시간
30분
마취여부
크림마취
회복시간
3일
시술효과
2주 후",연세미사랑의원,,대구광역시 동구 동촌로 242 연세미사랑의원,,화요일 10:00 ~ 18:00 (점심 13:00 ~ 14:00) / 수요일 10:00 ~ 18:00 (점심 13:00 ~ 14:00) / 목요일 10:00 ~ 18:00 (점심 13:00 ~ 14:00) / 금요일 10:00 ~ 18:00 (점심 13:00 ~ 14:00) / 토요일 10:00 ~ 16:00 (점심 13:00 ~ 14:00) / 일요일 휴진,0508-0354-2430
리프팅,레이저리프팅,인모드리프팅,https://www.yeoshin.co.kr/event/mobile/24928,홍대 언제나유리해! 슈링크.인모드.윤곽주사,https://d3gurpvil0se70.cloudfront.net/upfiles/images/product/3H1BoV1toNW417CsiChEzB1W0Iq7.jpg?q=90&f=webp&w=1024,"#리프팅레이저
#타이트닝",9.8,후기 182,"87,000원",VAT 포함,"슈링크유니버스
시술시간
10~20분
마취여부
크림마취
회복시간
약 3일
시술효과
3~6개월",유리에성형외과,전문의 2명 / 전문의 2명 / 수술실 CCTV / 수술실 CCTV / 응급처치 시스템 / 응급처치 시스템 / 기본 입원실 / 기본 입원실 / 전담회복실 / 전담회복실 / 사후관리 / 사후관리,서울특별시 마포구 양화로 165 (동교동) 상진빌딩1202호 12층 유리에 성형외과,"크림마취
수면마취
국소마취",화요일 10:30 ~ 20:30 / 수요일 10:30 ~ 19:30 / 목요일 10:30 ~ 20:30 / 금요일 10:30 ~ 19:30 / 토요일 10:00 ~ 17:00 / 일요일 휴진,050803530155
리프팅,레이저리프팅,인모드리프팅,https://www.yeoshin.co.kr/event/mobile/25826,피부과 전문의 인모드 키닥터,https://d3gurpvil0se70.cloudfront.net/upfiles/images/product/ICd5Sa3dmfuiqag9BbWMRgOoPnX1.png?q=90&f=webp&w=1024,"#피부과 전문의
#리프팅레이저
#얼굴지방개선",,,"319,000원",VAT 포함,"인모드
시술시간
30~60분
마취여부
크림마취
회복시간
약 3일
시술효과
약 2주 후",청담엔케이피부과의원,전문의 1명 / 전문의 1명 / 여의사 진료 / 여의사 진료 / 피부진단기 F-RAY 촬영 > / 피부진단기 F-RAY 촬영 > / 피부진단기 F-RAY 촬영 >,서울특별시 강서구 마곡중앙5로 81 (마곡동) 5층 청담NK피부과의원,,화요일 10:00 ~ 19:00 (점심 13:00 ~ 14:00) / 수요일 10:00 ~ 19:00 (점심 13:00 ~ 14:00) / 목요일 10:00 ~ 19:00 (점심 13:00 ~ 14:00) / 금요일 10:00 ~ 20:00 (점심 13:00 ~ 14:00) / 토요일 09:30 ~ 14:30 / 일요일 휴진,050803531467
리프팅,레이저리프팅,인모드리프팅,https://www.yeoshin.co.kr/event/mobile/8155,인모드 FX / FORMA,https://d3gurpvil0se70.cloudfront.net/upfiles/images/product/1173026072.jpg?q=90&f=webp&w=1024,"#리프팅레이저
#얼굴지방개선
#타이트닝",,,"90,000원",VAT 포함,"인모드
시술시간
30분
마취여부
크림마취
회복시간
3일
시술효과
2주 후",뷰티제이의원,,경상남도 창원시 마산회원구 양덕로 190 뷰티제이의원,,화요일 10:00 ~ 20:00 (점심 13:00 ~ 14:00) / 수요일 14:00 ~ 21:00 / 목요일 10:00 ~ 20:00 (점심 13:00 ~ 14:00) / 금요일 10:00 ~ 20:00 (점심 13:00 ~ 14:00) / 토요일 10:00 ~ 16:00 / 일요일 휴진,0508-0354-2500
리프팅,레이저리프팅,인모드리프팅,https://www.yeoshin.co.kr/event/mobile/14689,지방&탄력 인모드 리프팅,https://d3gurpvil0se70.cloudfront.net/upfiles/images/product/GjsRG0LoM8uHRZCDSe8wfGqjktf8.jpg?q=90&f=webp&w=1024,"#리프팅레이저
#얼굴지방개선
#타이트닝",9.2,후기 15,"132,000원",VAT 포함,"인모드
시술시간
30~60분
마취여부
크림마취
회복시간
3일
시술효과
2주 후",유앤아이의원(김포점),,경기도 김포시 김포한강4로 525 유앤아이의원(김포점),,화요일 10:00 ~ 20:30 (점심 13:00 ~ 14:00) / 수요일 10:00 ~ 20:30 (점심 13:00 ~ 14:00) / 목요일 10:00 ~ 20:30 (점심 13:00 ~ 14:00) / 금요일 10:00 ~ 20:30 (점심 13:00 ~ 14:00) / 토요일 10:00 ~ 16:00 / 일요일 10:00 ~ 16:00,0508-0354-0557
리프팅,레이저리프팅,인모드리프팅,https://www.yeoshin.co.kr/event/mobile/13419,인모드 FX / FORMA,https://d3gurpvil0se70.cloudfront.net/upfiles/images/product/8cCiMGrVijkHAsivY0PNnDYAoek.jpg?q=90&f=webp&w=1024,"#리프팅레이저
#얼굴지방개선
#타이트닝",7,후기 1,"108,900원",VAT 포함,"인모드
시술시간
30~60분
마취여부
크림마취
회복시간
약 3일
시술효과
약 2주 후",연세미사랑의원,,대구광역시 동구 동촌로 242 연세미사랑의원,,화요일 10:00 ~ 18:00 (점심 13:00 ~ 14:00) / 수요일 10:00 ~ 18:00 (점심 13:00 ~ 14:00) / 목요일 10:00 ~ 18:00 (점심 13:00 ~ 14:00) / 금요일 10:00 ~ 18:00 (점심 13:00 ~ 14:00) / 토요일 10:00 ~ 16:00 (점심 13:00 ~ 14:00) / 일요일 휴진,0508-0354-2430
리프팅,레이저리프팅,인모드리프팅,https://www.yeoshin.co.kr/event/mobile/7581,인모드 리프팅,https://d3gurpvil0se70.cloudfront.net/upfiles/images/product/Pfr7fMYs4qtGhYmVHtPwB9wf5vg8.jpg?q=90&f=webp&w=1024,"#리프팅레이저
#얼굴지방개선
#타이트닝",9.4,후기 418,"99,000원",VAT 포함,"인모드
시술시간
30분
마취여부
냉각마취
회복시간
3일
시술효과
2주 후",데이원의원(강남역점),전문의 1명 / 전문의 1명,서울시 서초구 강남대로 423 데이원의원(강남역점),,화요일 10:30 ~ 20:30 (점심 13:00 ~ 14:00) / 수요일 10:30 ~ 20:30 (점심 13:00 ~ 14:00) / 목요일 10:30 ~ 20:30 (점심 13:00 ~ 14:00) / 금요일 10:30 ~ 20:30 (점심 13:00 ~ 14:00) / 토요일 10:30 ~ 16:00 / 일요일 휴진,0508-0353-7131
리프팅,레이저리프팅,인모드리프팅,https://www.yeoshin.co.kr/event/mobile/14842,지방세포제거와 리프팅을 동시에!,https://d3gurpvil0se70.cloudfront.net/upfiles/images/product/1621549956.jpg?q=90&f=webp&w=1024,"#리프팅레이저
#얼굴지방개선
#타이트닝",10,후기 1,"110,000원",VAT 포함,"인모드
시술시간
60분
마취여부
냉각마취
회복시간
3일
시술효과
2주 후",용인미하나의원,전문의 1명 / 전문의 1명,경기도 용인시 처인구 금령로 86 용인미하나의원,,화요일 10:00 ~ 20:30 (점심 13:00 ~ 14:00) / 수요일 10:00 ~ 20:30 (점심 13:00 ~ 14:00) / 목요일 10:00 ~ 20:30 (점심 13:00 ~ 14:00) / 금요일 10:00 ~ 20:30 (점심 13:00 ~ 14:00) / 토요일 10:00 ~ 16:30 / 일요일 휴진,0508-0353-9926
리프팅,레이저리프팅,인모드리프팅,https://www.yeoshin.co.kr/event/mobile/7777,인모드 얼굴 1부위 11만원,https://d3gurpvil0se70.cloudfront.net/upfiles/images/product/824218273.jpg?q=90&f=webp&w=1024,"#리프팅레이저
#얼굴지방개선
#타이트닝",10,후기 1,"110,000원",VAT 포함,"인모드
시술시간
30분
마취여부
냉각마취
회복시간
3일
시술효과
2주 후",조은날의원,,서울시 강남구 강남대로 476 조은날의원,,화요일 10:30 ~ 20:30 (점심 13:00 ~ 14:00) / 수요일 10:30 ~ 20:30 (점심 13:00 ~ 14:00) / 목요일 10:30 ~ 20:30 (점심 13:00 ~ 14:00) / 금요일 10:30 ~ 20:30 (점심 13:00 ~ 14:00) / 토요일 10:30 ~ 16:30 / 일요일 휴진,0508-0353-4980
리프팅,레이저리프팅,인모드리프팅,https://www.yeoshin.co.kr/event/mobile/15074,슬림 이중턱패키지,https://d3gurpvil0se70.cloudfront.net/upfiles/images/product/NAcNe8ulkeSMEhVgrFgEP3MQepV8.jpeg?q=90&f=webp&w=1024,"#리프팅레이저
#얼굴지방개선
#타이트닝",,,"174,900원",VAT 포함,"인모드 FX
시술시간
5~20분
마취여부
크림마취
회복시간
약 3일
시술효과
약 2주 후",오운의원(구리점),여의사 진료 / 여의사 진료,"경기도 구리시 산마루로 5 대방디엠시티 3층, 오운의원(구리점)",,화요일 10:00 ~ 20:00 (점심 13:00 ~ 14:00) / 수요일 10:00 ~ 20:00 (점심 13:00 ~ 14:00) / 목요일 10:00 ~ 20:00 (점심 13:00 ~ 14:00) / 금요일 10:00 ~ 20:00 (점심 13:00 ~ 14:00) / 토요일 10:00 ~ 16:00 / 일요일 휴진,0508-0353-9945
리프팅,레이저리프팅,인모드리프팅,https://www.yeoshin.co.kr/event/mobile/15454,시간보장 커스텀디자인 인모드,https://d3gurpvil0se70.cloudfront.net/upfiles/images/product/hLoXjbrOYZwgKYJ8yOw6KOa522B7.jpg?q=90&f=webp&w=1024,"#리프팅레이저
#얼굴지방개선
#타이트닝",9.3,후기 3,"196,900원",VAT 포함,"인모드
시술시간
30~40분
마취여부
마취없음
회복시간
3일
시술효과
2주 후",연의원 범계(안양),,경기도 안양시 동안구 평촌대로217번길 15 (호계동) 파크에비뉴엘 4층,,화요일 10:30 ~ 20:30 (점심 13:30 ~ 14:30) / 수요일 휴진 / 목요일 10:30 ~ 20:30 (점심 13:30 ~ 14:30) / 금요일 10:00 ~ 18:00 (점심 13:30 ~ 14:30) / 토요일 10:00 ~ 16:00 / 일요일 휴진,0508-0354-1067
리프팅,레이저리프팅,인모드리프팅,https://www.yeoshin.co.kr/event/mobile/16104,인모드,https://d3gurpvil0se70.cloudfront.net/upfiles/images/product/fps2rlHNtgjquqvCZyUzO8cg6KG4.jpg?q=90&f=webp&w=1024,"#리프팅레이저
#얼굴지방개선
#타이트닝",,,"440,000원",VAT 포함,"인모드
시술시간
30~60분
마취여부
크림마취
회복시간
3일
시술효과
2주 후",동안중심의원,전문의 2명 / 전문의 2명,서울특별시 강남구 압구정로48길 26 (신사동) 동안중심의원,,화요일 10:00 ~ 19:00 (점심 13:00 ~ 14:00) / 수요일 10:00 ~ 19:00 (점심 13:00 ~ 14:00) / 목요일 10:00 ~ 19:00 (점심 13:00 ~ 14:00) / 금요일 12:00 ~ 21:00 / 토요일 10:00 ~ 16:00 / 일요일 휴진,0508-0353-9614
리프팅,레이저리프팅,인모드리프팅,https://www.yeoshin.co.kr/event/mobile/10148,탄력 잡기 인모드 리프팅,https://d3gurpvil0se70.cloudfront.net/upfiles/images/product/aKpKjPfxwC7hYDcDUrvhFO2dyiL7.jpg?q=90&f=webp&w=1024,"#리프팅레이저
#얼굴지방개선
#타이트닝",10,후기 3,"60,500원",VAT 포함,"인모드 FX
시술시간
20분
마취여부
냉각마취
회복시간
3일
시술효과
2주 후",오운의원(구리점),여의사 진료 / 여의사 진료,"경기도 구리시 산마루로 5 대방디엠시티 3층, 오운의원(구리점)",,화요일 10:00 ~ 20:00 (점심 13:00 ~ 14:00) / 수요일 10:00 ~ 20:00 (점심 13:00 ~ 14:00) / 목요일 10:00 ~ 20:00 (점심 13:00 ~ 14:00) / 금요일 10:00 ~ 20:00 (점심 13:00 ~ 14:00) / 토요일 10:00 ~ 16:00 / 일요일 휴진,0508-0353-9945
리프팅,레이저리프팅,인모드리프팅,https://www.yeoshin.co.kr/event/mobile/2598,인모드 17만원,https://d3gurpvil0se70.cloudfront.net/upfiles/images/product/1831164852.jpg?q=90&f=webp&w=1024,"#리프팅레이저
#얼굴지방개선
#타이트닝",9.9,후기 14,"187,000원",VAT 포함,"인모드
시술시간
30분
마취여부
냉각마취
회복시간
3일
시술효과
2주 후",조은날의원,,서울시 강남구 강남대로 476 조은날의원,,화요일 10:30 ~ 20:30 (점심 13:00 ~ 14:00) / 수요일 10:30 ~ 20:30 (점심 13:00 ~ 14:00) / 목요일 10:30 ~ 20:30 (점심 13:00 ~ 14:00) / 금요일 10:30 ~ 20:30 (점심 13:00 ~ 14:00) / 토요일 10:30 ~ 16:30 / 일요일 휴진,0508-0353-4980
리프팅,레이저리프팅,인모드리프팅,https://www.yeoshin.co.kr/event/mobile/3393,적은 통증으로 효과 있는 인모드,https://d3gurpvil0se70.cloudfront.net/upfiles/images/product/r6W1VbDVEEGgapUxWtAIHHeKPmN9.jpg?q=90&f=webp&w=1024,"#리프팅레이저
#얼굴지방개선
#타이트닝",9.6,후기 311,"297,000원",VAT 포함,"인모드
시술시간
20-30분
마취여부
크림마취
회복시간
7일
시술효과
당일",라클라쎄의원,,서울특별시 강남구 테헤란로 101 (역삼동) 라클라쎄의원,,화요일 10:00 ~ 20:00 (점심 13:00 ~ 14:00) / 수요일 10:00 ~ 20:00 (점심 13:00 ~ 14:00) / 목요일 10:00 ~ 20:00 (점심 13:00 ~ 14:00) / 금요일 10:00 ~ 20:00 (점심 13:00 ~ 14:00) / 토요일 10:00 ~ 16:00 / 일요일 10:00 ~ 16:00,0508-0353-6793
리프팅,레이저리프팅,슈링크유니버스,https://www.yeoshin.co.kr/event/mobile/27323,에르네의원 슈링크유니버스(마취선택),https://d3gurpvil0se70.cloudfront.net/upfiles/images/product/R8ZIHUCzWDA9cMO9x3EkuYISYDC7.jpg?q=90&f=webp&w=1024,"#리프팅레이저
#타이트닝",5,후기 1,"97,900원",VAT 포함,"슈링크유니버스
시술시간
30~40분
마취여부
마취선택 타입
회복시간
약 3일
시술효과
1~2개월",에르네의원,여의사 진료 / 여의사 진료 / 영어 응대 / 영어 응대 / 중국어 응대 / 중국어 응대 / 일본어 응대 / 일본어 응대,서울시 서초구 서초대로 77길 59 에르네의원,,화요일 10:00 ~ 21:00 / 수요일 10:00 ~ 21:00 / 목요일 10:00 ~ 21:00 / 금요일 10:00 ~ 21:00 / 토요일 10:00 ~ 17:00 / 일요일 10:00 ~ 17:00,0508-0354-2964
리프팅,레이저리프팅,슈링크유니버스,https://www.yeoshin.co.kr/event/mobile/21911,인천 구월동 슈링크유니버스 100샷,https://d3gurpvil0se70.cloudfront.net/upfiles/images/product/hxpp1VrP9VcUUXBxManAoruKAN3A.png?q=90&f=webp&w=1024,"#리프팅레이저
#타이트닝",9.7,후기 18,"42,900원",VAT 포함,"슈링크유니버스
시술시간
30~40분
마취여부
크림마취
회복시간
약 3일
시술효과
1~2개월",닥터쁘띠의원(인천구월점),여의사 진료 / 여의사 진료 / 사후관리 / 사후관리,인천광역시 남동구 예술로 126 (구월동) 3층,"크림마취
비수면 무통마취
국소마취",화요일 10:30 ~ 20:30 / 수요일 10:30 ~ 20:30 / 목요일 10:30 ~ 20:30 / 금요일 10:30 ~ 20:30 / 토요일 10:30 ~ 17:00 / 일요일 10:30 ~ 17:00,0508-0353-0764
리프팅,레이저리프팅,슈링크유니버스,https://www.yeoshin.co.kr/event/mobile/27333,피부 탄력 UP! 슈링크 유니버스,https://d3gurpvil0se70.cloudfront.net/upfiles/images/product/J00qp9gpV4wIjtyjKGUnytR3jok8.jpg?q=90&f=webp&w=1024,"#리프팅레이저
#타이트닝",7.5,후기 4,"38,500원",VAT 포함,"슈링크유니버스
시술시간
30~40분
마취여부
크림마취
회복시간
약 3일
시술효과
1~2개월",유앤아이의원(창동점),,서울특별시 도봉구 마들로11길 51 (창동) 4층,크림마취,화요일 10:00 ~ 20:30 / 수요일 10:00 ~ 20:30 / 목요일 10:00 ~ 20:30 / 금요일 10:00 ~ 20:30 / 토요일 10:00 ~ 16:00 / 일요일 10:00 ~ 16:00,050803543360
리프팅,레이저리프팅,슈링크유니버스,https://www.yeoshin.co.kr/event/mobile/23081,"탄력UP, 처짐DOWN 슈링크유니버스",https://d3gurpvil0se70.cloudfront.net/upfiles/images/product/idWaiOAvulc5Unqd6AAjNayKp918.png?q=90&f=webp&w=1024,"#리프팅레이저
#타이트닝",9.7,후기 22,"108,900원",VAT 포함,"슈링크유니버스
시술시간
30~40분
마취여부
마취없음
회복시간
약 3일
시술효과
1~2개월",뷰티블라썸의원,여의사 진료 / 여의사 진료 / 사후관리 / 사후관리 / 영어 응대 / 영어 응대 / 중국어 응대 / 중국어 응대 / 일본어 응대 / 일본어 응대,"서울특별시 마포구 양화로 66 (서교동) 5층,6층",,화요일 10:00 ~ 20:00 / 수요일 10:00 ~ 20:00 / 목요일 10:00 ~ 20:00 / 금요일 10:00 ~ 20:00 / 토요일 10:00 ~ 16:30 / 일요일 10:00 ~ 16:30 / 대체 공휴일 진료,0508-0353-9342
리프팅,레이저리프팅,슈링크유니버스,https://www.yeoshin.co.kr/event/mobile/18785,슈링크 유니버스 300샷,https://d3gurpvil0se70.cloudfront.net/upfiles/images/product/CnQtIgNH7MSlHKhqp355qfVCrSr2.jpg?q=90&f=webp&w=1024,"#리프팅레이저
#타이트닝",9.7,후기 35,"99,000원",VAT 포함,"슈링크유니버스
시술시간
15분
마취여부
선택
회복시간
당일
시술효과
-",뷰티앤디지털치과병원,전문의 9명 / 전문의 9명 / 피부진단기 F-RAY 촬영 > / 피부진단기 F-RAY 촬영 > / 피부진단기 F-RAY 촬영 >,"경기도 파주시 경의로1240번길 19 (와동동) 월드타워15차 7층, 8층",,화요일 10:00 ~ 20:00 / 수요일 10:00 ~ 20:00 / 목요일 10:00 ~ 20:00 / 금요일 10:00 ~ 18:00 / 토요일 10:00 ~ 16:00 / 일요일 휴진 / 월~금 점심시간은 2시~3시 입니다,0508-0353-9799
리프팅,레이저리프팅,슈링크유니버스,https://www.yeoshin.co.kr/event/mobile/16991,슈링크 유니버스 100샷,https://d3gurpvil0se70.cloudfront.net/upfiles/images/product/ZosaOLtxEAEs45zalGjVeJ7pPzF7.jpg?q=90&f=webp&w=1024,"#리프팅레이저
#타이트닝",9.1,후기 84,"31,900원",VAT 포함,"슈링크유니버스
시술시간
30~40분
마취여부
크림마취
회복시간
3일
시술효과
1~2달 후",롤리팝성형외과의원,전문의 6명 / 전문의 6명 / 여의사 진료 / 여의사 진료 / 수술실 CCTV / 수술실 CCTV / 영어 응대 / 영어 응대 / 일본어 응대 / 일본어 응대 / 피부진단기 F-RAY 촬영 > / 피부진단기 F-RAY 촬영 > / 피부진단기 F-RAY 촬영 >,서울특별시 강남구 도산대로 119 (신사동) 2층,"크림마취
수면마취
국소마취",화요일 10:00 ~ 19:00 / 수요일 10:00 ~ 19:00 / 목요일 10:00 ~ 19:00 / 금요일 10:00 ~ 19:00 / 토요일 10:00 ~ 19:00 / 일요일 13:00 ~ 19:00,0508-0353-5502
리프팅,레이저리프팅,슈링크유니버스,https://www.yeoshin.co.kr/event/mobile/22020,슈링크 유니버스 300샷,https://d3gurpvil0se70.cloudfront.net/upfiles/images/product/GB6UMhjLDEs2nBwDFq8CAA1SmteA.jpg?q=90&f=webp&w=1024,"#리프팅레이저
#타이트닝",,,"155,000원",VAT 포함,"슈링크유니버스
시술시간
30~40분
마취여부
크림마취
회복시간
약 3일
시술효과
1~2개월",비올라셀성형외과,전문의 1명 / 전문의 1명 / 수술실 CCTV / 수술실 CCTV / 전담회복실 / 전담회복실 / 사후관리 / 사후관리 / 피부진단기 F-RAY 촬영 > / 피부진단기 F-RAY 촬영 > / 피부진단기 F-RAY 촬영 >,서울특별시 강남구 도산대로 138 (논현동) 3층,"크림마취
수면마취
비수면 무통마취
국소마취",화요일 10:00 ~ 19:00 / 수요일 10:00 ~ 19:00 / 목요일 10:00 ~ 19:00 / 금요일 10:00 ~ 21:00 / 토요일 10:00 ~ 17:00 / 일요일 휴진,0508-0353-4553
리프팅,레이저리프팅,슈링크유니버스,https://www.yeoshin.co.kr/event/mobile/21214,슈링크 유니버스 리프팅,https://d3gurpvil0se70.cloudfront.net/upfiles/images/product/atSxg5vKKXCn7hXqs95KKaA09XO4.jpg?q=90&f=webp&w=1024,"#리프팅레이저
#타이트닝",9.5,후기 2,"165,000원",VAT 포함,"슈링크유니버스
시술시간
30~40분
마취여부
크림마취
회복시간
약 3일
시술효과
1~2개월",가산시그니처정형외과의원,전문의 1명 / 전문의 1명 / 분야별 협진 / 분야별 협진 / 전담회복실 / 전담회복실,서울특별시 금천구 가산디지털2로 144 (가산동) 현대테라타워 가산DK 2층 가산시그니처정형외과의원,"크림마취
수면마취
비수면 무통마취
국소마취",화요일 09:00 ~ 20:00 (점심 14:00 ~ 15:00) / 수요일 09:00 ~ 20:00 (점심 14:00 ~ 15:00) / 목요일 09:00 ~ 20:00 (점심 14:00 ~ 15:00) / 금요일 09:00 ~ 20:00 (점심 14:00 ~ 15:00) / 토요일 09:00 ~ 14:00 / 일요일 휴진,0508-0353-8080
리프팅,레이저리프팅,슈링크유니버스,https://www.yeoshin.co.kr/event/mobile/26101,365드림치과병원 슈링크유니버스 출시이벤트,https://d3gurpvil0se70.cloudfront.net/upfiles/images/product/ZvutrAlahyaUdDqQrVXgb2CCsKB.jpg?q=90&f=webp&w=1024,"#리프팅레이저
#타이트닝",,,"110,000원",VAT 포함,"슈링크유니버스
시술시간
30~40분
마취여부
크림마취
회복시간
약 3일
시술효과
1~2개월",365드림치과병원,전문의 6명 / 전문의 6명 / 여의사 진료 / 여의사 진료 / 분야별 협진 / 분야별 협진 / 전담회복실 / 전담회복실,부산광역시 수영구 연수로 408 (광안동) 365드림치과병원 7~12층,"가글마취
수면마취
비수면 무통마취
국소마취",화요일 09:30 ~ 21:00 (점심 12:30 ~ 14:00) / 수요일 09:30 ~ 21:00 (점심 12:30 ~ 14:00) / 목요일 09:30 ~ 21:00 (점심 12:30 ~ 14:00) / 금요일 09:30 ~ 21:00 (점심 12:30 ~ 14:00) / 토요일 09:30 ~ 17:00 (점심 12:30 ~ 13:30) / 일요일 09:30 ~ 17:00 (점심 12:30 ~ 13:30),050803531445
리프팅,레이저리프팅,슈링크유니버스,https://www.yeoshin.co.kr/event/mobile/4385,"탄력UP, 슈링크 유니버스",https://d3gurpvil0se70.cloudfront.net/upfiles/images/product/dHYsT1Wci6U1Wy86kk1DY2818fy2.png?q=90&f=webp&w=1024,"#리프팅레이저
#타이트닝",9.7,후기 19,"38,500원",VAT 포함,"슈링크유니버스
시술시간
30~40분
마취여부
크림마취
회복시간
3일
시술효과
1~2달 후",유앤아이의원(일산점),,경기도 고양시 일산동구 중앙로1275번길 38-5 유앤아이의원(일산점),,화요일 10:00 ~ 20:30 (점심 13:00 ~ 14:00) / 수요일 10:00 ~ 20:30 (점심 13:00 ~ 14:00) / 목요일 10:00 ~ 20:30 (점심 13:00 ~ 14:00) / 금요일 10:00 ~ 20:30 (점심 13:00 ~ 14:00) / 토요일 10:00 ~ 16:00 / 일요일 휴진,0508-0354-0852
리프팅,레이저리프팅,슈링크유니버스,https://www.yeoshin.co.kr/event/mobile/27593,슈링크유니버스 300샷,https://d3gurpvil0se70.cloudfront.net/upfiles/images/product/IJllSfa0KmKRJgQBKaypSN5CZ5Q9.jpg?q=90&f=webp&w=1024,"#리프팅레이저
#타이트닝",,,"163,900원",VAT 포함,"슈링크유니버스
시술시간
30~40분
마취여부
크림마취
회복시간
약 3일
시술효과
1~2개월",리베리의원(마포점),사후관리 / 사후관리,서울특별시 마포구 월드컵로 200 (성산동) SJ라벨라 11층,"크림마취
국소마취",화요일 10:30 ~ 20:30 (점심 14:00 ~ 15:00) / 수요일 10:30 ~ 20:30 (점심 14:00 ~ 15:00) / 목요일 10:30 ~ 20:30 (점심 14:00 ~ 15:00) / 금요일 10:30 ~ 20:30 (점심 14:00 ~ 15:00) / 토요일 10:30 ~ 15:30 / 일요일 휴진,"서울특별시 마포구 월드컵로 200, 11층 1101,1102호(성산동, SJ라벨라 상암)"
리프팅,레이저리프팅,슈링크유니버스,https://www.yeoshin.co.kr/event/mobile/27519,"퀵리프팅 통증DOWN, 슈링크 유니버스",https://d3gurpvil0se70.cloudfront.net/upfiles/images/product/iw7qlu0P0tiJYeI8u02pszJ6Vdq7.jpg?q=90&f=webp&w=1024,"#리프팅레이저
#타이트닝",,,"50,000원",VAT 포함,"슈링크유니버스
시술시간
10~20분
마취여부
크림마취
회복시간
약 3일
시술효과
1~3개월",아이맘한의원,기본 입원실 / 기본 입원실 / 환자전용숙소 / 환자전용숙소 / 전담회복실 / 전담회복실 / 사후관리 / 사후관리 / 피부진단기 F-RAY 촬영 > / 피부진단기 F-RAY 촬영 > / 피부진단기 F-RAY 촬영 >,경상남도 창원시 진해구 진해대로 752 (석동) 롯데시네마 2층,크림마취,화요일 10:00 ~ 20:00 (점심 12:30 ~ 14:00) / 수요일 10:00 ~ 20:00 (점심 12:30 ~ 14:00) / 목요일 10:00 ~ 20:00 (점심 12:30 ~ 14:00) / 금요일 10:00 ~ 20:00 (점심 12:30 ~ 14:00) / 토요일 10:00 ~ 15:00 / 일요일 휴진 / 공휴일 진료합니다.,0508-0354-2525
리프팅,레이저리프팅,슈링크유니버스,https://www.yeoshin.co.kr/event/mobile/25186,슈링크 유니버스 100샷,https://d3gurpvil0se70.cloudfront.net/upfiles/images/product/QWq2Mih399Qu35hiBay5nimC7w75.jpg?q=90&f=webp&w=1024,"#리프팅레이저
#타이트닝",,,"99,000원",VAT 포함,"슈링크유니버스
시술시간
30~40분
마취여부
크림마취
회복시간
약 3일
시술효과
1~2개월",더올림성형외과의원,전문의 1명 / 전문의 1명 / 여의사 진료 / 여의사 진료 / 사후관리 / 사후관리,대구광역시 중구 달구벌대로 2095 (덕산동) 삼성생명 3층 더올림성형외과의원,"크림마취
수면마취",화요일 10:00 ~ 19:00 / 수요일 10:00 ~ 19:00 / 목요일 10:00 ~ 19:00 / 금요일 10:00 ~ 19:00 / 토요일 10:00 ~ 16:00 / 일요일 휴진,050803531308
리프팅,레이저리프팅,슈링크유니버스,https://www.yeoshin.co.kr/event/mobile/17375,블리비 슈링크 유니버스 리프팅,https://d3gurpvil0se70.cloudfront.net/upfiles/images/product/MZzCd1YqgdLqpkc8WvGC17BagIc1.jpg?q=90&f=webp&w=1024,"#리프팅레이저
#타이트닝",8.7,후기 7,"38,500원",VAT 포함,"슈링크유니버스
시술시간
30~40분
마취여부
크림마취
회복시간
약 3일
시술효과
1~2개월",블리비의원(명동점),,서울특별시 중구 남대문로 84 (남대문로2가) 하이드파크 6층,,화요일 10:30 ~ 20:30 (점심 14:00 ~ 15:00) / 수요일 10:30 ~ 20:30 (점심 14:00 ~ 15:00) / 목요일 10:30 ~ 20:30 (점심 14:00 ~ 15:00) / 금요일 10:30 ~ 20:30 (점심 14:00 ~ 15:00) / 토요일 10:00 ~ 16:30 / 일요일 휴진,0508-0354-2895
리프팅,레이저리프팅,슈링크유니버스,https://www.yeoshin.co.kr/event/mobile/17290,블리비 슈링크 유니버스 리프팅,https://d3gurpvil0se70.cloudfront.net/upfiles/images/product/ycD8domQPzB9Q4lv0cDSLx0xT1F5.jpg?q=90&f=webp&w=1024,"#리프팅레이저
#타이트닝",9.5,후기 6,"38,500원",VAT 포함,"슈링크유니버스
시술시간
30~40분
마취여부
크림마취
회복시간
약 3일
시술효과
1~2개월",블리비의원(발산점),,"서울특별시 강서구 강서로 395 (마곡동) 3층(마곡동, 플레이스H)",,화요일 10:30 ~ 20:30 (점심 14:00 ~ 15:00) / 수요일 10:30 ~ 20:30 (점심 14:00 ~ 15:00) / 목요일 10:30 ~ 20:30 (점심 14:00 ~ 15:00) / 금요일 10:30 ~ 20:30 (점심 14:00 ~ 15:00) / 토요일 10:00 ~ 16:30 / 일요일 휴진 / 토요일 점심시간 없이 진료 일요일 / 공휴일 휴무,0508-0354-2882
리프팅,레이저리프팅,슈링크유니버스,https://www.yeoshin.co.kr/event/mobile/10398,반하는 마취포함 슈링크유니버스,https://d3gurpvil0se70.cloudfront.net/upfiles/images/product/1Vil6OydIA5ojMCUwxQSVVkKB5w5.jpg?q=90&f=webp&w=1024,"#리프팅레이저
#타이트닝",,,"165,000원",VAT 포함,"슈링크유니버스
시술시간
30~40분
마취여부
크림마취
회복시간
약 3일
시술효과
1~2개월",반하다의원,수술실 CCTV / 수술실 CCTV / 응급처치 시스템 / 응급처치 시스템 / 기본 입원실 / 기본 입원실 / 사후관리 / 사후관리,"서울 강남구 논현로 822 3층(신사동, 로뎀빌딩)",,화요일 10:00 ~ 19:00 (점심 13:00 ~ 14:00) / 수요일 10:00 ~ 19:00 (점심 13:00 ~ 14:00) / 목요일 10:00 ~ 19:00 (점심 13:00 ~ 14:00) / 금요일 10:00 ~ 19:00 (점심 13:00 ~ 14:00) / 토요일 10:00 ~ 16:00 (점심 13:00 ~ 14:00) / 일요일 휴진 / 공휴일 진료시간 : 10시~7시 (유동적/ 점심시간 동일),0508-0353-3640
리프팅,레이저리프팅,슈링크유니버스,https://www.yeoshin.co.kr/event/mobile/9811,신사역 슈링크 유니버스 리프팅,https://d3gurpvil0se70.cloudfront.net/upfiles/images/product/HSxlcnEK8QNsmEOJFxajq84Khhb3.png?q=90&f=webp&w=1024,"#리프팅레이저
#타이트닝",9.4,후기 87,"55,000원",VAT 포함,"슈링크유니버스
시술시간
30~40분
마취여부
크림마취
회복시간
3일
시술효과
1~2달 후",신사에그의원,여의사 진료 / 여의사 진료 / 영어 응대 / 영어 응대 / 중국어 응대 / 중국어 응대 / 일본어 응대 / 일본어 응대,서울특별시 서초구 강남대로 613 (잠원동) 성락빌딩 5~7층,"크림마취
수면마취
국소마취",화요일 11:00 ~ 20:30 (점심 14:00 ~ 15:00) / 수요일 11:00 ~ 20:30 (점심 14:00 ~ 15:00) / 목요일 11:00 ~ 20:30 (점심 14:00 ~ 15:00) / 금요일 11:00 ~ 20:30 (점심 14:00 ~ 15:00) / 토요일 11:00 ~ 17:00 / 일요일 11:00 ~ 17:00,0508-0353-5368
리프팅,레이저리프팅,슈링크유니버스,https://www.yeoshin.co.kr/event/mobile/8651,"더 강력해진, 슈링크 유니버스",https://d3gurpvil0se70.cloudfront.net/upfiles/images/product/WvvjAMc3nQhXbgVQoxWQZJUhU12A.jpg?q=90&f=webp&w=1024,"#리프팅레이저
#타이트닝",8.9,후기 37,"53,900원",VAT 포함,"슈링크유니버스
시술시간
30분
마취여부
냉각마취
회복시간
3일
시술효과
1~2달 후",유앤아이의원(수원점),전문의 1명 / 전문의 1명 / 영어 응대 / 영어 응대 / 중국어 응대 / 중국어 응대,경기도 수원시 팔달구 효원로 265번길 54 유앤아이의원(수원점),,화요일 10:00 ~ 20:30 / 수요일 10:00 ~ 20:30 / 목요일 10:00 ~ 20:30 / 금요일 10:00 ~ 20:30 / 토요일 휴진 / 일요일 휴진,0508-0354-0319
리프팅,레이저리프팅,슈링크유니버스,https://www.yeoshin.co.kr/event/mobile/3722,뉴엘라인의 특별한 슈링크유니버스,https://d3gurpvil0se70.cloudfront.net/upfiles/images/product/wpe83eE15sgdpbjSsVkSTNZAaV01.jpg?q=90&f=webp&w=1024,"#리프팅레이저
#타이트닝",9.8,후기 12,"53,900원",VAT 포함,"슈링크유니버스
시술시간
30~40분
마취여부
크림마취
회복시간
3일
시술효과
1~2달 후",뉴엘라인의원,전문의 1명 / 전문의 1명 / 여의사 진료 / 여의사 진료 / 마취과의 진료 / 마취과의 진료 / 수술실 CCTV / 수술실 CCTV,서울특별시 성동구 상원길 26 (성수동1가) 뉴엘라인의원,"크림마취
수면마취",화요일 11:00 ~ 20:00 (점심 14:00 ~ 15:00) / 수요일 11:00 ~ 20:00 (점심 14:00 ~ 15:00) / 목요일 11:00 ~ 20:00 (점심 14:00 ~ 15:00) / 금요일 11:00 ~ 21:00 (점심 14:00 ~ 15:00) / 토요일 11:00 ~ 16:00 / 일요일 휴진,0508-0353-1719
리프팅,레이저리프팅,슈링크유니버스,https://www.yeoshin.co.kr/event/mobile/650,슈링크유니버스&파워윤곽주사,https://d3gurpvil0se70.cloudfront.net/upfiles/images/product/ZXNUAgg19lNdLdAIpMZCzlq27Q18.jpg?q=90&f=webp&w=1024,"#리프팅레이저
#타이트닝",9.2,후기 25,"79,000원",VAT 포함,"슈링크유니버스
시술시간
30~40분
마취여부
크림마취
회복시간
약 3일
시술효과
1~2개월",제이필의원(강남점),영어 응대 / 영어 응대 / 중국어 응대 / 중국어 응대 / 일본어 응대 / 일본어 응대,서울특별시 강남구 강남대로 438 (역삼동) 스타플렉스 B1,,화요일 10:00 ~ 20:00 / 수요일 10:00 ~ 20:00 / 목요일 10:00 ~ 20:00 / 금요일 10:00 ~ 20:00 / 토요일 10:00 ~ 17:00 / 일요일 휴진,0508-0353-4730
리프팅,레이저리프팅,슈링크유니버스,https://www.yeoshin.co.kr/event/mobile/26637,슈링크유니버스&파워윤곽주사,https://d3gurpvil0se70.cloudfront.net/upfiles/images/product/JMxjwhBTlRVvALLslrFidlk9q4N7.jpg?q=90&f=webp&w=1024,"#리프팅레이저
#타이트닝",10,후기 1,"79,000원",VAT 포함,"슈링크유니버스
시술시간
30~40분
마취여부
크림마취
회복시간
약 3일
시술효과
1~2개월",제이필의원(홍대점),전문의 1명 / 전문의 1명 / 여의사 진료 / 여의사 진료 / 수술실 CCTV / 수술실 CCTV / 분야별 협진 / 분야별 협진 / 사후관리 / 사후관리,서울특별시 마포구 양화로 166 (동교동) 제이필의원,"크림마취
수면마취
비수면 무통마취",화요일 10:00 ~ 20:00 / 수요일 10:00 ~ 20:00 / 목요일 10:00 ~ 20:00 / 금요일 10:00 ~ 20:00 / 토요일 10:00 ~ 17:00 / 일요일 휴진,050803543270
리프팅,레이저리프팅,슈링크유니버스,https://www.yeoshin.co.kr/event/mobile/9054,슈링크유니버스로 강력한 리프팅,https://d3gurpvil0se70.cloudfront.net/upfiles/images/product/fdnJpWmTDF5686BeNFsz2imSBCqA.jpg?q=90&f=webp&w=1024,"#리프팅레이저
#타이트닝",9.9,후기 10,"55,000원",VAT 포함,"슈링크유니버스
시술시간
30분
마취여부
냉각마취
회복시간
3일
시술효과
1~2달 후",제이필의원(강남점),영어 응대 / 영어 응대 / 중국어 응대 / 중국어 응대 / 일본어 응대 / 일본어 응대,서울특별시 강남구 강남대로 438 (역삼동) 스타플렉스 B1,,화요일 10:00 ~ 20:00 / 수요일 10:00 ~ 20:00 / 목요일 10:00 ~ 20:00 / 금요일 10:00 ~ 20:00 / 토요일 10:00 ~ 17:00 / 일요일 휴진,0508-0353-4730
리프팅,레이저리프팅,슈링크유니버스,https://www.yeoshin.co.kr/event/mobile/27046,완벽V라인 슈링크 유니버스,https://d3gurpvil0se70.cloudfront.net/upfiles/images/product/US82hB6t7703ZDeZe2Nm6f0T8YR9.jpg?q=90&f=webp&w=1024,"#리프팅레이저
#타이트닝",,,"75,900원",VAT 포함,"슈링크유니버스
시술시간
30~40분
마취여부
크림마취
회복시간
약 3일
시술효과
1~2개월",샤인빔의원(송도점),여의사 진료 / 여의사 진료 / 영어 응대 / 영어 응대 / 일본어 응대 / 일본어 응대,"인천광역시 연수구 인천타워대로197번길 16 (송도동) 리치센트럴 3층 323, 324, 325호","크림마취
수면마취
비수면 무통마취",화요일 10:00 ~ 20:00 / 수요일 10:00 ~ 20:00 / 목요일 10:00 ~ 20:00 / 금요일 10:00 ~ 20:00 / 토요일 10:00 ~ 16:00 / 일요일 휴진,"인천광역시 연수구 인천타워대로 197번길 16, 3층 323,324, 325호(송 도동, 리치센트럴)"
리프팅,레이저리프팅,슈링크유니버스,https://www.yeoshin.co.kr/event/mobile/15878,1인 대표원장 1:1 리프팅 슈링크유니버스,https://d3gurpvil0se70.cloudfront.net/upfiles/images/product/844ez73Tt4rQfG6lWROe7bBiHWR1.jpg?q=90&f=webp&w=1024,"#리프팅레이저
#타이트닝",9.7,후기 3,"110,000원",VAT 포함,"슈링크유니버스
시술시간
30~40분
마취여부
크림마취
회복시간
3일
시술효과
1~2달 후",송도비앤미의원,전문의 1명 / 전문의 1명 / 분야별 협진 / 분야별 협진 / 기본 입원실 / 기본 입원실 / 전담회복실 / 전담회복실 / 사후관리 / 사후관리,인천광역시 연수구 센트럴로 160 송도비앤미의원,"크림마취
수면마취
비수면 무통마취
국소마취",화요일 10:00 ~ 21:00 (점심 13:00 ~ 14:00) / 수요일 10:00 ~ 19:00 (점심 13:00 ~ 14:00) / 목요일 10:00 ~ 21:00 (점심 13:00 ~ 14:00) / 금요일 10:00 ~ 19:00 (점심 13:00 ~ 14:00) / 토요일 09:00 ~ 16:00 (점심 12:00 ~ 13:00) / 일요일 휴진,0508-0354-1703
리프팅,레이저리프팅,슈링크유니버스,https://www.yeoshin.co.kr/event/mobile/26672,슈링크유니버스로 강력한 리프팅,https://d3gurpvil0se70.cloudfront.net/upfiles/images/product/pRsd3iY830xC1IDTsU32SVGthAG9.jpg?q=90&f=webp&w=1024,"#리프팅레이저
#타이트닝",,,"55,000원",VAT 포함,"슈링크유니버스
시술시간
30분
마취여부
냉각마취
회복시간
3일
시술효과
1~2달 후",제이필의원(홍대점),전문의 1명 / 전문의 1명 / 여의사 진료 / 여의사 진료 / 수술실 CCTV / 수술실 CCTV / 분야별 협진 / 분야별 협진 / 사후관리 / 사후관리,서울특별시 마포구 양화로 166 (동교동) 제이필의원,"크림마취
수면마취
비수면 무통마취",화요일 10:00 ~ 20:00 / 수요일 10:00 ~ 20:00 / 목요일 10:00 ~ 20:00 / 금요일 10:00 ~ 20:00 / 토요일 10:00 ~ 17:00 / 일요일 휴진,050803543270
리프팅,레이저리프팅,슈링크유니버스,https://www.yeoshin.co.kr/event/mobile/21732,피부속 탄력 UP 슈링크로 디텔일하게 당기자,https://d3gurpvil0se70.cloudfront.net/upfiles/images/product/wao9AqEwBA2jJ0E1niRtOCiCj0r.jpg?q=90&f=webp&w=1024,"#리프팅레이저
#타이트닝",,,"165,000원",VAT 포함,"슈링크유니버스
시술시간
30~40분
마취여부
크림마취
회복시간
약 3일
시술효과
1~2개월",고든몸한의원(하단점),기본 입원실 / 기본 입원실 / 사후관리 / 사후관리,부산광역시 사하구 낙동대로 450 (당리동) 3층,"크림마취
비수면 무통마취
국소마취",화요일 09:30 ~ 20:00 (점심 13:00 ~ 14:00) / 수요일 09:30 ~ 20:00 (점심 13:00 ~ 14:00) / 목요일 09:30 ~ 20:00 (점심 13:00 ~ 14:00) / 금요일 09:30 ~ 20:00 (점심 13:00 ~ 14:00) / 토요일 09:30 ~ 15:00 / 일요일 휴진 / 공휴일 - 오전9:30분 ~ 오후 3시 까지,0508-0353-0935
리프팅,레이저리프팅,슈링크유니버스,https://www.yeoshin.co.kr/event/mobile/21250,[플래티넘] 슈링크 유니버스 이벤트,https://d3gurpvil0se70.cloudfront.net/upfiles/images/product/r061lRuPRlEmmqkYC2CJi7kioVi1.jpg?q=90&f=webp&w=1024,"#리프팅레이저
#타이트닝",9,후기 65,"90,000원",VAT 포함,"슈링크유니버스
시술시간
30~40분
마취여부
크림마취
회복시간
약 3일
시술효과
1~2개월",플래티넘의원,,"서울특별시 서초구 강남대로 589 (잠원동) 5층 (잠원동, 멀버리힐스 메디컬타워)","크림마취
비수면 무통마취","화요일 10:00 ~ 19:00 (점심 13:00 ~ 14:00) / 수요일 10:00 ~ 19:00 (점심 13:00 ~ 14:00) / 목요일 10:00 ~ 19:00 (점심 13:00 ~ 14:00) / 금요일 10:00 ~ 19:00 (점심 13:00 ~ 14:00) / 토요일 10:00 ~ 16:00 (점심 13:00 ~ 14:00) / 일요일 휴진 / 매주 수요일, 일요일 휴진입니다.",0508-0353-4211
리프팅,레이저리프팅,슈링크유니버스,https://www.yeoshin.co.kr/event/mobile/16759,슈링크 유니버스 300샷,https://d3gurpvil0se70.cloudfront.net/upfiles/images/product/C6VQ2XKcigfit72exw5V6ZFgvJi8.jpg?q=90&f=webp&w=1024,"#리프팅레이저
#타이트닝",9.2,후기 26,"75,900원",VAT 포함,"슈링크유니버스
시술시간
30~40분
마취여부
크림마취
회복시간
3일
시술효과
1~2달 후",유앤아이의원(대전점),,대전광역시 서구 대덕대로 189 (둔산동) 5~6층,,화요일 10:30 ~ 20:30 / 수요일 10:30 ~ 20:30 / 목요일 10:30 ~ 20:30 / 금요일 10:30 ~ 20:30 / 토요일 10:30 ~ 17:00 / 일요일 휴진,0508-0354-1943
리프팅,레이저리프팅,슈링크유니버스,https://www.yeoshin.co.kr/event/mobile/18624,더 강력해진 슈링크 유니버스,https://d3gurpvil0se70.cloudfront.net/upfiles/images/product/KFRt9EQw9nFJdZysKsnAjx3Ma1G.png?q=90&f=webp&w=1024,"#리프팅레이저
#타이트닝",9.7,후기 6,"33,000원",VAT 포함,"슈링크유니버스
시술시간
30~40분
마취여부
마취없음
회복시간
약 3일
시술효과
1~2개월",리엔장의원(목동점),전문의 1명 / 전문의 1명 / 중국어 응대 / 중국어 응대,서울시 양천구 오목로 325 리엔장의원(목동점),,화요일 10:00 ~ 20:00 (점심 13:00 ~ 14:00) / 수요일 10:00 ~ 20:00 (점심 13:00 ~ 14:00) / 목요일 10:00 ~ 20:00 (점심 13:00 ~ 14:00) / 금요일 10:00 ~ 20:00 (점심 13:00 ~ 14:00) / 토요일 09:00 ~ 16:00 / 일요일 휴진,0508-0353-1953
리프팅,레이저리프팅,슈링크유니버스,https://www.yeoshin.co.kr/event/mobile/568,슈링크 유니버스,https://d3gurpvil0se70.cloudfront.net/upfiles/images/product/35812278.jpg?q=90&f=webp&w=1024,"#리프팅레이저
#타이트닝",9.4,후기 30,"42,900원",VAT 포함,"슈링크유니버스
시술시간
20분
마취여부
크림마취
회복시간
3일
시술효과
1~2달 후",다이아의원,영어 응대 / 영어 응대 / 중국어 응대 / 중국어 응대 / 일본어 응대 / 일본어 응대,서울시 서초구 강남대로 411 다이아의원,"크림마취
국소마취",화요일 10:00 ~ 20:00 / 수요일 10:00 ~ 20:00 / 목요일 10:00 ~ 20:00 / 금요일 10:00 ~ 20:00 / 토요일 10:00 ~ 16:00 / 일요일 휴진,0508-0353-7788
리프팅,레이저리프팅,슈링크유니버스,https://www.yeoshin.co.kr/event/mobile/27802,슈링크 유니버스,https://d3gurpvil0se70.cloudfront.net/upfiles/images/product/0z33xERfA3q9bdvqVcKgdOShwtS1.jpg?q=90&f=webp&w=1024,"#리프팅레이저
#타이트닝",,,"130,000원",VAT 포함,"슈링크유니버스
시술시간
30~40분
마취여부
크림마취
회복시간
약 3일
시술효과
1~2개월",위례우주한의원,사후관리 / 사후관리 / 영어 응대 / 영어 응대,경기도 성남시 수정구 위례광장로 19 (창곡동) 아이페리온 409호,"크림마취
국소마취",화요일 10:00 ~ 20:00 (점심 13:00 ~ 14:00) / 수요일 10:00 ~ 20:00 (점심 13:00 ~ 14:00) / 목요일 10:00 ~ 20:00 (점심 13:00 ~ 14:00) / 금요일 10:00 ~ 20:00 (점심 13:00 ~ 14:00) / 토요일 10:00 ~ 15:00 / 일요일 휴진,050803543354
리프팅,레이저리프팅,슈링크유니버스,https://www.yeoshin.co.kr/event/mobile/27357,대구 메이린 슈링크유니버스 300샷,https://d3gurpvil0se70.cloudfront.net/upfiles/images/product/HiiSz7DyH2I0hBebOSFGhFR1uJQ1.jpg?q=90&f=webp&w=1024,"#리프팅레이저
#타이트닝",,,"220,000원",VAT 포함,"슈링크유니버스
시술시간
30~40분
마취여부
크림마취
회복시간
약 3일
시술효과
1~2개월",메이린의원(대구점),여의사 진료 / 여의사 진료 / 수술실 CCTV / 수술실 CCTV / 기본 입원실 / 기본 입원실 / 사후관리 / 사후관리,대구광역시 중구 달구벌대로 2077 (계산동2가) 더현대 대구 6층,"크림마취
수면마취
국소마취",화요일 10:30 ~ 20:00 (점심 13:00 ~ 14:00) / 수요일 10:30 ~ 20:00 (점심 13:00 ~ 14:00) / 목요일 10:30 ~ 20:00 (점심 13:00 ~ 14:00) / 금요일 10:30 ~ 20:30 (점심 13:00 ~ 14:00) / 토요일 10:30 ~ 16:00 (점심 13:00 ~ 14:00) / 일요일 휴진 / 일요일 및 백화점 휴점일 휴진,0508-0353-1086
리프팅,레이저리프팅,슈링크유니버스,https://www.yeoshin.co.kr/event/mobile/25501,슈링크,https://d3gurpvil0se70.cloudfront.net/upfiles/images/product/mrdRrwPFK83TiuueX29LLnAgxse1.jpg?q=90&f=webp&w=1024,"#리프팅레이저
#타이트닝",7.5,후기 2,"31,900원",VAT 포함,"슈링크유니버스
시술시간
30~40분
마취여부
크림마취
회복시간
약 3일
시술효과
1~2개월",예쁨주의쁨의원(천안점),,"충청남도 천안시 동남구 만남로 38 (신부동) 2층(신부동, 도솔빌딩)",,"화요일 10:00 ~ 20:00 (점심 13:00 ~ 14:00) / 수요일 10:00 ~ 20:00 (점심 13:00 ~ 14:00) / 목요일 10:00 ~ 20:00 (점심 13:00 ~ 14:00) / 금요일 10:00 ~ 20:00 (점심 13:00 ~ 14:00) / 토요일 10:00 ~ 17:00 / 일요일 휴진 / 10월 6,7,8일 휴진",050803531349
리프팅,레이저리프팅,슈링크유니버스,https://www.yeoshin.co.kr/event/mobile/11319,슈링크 유니버스,https://d3gurpvil0se70.cloudfront.net/upfiles/images/product/oMlM8vtCXgs4SvdsPSDDKTVpzMsA.png?q=90&f=webp&w=1024,"#리프팅레이저
#타이트닝",9.6,후기 115,"77,000원",VAT 포함,"슈링크유니버스
시술시간
30~40분
마취여부
크림마취
회복시간
약 3일
시술효과
1~2개월",지우의원,전문의 1명 / 전문의 1명 / 여의사 진료 / 여의사 진료 / 중국어 응대 / 중국어 응대 / 일본어 응대 / 일본어 응대,"서울시 강남구 테헤란로 107, 메디타워 14층 지우의원",,화요일 10:00 ~ 19:00 (점심 13:30 ~ 14:30) / 수요일 10:00 ~ 19:00 (점심 13:00 ~ 14:30) / 목요일 10:00 ~ 19:00 (점심 13:30 ~ 14:30) / 금요일 10:00 ~ 20:00 (점심 13:30 ~ 14:30) / 토요일 09:30 ~ 16:30 / 일요일 휴진,0508-0353-6852
리프팅,레이저리프팅,슈링크유니버스,https://www.yeoshin.co.kr/event/mobile/23805,슈링크유니버스+리브이,https://d3gurpvil0se70.cloudfront.net/upfiles/images/product/uZj0YathQBgnhKeaBV3eWNed3gA2.jpg?q=90&f=webp&w=1024,"#리프팅레이저
#타이트닝",,,"165,000원",VAT 포함,"슈링크유니버스
시술시간
30~40분
마취여부
크림마취
회복시간
약 3일
시술효과
1~2개월",블랑여성의원,전문의 1명 / 전문의 1명,광주광역시 북구 우치로 62 4층 (중흥동),크림마취,"화요일 15:00 ~ 20:00 / 수요일 09:30 ~ 18:30 (점심 12:30 ~ 13:30) / 목요일 09:30 ~ 18:30 (점심 12:30 ~ 13:30) / 금요일 09:30 ~ 18:30 (점심 12:30 ~ 13:30) / 토요일 09:30 ~ 13:00 / 일요일 휴진 / 토요일, 공휴일: 9:30~1:00",0508-0354-8910
리프팅,레이저리프팅,슈링크유니버스,https://www.yeoshin.co.kr/event/mobile/19012,대표원장 슈링크 유니버스 300샷,https://d3gurpvil0se70.cloudfront.net/upfiles/images/product/Y0vg2jgvbdCtIfuBtlLSTgdDaFQ6.jpg?q=90&f=webp&w=1024,"#리프팅레이저
#타이트닝",9.5,후기 354,"98,000원",VAT 포함,"슈링크유니버스
시술시간
30~40분
마취여부
크림마취
회복시간
약 3일
시술효과
1~2개월",올핏의원,,서울특별시 강남구 강남대로 596 (논현동) 극동빌딩 6층 602호,"크림마취
수면마취
국소마취",화요일 11:00 ~ 20:00 (점심 14:00 ~ 15:00) / 수요일 11:00 ~ 20:00 (점심 14:00 ~ 15:00) / 목요일 휴진 / 금요일 11:00 ~ 20:00 (점심 14:00 ~ 15:00) / 토요일 11:00 ~ 17:00 / 일요일 휴진,0508-0353-5021
리프팅,레이저리프팅,슈링크유니버스,https://www.yeoshin.co.kr/event/mobile/25160,슈링크유니버스 300샷(대표원장 시술),https://d3gurpvil0se70.cloudfront.net/upfiles/images/product/j0eGmmKHhrf9RzGteWZPtuKJ3NE2.jpg?q=90&f=webp&w=1024,"#리프팅레이저
#타이트닝",8.7,후기 3,"99,000원",VAT 포함,"슈링크유니버스
시술시간
30~40분
마취여부
없음
회복시간
약 3일
시술효과
1~2개월",더리즈의원(강남),전문의 1명 / 전문의 1명 / 여의사 진료 / 여의사 진료 / 수술실 CCTV / 수술실 CCTV / 사후관리 / 사후관리 / 피부진단기 F-RAY 촬영 > / 피부진단기 F-RAY 촬영 > / 피부진단기 F-RAY 촬영 >,서울특별시 강남구 테헤란로 337 (역삼동) 11층,"크림마취
수면마취
국소마취",화요일 10:00 ~ 19:00 (점심 13:00 ~ 14:00) / 수요일 휴진 / 목요일 10:00 ~ 19:00 (점심 13:00 ~ 14:00) / 금요일 10:00 ~ 20:00 (점심 13:00 ~ 14:00) / 토요일 10:00 ~ 16:00 / 일요일 휴진,050803531297
리프팅,레이저리프팅,슈링크유니버스,https://www.yeoshin.co.kr/event/mobile/1718,WOOA 슈링크유니버스,https://d3gurpvil0se70.cloudfront.net/upfiles/images/product/5mhorKfH4eDary5gmpCIWG9imN73.jpg?q=90&f=webp&w=1024,"#리프팅레이저
#타이트닝",9.7,후기 49,"66,000원",VAT 포함,"슈링크유니버스
시술시간
30분
마취여부
냉각마취
회복시간
3일
시술효과
1~2달 후",우아성형외과의원,전문의 7명 / 전문의 7명 / 여의사 진료 / 여의사 진료 / 마취과의 진료 / 마취과의 진료 / 수술실 CCTV / 수술실 CCTV / 응급처치 시스템 / 응급처치 시스템 / 분야별 협진 / 분야별 협진 / 기본 입원실 / 기본 입원실 / 전담회복실 / 전담회복실 / 사후관리 / 사후관리 / 영어 응대 / 영어 응대 / 중국어 응대 / 중국어 응대 / 일본어 응대 / 일본어 응대,"서울특별시 강남구 강남대로 492 (논현동) 지하 1층, 3층, 4층, 5층, 6층, 10층,12층 각 전체(논현동, HM타워)","크림마취
수면마취
전신마취
국소마취",화요일 10:00 ~ 19:00 / 수요일 10:00 ~ 19:00 / 목요일 10:00 ~ 19:00 / 금요일 10:00 ~ 20:30 / 토요일 10:00 ~ 17:00 / 일요일 휴진,0508-0353-5445
리프팅,레이저리프팅,슈링크유니버스,https://www.yeoshin.co.kr/event/mobile/26294,대구 슈링크유니버스+조각주사,https://d3gurpvil0se70.cloudfront.net/upfiles/images/product/kAc7mMcn1gzAW5L8d5oLtU8T5Ll3.jpg?q=90&f=webp&w=1024,"#리프팅레이저
#타이트닝",10,후기 1,"330,000원",VAT 포함,"슈링크유니버스
시술시간
30~40분
마취여부
크림마취
회복시간
약 3일
시술효과
1~2개월",에디트의원,,"대구광역시 수성구 달구벌대로 2442 (범어동) 7층, 702호","크림마취
국소마취",화요일 10:00 ~ 20:00 (점심 13:00 ~ 14:30) / 수요일 10:00 ~ 20:00 (점심 13:00 ~ 14:30) / 목요일 10:00 ~ 20:00 (점심 13:00 ~ 14:30) / 금요일 10:00 ~ 20:00 (점심 13:00 ~ 14:30) / 토요일 10:00 ~ 17:00 (점심 13:00 ~ 14:00) / 일요일 휴진,"대구광역시 수성구 달구벌대로 2442, ,동소 189-34, 7층 702호(범어 동)"
리프팅,레이저리프팅,슈링크유니버스,https://www.yeoshin.co.kr/event/mobile/1377,슈링크유니버스,https://d3gurpvil0se70.cloudfront.net/upfiles/images/product/196214985.jpg?q=90&f=webp&w=1024,"#리프팅레이저
#타이트닝",10,후기 3,"140,000원",VAT 포함,"슈링크유니버스
시술시간
40분
마취여부
크림마취
회복시간
3일
시술효과
2~3달 후",수앤모성형외과의원,전문의 1명 / 전문의 1명,서울시 강남구 압구정로28길 49 수앤모성형외과의원,"크림마취
수면마취
비수면 무통마취
국소마취",화요일 10:00 ~ 19:00 (점심 13:00 ~ 14:00) / 수요일 10:00 ~ 19:00 (점심 13:00 ~ 14:00) / 목요일 10:00 ~ 19:00 (점심 13:00 ~ 14:00) / 금요일 10:00 ~ 21:00 (점심 13:00 ~ 14:00) / 토요일 10:00 ~ 16:00 (점심 13:00 ~ 14:00) / 일요일 휴진,0508-0353-7838
리프팅,레이저리프팅,슈링크유니버스,https://www.yeoshin.co.kr/event/mobile/20368,슈링크 유니버스300샷,https://d3gurpvil0se70.cloudfront.net/upfiles/images/product/1aKy4EbgKncaoEneWFWtrmkIuuC2.png?q=90&f=webp&w=1024,"#리프팅레이저
#타이트닝",,,"132,000원",VAT 포함,"슈링크유니버스
시술시간
30~40분
마취여부
크림마취
회복시간
약 3일
시술효과
1~2개월",디에스타의원,여의사 진료 / 여의사 진료,경기도 수원시 영통구 도청로18번길 26 (이의동) 힐스테이트 광교중앙역 326호,"크림마취
수면마취
비수면 무통마취
국소마취",화요일 10:00 ~ 20:30 / 수요일 10:00 ~ 20:30 / 목요일 10:00 ~ 20:30 / 금요일 10:00 ~ 20:30 / 토요일 09:30 ~ 16:30 / 일요일 휴진 / 공휴일은 사전공지(진료/휴진),0508-0353-9908
리프팅,레이저리프팅,슈링크유니버스,https://www.yeoshin.co.kr/event/mobile/17296,블리비 슈링크 유니버스 리프팅,https://d3gurpvil0se70.cloudfront.net/upfiles/images/product/jREP5prZS9EySTILxCy2Va16vuh3.jpg?q=90&f=webp&w=1024,"#리프팅레이저
#타이트닝",9,후기 58,"31,900원",VAT 포함,"슈링크유니버스
시술시간
30~40분
마취여부
크림마취
회복시간
약 3일
시술효과
1~2개월",블리비의원(영등포점),,서울특별시 영등포구 영중로 28 (영등포동3가) 9층,,화요일 10:30 ~ 20:30 (점심 14:00 ~ 15:00) / 수요일 10:30 ~ 20:30 (점심 14:00 ~ 15:00) / 목요일 10:30 ~ 20:30 (점심 14:00 ~ 15:00) / 금요일 10:30 ~ 20:30 (점심 14:00 ~ 15:00) / 토요일 10:00 ~ 17:00 / 일요일 휴진 / 토요일 점심시간 없이 진료 일요일 / 공휴일 휴무,0508-0354-2924
리프팅,레이저리프팅,슈링크유니버스,https://www.yeoshin.co.kr/event/mobile/14699,루이 탱탱 동안 리프팅레이저,https://d3gurpvil0se70.cloudfront.net/upfiles/images/product/626056464.jpg?q=90&f=webp&w=1024,"#리프팅레이저
#타이트닝",,,"159,000원",VAT 포함,"슈링크유니버스
시술시간
30~40분
마취여부
크림마취
회복시간
3일
시술효과
1~2달 후",루이의원,전문의 1명 / 전문의 1명,경기도 성남시 분당구 대왕판교로 670 루이의원,,화요일 14:00 ~ 20:30 / 수요일 휴진 / 목요일 10:00 ~ 19:30 (점심 14:00 ~ 15:00) / 금요일 10:00 ~ 20:30 (점심 14:00 ~ 15:00) / 토요일 10:00 ~ 15:00 / 일요일 휴진,0508-0354-0411
리프팅,레이저리프팅,슈링크유니버스,https://www.yeoshin.co.kr/event/mobile/23332,슈링크유니버스 리프팅,https://d3gurpvil0se70.cloudfront.net/upfiles/images/product/poF94ne5MgrE8jSP3Gu9zlOlZyN2.jpg?q=90&f=webp&w=1024,"#리프팅레이저
#타이트닝",8.7,후기 7,"49,000원",VAT 포함,"슈링크유니버스
시술시간
30~40분
마취여부
크림마취
회복시간
약 3일
시술효과
1~2개월",유니풀의원,중국어 응대 / 중국어 응대,경기도 수원시 팔달구 권광로 204 (인계동) 202~205호 유니풀의원,,화요일 10:30 ~ 20:30 (점심 13:00 ~ 14:00) / 수요일 10:30 ~ 20:30 (점심 13:00 ~ 14:00) / 목요일 10:30 ~ 20:30 (점심 13:00 ~ 14:00) / 금요일 10:30 ~ 20:30 (점심 13:00 ~ 14:00) / 토요일 10:30 ~ 16:30 / 일요일 10:30 ~ 16:30 / 일요일 진료 일정 홈페이지 참조,0508-0353-9918
리프팅,레이저리프팅,슈링크유니버스,https://www.yeoshin.co.kr/event/mobile/25332,더차오름 슈링크 유니버스,https://d3gurpvil0se70.cloudfront.net/upfiles/images/product/QQBkOgFObVBekjlKOdSFGzZRmeB2.jpg?q=90&f=webp&w=1024,"#리프팅레이저
#타이트닝",10,후기 5,"44,000원",VAT 포함,"슈링크유니버스
시술시간
5~10분
마취여부
마취없음
회복시간
당일
시술효과
3~6개월유지",더차오름의원,,대구광역시 달서구 달구벌대로 1545 (죽전동) 골든뷰메디타워 1004호 1005,"크림마취
수면마취
비수면 무통마취",화요일 10:00 ~ 20:00 / 수요일 10:00 ~ 20:00 / 목요일 10:00 ~ 20:00 / 금요일 10:00 ~ 20:00 / 토요일 10:00 ~ 17:00 / 일요일 10:00 ~ 17:00,0508-0353-1101
리프팅,레이저리프팅,슈링크유니버스,https://www.yeoshin.co.kr/event/mobile/9795,분당 디자인 유니버스100샷,https://d3gurpvil0se70.cloudfront.net/upfiles/images/product/a5ppyzqjKq55fi7FKULLSj8F3Gb1.jpg?q=90&f=webp&w=1024,"#리프팅레이저
#타이트닝",,,"70,000원",VAT 포함,"슈링크유니버스
시술시간
30~40분
마취여부
크림마취
회복시간
약 3일
시술효과
1~2개월",베네핏의원,,경기도 성남시 분당구 성남대로 151 221~223호 베네핏의원,,"화요일 10:00 ~ 19:30 (점심 13:00 ~ 14:00) / 수요일 휴진 / 목요일 10:00 ~ 19:30 (점심 13:00 ~ 14:00) / 금요일 10:00 ~ 19:30 (점심 13:00 ~ 14:00) / 토요일 09:00 ~ 15:00 / 일요일 휴진 / 수요일, 일요일, 공휴일 휴무",0508-0354-0486
리프팅,레이저리프팅,슈링크유니버스,https://www.yeoshin.co.kr/event/mobile/16368,초음파리프팅 슈링크 나비 슈링크,https://d3gurpvil0se70.cloudfront.net/upfiles/images/product/sDmZaS2uYwLP6Hb3C5xdSkLXfxz7.jpg?q=90&f=webp&w=1024,"#리프팅레이저
#타이트닝",,,"110,000원",VAT 포함,"슈링크유니버스
시술시간
30~40분
마취여부
크림마취
회복시간
3일
시술효과
1~2달 후",나비성형외과의원,전문의 1명 / 전문의 1명,"서울특별시 서초구 강남대로 559 (잠원동) CK빌딩 9층,10층 나비성형외과",,화요일 10:00 ~ 19:00 / 수요일 10:00 ~ 19:00 / 목요일 10:00 ~ 19:00 / 금요일 10:00 ~ 19:00 / 토요일 10:00 ~ 15:00 / 일요일 휴진,0508-0353-7002
리프팅,레이저리프팅,슈링크유니버스,https://www.yeoshin.co.kr/event/mobile/16318,미케이 재생&탄력 슈링크 유니버스 100샷,https://d3gurpvil0se70.cloudfront.net/upfiles/images/product/88iRVDA6TmtaDlGy6ubXBXap3lr.jpg?q=90&f=webp&w=1024,"#리프팅레이저
#타이트닝",8.8,후기 6,"66,000원",VAT 포함,"슈링크유니버스
시술시간
30~40분
마취여부
크림마취
회복시간
3일
시술효과
1~2달 후",미케이의원,전문의 1명 / 전문의 1명 / 분야별 협진 / 분야별 협진 / 일본어 응대 / 일본어 응대,서울특별시 서초구 서초대로 77길 24 미케이의원,"크림마취
국소마취",화요일 10:00 ~ 19:00 / 수요일 10:00 ~ 19:00 / 목요일 10:00 ~ 19:00 / 금요일 10:00 ~ 19:00 / 토요일 10:00 ~ 17:00 / 일요일 10:00 ~ 17:00,0508-0353-1137
리프팅,레이저리프팅,슈링크유니버스,https://www.yeoshin.co.kr/event/mobile/27531,피부속부터 차오르는 탄력 슈링크 리프팅,https://d3gurpvil0se70.cloudfront.net/upfiles/images/product/5mrfSNQNR7ppBPGKemc0MmBxdyH2.png?q=90&f=webp&w=1024,"#리프팅레이저
#타이트닝",10,후기 5,"63,300원",VAT 포함,"슈링크유니버스
시술시간
30~40분
마취여부
크림마취
회복시간
약 3일
시술효과
1~2개월",모리프한의원,여의사 진료 / 여의사 진료,광주광역시 서구 상무중앙로 43 (치평동) 212호,크림마취,화요일 08:00 ~ 21:00 (점심 13:00 ~ 14:00) / 수요일 08:00 ~ 21:00 (점심 13:00 ~ 14:00) / 목요일 08:00 ~ 21:00 (점심 13:00 ~ 14:00) / 금요일 08:00 ~ 21:00 (점심 13:00 ~ 14:00) / 토요일 08:00 ~ 18:00 (점심 13:00 ~ 14:00) / 일요일 08:00 ~ 18:00 (점심 13:00 ~ 14:00),050803543438
리프팅,레이저리프팅,슈링크유니버스,https://www.yeoshin.co.kr/event/mobile/1937,슈링크 유니버스 레이저리프팅 턱살 슈링크 유니버스 100샷,https://d3gurpvil0se70.cloudfront.net/upfiles/images/product/3028646633.jpg?q=90&f=webp&w=1024,"#리프팅레이저
#타이트닝",,,"88,000원",VAT 포함,"슈링크유니버스
시술시간
30분
마취여부
크림마취
회복시간
3일
시술효과
1~2달 후",메이필클리닉,전문의 1명 / 전문의 1명 / 여의사 진료 / 여의사 진료 / 수술실 CCTV / 수술실 CCTV / 분야별 협진 / 분야별 협진 / 전담회복실 / 전담회복실 / 중국어 응대 / 중국어 응대 / 일본어 응대 / 일본어 응대,서울특별시 서초구 강남대로 423 메이필클리닉,"크림마취
수면마취
국소마취",화요일 10:00 ~ 19:00 / 수요일 10:00 ~ 19:00 / 목요일 10:00 ~ 19:00 / 금요일 10:00 ~ 19:00 / 토요일 10:00 ~ 16:00 / 일요일 휴진,0508-0353-7137
리프팅,레이저리프팅,슈링크유니버스,https://www.yeoshin.co.kr/event/mobile/9495,슈링크 유니버스 리프팅,https://d3gurpvil0se70.cloudfront.net/upfiles/images/product/tPDDTx8zIPIPBGPMw06OJO8XRIt5.jpg?q=90&f=webp&w=1024,"#리프팅레이저
#타이트닝",9.2,후기 386,"30,800원",VAT 포함,"슈링크유니버스
시술시간
30~40분
마취여부
크림마취
회복시간
3일
시술효과
1~2달 후",유앤아이의원(영등포점),여의사 진료 / 여의사 진료 / 중국어 응대 / 중국어 응대 / 일본어 응대 / 일본어 응대,서울특별시 영등포구 영중로 12 유앤아이의원(영등포점),"크림마취
수면마취",화요일 10:00 ~ 20:30 / 수요일 10:00 ~ 20:30 / 목요일 10:00 ~ 20:30 / 금요일 10:00 ~ 20:30 / 토요일 10:00 ~ 17:00 / 일요일 10:00 ~ 17:00 / 점심시간 없음 / 공휴일 진료,0508-0353-1932
리프팅,레이저리프팅,슈링크유니버스,https://www.yeoshin.co.kr/event/mobile/17246,탄력 UP 슈링크 유니버스,https://d3gurpvil0se70.cloudfront.net/upfiles/images/product/C0mXGepkGNEAqkoetlxjLtDpO3X8.jpg?q=90&f=webp&w=1024,"#리프팅레이저
#타이트닝",8.9,후기 10,,,"슈링크유니버스
시술시간
30~40분
마취여부
크림마취
회복시간
3일
시술효과
1~2달 후",유앤아이의원(평택점),,경기도 평택시 평남로 862 (비전동) 로이드빌딩 2층,,화요일 10:00 ~ 20:30 (점심 13:00 ~ 14:00) / 수요일 10:00 ~ 20:30 (점심 13:00 ~ 14:00) / 목요일 10:00 ~ 20:30 (점심 13:00 ~ 14:00) / 금요일 10:00 ~ 20:30 (점심 13:00 ~ 14:00) / 토요일 10:00 ~ 16:00 / 일요일 휴진,0508-0354-0339
리프팅,레이저리프팅,슈링크유니버스,https://www.yeoshin.co.kr/event/mobile/24723,슈링크 유니버스 300샷,https://d3gurpvil0se70.cloudfront.net/upfiles/images/product/PJTYo5PXpnUHL8vgzs9N6ZjPSEgA.jpg?q=90&f=webp&w=1024,"#리프팅레이저
#타이트닝",9.4,후기 19,"88,000원",VAT 포함,"슈링크유니버스
시술시간
30~40분
마취여부
크림마취
회복시간
약 3일
시술효과
1~2개월",브라운성형외과의원,전문의 3명 / 전문의 3명 / 영어 응대 / 영어 응대 / 중국어 응대 / 중국어 응대 / 일본어 응대 / 일본어 응대,서울특별시 서초구 강남대로 475 (반포동) 브라운성형외과의원,,화요일 10:00 ~ 19:00 / 수요일 10:00 ~ 19:00 / 목요일 10:00 ~ 19:00 / 금요일 10:00 ~ 20:30 / 토요일 10:00 ~ 17:00 / 일요일 휴진 / 일요일&공휴일 휴진/금요일 야간진료,0508-0353-4515
리프팅,레이저리프팅,슈링크유니버스,https://www.yeoshin.co.kr/event/mobile/12197,슈링크 유니버스,https://d3gurpvil0se70.cloudfront.net/upfiles/images/product/GBUVvWHucGYjEImCddu4vcLfsY83.png?q=90&f=webp&w=1024,"#리프팅레이저
#타이트닝",8,후기 2,"53,900원",VAT 포함,"슈링크유니버스
시술시간
30~40분
마취여부
크림마취
회복시간
3일
시술효과
1~2달 후",원더의원,전문의 1명 / 전문의 1명,인천광역시 부평구 부평대로 19-1 원더의원,,화요일 09:30 ~ 19:00 (점심 13:00 ~ 14:00) / 수요일 09:30 ~ 19:00 (점심 13:00 ~ 14:00) / 목요일 09:30 ~ 19:30 (점심 13:00 ~ 14:00) / 금요일 09:30 ~ 19:00 (점심 13:00 ~ 14:00) / 토요일 09:00 ~ 14:00 / 일요일 휴진,0508-0354-1974
리프팅,레이저리프팅,슈링크유니버스,https://www.yeoshin.co.kr/event/mobile/17225,슈링크 유니버스 리프팅,https://d3gurpvil0se70.cloudfront.net/upfiles/images/product/KTv5K21RoNik0K5pDiBdpPjd2BX8.jpg?q=90&f=webp&w=1024,"#리프팅레이저
#타이트닝",10,후기 2,"66,000원",VAT 포함,"슈링크유니버스
시술시간
30~40분
마취여부
크림마취
회복시간
약 3일
시술효과
1~2개월",톡스앤필(제주점),,제주특별자치도 제주시 노형로 378 (노형동) 청담빌딩 2층,,화요일 10:00 ~ 19:00 (점심 13:00 ~ 14:00) / 수요일 10:00 ~ 19:00 (점심 13:00 ~ 14:00) / 목요일 10:00 ~ 20:00 (점심 13:00 ~ 14:00) / 금요일 10:00 ~ 19:30 (점심 13:00 ~ 14:00) / 토요일 09:30 ~ 15:30 / 일요일 휴진,0508-0354-2777
리프팅,레이저리프팅,슈링크유니버스,https://www.yeoshin.co.kr/event/mobile/26134,유앤아이 슈링크 유니버스 리프팅,https://d3gurpvil0se70.cloudfront.net/upfiles/images/product/j6r2EvElOBMQhlSmwu0F4CYNzZb3.jpg?q=90&f=webp&w=1024,"#리프팅레이저
#타이트닝",10,후기 1,"97,900원",VAT 포함,"슈링크유니버스
시술시간
30~40분
마취여부
크림마취
회복시간
약 3일
시술효과
1~2개월",유앤아이의원(과천점),,경기도 과천시 과천대로 111 (갈현동) 과천 렉서 2층,크림마취,화요일 10:00 ~ 20:30 / 수요일 10:00 ~ 20:30 / 목요일 10:00 ~ 20:30 / 금요일 10:00 ~ 20:30 / 토요일 10:00 ~ 17:00 / 일요일 휴진,050803539821
리프팅,레이저리프팅,슈링크유니버스,https://www.yeoshin.co.kr/event/mobile/6623,"탄력UP, 슈링크 유니버스",https://d3gurpvil0se70.cloudfront.net/upfiles/images/product/7TTer3CU3JmnFmRWhNMxieXbT6O6.jpg?q=90&f=webp&w=1024,"#리프팅레이저
#타이트닝",9,후기 6,"55,000원",VAT 포함,"슈링크유니버스
시술시간
30~40분
마취여부
크림마취
회복시간
3일
시술효과
1~2달 후",유앤아이의원(김포점),,경기도 김포시 김포한강4로 525 유앤아이의원(김포점),,화요일 10:00 ~ 20:30 (점심 13:00 ~ 14:00) / 수요일 10:00 ~ 20:30 (점심 13:00 ~ 14:00) / 목요일 10:00 ~ 20:30 (점심 13:00 ~ 14:00) / 금요일 10:00 ~ 20:30 (점심 13:00 ~ 14:00) / 토요일 10:00 ~ 16:00 / 일요일 10:00 ~ 16:00,0508-0354-0557
리프팅,레이저리프팅,슈링크유니버스,https://www.yeoshin.co.kr/event/mobile/9132,정품 슈링크 유니버스 풀페이스 300샷,https://d3gurpvil0se70.cloudfront.net/upfiles/images/product/1806242201.jpg?q=90&f=webp&w=1024,"#리프팅레이저
#타이트닝",9.5,후기 592,"90,200원",VAT 포함,"슈링크유니버스
시술시간
30~40분
마취여부
크림마취
회복시간
약 3일
시술효과
1~2개월",리드림의원(의료법인미래의료재단),,서울시 강남구 테헤란로 513 리드림의원(의료법인미래의료재단),,화요일 10:00 ~ 20:00 / 수요일 10:00 ~ 19:00 / 목요일 10:00 ~ 20:00 / 금요일 10:00 ~ 19:00 / 토요일 10:00 ~ 16:00 / 일요일 휴진,0508-0353-4648
리프팅,레이저리프팅,슈링크유니버스,https://www.yeoshin.co.kr/event/mobile/15948,슈링크 유니버스,https://d3gurpvil0se70.cloudfront.net/upfiles/images/product/kpps0MvL7Xep3amKNYO0BX9WmXY8.jpg?q=90&f=webp&w=1024,"#리프팅레이저
#타이트닝",9.4,후기 10,"27,500원",VAT 포함,"슈링크유니버스
시술시간
10분
마취여부
크림마취
회복시간
당일
시술효과
1달 후",제이린의원(서면점),,부산광역시 부산진구 중앙대로 672 (부전동) 삼정타워 4층 제이린의원,,화요일 10:30 ~ 20:00 (점심 13:00 ~ 14:30) / 수요일 10:30 ~ 19:00 (점심 13:00 ~ 14:30) / 목요일 10:30 ~ 19:00 (점심 13:00 ~ 14:30) / 금요일 10:30 ~ 20:00 (점심 13:00 ~ 14:30) / 토요일 10:30 ~ 14:30 / 일요일 휴진,0508-0354-2276
리프팅,레이저리프팅,슈링크유니버스,https://www.yeoshin.co.kr/event/mobile/17263,슈링크 유니버스,https://d3gurpvil0se70.cloudfront.net/upfiles/images/product/KWurNS1iakLhoMc5yEzNynRBj9rA.jpg?q=90&f=webp&w=1024,"#리프팅레이저
#타이트닝",,,"108,900원",VAT 포함,"슈링크유니버스
시술시간
30~40분
마취여부
크림마취
회복시간
3일
시술효과
1~2달 후",연세더나은의원,전문의 2명 / 전문의 2명,경기도 고양시 일산동구 일산로 219 (마두동) 5층 연세더나은의원,,"화요일 09:00 ~ 18:30 (점심 13:00 ~ 14:00) / 수요일 09:00 ~ 18:30 (점심 13:00 ~ 14:00) / 목요일 휴진 / 금요일 09:00 ~ 18:30 (점심 13:00 ~ 14:00) / 토요일 09:00 ~ 13:00 / 일요일 휴진 / 목요일, 일요일, 공휴일 휴무",0508-0354-0850
리프팅,레이저리프팅,슈링크유니버스,https://www.yeoshin.co.kr/event/mobile/15939,[땡큐] V라인 슈링크유니버스,https://d3gurpvil0se70.cloudfront.net/upfiles/images/product/f55CGMO6cvVyPYJfpWyQvx4oPcM9.jpg?q=90&f=webp&w=1024,"#피부과 전문의
#리프팅레이저
#타이트닝",,,"99,000원",VAT 포함,"슈링크유니버스
시술시간
30~40분
마취여부
크림마취
회복시간
3일
시술효과
1~2달 후",땡큐성형외과의원,전문의 7명 / 전문의 7명 / 영어 응대 / 영어 응대 / 중국어 응대 / 중국어 응대 / 일본어 응대 / 일본어 응대,서울특별시 강남구 강남대로 446 땡큐성형외과의원,,화요일 10:00 ~ 19:00 / 수요일 10:00 ~ 19:00 / 목요일 10:00 ~ 19:00 / 금요일 10:00 ~ 19:00 / 토요일 10:00 ~ 16:00 / 일요일 휴진,0508-0353-6942
리프팅,레이저리프팅,슈링크유니버스,https://www.yeoshin.co.kr/event/mobile/11825,피부층별 고탄력 리프팅,https://d3gurpvil0se70.cloudfront.net/upfiles/images/product/194002159.jpg?q=90&f=webp&w=1024,"#리프팅레이저
#타이트닝",,,"484,000원",VAT 포함,"슈링크유니버스
시술시간
40분
마취여부
크림마취
회복시간
3일
시술효과
1~2달 후",센텀릴리의원,전문의 1명 / 전문의 1명,부산광역시 해운대구 센텀2로 15 센텀릴리의원,,화요일 11:00 ~ 20:00 (점심 13:00 ~ 14:00) / 수요일 11:00 ~ 20:00 (점심 13:00 ~ 14:00) / 목요일 11:00 ~ 20:00 (점심 13:00 ~ 14:00) / 금요일 11:00 ~ 20:00 (점심 13:00 ~ 14:00) / 토요일 11:00 ~ 16:00 / 일요일 휴진,0508-0354-2054
리프팅,레이저리프팅,슈링크유니버스,https://www.yeoshin.co.kr/event/mobile/6130,슈링크 유니버스 100샷,https://d3gurpvil0se70.cloudfront.net/upfiles/images/product/779311877.jpg?q=90&f=webp&w=1024,"#리프팅레이저
#타이트닝",8.8,후기 4,"44,000원",VAT 포함,"슈링크유니버스
시술시간
50분
마취여부
크림마취
회복시간
3일
시술효과
1~2달 후",스무살의원,전문의 1명 / 전문의 1명 / 여의사 진료 / 여의사 진료,경기도 고양시 일산동구 정발산로 24 스무살의원,"크림마취
수면마취
비수면 무통마취
국소마취",화요일 10:30 ~ 21:00 (점심 13:00 ~ 14:00) / 수요일 10:30 ~ 21:00 (점심 13:00 ~ 14:00) / 목요일 10:30 ~ 19:00 (점심 13:00 ~ 14:00) / 금요일 10:30 ~ 21:00 (점심 13:00 ~ 14:00) / 토요일 10:30 ~ 17:00 (점심 13:00 ~ 14:00) / 일요일 휴진,0508-0354-0755
리프팅,레이저리프팅,슈링크유니버스,https://www.yeoshin.co.kr/event/mobile/16379,슈링크유니버스,https://d3gurpvil0se70.cloudfront.net/upfiles/images/product/nrG23JxdyKWj78K1Ck7EFAEahgX1.jpg?q=90&f=webp&w=1024,"#리프팅레이저
#타이트닝",10,후기 2,"55,000원",VAT 포함,"슈링크유니버스
시술시간
30~40분
마취여부
크림마취
회복시간
3일
시술효과
1~2달 후",늘샤인의원,,경기도 성남시 분당구 성남대로916번길 11 (야탑동) 글라스타워 3층 늘샤인의원,,화요일 10:00 ~ 20:30 (점심 13:00 ~ 14:00) / 수요일 10:00 ~ 19:30 (점심 13:00 ~ 14:00) / 목요일 10:00 ~ 19:30 (점심 13:00 ~ 14:00) / 금요일 10:00 ~ 20:30 (점심 13:00 ~ 14:00) / 토요일 10:00 ~ 15:30 / 일요일 휴진,0508-0354-1028
리프팅,레이저리프팅,슈링크유니버스,https://www.yeoshin.co.kr/event/mobile/24669,속부터 탄력 있게! 슈링크유니버스,https://d3gurpvil0se70.cloudfront.net/upfiles/images/product/6RxUW0wEZA1DuhfoMJJsj2oOZ7s.jpg?q=90&f=webp&w=1024,"#리프팅레이저
#타이트닝",,,"77,000원",VAT 포함,"슈링크유니버스
시술시간
30~40분
마취여부
크림마취
회복시간
약 3일
시술효과
1~2개월",강남제이스타의원,전문의 1명 / 전문의 1명 / 여의사 진료 / 여의사 진료 / 수술실 CCTV / 수술실 CCTV / 응급처치 시스템 / 응급처치 시스템 / 전담회복실 / 전담회복실 / 사후관리 / 사후관리,"강원특별자치도 원주시 능라동길 51 (무실동) 501호,502호","크림마취
수면마취
국소마취",화요일 10:00 ~ 19:00 (점심 12:30 ~ 13:30) / 수요일 14:00 ~ 19:00 / 목요일 10:00 ~ 19:00 (점심 12:30 ~ 13:30) / 금요일 10:00 ~ 19:00 (점심 12:30 ~ 13:30) / 토요일 10:00 ~ 14:00 / 일요일 휴진,050803544136
리프팅,레이저리프팅,슈링크유니버스,https://www.yeoshin.co.kr/event/mobile/26150,이중턱 슈링크(6mm팁 업그레이드),https://d3gurpvil0se70.cloudfront.net/upfiles/images/product/uvNud6Wfx2mupIfDsEebKIVbVnK4.jpg?q=90&f=webp&w=1024,"#리프팅레이저
#타이트닝",,,"165,000원",VAT 포함,"슈링크유니버스
시술시간
30~40분
마취여부
크림마취
회복시간
약 3일
시술효과
1~2개월",루미에버의원,여의사 진료 / 여의사 진료 / 사후관리 / 사후관리 / 피부진단기 F-RAY 촬영 > / 피부진단기 F-RAY 촬영 > / 피부진단기 F-RAY 촬영 >,경기도 성남시 수정구 수정로 285 (신흥동) 2층,"크림마취
국소마취",화요일 10:00 ~ 20:00 (점심 13:00 ~ 14:00) / 수요일 휴진 / 목요일 10:00 ~ 20:00 (점심 13:00 ~ 14:00) / 금요일 10:00 ~ 20:00 (점심 13:00 ~ 14:00) / 토요일 10:00 ~ 14:00 / 일요일 휴진,0508-0353-0396
리프팅,레이저리프팅,슈링크유니버스,https://www.yeoshin.co.kr/event/mobile/18031,"슈링크유니버스 1,000샷",https://d3gurpvil0se70.cloudfront.net/upfiles/images/product/zN0FH1ToynOXB3wIhPFQ5AMPsGhA.jpg?q=90&f=webp&w=1024,"#리프팅레이저
#타이트닝",,,"605,000원",VAT 포함,"슈링크유니버스
시술시간
30~40분
마취여부
크림마취
회복시간
약 3일
시술효과
1~2개월",삼성노블의원(고양점),전문의 2명 / 전문의 2명 / 영어 응대 / 영어 응대,"경기도 고양시 덕양구 권율대로 907 (신원동) kn빌딩, 5층 일부호(530호)",,"화요일 10:00 ~ 20:00 (점심 13:00 ~ 14:00) / 수요일 휴진 / 목요일 10:00 ~ 20:00 (점심 13:00 ~ 14:00) / 금요일 10:00 ~ 20:00 (점심 13:00 ~ 14:00) / 토요일 10:00 ~ 15:00 / 일요일 휴진 / 접수마감시간 : 평일 19:30 , 토요일 14:30",0508-0353-2943
리프팅,레이저리프팅,슈링크유니버스,https://www.yeoshin.co.kr/event/mobile/7973,"탄력UP, 슈링크 유니버스 100샷",https://d3gurpvil0se70.cloudfront.net/upfiles/images/product/R5uQ82S9wk43ee8jMht0AvndtanA.png?q=90&f=webp&w=1024,"#피부과 전문의
#리프팅레이저
#타이트닝",,,"88,000원",VAT 포함,"슈링크유니버스
시술시간
30분
마취여부
냉각마취
회복시간
3일
시술효과
1~2달 후",유앤아이피부과의원(판교점),전문의 1명 / 전문의 1명,경기도 성남시 분당구 판교로 375 유앤아이피부과의원(판교점),,화요일 09:30 ~ 20:30 (점심 13:00 ~ 14:00) / 수요일 09:30 ~ 20:30 (점심 13:00 ~ 14:00) / 목요일 09:30 ~ 20:30 (점심 13:00 ~ 14:00) / 금요일 09:30 ~ 20:30 (점심 13:00 ~ 14:00) / 토요일 09:00 ~ 16:00 / 일요일 휴진,0508-0354-0510
리프팅,레이저리프팅,슈링크유니버스,https://www.yeoshin.co.kr/event/mobile/5117,디자인 슈링크 유니버스,https://d3gurpvil0se70.cloudfront.net/upfiles/images/product/PGafihE0EEgtrUEUzR8TcJmP8PH9.jpg?q=90&f=webp&w=1024,"#리프팅레이저
#타이트닝",9.3,후기 4,"62,700원",VAT 포함,"슈링크유니버스
시술시간
30분
마취여부
냉각마취
회복시간
3일
시술효과
1~2달 후",베이드의원,전문의 3명 / 전문의 3명 / 영어 응대 / 영어 응대 / 중국어 응대 / 중국어 응대 / 피부진단기 F-RAY 촬영 > / 피부진단기 F-RAY 촬영 > / 피부진단기 F-RAY 촬영 >,서울특별시 강남구 논현로 839 베이드의원,,화요일 10:00 ~ 20:00 (점심 13:00 ~ 14:00) / 수요일 10:00 ~ 20:00 (점심 13:00 ~ 14:00) / 목요일 10:00 ~ 20:00 (점심 13:00 ~ 14:00) / 금요일 10:00 ~ 20:00 (점심 13:00 ~ 14:00) / 토요일 10:00 ~ 16:00 / 일요일 휴진,0508-0353-3673
리프팅,레이저리프팅,슈링크유니버스,https://www.yeoshin.co.kr/event/mobile/18045,S&P (슈링크&피아모) 리프팅,https://d3gurpvil0se70.cloudfront.net/upfiles/images/product/KlOsJlS4OhOrQaST9AJf2mdU7BR4.jpg?q=90&f=webp&w=1024,"#리프팅레이저
#타이트닝",,,"935,000원",VAT 포함,"슈링크유니버스
시술시간
30~40분
마취여부
크림마취
회복시간
약 3일
시술효과
1~2개월",삼성노블의원(고양점),전문의 2명 / 전문의 2명 / 영어 응대 / 영어 응대,"경기도 고양시 덕양구 권율대로 907 (신원동) kn빌딩, 5층 일부호(530호)",,"화요일 10:00 ~ 20:00 (점심 13:00 ~ 14:00) / 수요일 휴진 / 목요일 10:00 ~ 20:00 (점심 13:00 ~ 14:00) / 금요일 10:00 ~ 20:00 (점심 13:00 ~ 14:00) / 토요일 10:00 ~ 15:00 / 일요일 휴진 / 접수마감시간 : 평일 19:30 , 토요일 14:30",0508-0353-2943
리프팅,레이저리프팅,슈링크유니버스,https://www.yeoshin.co.kr/event/mobile/25455,슈링크 유니버스 100샷,https://d3gurpvil0se70.cloudfront.net/upfiles/images/product/A21PjUbXFPoqu4iCmGUMpNsJwlCA.png?q=90&f=webp&w=1024,"#리프팅레이저
#타이트닝",10,후기 2,"75,900원",VAT 포함,"슈링크유니버스
시술시간
30~40분
마취여부
크림마취
회복시간
약 3일
시술효과
1~2개월",장덕한방병원(서초),전문의 2명 / 전문의 2명 / 여의사 진료 / 여의사 진료 / 기본 입원실 / 기본 입원실 / 피부진단기 F-RAY 촬영 > / 피부진단기 F-RAY 촬영 > / 피부진단기 F-RAY 촬영 >,서울특별시 서초구 서초중앙로 42 (서초동) 불르핀타워 지하2~4층,크림마취,화요일 09:00 ~ 19:00 (점심 13:00 ~ 14:00) / 수요일 09:00 ~ 21:00 (점심 13:00 ~ 14:00) / 목요일 09:00 ~ 19:00 (점심 13:00 ~ 14:00) / 금요일 09:00 ~ 19:00 (점심 13:00 ~ 14:00) / 토요일 09:00 ~ 17:00 (점심 13:00 ~ 14:00) / 일요일 휴진 / 공휴일ㅣAM 09:00~PM 05:00,050803531038
리프팅,레이저리프팅,슈링크유니버스,https://www.yeoshin.co.kr/event/mobile/25027,슈링크 리프팅,https://d3gurpvil0se70.cloudfront.net/upfiles/images/product/vSH7EIdZv0CAly16hzKt3wMbtmr7.jpg?q=90&f=webp&w=1024,"#피부과 전문의
#리프팅레이저
#타이트닝",,,"330,000원",VAT 포함,"슈링크유니버스
시술시간
60분
마취여부
크림마취
회복시간
당일
시술효과
1~2개월",CNP차앤박피부과(명동점),전문의 1명 / 전문의 1명 / 여의사 진료 / 여의사 진료,"서울특별시 중구 명동8길 17 (명동2가) (명동 2 가, 6층)",크림마취,화요일 10:30 ~ 20:00 (점심 13:00 ~ 14:00) / 수요일 10:30 ~ 20:00 (점심 13:00 ~ 14:00) / 목요일 10:30 ~ 20:00 (점심 13:00 ~ 14:00) / 금요일 10:30 ~ 20:00 (점심 13:00 ~ 14:00) / 토요일 10:00 ~ 16:30 / 일요일 휴진,050803532612
리프팅,레이저리프팅,슈링크유니버스,https://www.yeoshin.co.kr/event/mobile/24928,홍대 언제나유리해! 슈링크.인모드.윤곽주사,https://d3gurpvil0se70.cloudfront.net/upfiles/images/product/3H1BoV1toNW417CsiChEzB1W0Iq7.jpg?q=90&f=webp&w=1024,"#리프팅레이저
#타이트닝",9.8,후기 182,"87,000원",VAT 포함,"슈링크유니버스
시술시간
10~20분
마취여부
크림마취
회복시간
약 3일
시술효과
3~6개월",유리에성형외과,전문의 2명 / 전문의 2명 / 수술실 CCTV / 수술실 CCTV / 응급처치 시스템 / 응급처치 시스템 / 기본 입원실 / 기본 입원실 / 전담회복실 / 전담회복실 / 사후관리 / 사후관리,서울특별시 마포구 양화로 165 (동교동) 상진빌딩1202호 12층 유리에 성형외과,"크림마취
수면마취
국소마취",화요일 10:30 ~ 20:30 / 수요일 10:30 ~ 19:30 / 목요일 10:30 ~ 20:30 / 금요일 10:30 ~ 19:30 / 토요일 10:00 ~ 17:00 / 일요일 휴진,050803530155
리프팅,레이저리프팅,슈링크유니버스,https://www.yeoshin.co.kr/event/mobile/5600,슈링크유니버스1000샷+수분마스크,https://d3gurpvil0se70.cloudfront.net/upfiles/images/product/4095520912.jpg?q=90&f=webp&w=1024,"#리프팅레이저
#타이트닝",,,"869,000원",VAT 포함,"슈링크유니버스
시술시간
30분
마취여부
크림마취
회복시간
3일
시술효과
2~3달 후",파크뷰의원(운정점),,경기도 파주시 와석순환로 507 파크뷰의원(운정점),,화요일 10:00 ~ 20:30 (점심 13:00 ~ 14:00) / 수요일 10:00 ~ 19:30 (점심 13:00 ~ 14:00) / 목요일 10:00 ~ 19:30 (점심 13:00 ~ 14:00) / 금요일 10:00 ~ 20:30 (점심 13:00 ~ 14:00) / 토요일 09:30 ~ 15:00 / 일요일 휴진,0508-0354-0762
리프팅,레이저리프팅,슈링크유니버스,https://www.yeoshin.co.kr/event/mobile/7477,슈링크 유니버스,https://d3gurpvil0se70.cloudfront.net/upfiles/images/product/FOsurbsDXqDJJjp3CVijjTalEPl3.jpg?q=90&f=webp&w=1024,"#리프팅레이저
#타이트닝",,,"132,000원",VAT 포함,"슈링크유니버스
시술시간
30~40분
마취여부
크림마취
회복시간
3일
시술효과
1~2달 후",아비쥬의원(대전점),전문의 2명 / 전문의 2명,대전광역시 서구 대덕대로 219 아비쥬의원(대전점),,화요일 10:30 ~ 20:30 (점심 14:00 ~ 15:00) / 수요일 10:30 ~ 20:30 (점심 14:00 ~ 15:00) / 목요일 10:30 ~ 20:30 (점심 14:00 ~ 15:00) / 금요일 10:30 ~ 20:30 (점심 14:00 ~ 15:00) / 토요일 10:30 ~ 17:00 / 일요일 10:30 ~ 17:00,0508-0354-2871
리프팅,레이저리프팅,슈링크유니버스,https://www.yeoshin.co.kr/event/mobile/27031,슈링크유니버스 울트라F 300샷,https://d3gurpvil0se70.cloudfront.net/upfiles/images/product/hxnaomMKLKVdgil8Jl60k5dnQLX1.png?q=90&f=webp&w=1024,"#리프팅레이저
#타이트닝",10,후기 7,"75,900원",VAT 포함,"슈링크유니버스
시술시간
30~40분
마취여부
크림마취
회복시간
약 3일
시술효과
1~2개월",맑은선의원,여의사 진료 / 여의사 진료,서울특별시 강남구 선릉로 515 (역삼동) 5층,"크림마취
국소마취",화요일 10:00 ~ 20:00 (점심 14:00 ~ 15:00) / 수요일 10:00 ~ 20:00 (점심 14:00 ~ 15:00) / 목요일 10:00 ~ 20:00 (점심 14:00 ~ 15:00) / 금요일 10:00 ~ 20:00 (점심 14:00 ~ 15:00) / 토요일 10:00 ~ 16:00 (점심 13:00 ~ 14:00) / 일요일 휴진,050803555748
리프팅,레이저리프팅,슈링크유니버스,https://www.yeoshin.co.kr/event/mobile/16042,슈링크 유니버스 300샷,https://d3gurpvil0se70.cloudfront.net/upfiles/images/product/Ri9nh1M901g13Cg4OVR9ve4neOx2.jpg?q=90&f=webp&w=1024,"#리프팅레이저
#타이트닝",9.5,후기 1122,,,"슈링크유니버스
시술시간
30~40분
마취여부
크림마취
회복시간
3일
시술효과
1~2달 후",메이드유의원(강남점),전문의 1명 / 전문의 1명,서울시 강남구 강남대로 516 메이드유의원(강남점),,화요일 10:00 ~ 20:00 (점심 14:00 ~ 15:00) / 수요일 10:00 ~ 19:00 (점심 14:00 ~ 15:00) / 목요일 10:00 ~ 20:00 (점심 14:00 ~ 15:00) / 금요일 10:00 ~ 19:00 (점심 14:00 ~ 15:00) / 토요일 10:00 ~ 16:00 / 일요일 휴진,0508-0353-5966
리프팅,레이저리프팅,슈링크유니버스,https://www.yeoshin.co.kr/event/mobile/23445,부위지정 슈링크 유니버스 이벤트,https://d3gurpvil0se70.cloudfront.net/upfiles/images/product/0haR895e6vS2vM1iMXHTQDEGu1a1.png?q=90&f=webp&w=1024,"#리프팅레이저
#타이트닝",9.8,후기 13,"55,000원",VAT 포함,"슈링크유니버스
시술시간
30~40분
마취여부
크림마취
회복시간
약 3일
시술효과
1~2개월",포메디한의원,여의사 진료 / 여의사 진료 / 전담회복실 / 전담회복실 / 사후관리 / 사후관리 / 영어 응대 / 영어 응대 / 중국어 응대 / 중국어 응대,인천광역시 남동구 구월로 212 (구월동) 힐캐슬프라자 205호,"크림마취
국소마취",화요일 09:30 ~ 19:30 (점심 13:00 ~ 14:00) / 수요일 09:30 ~ 19:30 (점심 13:00 ~ 14:00) / 목요일 09:30 ~ 14:00 / 금요일 09:30 ~ 19:30 (점심 13:00 ~ 14:00) / 토요일 09:00 ~ 14:00 / 일요일 휴진 / 공휴일 : 9:30 - 14:00,0508-0354-1775
리프팅,레이저리프팅,슈링크유니버스,https://www.yeoshin.co.kr/event/mobile/4156,#2세대슈링크 슈링크유니버스 100샷,https://d3gurpvil0se70.cloudfront.net/upfiles/images/product/2111104998.jpg?q=90&f=webp&w=1024,"#리프팅레이저
#타이트닝",9.7,후기 3,"55,000원",VAT 포함,"슈링크유니버스
시술시간
60분
마취여부
냉각마취
회복시간
3일
시술효과
2~3달 후",용인미하나의원,전문의 1명 / 전문의 1명,경기도 용인시 처인구 금령로 86 용인미하나의원,,화요일 10:00 ~ 20:30 (점심 13:00 ~ 14:00) / 수요일 10:00 ~ 20:30 (점심 13:00 ~ 14:00) / 목요일 10:00 ~ 20:30 (점심 13:00 ~ 14:00) / 금요일 10:00 ~ 20:30 (점심 13:00 ~ 14:00) / 토요일 10:00 ~ 16:30 / 일요일 휴진,0508-0353-9926
리프팅,레이저리프팅,슈링크유니버스,https://www.yeoshin.co.kr/event/mobile/295,[대표원장 시술] 슈링크 유니버스 리프팅,https://d3gurpvil0se70.cloudfront.net/upfiles/images/product/WUuW7C1dpAPSTezXD6TptaxjtWI4.jpg?q=90&f=webp&w=1024,"#리프팅레이저
#타이트닝",9.6,후기 106,"185,900원",VAT 포함,"슈링크유니버스
시술시간
30~40분
마취여부
크림마취
회복시간
3일
시술효과
1~2달 후",뷰티스카이의원,,서울특별시 강동구 올림픽로 653 뷰티스카이의원,,화요일 10:30 ~ 20:30 / 수요일 10:00 ~ 20:00 / 목요일 10:00 ~ 20:00 / 금요일 10:30 ~ 20:30 / 토요일 09:30 ~ 16:30 / 일요일 휴진,0508-0353-3433
리프팅,레이저리프팅,슈링크유니버스,https://www.yeoshin.co.kr/event/mobile/15452,빠르고 통증은적은 슈링크유니버스,https://d3gurpvil0se70.cloudfront.net/upfiles/images/product/UHz2OVt6Css2e6UWOdWXjGOr3CG.jpg?q=90&f=webp&w=1024,"#리프팅레이저
#타이트닝",10,후기 1,"88,000원",VAT 포함,"슈링크유니버스
시술시간
30~40분
마취여부
크림마취
회복시간
3일
시술효과
1~2달 후",연의원 범계(안양),,경기도 안양시 동안구 평촌대로217번길 15 (호계동) 파크에비뉴엘 4층,,화요일 10:30 ~ 20:30 (점심 13:30 ~ 14:30) / 수요일 휴진 / 목요일 10:30 ~ 20:30 (점심 13:30 ~ 14:30) / 금요일 10:00 ~ 18:00 (점심 13:30 ~ 14:30) / 토요일 10:00 ~ 16:00 / 일요일 휴진,0508-0354-1067
리프팅,레이저리프팅,슈링크유니버스,https://www.yeoshin.co.kr/event/mobile/20236,슈링크 유니버스 서울페이스21 x 슈링크,https://d3gurpvil0se70.cloudfront.net/upfiles/images/product/zPYwzm8Y4A0PN8zHwFnZ5TuLxqh3.jpg?q=90&f=webp&w=1024,"#리프팅레이저
#타이트닝",9.7,후기 15,"99,000원",VAT 포함,"슈링크유니버스
시술시간
2~30분
마취여부
마취없음
회복시간
약 3일
시술효과
1~2개월",서울페이스21치과병원,전문의 1명 / 전문의 1명,서울시 강남구 강남대로 390 서울페이스21치과병원,,화요일 10:00 ~ 19:00 (점심 13:00 ~ 14:00) / 수요일 10:00 ~ 21:00 (점심 13:00 ~ 14:00) / 목요일 10:00 ~ 19:00 (점심 13:00 ~ 14:00) / 금요일 10:00 ~ 19:00 (점심 13:00 ~ 14:00) / 토요일 10:00 ~ 14:00 / 일요일 휴진,0508-0353-6443
리프팅,레이저리프팅,슈링크유니버스,https://www.yeoshin.co.kr/event/mobile/6098,오운의원,https://d3gurpvil0se70.cloudfront.net/upfiles/images/product/yj1Xsl9yLfEMGjsIPlOsYBzdYKF2.jpeg?q=90&f=webp&w=1024,"#리프팅레이저
#타이트닝",10,후기 2,"53,900원",VAT 포함,"슈링크유니버스
시술시간
30분
마취여부
크림마취
회복시간
3일
시술효과
1~2달 후",오운의원(구리점),여의사 진료 / 여의사 진료,"경기도 구리시 산마루로 5 대방디엠시티 3층, 오운의원(구리점)",,화요일 10:00 ~ 20:00 (점심 13:00 ~ 14:00) / 수요일 10:00 ~ 20:00 (점심 13:00 ~ 14:00) / 목요일 10:00 ~ 20:00 (점심 13:00 ~ 14:00) / 금요일 10:00 ~ 20:00 (점심 13:00 ~ 14:00) / 토요일 10:00 ~ 16:00 / 일요일 휴진,0508-0353-9945
리프팅,레이저리프팅,슈링크유니버스,https://www.yeoshin.co.kr/event/mobile/24652,대표원장 상담 시술 슈링크유니버스,https://d3gurpvil0se70.cloudfront.net/upfiles/images/product/2PcZ3KMerLfrlznbSqTfgHyDc4j3.png?q=90&f=webp&w=1024,"#리프팅레이저
#타이트닝",,,,,"슈링크유니버스
시술시간
30~40분
마취여부
크림마취
회복시간
약 3일
시술효과
1~2개월",더이뻐의원,일본어 응대 / 일본어 응대,서울특별시 서초구 나루터로 80 (잠원동) (자은빌딩) 3층,"크림마취
수면마취
국소마취",화요일 10:00 ~ 20:00 / 수요일 10:00 ~ 20:00 / 목요일 10:00 ~ 20:00 / 금요일 10:00 ~ 20:00 / 토요일 10:00 ~ 16:00 / 일요일 휴진 / 12월 25일 성탄절 휴무,050803530151
리프팅,레이저리프팅,써마지리프팅,https://www.yeoshin.co.kr/event/mobile/26715,써마지 FLX 로 빈틈없는 콜라겐 타이트닝,https://d3gurpvil0se70.cloudfront.net/upfiles/images/product/fZC7EfCBaqdO77bOJzPJgDqiLkJ4.jpg?q=90&f=webp&w=1024,"#타이트닝
#리프팅레이저",8,후기 1,"1,890,000원",VAT 포함,"써마지
시술시간
30~60분
마취여부
크림마취
회복시간
당일
시술효과
3개월 후",제이필의원(홍대점),전문의 1명 / 전문의 1명 / 여의사 진료 / 여의사 진료 / 수술실 CCTV / 수술실 CCTV / 분야별 협진 / 분야별 협진 / 사후관리 / 사후관리,서울특별시 마포구 양화로 166 (동교동) 제이필의원,"크림마취
수면마취
비수면 무통마취",화요일 10:00 ~ 20:00 / 수요일 10:00 ~ 20:00 / 목요일 10:00 ~ 20:00 / 금요일 10:00 ~ 20:00 / 토요일 10:00 ~ 17:00 / 일요일 휴진,050803543270
리프팅,레이저리프팅,써마지리프팅,https://www.yeoshin.co.kr/event/mobile/23337,써마지 FLX 로 빈틈없는 콜라겐 타이트닝,https://d3gurpvil0se70.cloudfront.net/upfiles/images/product/lnIhKhy52Mps2LFsQ2OBe10bIno5.jpg?q=90&f=webp&w=1024,"#타이트닝
#리프팅레이저",9.6,후기 5,"1,890,000원",VAT 포함,"써마지
시술시간
30~60분
마취여부
크림마취
회복시간
당일
시술효과
3개월 후",제이필의원(강남점),영어 응대 / 영어 응대 / 중국어 응대 / 중국어 응대 / 일본어 응대 / 일본어 응대,서울특별시 강남구 강남대로 438 (역삼동) 스타플렉스 B1,,화요일 10:00 ~ 20:00 / 수요일 10:00 ~ 20:00 / 목요일 10:00 ~ 20:00 / 금요일 10:00 ~ 20:00 / 토요일 10:00 ~ 17:00 / 일요일 휴진,0508-0353-4730
리프팅,레이저리프팅,써마지리프팅,https://www.yeoshin.co.kr/event/mobile/25170,4세대 써마지 FLX 특가(1회용 정품팁),https://d3gurpvil0se70.cloudfront.net/upfiles/images/product/fV4azKMJMvlCB5odQbqqFNklT3e6.png?q=90&f=webp&w=1024,"#타이트닝
#리프팅레이저",9.6,후기 5,"1,199,000원",VAT 포함,"써마지
시술시간
30~60분
마취여부
크림마취
회복시간
당일
시술효과
3개월 후",뷰티블라썸의원,여의사 진료 / 여의사 진료 / 사후관리 / 사후관리 / 영어 응대 / 영어 응대 / 중국어 응대 / 중국어 응대 / 일본어 응대 / 일본어 응대,"서울특별시 마포구 양화로 66 (서교동) 5층,6층",,화요일 10:00 ~ 20:00 / 수요일 10:00 ~ 20:00 / 목요일 10:00 ~ 20:00 / 금요일 10:00 ~ 20:00 / 토요일 10:00 ~ 16:30 / 일요일 10:00 ~ 16:30 / 대체 공휴일 진료,0508-0353-9342
리프팅,레이저리프팅,써마지리프팅,https://www.yeoshin.co.kr/event/mobile/18540,여배우리프팅 상륙! 울쎄라써마지티타늄리프팅,https://d3gurpvil0se70.cloudfront.net/upfiles/images/product/cKYp59v7ZkbxxphS8ToUUVBOJvB7.jpg?q=90&f=webp&w=1024,"#리프팅레이저
#타이트닝",9.6,후기 73,"590,000원",VAT 포함,"티타늄
시술시간
20분
마취여부
마취없음
회복시간
당일
시술효과
2~4주 후",로렐의원,전문의 1명 / 전문의 1명 / 영어 응대 / 영어 응대 / 중국어 응대 / 중국어 응대 / 일본어 응대 / 일본어 응대,서울특별시 강남구 선릉로152길 17 (청담동) 7층,,화요일 10:00 ~ 19:00 (점심 13:00 ~ 14:00) / 수요일 10:00 ~ 19:00 (점심 13:00 ~ 14:00) / 목요일 10:00 ~ 20:30 (점심 13:00 ~ 14:00) / 금요일 10:00 ~ 20:30 (점심 13:00 ~ 14:00) / 토요일 10:00 ~ 17:00 / 일요일 휴진,0508-0353-5495
리프팅,레이저리프팅,써마지리프팅,https://www.yeoshin.co.kr/event/mobile/24427,써마지 FLX 피부과전문의시술,https://d3gurpvil0se70.cloudfront.net/upfiles/images/product/o5K2VS0ZZUikVGhGqAzIk4oPCHB.png?q=90&f=webp&w=1024,"#피부과 전문의
#타이트닝
#리프팅레이저",,,"1,990,000원",VAT 포함,"써마지
시술시간
30~60분
마취여부
크림마취
회복시간
당일
시술효과
3개월 후",휴먼피부과의원(평택점),전문의 5명 / 전문의 5명 / 여의사 진료 / 여의사 진료 / 사후관리 / 사후관리 / 영어 응대 / 영어 응대,경기도 평택시 중앙2로 13 (평택동) 센텀스카이 빌딩 10층,"크림마취
수면마취",화요일 10:00 ~ 21:00 (점심 13:00 ~ 14:30) / 수요일 10:00 ~ 21:00 (점심 13:00 ~ 14:30) / 목요일 10:00 ~ 21:00 (점심 13:00 ~ 14:30) / 금요일 10:00 ~ 21:00 (점심 13:00 ~ 14:30) / 토요일 10:00 ~ 17:00 / 일요일 휴진 / 평일) 접수마감 8시 30분 / 토요일) 점수마감 4시,0508-0353-0418
리프팅,레이저리프팅,써마지리프팅,https://www.yeoshin.co.kr/event/mobile/25843,써마지 CPT,https://d3gurpvil0se70.cloudfront.net/upfiles/images/product/IiQEoklImgj8y3U06KLDGAbQi1M4.png?q=90&f=webp&w=1024,"#타이트닝
#리프팅레이저",,,,,"써마지
시술시간
30~60분
마취여부
크림마취
회복시간
당일
시술효과
3개월 후",베르미의원/한의원,수술실 CCTV / 수술실 CCTV / 분야별 협진 / 분야별 협진 / 일본어 응대 / 일본어 응대,서울특별시 강남구 영동대로 722 (청담동) 풍양빌딩 2층 (청담동),,화요일 10:00 ~ 19:00 (점심 13:00 ~ 14:00) / 수요일 10:00 ~ 19:00 (점심 13:00 ~ 14:00) / 목요일 10:00 ~ 19:00 (점심 13:00 ~ 14:00) / 금요일 10:00 ~ 20:00 (점심 13:00 ~ 14:00) / 토요일 10:00 ~ 16:00 / 일요일 휴진,0508-0353-7622
리프팅,레이저리프팅,써마지리프팅,https://www.yeoshin.co.kr/event/mobile/22523,정품정샷 써마지 리프팅 FLX 600샷,https://d3gurpvil0se70.cloudfront.net/upfiles/images/product/B0mkb4qXY4tBntCDe6Sbd1VfJgY4.jpg?q=90&f=webp&w=1024,"#타이트닝
#리프팅레이저",,,"2,189,000원",VAT 포함,"써마지
시술시간
30~60분
마취여부
크림마취
회복시간
당일
시술효과
3개월 후",온리프성형외과,전문의 1명 / 전문의 1명 / 영어 응대 / 영어 응대 / 중국어 응대 / 중국어 응대 / 일본어 응대 / 일본어 응대 / 피부진단기 F-RAY 촬영 > / 피부진단기 F-RAY 촬영 > / 피부진단기 F-RAY 촬영 >,서울특별시 서초구 강남대로 399 온리프성형외과,,화요일 11:00 ~ 20:00 / 수요일 11:00 ~ 20:00 / 목요일 11:00 ~ 20:00 / 금요일 11:00 ~ 21:00 / 토요일 10:00 ~ 17:00 / 일요일 휴진,0508-0353-1273
리프팅,레이저리프팅,써마지리프팅,https://www.yeoshin.co.kr/event/mobile/27207,써마지FLX 600샷,https://d3gurpvil0se70.cloudfront.net/upfiles/images/product/t8NcoFimPFUwD50N8TsjWrhc6M4A.jpg?q=90&f=webp&w=1024,"#피부과 전문의
#타이트닝
#리프팅레이저",,,"2,090,000원",VAT 포함,"써마지
시술시간
60분
마취여부
크림마취
회복시간
당일
시술효과
3개월 후",리뉴미피부과의원(홍제점),전문의 3명 / 전문의 3명 / 여의사 진료 / 여의사 진료 / 수술실 CCTV / 수술실 CCTV / 응급처치 시스템 / 응급처치 시스템 / 전담회복실 / 전담회복실 / 사후관리 / 사후관리 / 피부진단기 F-RAY 촬영 > / 피부진단기 F-RAY 촬영 > / 피부진단기 F-RAY 촬영 >,"서울특별시 서대문구 통일로 433 (홍제동) 조이빌딩 7, 8층","크림마취
수면마취
비수면 무통마취
국소마취",화요일 10:00 ~ 19:00 (점심 13:00 ~ 14:00) / 수요일 10:00 ~ 19:00 (점심 13:00 ~ 14:00) / 목요일 10:00 ~ 19:00 (점심 13:00 ~ 14:00) / 금요일 10:00 ~ 20:00 (점심 13:00 ~ 14:00) / 토요일 09:30 ~ 16:30 (점심 13:00 ~ 14:00) / 일요일 휴진,050803534854
리프팅,레이저리프팅,써마지리프팅,https://www.yeoshin.co.kr/event/mobile/25153,울쎄라피 프라임 & 써마지 FLX 리프팅,https://d3gurpvil0se70.cloudfront.net/upfiles/images/product/bVplPCOCfVmPy6kWgXl8lSzHSx7A.jpg?q=90&f=webp&w=1024,"#리프팅레이저
#타이트닝",10,후기 1,"2,574,000원",VAT 포함,"울쎄라피프라임
시술시간
30~60분
마취여부
크림마취
회복시간
약 1~3일
시술효과
1~2개월",온리프성형외과,전문의 1명 / 전문의 1명 / 영어 응대 / 영어 응대 / 중국어 응대 / 중국어 응대 / 일본어 응대 / 일본어 응대 / 피부진단기 F-RAY 촬영 > / 피부진단기 F-RAY 촬영 > / 피부진단기 F-RAY 촬영 >,서울특별시 서초구 강남대로 399 온리프성형외과,,화요일 11:00 ~ 20:00 / 수요일 11:00 ~ 20:00 / 목요일 11:00 ~ 20:00 / 금요일 11:00 ~ 21:00 / 토요일 10:00 ~ 17:00 / 일요일 휴진,0508-0353-1273
리프팅,레이저리프팅,써마지리프팅,https://www.yeoshin.co.kr/event/mobile/10242,정품인증 써마지 FLX,https://d3gurpvil0se70.cloudfront.net/upfiles/images/product/oE1hcw2MrusDEtrJPQDw424RY9n5.png?q=90&f=webp&w=1024,"#타이트닝
#리프팅레이저",8.8,후기 5,"1,089,000원",VAT 포함,"써마지
시술시간
30~60분
마취여부
크림마취
회복시간
당일
시술효과
3달 후",신사에그의원,여의사 진료 / 여의사 진료 / 영어 응대 / 영어 응대 / 중국어 응대 / 중국어 응대 / 일본어 응대 / 일본어 응대,서울특별시 서초구 강남대로 613 (잠원동) 성락빌딩 5~7층,"크림마취
수면마취
국소마취",화요일 11:00 ~ 20:30 (점심 14:00 ~ 15:00) / 수요일 11:00 ~ 20:30 (점심 14:00 ~ 15:00) / 목요일 11:00 ~ 20:30 (점심 14:00 ~ 15:00) / 금요일 11:00 ~ 20:30 (점심 14:00 ~ 15:00) / 토요일 11:00 ~ 17:00 / 일요일 11:00 ~ 17:00,0508-0353-5368
리프팅,레이저리프팅,써마지리프팅,https://www.yeoshin.co.kr/event/mobile/25969,"피부과 전문의, 맞춤 써마지FLX 600샷",https://d3gurpvil0se70.cloudfront.net/upfiles/images/product/nTrnoEes36UZFVIw503wUmsHvke8.jpg?q=90&f=webp&w=1024,"#피부과 전문의
#타이트닝
#리프팅레이저",,,"2,000,000원",VAT 포함,"써마지
시술시간
50~60분
마취여부
크림마취
회복시간
당일
시술효과
1~3개월",청담더오피부과의원,전문의 1명 / 전문의 1명 / 사후관리 / 사후관리,서울특별시 강남구 선릉로 602 (삼성동) 2층,,화요일 10:00 ~ 19:00 (점심 13:00 ~ 14:00) / 수요일 10:00 ~ 19:00 (점심 13:00 ~ 14:00) / 목요일 10:00 ~ 19:00 (점심 13:00 ~ 14:00) / 금요일 10:00 ~ 19:00 (점심 13:00 ~ 14:00) / 토요일 10:00 ~ 17:00 (점심 13:00 ~ 14:00) / 일요일 휴진,050803531528
리프팅,레이저리프팅,써마지리프팅,https://www.yeoshin.co.kr/event/mobile/25951,정품인증 눈앞개봉 써마지FLX 600샷,https://d3gurpvil0se70.cloudfront.net/upfiles/images/product/cB1x1EfDJYAH8NCEEqzb6Ro4Mei1.jpg?q=90&f=webp&w=1024,"#타이트닝
#리프팅레이저",,,"1,850,000원",VAT 포함,"써마지
시술시간
30~60분
마취여부
크림마취
회복시간
당일
시술효과
3개월 후",제너리스의원(연신내점),,"서울특별시 은평구 연서로 216 (대조동, 대조동아트캐슬주상복합) 3층 제너리스의원",,화요일 10:30 ~ 20:00 (점심 13:00 ~ 14:00) / 수요일 10:30 ~ 20:00 (점심 13:00 ~ 14:00) / 목요일 10:30 ~ 20:00 (점심 13:00 ~ 14:00) / 금요일 10:30 ~ 20:00 (점심 13:00 ~ 14:00) / 토요일 10:00 ~ 17:00 (점심 13:00 ~ 14:00) / 일요일 휴진,0508-0353-9732
리프팅,레이저리프팅,써마지리프팅,https://www.yeoshin.co.kr/event/mobile/26849,유니 써마지 FLX 600샷,https://d3gurpvil0se70.cloudfront.net/upfiles/images/product/APByBGFi3ghFJrcfu8ZI3kT0ZJi1.jpg?q=90&f=webp&w=1024,"#타이트닝
#리프팅레이저",,,"1,990,000원",VAT 포함,"써마지
시술시간
60분
마취여부
크림마취
회복시간
당일
시술효과
3개월 후",유니성형외과의원,전문의 1명 / 전문의 1명 / 수술실 CCTV / 수술실 CCTV / 응급처치 시스템 / 응급처치 시스템,서울특별시 강남구 논현로 836 (신사동) 5층,"크림마취
수면마취
전신마취
국소마취",화요일 10:00 ~ 19:00 / 수요일 10:00 ~ 19:00 / 목요일 10:00 ~ 19:00 / 금요일 10:00 ~ 21:00 / 토요일 10:00 ~ 16:00 / 일요일 휴진,050803543086
리프팅,레이저리프팅,써마지리프팅,https://www.yeoshin.co.kr/event/mobile/21140,울쎄라+써마지FLX / 울써마지 리프팅,https://d3gurpvil0se70.cloudfront.net/upfiles/images/product/MOQqq1UbEQ3T0Yvf9PiH70kDtrk.jpg?q=90&f=webp&w=1024,"#피부과 전문의
#리프팅레이저
#타이트닝",,,"1,969,000원",VAT 포함,"리프팅레이저
시술시간
40~60분
마취여부
3중마취
회복시간
1일
시술효과
2~3달 후",닥터스피부과의원(공덕점),전문의 4명 / 전문의 4명,서울특별시 마포구 마포대로 127 닥터스피부과의원(공덕점),,화요일 10:00 ~ 20:00 (점심 13:00 ~ 14:00) / 수요일 10:00 ~ 19:30 (점심 13:00 ~ 14:00) / 목요일 10:00 ~ 20:00 (점심 13:00 ~ 14:00) / 금요일 10:00 ~ 20:00 (점심 13:00 ~ 14:00) / 토요일 10:00 ~ 15:00 / 일요일 휴진 / 공휴일은 휴진,0508-0353-8201
리프팅,레이저리프팅,써마지리프팅,https://www.yeoshin.co.kr/event/mobile/26568,대표원장 꼼꼼하게 직접 시술 써마지600샷,https://d3gurpvil0se70.cloudfront.net/upfiles/images/product/VIdKyd5Atzp1XWlqjYa3LrFaM0t.jpg?q=90&f=webp&w=1024,"#타이트닝
#리프팅레이저",,,,,"써마지
시술시간
60분
마취여부
크림마취
회복시간
당일
시술효과
3개월 후",청담엔샤인의원,전문의 1명 / 전문의 1명 / 여의사 진료 / 여의사 진료 / 수술실 CCTV / 수술실 CCTV / 중국어 응대 / 중국어 응대,"서울특별시 강남구 도산대로 333 (신사동) 9층(신사동, K+메디칼타워)","크림마취
국소마취",화요일 10:00 ~ 20:00 / 수요일 휴진 / 목요일 10:00 ~ 19:00 / 금요일 10:00 ~ 20:00 / 토요일 10:00 ~ 15:00 / 일요일 휴진,0508-0353-5899
리프팅,레이저리프팅,써마지리프팅,https://www.yeoshin.co.kr/event/mobile/27625,하이봄 써마지 600샷,https://d3gurpvil0se70.cloudfront.net/upfiles/images/product/x3L3aWFqCfGyX4KFTkQgoWT339p3.jpg?q=90&f=webp&w=1024,"#타이트닝
#리프팅레이저",,,"1,749,000원",VAT 포함,"써마지
시술시간
60분
마취여부
크림마취
회복시간
당일
시술효과
1개월 후",하이봄성형외과,전문의 4명 / 전문의 4명 / 수술실 CCTV / 수술실 CCTV / 전담회복실 / 전담회복실 / 사후관리 / 사후관리,서울시 서초구 강남대로 563 페이토플라자 빌딩 3층,"크림마취
수면마취
국소마취",화요일 10:00 ~ 19:00 / 수요일 10:00 ~ 19:00 / 목요일 10:00 ~ 19:00 / 금요일 10:00 ~ 19:00 / 토요일 10:00 ~ 16:00 / 일요일 휴진,0508-0353-3851
리프팅,레이저리프팅,써마지리프팅,https://www.yeoshin.co.kr/event/mobile/27325,에르네의원 써마지FLX,https://d3gurpvil0se70.cloudfront.net/upfiles/images/product/R3FV9qPdFZSKsI2ab0OZmCDrDcR9.jpg?q=90&f=webp&w=1024,"#타이트닝
#리프팅레이저",,,"1,210,000원",VAT 포함,"써마지
시술시간
60분
마취여부
마취타입 선택
회복시간
당일
시술효과
3개월 후",에르네의원,여의사 진료 / 여의사 진료 / 영어 응대 / 영어 응대 / 중국어 응대 / 중국어 응대 / 일본어 응대 / 일본어 응대,서울시 서초구 서초대로 77길 59 에르네의원,,화요일 10:00 ~ 21:00 / 수요일 10:00 ~ 21:00 / 목요일 10:00 ~ 21:00 / 금요일 10:00 ~ 21:00 / 토요일 10:00 ~ 17:00 / 일요일 10:00 ~ 17:00,0508-0354-2964
리프팅,레이저리프팅,써마지리프팅,https://www.yeoshin.co.kr/event/mobile/3221,정품팁사용! 4세대 써마지FLX,https://d3gurpvil0se70.cloudfront.net/upfiles/images/product/FLT0iGqJkzxoCApihw17Pr09yly7.jpg?q=90&f=webp&w=1024,"#타이트닝
#리프팅레이저",9.7,후기 27,"1,386,000원",VAT 포함,"써마지
시술시간
30분
마취여부
냉각마취
회복시간
당일
시술효과
3달 후",우아성형외과의원,전문의 7명 / 전문의 7명 / 여의사 진료 / 여의사 진료 / 마취과의 진료 / 마취과의 진료 / 수술실 CCTV / 수술실 CCTV / 응급처치 시스템 / 응급처치 시스템 / 분야별 협진 / 분야별 협진 / 기본 입원실 / 기본 입원실 / 전담회복실 / 전담회복실 / 사후관리 / 사후관리 / 영어 응대 / 영어 응대 / 중국어 응대 / 중국어 응대 / 일본어 응대 / 일본어 응대,"서울특별시 강남구 강남대로 492 (논현동) 지하 1층, 3층, 4층, 5층, 6층, 10층,12층 각 전체(논현동, HM타워)","크림마취
수면마취
전신마취
국소마취",화요일 10:00 ~ 19:00 / 수요일 10:00 ~ 19:00 / 목요일 10:00 ~ 19:00 / 금요일 10:00 ~ 20:30 / 토요일 10:00 ~ 17:00 / 일요일 휴진,0508-0353-5445
리프팅,레이저리프팅,써마지리프팅,https://www.yeoshin.co.kr/event/mobile/11094,당신만을 위한 하나의 정품팁! 명동루비_써마지FLX,https://d3gurpvil0se70.cloudfront.net/upfiles/images/product/71282023.jpg?q=90&f=webp&w=1024,"#타이트닝
#리프팅레이저",8.4,후기 143,"990,000원",VAT 포함,"써마지
시술시간
30분
마취여부
냉각마취
회복시간
당일
시술효과
3달 후",루비의원(명동점),,서울특별시 중구 명동길 65 루비의원(명동점),,화요일 10:30 ~ 20:30 (점심 13:30 ~ 15:00) / 수요일 10:30 ~ 20:30 (점심 13:30 ~ 15:00) / 목요일 10:30 ~ 20:30 (점심 13:30 ~ 15:00) / 금요일 10:30 ~ 20:30 (점심 13:30 ~ 15:00) / 토요일 10:00 ~ 16:00 / 일요일 12:00 ~ 17:00,0508-0353-8508
리프팅,레이저리프팅,써마지리프팅,https://www.yeoshin.co.kr/event/mobile/26799,잠실온 피부과전문의_ 써마지FLX 600샷,https://d3gurpvil0se70.cloudfront.net/upfiles/images/product/brUFV6UW7XZSEIJbFOMyNol1w4x.png?q=90&f=webp&w=1024,"#피부과 전문의
#타이트닝
#리프팅레이저",,,,,"써마지
시술시간
60분
마취여부
크림/신경마취
회복시간
당일
시술효과
3개월 후",잠실온피부과의원,전문의 2명 / 전문의 2명 / 여의사 진료 / 여의사 진료 / 사후관리 / 사후관리,"서울특별시 송파구 송파대로 562 (신천동, 웰리스타워,삼성웰리스아파트) 잠실온피부과의원","크림마취
국소마취",화요일 10:00 ~ 20:00 (점심 13:00 ~ 14:00) / 수요일 10:00 ~ 20:00 (점심 13:00 ~ 14:00) / 목요일 10:00 ~ 20:00 (점심 13:00 ~ 14:00) / 금요일 10:00 ~ 20:00 (점심 13:00 ~ 14:00) / 토요일 10:00 ~ 16:00 / 일요일 휴진,050803543275
리프팅,레이저리프팅,써마지리프팅,https://www.yeoshin.co.kr/event/mobile/5903,써마지FLX,https://d3gurpvil0se70.cloudfront.net/upfiles/images/product/XtoJQocu1sAqMR9aInRSPIQJa6Z6.png?q=90&f=webp&w=1024,"#타이트닝
#리프팅레이저",10,후기 1,"1,089,000원",VAT 포함,"써마지
시술시간
30~60분
마취여부
크림마취
회복시간
당일
시술효과
3개월 후",다이아의원,영어 응대 / 영어 응대 / 중국어 응대 / 중국어 응대 / 일본어 응대 / 일본어 응대,서울시 서초구 강남대로 411 다이아의원,"크림마취
국소마취",화요일 10:00 ~ 20:00 / 수요일 10:00 ~ 20:00 / 목요일 10:00 ~ 20:00 / 금요일 10:00 ~ 20:00 / 토요일 10:00 ~ 16:00 / 일요일 휴진,0508-0353-7788
리프팅,레이저리프팅,써마지리프팅,https://www.yeoshin.co.kr/event/mobile/26165,순플러스_울써마지FLX 울쎄라 써마지FLX,https://d3gurpvil0se70.cloudfront.net/upfiles/images/product/FuVU5WaSCMhNcfRYUWHakxoZT2m8.jpg?q=90&f=webp&w=1024,"#타이트닝
#리프팅레이저",,,"2,310,000원",VAT 포함,"써마지
시술시간
30분
마취여부
크림마취
회복시간
당일
시술효과
1개월 후",순플러스성형외과의원,전문의 3명 / 전문의 3명 / 여의사 진료 / 여의사 진료 / 수술실 CCTV / 수술실 CCTV / 응급처치 시스템 / 응급처치 시스템 / 전담회복실 / 전담회복실 / 사후관리 / 사후관리 / 영어 응대 / 영어 응대 / 중국어 응대 / 중국어 응대,"서울특별시 서초구 강남대로 589 (잠원동) 멀버리힐스 메디컬동 12F, 13F","크림마취
수면마취
국소마취",화요일 10:00 ~ 19:00 / 수요일 10:00 ~ 19:00 / 목요일 10:00 ~ 19:00 / 금요일 10:00 ~ 19:00 / 토요일 10:00 ~ 16:00 / 일요일 휴진,050803533332
리프팅,레이저리프팅,써마지리프팅,https://www.yeoshin.co.kr/event/mobile/26733,홍대입구역 포레나 써마지 FLX,https://d3gurpvil0se70.cloudfront.net/upfiles/images/product/wvlh8MAFjDiDPQ7IVml8ywGCIyiA.png?q=90&f=webp&w=1024,"#타이트닝
#리프팅레이저",,,"2,420,000원",VAT 포함,"써마지
시술시간
60분
마취여부
크림마취
회복시간
당일
시술효과
3개월 후",포레나의원,여의사 진료 / 여의사 진료 / 영어 응대 / 영어 응대 / 중국어 응대 / 중국어 응대 / 일본어 응대 / 일본어 응대,서울특별시 마포구 양화로 140 (동교동) H-CUBE 7층 포레나의원,크림마취,화요일 10:00 ~ 20:30 / 수요일 10:00 ~ 20:30 / 목요일 10:00 ~ 20:30 / 금요일 10:00 ~ 20:30 / 토요일 10:00 ~ 17:00 / 일요일 10:00 ~ 17:00 / 공휴일 10:00-17:00,0508-0353-2218
리프팅,레이저리프팅,써마지리프팅,https://www.yeoshin.co.kr/event/mobile/25169,정품 써마지FLX 피부과전문의,https://d3gurpvil0se70.cloudfront.net/upfiles/images/product/I3UGBtaMPsrFl9kAObT81YX5pEV6.jpg?q=90&f=webp&w=1024,"#피부과 전문의
#타이트닝
#리프팅레이저",,,"1,199,000원",VAT 포함,"써마지
시술시간
30~60분
마취여부
크림마취
회복시간
당일
시술효과
3개월 후",닥터스피부과의원(공덕점),전문의 4명 / 전문의 4명,서울특별시 마포구 마포대로 127 닥터스피부과의원(공덕점),,화요일 10:00 ~ 20:00 (점심 13:00 ~ 14:00) / 수요일 10:00 ~ 19:30 (점심 13:00 ~ 14:00) / 목요일 10:00 ~ 20:00 (점심 13:00 ~ 14:00) / 금요일 10:00 ~ 20:00 (점심 13:00 ~ 14:00) / 토요일 10:00 ~ 15:00 / 일요일 휴진 / 공휴일은 휴진,0508-0353-8201
리프팅,레이저리프팅,써마지리프팅,https://www.yeoshin.co.kr/event/mobile/4351,"써마지 300샷,108만 9천원",https://d3gurpvil0se70.cloudfront.net/upfiles/images/product/nKNYk5owW4Wh2zfhzmTv1kiUnP3A.jpg?q=90&f=webp&w=1024,"#타이트닝
#리프팅레이저",9.7,후기 3,"1,089,000원",VAT 포함,"써마지
시술시간
30분
마취여부
국소마취
회복시간
당일
시술효과
1달 후",메이필클리닉,전문의 1명 / 전문의 1명 / 여의사 진료 / 여의사 진료 / 수술실 CCTV / 수술실 CCTV / 분야별 협진 / 분야별 협진 / 전담회복실 / 전담회복실 / 중국어 응대 / 중국어 응대 / 일본어 응대 / 일본어 응대,서울특별시 서초구 강남대로 423 메이필클리닉,"크림마취
수면마취
국소마취",화요일 10:00 ~ 19:00 / 수요일 10:00 ~ 19:00 / 목요일 10:00 ~ 19:00 / 금요일 10:00 ~ 19:00 / 토요일 10:00 ~ 16:00 / 일요일 휴진,0508-0353-7137
리프팅,레이저리프팅,써마지리프팅,https://www.yeoshin.co.kr/event/mobile/6532,고주파를 이용한 비침습적 모찌 리프팅 4세대써마지FLX,https://d3gurpvil0se70.cloudfront.net/upfiles/images/product/3963595566.jpg?q=90&f=webp&w=1024,"#타이트닝
#리프팅레이저",10,후기 1,"1,650,000원",VAT 포함,"써마지
시술시간
30분
마취여부
크림마취
회복시간
7일
시술효과
1~3달 후",넬의원,,부산광역시 부산진구 서면로60 넬의원,,화요일 10:00 ~ 21:00 (점심 13:00 ~ 14:00) / 수요일 10:00 ~ 19:00 (점심 13:00 ~ 14:00) / 목요일 10:00 ~ 19:00 (점심 13:00 ~ 14:00) / 금요일 10:00 ~ 21:00 (점심 13:00 ~ 14:00) / 토요일 10:00 ~ 15:00 / 일요일 휴진,0508-0354-2100
리프팅,레이저리프팅,써마지리프팅,https://www.yeoshin.co.kr/event/mobile/26115,순플러스_써마지FLX 리프팅,https://d3gurpvil0se70.cloudfront.net/upfiles/images/product/9uhLv0RZLxddSFJn5qWrVrgbH873.jpg?q=90&f=webp&w=1024,"#타이트닝
#리프팅레이저",,,"1,320,000원",VAT 포함,"써마지
시술시간
30분
마취여부
크림마취
회복시간
당일
시술효과
1개월 후",순플러스성형외과의원,전문의 3명 / 전문의 3명 / 여의사 진료 / 여의사 진료 / 수술실 CCTV / 수술실 CCTV / 응급처치 시스템 / 응급처치 시스템 / 전담회복실 / 전담회복실 / 사후관리 / 사후관리 / 영어 응대 / 영어 응대 / 중국어 응대 / 중국어 응대,"서울특별시 서초구 강남대로 589 (잠원동) 멀버리힐스 메디컬동 12F, 13F","크림마취
수면마취
국소마취",화요일 10:00 ~ 19:00 / 수요일 10:00 ~ 19:00 / 목요일 10:00 ~ 19:00 / 금요일 10:00 ~ 19:00 / 토요일 10:00 ~ 16:00 / 일요일 휴진,050803533332
리프팅,레이저리프팅,써마지리프팅,https://www.yeoshin.co.kr/event/mobile/26234,리드 써마지FLX,https://d3gurpvil0se70.cloudfront.net/upfiles/images/product/n9DH5zFTFi3Hx3iMCk0hb7Yrcor.jpg?q=90&f=webp&w=1024,"#타이트닝
#리프팅레이저",,,"1,200,000원",VAT 포함,"써마지
시술시간
60분
마취여부
크림마취
회복시간
당일
시술효과
3개월 후",리드성형외과의원,전문의 1명 / 전문의 1명 / 응급처치 시스템 / 응급처치 시스템 / 전담회복실 / 전담회복실 / 사후관리 / 사후관리 / 영어 응대 / 영어 응대,"서울특별시 강남구 언주로30길 21 (도곡동, 아카데미스위트) 지하1층 B101-31-1호","크림마취
수면마취
비수면 무통마취
국소마취",화요일 10:00 ~ 18:00 (점심 13:00 ~ 14:00) / 수요일 10:00 ~ 20:30 (점심 13:00 ~ 14:00) / 목요일 10:00 ~ 20:30 (점심 13:00 ~ 14:00) / 금요일 10:00 ~ 18:00 (점심 13:00 ~ 14:00) / 토요일 09:00 ~ 16:00 / 일요일 휴진,0508-0353-7926
리프팅,레이저리프팅,써마지리프팅,https://www.yeoshin.co.kr/event/mobile/26950,울쎄라 300샷+써마지300샷+턱선보톡스,https://d3gurpvil0se70.cloudfront.net/upfiles/images/product/RsG5dAZEcDDAohEms9o16QFaF3h5.jpg?q=90&f=webp&w=1024,"#타이트닝
#리프팅레이저",,,"2,700,000원",VAT 포함,"써마지
시술시간
1~2시간
마취여부
크림/수면
회복시간
약 1주
시술효과
4~8주 후",청담쥬넥스의원,수술실 CCTV / 수술실 CCTV / 응급처치 시스템 / 응급처치 시스템 / 분야별 협진 / 분야별 협진 / 전담회복실 / 전담회복실 / 사후관리 / 사후관리,서울특별시 강남구 도산대로 435 (청담동) 삼이빌딩 4층,"크림마취
수면마취
국소마취",화요일 09:30 ~ 18:30 / 수요일 휴진 / 목요일 09:30 ~ 18:30 / 금요일 09:30 ~ 18:30 / 토요일 09:30 ~ 17:00 / 일요일 휴진,050803543238
리프팅,레이저리프팅,써마지리프팅,https://www.yeoshin.co.kr/event/mobile/27116,피부과전문의 써마지FLX 300샷,https://d3gurpvil0se70.cloudfront.net/upfiles/images/product/dWXiyUb5jedhYeTv251aeuzCINx9.jpg?q=90&f=webp&w=1024,"#피부과 전문의
#타이트닝
#리프팅레이저",,,"1,199,000원",VAT 포함,"써마지
시술시간
60분
마취여부
크림마취
회복시간
당일
시술효과
1~3개월 후",오체안피부과의원(과천점),전문의 2명 / 전문의 2명 / 여의사 진료 / 여의사 진료,경기도 과천시 별양상가1로 13 (별양동) 교보빌딩 6층(별양동),크림마취,화요일 10:00 ~ 19:00 (점심 13:30 ~ 14:30) / 수요일 10:00 ~ 19:00 (점심 13:30 ~ 14:30) / 목요일 10:00 ~ 20:00 (점심 13:30 ~ 14:30) / 금요일 10:00 ~ 19:00 (점심 13:30 ~ 14:30) / 토요일 09:00 ~ 14:00 / 일요일 휴진,050803547663
리프팅,레이저리프팅,써마지리프팅,https://www.yeoshin.co.kr/event/mobile/26038,대구 써마지FLX 리프팅 300샷,https://d3gurpvil0se70.cloudfront.net/upfiles/images/product/tDiVTY3G9Vs1cEqkTd43NGxOagr7.jpg?q=90&f=webp&w=1024,"#타이트닝
#리프팅레이저",,,"1,210,000원",VAT 포함,"써마지
시술시간
30~60분
마취여부
크림마취
회복시간
당일
시술효과
3개월 후",에디트의원,,"대구광역시 수성구 달구벌대로 2442 (범어동) 7층, 702호","크림마취
국소마취",화요일 10:00 ~ 20:00 (점심 13:00 ~ 14:30) / 수요일 10:00 ~ 20:00 (점심 13:00 ~ 14:30) / 목요일 10:00 ~ 20:00 (점심 13:00 ~ 14:30) / 금요일 10:00 ~ 20:00 (점심 13:00 ~ 14:30) / 토요일 10:00 ~ 17:00 (점심 13:00 ~ 14:00) / 일요일 휴진,"대구광역시 수성구 달구벌대로 2442, ,동소 189-34, 7층 702호(범어 동)"
리프팅,레이저리프팅,써마지리프팅,https://www.yeoshin.co.kr/event/mobile/25025,써마지 FLX 600샷,https://d3gurpvil0se70.cloudfront.net/upfiles/images/product/4o0myG8jgWIUmy4yYCoFRkQb3Eh1.jpg?q=90&f=webp&w=1024,"#피부과 전문의
#타이트닝
#리프팅레이저",10,후기 1,"1,990,000원",VAT 포함,"써마지
시술시간
30~60분
마취여부
크림마취
회복시간
당일
시술효과
3개월 후",CNP차앤박피부과(명동점),전문의 1명 / 전문의 1명 / 여의사 진료 / 여의사 진료,"서울특별시 중구 명동8길 17 (명동2가) (명동 2 가, 6층)",크림마취,화요일 10:30 ~ 20:00 (점심 13:00 ~ 14:00) / 수요일 10:30 ~ 20:00 (점심 13:00 ~ 14:00) / 목요일 10:30 ~ 20:00 (점심 13:00 ~ 14:00) / 금요일 10:30 ~ 20:00 (점심 13:00 ~ 14:00) / 토요일 10:00 ~ 16:30 / 일요일 휴진,050803532612
리프팅,레이저리프팅,써마지리프팅,https://www.yeoshin.co.kr/event/mobile/16965,써마지,https://d3gurpvil0se70.cloudfront.net/upfiles/images/product/wyh8VoA9AJAtooxVnpdgPU74SJv7.jpg?q=90&f=webp&w=1024,"#피부과 전문의
#타이트닝
#리프팅레이저",,,"2,750,000원",VAT 포함,"써마지
시술시간
30~60분
마취여부
크림마취
회복시간
당일
시술효과
3달 후",셀린피부과의원,전문의 1명 / 전문의 1명 / 여의사 진료 / 여의사 진료 / 영어 응대 / 영어 응대,서울특별시 강남구 학동로 215 셀린피부과의원,"크림마취
수면마취
비수면 무통마취
국소마취",화요일 10:00 ~ 19:00 (점심 13:00 ~ 14:00) / 수요일 10:00 ~ 19:00 (점심 13:00 ~ 14:00) / 목요일 10:00 ~ 19:00 (점심 13:00 ~ 14:00) / 금요일 10:00 ~ 20:00 (점심 13:00 ~ 14:00) / 토요일 10:00 ~ 14:00 / 일요일 휴진 / 토요일 격주 휴진 (홀수주 휴진),0508-0353-4201
리프팅,레이저리프팅,써마지리프팅,https://www.yeoshin.co.kr/event/mobile/20631,[NIKS] 써마지FLX 600랩 이벤트,https://d3gurpvil0se70.cloudfront.net/upfiles/images/product/G284zcE8ndadjbTQA5op2vskaTS4.png?q=90&f=webp&w=1024,"#타이트닝
#리프팅레이저",,,"2,750,000원",VAT 포함,"써마지
시술시간
30~60분
마취여부
크림마취
회복시간
당일
시술효과
3개월 후",닉스의원(수원점),여의사 진료 / 여의사 진료,경기도 수원시 팔달구 효원로265번길 28 (인계동) 3층 (인계동),"크림마취
수면마취
국소마취",화요일 10:30 ~ 20:30 (점심 14:00 ~ 15:00) / 수요일 10:30 ~ 20:30 (점심 14:00 ~ 15:00) / 목요일 10:30 ~ 20:30 (점심 14:00 ~ 15:00) / 금요일 10:30 ~ 20:30 (점심 14:00 ~ 15:00) / 토요일 10:30 ~ 16:30 / 일요일 휴진 / *일요일/공휴일 휴진,0508-0354-3026
리프팅,레이저리프팅,써마지리프팅,https://www.yeoshin.co.kr/event/mobile/25464,써마지 FLX 런칭특가[피부과전문의],https://d3gurpvil0se70.cloudfront.net/upfiles/images/product/SMFB8YXbHaoS2KhDRLMRr1uG2rdA.jpg?q=90&f=webp&w=1024,"#피부과 전문의
#타이트닝
#리프팅레이저",,,"1,320,000원",VAT 포함,"써마지
시술시간
30~60분
마취여부
크림마취
회복시간
당일
시술효과
3개월 후",파스텔휴먼피부과의원(왕십리),전문의 1명 / 전문의 1명 / 여의사 진료 / 여의사 진료,"서울특별시 성동구 왕십리로 410 L동 224,225,226호 (하왕십리동, 센트라스)","크림마취
비수면 무통마취
국소마취",화요일 10:00 ~ 20:00 (점심 13:00 ~ 14:00) / 수요일 10:00 ~ 19:00 (점심 13:00 ~ 14:00) / 목요일 10:00 ~ 19:00 (점심 13:00 ~ 14:00) / 금요일 10:00 ~ 20:00 (점심 13:00 ~ 14:00) / 토요일 09:30 ~ 15:00 / 일요일 휴진,0508-0353-7815
리프팅,레이저리프팅,써마지리프팅,https://www.yeoshin.co.kr/event/mobile/27233,유이 써마지FLX 600샷,https://d3gurpvil0se70.cloudfront.net/upfiles/images/product/j90iPuArtSjCnAB4n2nXvMtJdcJ4.jpg?q=90&f=webp&w=1024,"#타이트닝
#리프팅레이저",,,"2,420,000원",VAT 포함,"써마지
시술시간
60분
마취여부
크림/수면
회복시간
당일
시술효과
3개월 후",유이성형외과의원,전문의 1명 / 전문의 1명 / 여의사 진료 / 여의사 진료 / 전담회복실 / 전담회복실 / 사후관리 / 사후관리,서울특별시 강남구 강남대로 616 (신사동) 신사미타워 16층,"크림마취
수면마취
비수면 무통마취
전신마취
국소마취",화요일 10:00 ~ 19:00 / 수요일 10:00 ~ 19:00 / 목요일 10:00 ~ 19:00 / 금요일 10:00 ~ 19:00 / 토요일 09:30 ~ 15:30 / 일요일 휴진,"서울특별시 강남구 강남대로 616, 16층 1601,1602호 B518, B519호(신 사동, 외 1필지 신사미타워)"
리프팅,레이저리프팅,써마지리프팅,https://www.yeoshin.co.kr/event/mobile/24107,"프리미엄 안티에이징, 써마지 FLX",https://d3gurpvil0se70.cloudfront.net/upfiles/images/product/9JyU2FdYUNkREplmz9CHs5e9gtpA.jpg?q=90&f=webp&w=1024,"#타이트닝
#리프팅레이저",,,"2,189,000원",VAT 포함,"써마지
시술시간
30~60분
마취여부
크림마취
회복시간
당일
시술효과
3개월 후",피어봄의원(송도점),,"인천광역시 연수구 센트럴로 160 (송도동, 송도센트럴파크푸르지오) A동 2층 201호~207호",,화요일 10:00 ~ 19:00 (점심 13:00 ~ 14:00) / 수요일 10:00 ~ 21:00 (점심 13:00 ~ 14:00) / 목요일 휴진 / 금요일 10:00 ~ 21:00 (점심 13:00 ~ 14:00) / 토요일 09:00 ~ 15:00 / 일요일 휴진,0508-0353-0869
리프팅,레이저리프팅,써마지리프팅,https://www.yeoshin.co.kr/event/mobile/23334,원장님 1:1 맞춤 써마지FLX 600샷,https://d3gurpvil0se70.cloudfront.net/upfiles/images/product/zPhrMWwSVz4IlRHmeXZyFHokh5I7.jpg?q=90&f=webp&w=1024,"#타이트닝
#리프팅레이저",8.5,후기 2,"1,990,000원",VAT 포함,"써마지
시술시간
30~60분
마취여부
크림마취
회복시간
당일
시술효과
3개월 후",리드림의원(의료법인미래의료재단),,서울시 강남구 테헤란로 513 리드림의원(의료법인미래의료재단),,화요일 10:00 ~ 20:00 / 수요일 10:00 ~ 19:00 / 목요일 10:00 ~ 20:00 / 금요일 10:00 ~ 19:00 / 토요일 10:00 ~ 16:00 / 일요일 휴진,0508-0353-4648
리프팅,레이저리프팅,써마지리프팅,https://www.yeoshin.co.kr/event/mobile/11967,써마지FLX 300샷,https://d3gurpvil0se70.cloudfront.net/upfiles/images/product/555889792.jpg?q=90&f=webp&w=1024,"#피부과 전문의
#타이트닝
#리프팅레이저",,,"1,320,000원",VAT 포함,"써마지
시술시간
30분
마취여부
크림마취
회복시간
당일
시술효과
3달 후",동탄오라클피부과의원,전문의 3명 / 전문의 3명,경기도 화성시 동탄역로 150 동탄오라클피부과의원,,화요일 10:00 ~ 19:00 (점심 13:00 ~ 14:00) / 수요일 10:00 ~ 19:00 (점심 13:00 ~ 14:00) / 목요일 10:00 ~ 19:00 (점심 13:00 ~ 14:00) / 금요일 10:00 ~ 19:00 (점심 13:00 ~ 14:00) / 토요일 10:00 ~ 14:00 / 일요일 휴진,0508-0353-9999
리프팅,레이저리프팅,써마지리프팅,https://www.yeoshin.co.kr/event/mobile/15958,써마지 FLX,https://d3gurpvil0se70.cloudfront.net/upfiles/images/product/90n2ha9Ow2xYVxPwMMlBaLjsW5w5.jpg?q=90&f=webp&w=1024,"#타이트닝
#리프팅레이저",,,"1,320,000원",VAT 포함,"써마지
시술시간
60분
마취여부
크림마취
회복시간
당일
시술효과
3달 후",제이린의원(서면점),,부산광역시 부산진구 중앙대로 672 (부전동) 삼정타워 4층 제이린의원,,화요일 10:30 ~ 20:00 (점심 13:00 ~ 14:30) / 수요일 10:30 ~ 19:00 (점심 13:00 ~ 14:30) / 목요일 10:30 ~ 19:00 (점심 13:00 ~ 14:30) / 금요일 10:30 ~ 20:00 (점심 13:00 ~ 14:30) / 토요일 10:30 ~ 14:30 / 일요일 휴진,0508-0354-2276
리프팅,레이저리프팅,써마지리프팅,https://www.yeoshin.co.kr/event/mobile/18080,써마지FLX 피부탄력끌어~올려!,https://d3gurpvil0se70.cloudfront.net/upfiles/images/product/F5RT14ffGOOP6grYGMXKJN8Kryk5.jpg?q=90&f=webp&w=1024,"#피부과 전문의
#타이트닝
#리프팅레이저",,,"1,650,000원",VAT 포함,"써마지
시술시간
30~60분
마취여부
크림마취
회복시간
당일
시술효과
3개월 후",휴먼피부과의원(청라점),전문의 4명 / 전문의 4명 / 여의사 진료 / 여의사 진료,인천광역시 서구 중봉대로 594 비전프라자 4층 휴먼피부과의원(청라점),"크림마취
수면마취
비수면 무통마취",화요일 10:00 ~ 19:00 (점심 12:00 ~ 14:00) / 수요일 10:00 ~ 20:30 (점심 12:00 ~ 14:00) / 목요일 10:00 ~ 19:00 (점심 12:00 ~ 14:00) / 금요일 10:00 ~ 20:30 (점심 12:00 ~ 14:00) / 토요일 10:00 ~ 16:00 / 일요일 휴진 / 진료마감 : 월수금 19:30 / 화목 18:00 / 토 15:00,0508-0354-1088
리프팅,레이저리프팅,써마지리프팅,https://www.yeoshin.co.kr/event/mobile/20666,[NIKS] 써마지 FLX,https://d3gurpvil0se70.cloudfront.net/upfiles/images/product/yY8aH62rPqGUEKOYG29VNfIgUSrA.jpg?q=90&f=webp&w=1024,"#타이트닝
#리프팅레이저",,,"2,750,000원",VAT 포함,"써마지
시술시간
30~60분
마취여부
크림마취
회복시간
당일
시술효과
3개월 후",닉스의원(천안점),,충청남도 천안시 서북구 불당21로 67-8 (불당동) 정석프라자4차 3층 (닉스의원),"크림마취
수면마취
비수면 무통마취
국소마취",화요일 10:00 ~ 20:00 (점심 14:00 ~ 15:00) / 수요일 10:00 ~ 20:00 (점심 14:00 ~ 15:00) / 목요일 10:00 ~ 20:00 (점심 14:00 ~ 15:00) / 금요일 10:00 ~ 20:00 (점심 14:00 ~ 15:00) / 토요일 10:00 ~ 16:00 / 일요일 휴진 / [일요일/공휴일 휴진],0508-0354-2993
리프팅,레이저리프팅,써마지리프팅,https://www.yeoshin.co.kr/event/mobile/20600,[NIKS] 써마지 FLX 600랩,https://d3gurpvil0se70.cloudfront.net/upfiles/images/product/JmwOwma1aIarO0WKUOonmk21y6i.png?q=90&f=webp&w=1024,"#타이트닝
#리프팅레이저",,,"2,750,000원",VAT 포함,"써마지
시술시간
30~60분
마취여부
크림마취
회복시간
당일
시술효과
3개월 후",닉스의원(대전점),,대전광역시 서구 대덕대로 194 (둔산동) 2층 (닉스의원),"크림마취
수면마취
국소마취","화요일 10:00 ~ 20:00 (점심 14:00 ~ 15:00) / 수요일 10:00 ~ 20:00 (점심 14:00 ~ 15:00) / 목요일 10:00 ~ 20:00 (점심 14:00 ~ 15:00) / 금요일 10:00 ~ 20:00 (점심 14:00 ~ 15:00) / 토요일 10:00 ~ 16:00 / 일요일 휴진 / [일요일, 공휴일 휴진]",0508-0354-2955
리프팅,레이저리프팅,써마지리프팅,https://www.yeoshin.co.kr/event/mobile/18614,정품팁 써마지 FLX 300샷,https://d3gurpvil0se70.cloudfront.net/upfiles/images/product/lnIhyuchdidARq76daufKaaf2Qd1.jpg?q=90&f=webp&w=1024,"#타이트닝
#리프팅레이저",,,"1,199,000원",VAT 포함,"써마지
시술시간
30~60분
마취여부
크림마취
회복시간
당일
시술효과
1개월후",브라운성형외과의원,전문의 3명 / 전문의 3명 / 영어 응대 / 영어 응대 / 중국어 응대 / 중국어 응대 / 일본어 응대 / 일본어 응대,서울특별시 서초구 강남대로 475 (반포동) 브라운성형외과의원,,화요일 10:00 ~ 19:00 / 수요일 10:00 ~ 19:00 / 목요일 10:00 ~ 19:00 / 금요일 10:00 ~ 20:30 / 토요일 10:00 ~ 17:00 / 일요일 휴진 / 일요일&공휴일 휴진/금요일 야간진료,0508-0353-4515
리프팅,레이저리프팅,써마지리프팅,https://www.yeoshin.co.kr/event/mobile/2974,[원장님 영상]베이드 써마지FLX 300샷,https://d3gurpvil0se70.cloudfront.net/upfiles/images/product/H7vcfKTlJQFB25bqyqu1doINnQa6.png?q=90&f=webp&w=1024,"#타이트닝
#리프팅레이저",9.6,후기 81,"1,199,000원",VAT 포함,"써마지
시술시간
30분
마취여부
냉각마취
회복시간
당일
시술효과
3달 후",베이드의원,전문의 3명 / 전문의 3명 / 영어 응대 / 영어 응대 / 중국어 응대 / 중국어 응대 / 피부진단기 F-RAY 촬영 > / 피부진단기 F-RAY 촬영 > / 피부진단기 F-RAY 촬영 >,서울특별시 강남구 논현로 839 베이드의원,,화요일 10:00 ~ 20:00 (점심 13:00 ~ 14:00) / 수요일 10:00 ~ 20:00 (점심 13:00 ~ 14:00) / 목요일 10:00 ~ 20:00 (점심 13:00 ~ 14:00) / 금요일 10:00 ~ 20:00 (점심 13:00 ~ 14:00) / 토요일 10:00 ~ 16:00 / 일요일 휴진,0508-0353-3673
리프팅,레이저리프팅,써마지리프팅,https://www.yeoshin.co.kr/event/mobile/25283,반니 울쎄라/써마지/리쥬란/아이써마지_정품,https://d3gurpvil0se70.cloudfront.net/upfiles/images/product/BqyxH28yLfAgnD77mydH4b33et2.jpg?q=90&f=webp&w=1024,"#리프팅레이저
#타이트닝",10,후기 62,"319,000원",VAT 포함,"울쎄라
시술시간
30~60분
마취여부
크림마취
회복시간
약 1주
시술효과
4~8주 후",반니성형외과의원,전문의 2명 / 전문의 2명 / 여의사 진료 / 여의사 진료 / 수술실 CCTV / 수술실 CCTV / 전담회복실 / 전담회복실 / 사후관리 / 사후관리 / 중국어 응대 / 중국어 응대 / 일본어 응대 / 일본어 응대,"서울특별시 강남구 테헤란로 107 (역삼동) 8층 (역삼동, 메디타워)",,화요일 10:00 ~ 19:00 / 수요일 10:00 ~ 19:00 / 목요일 10:00 ~ 19:00 / 금요일 10:00 ~ 21:00 / 토요일 10:00 ~ 17:00 / 일요일 휴진,0508-0353-6588
리프팅,레이저리프팅,써마지리프팅,https://www.yeoshin.co.kr/event/mobile/27790,정품인증 맞춤 써마지FLX600샷+LDM,https://d3gurpvil0se70.cloudfront.net/upfiles/images/product/yJoS6OLOzLQruXbxzgTgViikgiQ2.jpg?q=90&f=webp&w=1024,"#타이트닝
#리프팅레이저",,,"2,189,000원",VAT 포함,"써마지
시술시간
60분
마취여부
크림마취
회복시간
당일
시술효과
3개월 후",연의원 범계(안양),,경기도 안양시 동안구 평촌대로217번길 15 (호계동) 파크에비뉴엘 4층,,화요일 10:30 ~ 20:30 (점심 13:30 ~ 14:30) / 수요일 휴진 / 목요일 10:30 ~ 20:30 (점심 13:30 ~ 14:30) / 금요일 10:00 ~ 18:00 (점심 13:30 ~ 14:30) / 토요일 10:00 ~ 16:00 / 일요일 휴진,0508-0354-1067
리프팅,레이저리프팅,써마지리프팅,https://www.yeoshin.co.kr/event/mobile/25336,"LDM,4세대 써마지FLX,리쥬란",https://d3gurpvil0se70.cloudfront.net/upfiles/images/product/UehvvtMJLswIEGetxP2XBUptrye1.jpg?q=90&f=webp&w=1024,"#타이트닝
#리프팅레이저",,,"2,090,000원",VAT 포함,"써마지
시술시간
30~60분
마취여부
수면마취
회복시간
당일
시술효과
3개월 후",반니성형외과의원,전문의 2명 / 전문의 2명 / 여의사 진료 / 여의사 진료 / 수술실 CCTV / 수술실 CCTV / 전담회복실 / 전담회복실 / 사후관리 / 사후관리 / 중국어 응대 / 중국어 응대 / 일본어 응대 / 일본어 응대,"서울특별시 강남구 테헤란로 107 (역삼동) 8층 (역삼동, 메디타워)",,화요일 10:00 ~ 19:00 / 수요일 10:00 ~ 19:00 / 목요일 10:00 ~ 19:00 / 금요일 10:00 ~ 21:00 / 토요일 10:00 ~ 17:00 / 일요일 휴진,0508-0353-6588
리프팅,레이저리프팅,써마지리프팅,https://www.yeoshin.co.kr/event/mobile/16091,울써마지 펜타시스템,https://d3gurpvil0se70.cloudfront.net/upfiles/images/product/HMsexFSUYAuz2a97CVVVDbqEr7l5.jpg?q=90&f=webp&w=1024,"#리프팅레이저
#타이트닝",,,"429,000원",VAT 포함,"울쎄라
시술시간
30~60분
마취여부
크림마취
회복시간
1주
시술효과
1~2달 후",동안중심의원,전문의 2명 / 전문의 2명,서울특별시 강남구 압구정로48길 26 (신사동) 동안중심의원,,화요일 10:00 ~ 19:00 (점심 13:00 ~ 14:00) / 수요일 10:00 ~ 19:00 (점심 13:00 ~ 14:00) / 목요일 10:00 ~ 19:00 (점심 13:00 ~ 14:00) / 금요일 12:00 ~ 21:00 / 토요일 10:00 ~ 16:00 / 일요일 휴진,0508-0353-9614
리프팅,레이저리프팅,써마지리프팅,https://www.yeoshin.co.kr/event/mobile/24987,써마지,https://d3gurpvil0se70.cloudfront.net/upfiles/images/product/1z8zf7kisZGgvaCVboAepfGE31i3.jpg?q=90&f=webp&w=1024,"#타이트닝
#리프팅레이저",,,"2,079,000원",VAT 포함,"써마지
시술시간
30~60분
마취여부
크림마취
회복시간
당일
시술효과
3개월 후",휴먼피부과의원(광명철산점),분야별 협진 / 분야별 협진 / 전담회복실 / 전담회복실 / 사후관리 / 사후관리 / 피부진단기 F-RAY 촬영 > / 피부진단기 F-RAY 촬영 > / 피부진단기 F-RAY 촬영 >,경기도 광명시 철산로 24 다인빌딩 301호 (철산동),,화요일 10:30 ~ 20:30 (점심 13:00 ~ 14:00) / 수요일 10:30 ~ 20:30 (점심 13:00 ~ 14:00) / 목요일 10:30 ~ 20:30 (점심 13:00 ~ 14:00) / 금요일 10:30 ~ 21:00 (점심 13:00 ~ 14:00) / 토요일 10:00 ~ 17:00 (점심 13:00 ~ 14:00) / 일요일 휴진,0508-0355-6373
리프팅,레이저리프팅,써마지리프팅,https://www.yeoshin.co.kr/event/mobile/16093,써마지 CPT,https://d3gurpvil0se70.cloudfront.net/upfiles/images/product/1FiMqc1snmkUZjkqLe3GMS7mZkr7.jpg?q=90&f=webp&w=1024,"#타이트닝
#리프팅레이저",,,"1,639,000원",VAT 포함,"써마지
시술시간
30~60분
마취여부
크림마취
회복시간
당일
시술효과
3달 후",동안중심의원,전문의 2명 / 전문의 2명,서울특별시 강남구 압구정로48길 26 (신사동) 동안중심의원,,화요일 10:00 ~ 19:00 (점심 13:00 ~ 14:00) / 수요일 10:00 ~ 19:00 (점심 13:00 ~ 14:00) / 목요일 10:00 ~ 19:00 (점심 13:00 ~ 14:00) / 금요일 12:00 ~ 21:00 / 토요일 10:00 ~ 16:00 / 일요일 휴진,0508-0353-9614
리프팅,레이저리프팅,써마지리프팅,https://www.yeoshin.co.kr/event/mobile/25288,덜아픈 반니 써마지_대표원장 시술 정품정량,https://d3gurpvil0se70.cloudfront.net/upfiles/images/product/wNG8dJdYvdvTaA1cCZIR58HPT94.jpg?q=90&f=webp&w=1024,"#타이트닝
#리프팅레이저",,,"1,309,000원",VAT 포함,"써마지
시술시간
30~60분
마취여부
크림마취
회복시간
당일
시술효과
3개월 후",반니성형외과의원,전문의 2명 / 전문의 2명 / 여의사 진료 / 여의사 진료 / 수술실 CCTV / 수술실 CCTV / 전담회복실 / 전담회복실 / 사후관리 / 사후관리 / 중국어 응대 / 중국어 응대 / 일본어 응대 / 일본어 응대,"서울특별시 강남구 테헤란로 107 (역삼동) 8층 (역삼동, 메디타워)",,화요일 10:00 ~ 19:00 / 수요일 10:00 ~ 19:00 / 목요일 10:00 ~ 19:00 / 금요일 10:00 ~ 21:00 / 토요일 10:00 ~ 17:00 / 일요일 휴진,0508-0353-6588
리프팅,레이저리프팅,써마지리프팅,https://www.yeoshin.co.kr/event/mobile/22590,연예인 리프팅 써마지 flx 600샷,https://d3gurpvil0se70.cloudfront.net/upfiles/images/product/vUSbGTKx9Dea0e0K1xxfZFUNpXF7.jpg?q=90&f=webp&w=1024,"#타이트닝
#리프팅레이저",9.8,후기 33,,,"써마지
시술시간
30~60분
마취여부
크림마취
회복시간
당일
시술효과
3개월 후",메이드유의원(강남점),전문의 1명 / 전문의 1명,서울시 강남구 강남대로 516 메이드유의원(강남점),,화요일 10:00 ~ 20:00 (점심 14:00 ~ 15:00) / 수요일 10:00 ~ 19:00 (점심 14:00 ~ 15:00) / 목요일 10:00 ~ 20:00 (점심 14:00 ~ 15:00) / 금요일 10:00 ~ 19:00 (점심 14:00 ~ 15:00) / 토요일 10:00 ~ 16:00 / 일요일 휴진,0508-0353-5966
리프팅,레이저리프팅,써마지리프팅,https://www.yeoshin.co.kr/event/mobile/16094,써마지 FLX,https://d3gurpvil0se70.cloudfront.net/upfiles/images/product/OeQ9F2xG4Jsznf46nigfQbHEuIm5.jpg?q=90&f=webp&w=1024,"#타이트닝
#리프팅레이저",,,"2,420,000원",VAT 포함,"써마지
시술시간
30~60분
마취여부
크림마취
회복시간
당일
시술효과
3달 후",동안중심의원,전문의 2명 / 전문의 2명,서울특별시 강남구 압구정로48길 26 (신사동) 동안중심의원,,화요일 10:00 ~ 19:00 (점심 13:00 ~ 14:00) / 수요일 10:00 ~ 19:00 (점심 13:00 ~ 14:00) / 목요일 10:00 ~ 19:00 (점심 13:00 ~ 14:00) / 금요일 12:00 ~ 21:00 / 토요일 10:00 ~ 16:00 / 일요일 휴진,0508-0353-9614
리프팅,레이저리프팅,써마지리프팅,https://www.yeoshin.co.kr/event/mobile/26410,써마지FLX 600샷,https://d3gurpvil0se70.cloudfront.net/upfiles/images/product/5RQo46JukWBQJXuHPhxM6SEJhj1.jpg?q=90&f=webp&w=1024,"#타이트닝
#리프팅레이저",9.9,후기 15,"1,590,000원",VAT 포함,"써마지
시술시간
60분
마취여부
크림마취
회복시간
당일
시술효과
3개월 후",르모아의원,전문의 1명 / 전문의 1명 / 여의사 진료 / 여의사 진료 / 전담회복실 / 전담회복실 / 사후관리 / 사후관리,서울특별시 강남구 선릉로 301 (역삼동) 2층 르모아의원 (역삼동 765-3),"크림마취
수면마취
비수면 무통마취
국소마취",화요일 10:00 ~ 20:00 (점심 14:00 ~ 15:00) / 수요일 10:00 ~ 20:00 (점심 14:00 ~ 15:00) / 목요일 10:00 ~ 20:00 (점심 14:00 ~ 15:00) / 금요일 10:00 ~ 20:00 (점심 14:00 ~ 15:00) / 토요일 10:00 ~ 16:00 / 일요일 휴진,0508-0353-6869
리프팅,레이저리프팅,써마지리프팅,https://www.yeoshin.co.kr/event/mobile/26884,써마지600+울쎄라300 앵콜대전,https://d3gurpvil0se70.cloudfront.net/upfiles/images/product/2kj1Tha4R7huGfyDDG7lFFni0Er2.jpg?q=90&f=webp&w=1024,"#타이트닝
#리프팅레이저",10,후기 1,"2,490,000원",VAT 포함,"써마지
시술시간
60분
마취여부
크림마취
회복시간
당일
시술효과
3개월 후",르모아의원,전문의 1명 / 전문의 1명 / 여의사 진료 / 여의사 진료 / 전담회복실 / 전담회복실 / 사후관리 / 사후관리,서울특별시 강남구 선릉로 301 (역삼동) 2층 르모아의원 (역삼동 765-3),"크림마취
수면마취
비수면 무통마취
국소마취",화요일 10:00 ~ 20:00 (점심 14:00 ~ 15:00) / 수요일 10:00 ~ 20:00 (점심 14:00 ~ 15:00) / 목요일 10:00 ~ 20:00 (점심 14:00 ~ 15:00) / 금요일 10:00 ~ 20:00 (점심 14:00 ~ 15:00) / 토요일 10:00 ~ 16:00 / 일요일 휴진,0508-0353-6869
리프팅,레이저리프팅,써마지리프팅,https://www.yeoshin.co.kr/event/mobile/26882,써마지600+아이써마지225+울쎄라300,https://d3gurpvil0se70.cloudfront.net/upfiles/images/product/mifInnEbvobOdn1II9JKPMp4sCn8.jpg?q=90&f=webp&w=1024,"#타이트닝
#리프팅레이저",,,"3,400,000원",VAT 포함,"써마지
시술시간
60분
마취여부
크림마취
회복시간
당일
시술효과
3개월 후",르모아의원,전문의 1명 / 전문의 1명 / 여의사 진료 / 여의사 진료 / 전담회복실 / 전담회복실 / 사후관리 / 사후관리,서울특별시 강남구 선릉로 301 (역삼동) 2층 르모아의원 (역삼동 765-3),"크림마취
수면마취
비수면 무통마취
국소마취",화요일 10:00 ~ 20:00 (점심 14:00 ~ 15:00) / 수요일 10:00 ~ 20:00 (점심 14:00 ~ 15:00) / 목요일 10:00 ~ 20:00 (점심 14:00 ~ 15:00) / 금요일 10:00 ~ 20:00 (점심 14:00 ~ 15:00) / 토요일 10:00 ~ 16:00 / 일요일 휴진,0508-0353-6869
리프팅,레이저리프팅,써마지리프팅,https://www.yeoshin.co.kr/event/mobile/26204,써마지FLX 단극성 고주파의 원조,https://d3gurpvil0se70.cloudfront.net/upfiles/images/product/4kJGfya3N19t4ITMnVuWlxGayR92.jpg?q=90&f=webp&w=1024,"#타이트닝
#리프팅레이저",,,"1,067,000원",VAT 포함,"써마지
시술시간
30분
마취여부
크림마취
회복시간
당일
시술효과
당일",라클라쎄의원,,서울특별시 강남구 테헤란로 101 (역삼동) 라클라쎄의원,,화요일 10:00 ~ 20:00 (점심 13:00 ~ 14:00) / 수요일 10:00 ~ 20:00 (점심 13:00 ~ 14:00) / 목요일 10:00 ~ 20:00 (점심 13:00 ~ 14:00) / 금요일 10:00 ~ 20:00 (점심 13:00 ~ 14:00) / 토요일 10:00 ~ 16:00 / 일요일 10:00 ~ 16:00,0508-0353-6793
리프팅,레이저리프팅,써마지리프팅,https://www.yeoshin.co.kr/event/mobile/25910,써마지,https://d3gurpvil0se70.cloudfront.net/upfiles/images/product/dsGwkrKehg5jcHugpbFvJjwnE6D7.png?q=90&f=webp&w=1024,"#타이트닝
#리프팅레이저",,,,,"써마지
시술시간
60분
마취여부
크림마취
회복시간
당일
시술효과
3개월 후",유넬의원,여의사 진료 / 여의사 진료,서울특별시 강남구 테헤란로 115 (역삼동) 8층,"크림마취
수면마취",화요일 10:30 ~ 20:00 / 수요일 10:30 ~ 20:00 / 목요일 10:30 ~ 20:00 / 금요일 10:30 ~ 20:00 / 토요일 10:30 ~ 17:00 / 일요일 휴진,050803534023
리프팅,레이저리프팅,LDM,https://www.yeoshin.co.kr/event/mobile/389,피부재생과 피부보습 효과 LDM 물방울리프팅 관리,https://d3gurpvil0se70.cloudfront.net/upfiles/images/product/3163280302.jpg?q=90&f=webp&w=1024,"#피부관리
#수분관리
#염증진정관리",9.6,후기 50,"39,600원",VAT 포함,"LDM
시술시간
15분
마취여부
마취없음
회복시간
당일
시술효과
1~2주 후",VS라인의원(인천구월점),피부진단기 F-RAY 촬영 > / 피부진단기 F-RAY 촬영 > / 피부진단기 F-RAY 촬영 >,인천광역시 남동구 인하로489번길 10 VS라인의원(인천구월점),,화요일 10:00 ~ 20:00 / 수요일 10:00 ~ 20:00 / 목요일 10:00 ~ 20:00 / 금요일 10:00 ~ 20:00 / 토요일 10:00 ~ 17:00 / 일요일 휴진,0508-0354-1766
리프팅,레이저리프팅,LDM,https://www.yeoshin.co.kr/event/mobile/26171,[대표원장 시술]리쥬란HB 4cc+LDM,https://d3gurpvil0se70.cloudfront.net/upfiles/images/product/Xz1KkRqZcCqyp1XQ1mbBbklqEae8.png?q=90&f=webp&w=1024,"#스킨부스터
#탄력관리",9,후기 1,"770,000원",VAT 포함,"리쥬란HB
시술시간
40~60분
마취여부
크림마취
회복시간
약 3일
시술효과
1~2주 후",루셀의원,전문의 1명 / 전문의 1명 / 여의사 진료 / 여의사 진료 / 사후관리 / 사후관리,서울특별시 강남구 압구정로72길 8 (청담동) 3층,"크림마취
수면마취
국소마취",화요일 10:00 ~ 19:00 (점심 13:00 ~ 14:00) / 수요일 10:00 ~ 19:00 (점심 13:00 ~ 14:00) / 목요일 휴진 / 금요일 10:00 ~ 21:00 (점심 13:00 ~ 14:00) / 토요일 10:00 ~ 15:00 / 일요일 휴진,0508-0353-7953
리프팅,레이저리프팅,LDM,https://www.yeoshin.co.kr/event/mobile/18797,고강도 티타늄 리프팅+ldm6분,https://d3gurpvil0se70.cloudfront.net/upfiles/images/product/XZ7xLhAryOQcRxsSKDugkmkhQ74.jpg?q=90&f=webp&w=1024,"#리프팅레이저
#타이트닝",8.9,후기 60,"319,000원",VAT 포함,"티타늄
시술시간
20분
마취여부
마취없음
회복시간
당일
시술효과
개인별 상이",뷰티앤디지털치과병원,전문의 9명 / 전문의 9명 / 피부진단기 F-RAY 촬영 > / 피부진단기 F-RAY 촬영 > / 피부진단기 F-RAY 촬영 >,"경기도 파주시 경의로1240번길 19 (와동동) 월드타워15차 7층, 8층",,화요일 10:00 ~ 20:00 / 수요일 10:00 ~ 20:00 / 목요일 10:00 ~ 20:00 / 금요일 10:00 ~ 18:00 / 토요일 10:00 ~ 16:00 / 일요일 휴진 / 월~금 점심시간은 2시~3시 입니다,0508-0353-9799
리프팅,레이저리프팅,LDM,https://www.yeoshin.co.kr/event/mobile/18798,고강도 튠페이스 + LDM6분,https://d3gurpvil0se70.cloudfront.net/upfiles/images/product/QqajcbAgfXEiCzHwcpIMP8LKgEW4.jpg?q=90&f=webp&w=1024,"#타이트닝
#리프팅레이저",9,후기 37,"319,000원",VAT 포함,"튠페이스
시술시간
20분
마취여부
마취없음
회복시간
1주
시술효과
개인별 상이",뷰티앤디지털치과병원,전문의 9명 / 전문의 9명 / 피부진단기 F-RAY 촬영 > / 피부진단기 F-RAY 촬영 > / 피부진단기 F-RAY 촬영 >,"경기도 파주시 경의로1240번길 19 (와동동) 월드타워15차 7층, 8층",,화요일 10:00 ~ 20:00 / 수요일 10:00 ~ 20:00 / 목요일 10:00 ~ 20:00 / 금요일 10:00 ~ 18:00 / 토요일 10:00 ~ 16:00 / 일요일 휴진 / 월~금 점심시간은 2시~3시 입니다,0508-0353-9799
리프팅,레이저리프팅,LDM,https://www.yeoshin.co.kr/event/mobile/19724,LDM물방울리프팅모드 24분 1회,https://d3gurpvil0se70.cloudfront.net/upfiles/images/product/v5YRw7zQYbWuZynEWS9nm6aPEnBA.jpg?q=90&f=webp&w=1024,"#피부관리
#수분관리
#염증진정관리",9.3,후기 58,"77,000원",VAT 포함,"LDM
시술시간
20~30분
마취여부
마취없음
회복시간
당일
시술효과
1~2주 후",뷰티앤디지털치과병원,전문의 9명 / 전문의 9명 / 피부진단기 F-RAY 촬영 > / 피부진단기 F-RAY 촬영 > / 피부진단기 F-RAY 촬영 >,"경기도 파주시 경의로1240번길 19 (와동동) 월드타워15차 7층, 8층",,화요일 10:00 ~ 20:00 / 수요일 10:00 ~ 20:00 / 목요일 10:00 ~ 20:00 / 금요일 10:00 ~ 18:00 / 토요일 10:00 ~ 16:00 / 일요일 휴진 / 월~금 점심시간은 2시~3시 입니다,0508-0353-9799
리프팅,레이저리프팅,LDM,https://www.yeoshin.co.kr/event/mobile/27341,[정품] 촉촉 피부 LDM,https://d3gurpvil0se70.cloudfront.net/upfiles/images/product/YGuOR6BGisSyWKnm3ZD66rYaV5h8.jpg?q=90&f=webp&w=1024,"#피부관리
#수분관리
#염증진정관리",9.5,후기 2,"49,500원",VAT 포함,"LDM
시술시간
20~30분
마취여부
마취없음
회복시간
당일
시술효과
1~2주 후",유앤아이의원(창동점),,서울특별시 도봉구 마들로11길 51 (창동) 4층,크림마취,화요일 10:00 ~ 20:30 / 수요일 10:00 ~ 20:30 / 목요일 10:00 ~ 20:30 / 금요일 10:00 ~ 20:30 / 토요일 10:00 ~ 16:00 / 일요일 10:00 ~ 16:00,050803543360
리프팅,레이저리프팅,LDM,https://www.yeoshin.co.kr/event/mobile/22859,탄방동 LDM 관리 12분,https://d3gurpvil0se70.cloudfront.net/upfiles/images/product/rmnxSLscvEh26ysREuxfDipNXnW6.png?q=90&f=webp&w=1024,"#피부관리
#수분관리
#염증진정관리",9.5,후기 10,"52,800원",VAT 포함,"LDM
시술시간
20~30분
마취여부
마취없음
회복시간
당일
시술효과
1~2주 후",닥터쁘띠의원(대전점),여의사 진료 / 여의사 진료,대전광역시 서구 문정로48번길 70 (탄방동) 우리병원건물 2층 닥터쁘띠의원 대전점,,화요일 10:00 ~ 20:00 (점심 13:00 ~ 14:00) / 수요일 10:00 ~ 20:00 (점심 13:00 ~ 14:00) / 목요일 10:00 ~ 20:00 (점심 13:00 ~ 14:00) / 금요일 10:00 ~ 20:00 (점심 13:00 ~ 14:00) / 토요일 10:00 ~ 16:30 / 일요일 휴진 / *공휴일 : 10:00 ~ 17:00,0508-0353-0924
리프팅,레이저리프팅,LDM,https://www.yeoshin.co.kr/event/mobile/21108,LDM 물방울 리프팅 12분 특가,https://d3gurpvil0se70.cloudfront.net/upfiles/images/product/CFSLJJSRFkJ4O4DBlMSx2zro8C82.jpg?q=90&f=webp&w=1024,"#피부관리
#수분관리
#염증진정관리",8.4,후기 8,"77,000원",VAT 포함,"LDM
시술시간
20~30분
마취여부
마취없음
회복시간
당일
시술효과
1~2주 후",제너리스의원(연신내점),,"서울특별시 은평구 연서로 216 (대조동, 대조동아트캐슬주상복합) 3층 제너리스의원",,화요일 10:30 ~ 20:00 (점심 13:00 ~ 14:00) / 수요일 10:30 ~ 20:00 (점심 13:00 ~ 14:00) / 목요일 10:30 ~ 20:00 (점심 13:00 ~ 14:00) / 금요일 10:30 ~ 20:00 (점심 13:00 ~ 14:00) / 토요일 10:00 ~ 17:00 (점심 13:00 ~ 14:00) / 일요일 휴진,0508-0353-9732
리프팅,레이저리프팅,LDM,https://www.yeoshin.co.kr/event/mobile/27654,엘라비에 리투오 5cc + LDM,https://d3gurpvil0se70.cloudfront.net/upfiles/images/product/lOB3Qib0fnpnGO1gUrBpaEarBxa8.png?q=90&f=webp&w=1024,"#스킨부스터
#탄력관리",,,"660,000원",VAT 포함,"엘라비에리투오
시술시간
20~30분
마취여부
크림마취
회복시간
당일
시술효과
1~2주 후",제너리스의원(연신내점),,"서울특별시 은평구 연서로 216 (대조동, 대조동아트캐슬주상복합) 3층 제너리스의원",,화요일 10:30 ~ 20:00 (점심 13:00 ~ 14:00) / 수요일 10:30 ~ 20:00 (점심 13:00 ~ 14:00) / 목요일 10:30 ~ 20:00 (점심 13:00 ~ 14:00) / 금요일 10:30 ~ 20:00 (점심 13:00 ~ 14:00) / 토요일 10:00 ~ 17:00 (점심 13:00 ~ 14:00) / 일요일 휴진,0508-0353-9732
리프팅,레이저리프팅,LDM,https://www.yeoshin.co.kr/event/mobile/26196,LDM 12분 피부재생+모델링팩,https://d3gurpvil0se70.cloudfront.net/upfiles/images/product/vKXbszSmoH8REijlQAxtwphQKbE7.jpg?q=90&f=webp&w=1024,"#피부관리
#수분관리
#염증진정관리",10,후기 1,"68,200원",VAT 포함,"LDM
시술시간
20~30분
마취여부
마취없음
회복시간
당일
시술효과
1~2주 후",유온느의원,,서울특별시 마포구 신촌로 92 (노고산동) 신촌카리스빌딩 9층,"크림마취
비수면 무통마취",화요일 10:00 ~ 19:00 (점심 13:00 ~ 14:00) / 수요일 휴진 / 목요일 10:00 ~ 20:00 (점심 13:00 ~ 14:00) / 금요일 10:00 ~ 20:00 (점심 13:00 ~ 14:00) / 토요일 10:00 ~ 16:00 / 일요일 휴진 / 공휴일 10:00~16:00,050803531287
리프팅,레이저리프팅,LDM,https://www.yeoshin.co.kr/event/mobile/11993,신사역 LDM 인텐스울트라,https://d3gurpvil0se70.cloudfront.net/upfiles/images/product/eYtvz29P16vPmGgbZLF3viSuznAA.png?q=90&f=webp&w=1024,"#피부관리
#수분관리
#탄력관리",9.3,후기 6,"88,000원",VAT 포함,"인텐스울트라
시술시간
30분
마취여부
마취없음
회복시간
3일
시술효과
2달 후",신사에그의원,여의사 진료 / 여의사 진료 / 영어 응대 / 영어 응대 / 중국어 응대 / 중국어 응대 / 일본어 응대 / 일본어 응대,서울특별시 서초구 강남대로 613 (잠원동) 성락빌딩 5~7층,"크림마취
수면마취
국소마취",화요일 11:00 ~ 20:30 (점심 14:00 ~ 15:00) / 수요일 11:00 ~ 20:30 (점심 14:00 ~ 15:00) / 목요일 11:00 ~ 20:30 (점심 14:00 ~ 15:00) / 금요일 11:00 ~ 20:30 (점심 14:00 ~ 15:00) / 토요일 11:00 ~ 17:00 / 일요일 11:00 ~ 17:00,0508-0353-5368
리프팅,레이저리프팅,LDM,https://www.yeoshin.co.kr/event/mobile/7644,울쎄라 100샷&인모드FX 풀페이스,https://d3gurpvil0se70.cloudfront.net/upfiles/images/product/7ZimrAziUWWLYVIzppl9rhvW0mL2.jpg?q=90&f=webp&w=1024,"#리프팅레이저
#타이트닝",,,"297,000원",VAT 포함,"리프팅레이저
시술시간
40~60분
마취여부
크림마취
회복시간
1주
시술효과
1~2달 후",VS라인의원(인천구월점),피부진단기 F-RAY 촬영 > / 피부진단기 F-RAY 촬영 > / 피부진단기 F-RAY 촬영 >,인천광역시 남동구 인하로489번길 10 VS라인의원(인천구월점),,화요일 10:00 ~ 20:00 / 수요일 10:00 ~ 20:00 / 목요일 10:00 ~ 20:00 / 금요일 10:00 ~ 20:00 / 토요일 10:00 ~ 17:00 / 일요일 휴진,0508-0354-1766
리프팅,레이저리프팅,LDM,https://www.yeoshin.co.kr/event/mobile/4138,LDM 물방울 리프팅,https://d3gurpvil0se70.cloudfront.net/upfiles/images/product/3149748443.jpg?q=90&f=webp&w=1024,"#피부관리
#수분관리
#염증진정관리",9.4,후기 150,"44,000원",VAT 포함,"LDM
시술시간
20~30분
마취여부
마취없음
회복시간
당일
시술효과
1~2주 후",VS라인의원(압구정점),여의사 진료 / 여의사 진료 / 영어 응대 / 영어 응대 / 중국어 응대 / 중국어 응대,서울특별시 강남구 압구정로30길 51 (신사동) isa빌딩 3층 VS라인의원으로,"크림마취
국소마취",화요일 10:00 ~ 20:00 / 수요일 10:00 ~ 20:00 / 목요일 10:00 ~ 20:00 / 금요일 10:00 ~ 20:00 / 토요일 10:00 ~ 17:00 / 일요일 휴진,0508-0353-7795
리프팅,레이저리프팅,LDM,https://www.yeoshin.co.kr/event/mobile/27119,리쥬란힐러 2CC+LDM엠보진정관리,https://d3gurpvil0se70.cloudfront.net/upfiles/images/product/wzhixlw4hgL7ZdtJLfQ5EjUPuqdA.png?q=90&f=webp&w=1024,"#스킨부스터
#탄력관리",10,후기 1,,,"리쥬란힐러
시술시간
30~60분
마취여부
크림마취
회복시간
약 3일
시술효과
1~2주 후",서울탑초이스의원,,"서울특별시 강남구 도산대로 104 (논현동) 5층(논현동, 퍼스트에비뉴타워)","크림마취
국소마취",화요일 10:00 ~ 19:00 (점심 13:00 ~ 14:00) / 수요일 휴진 / 목요일 10:00 ~ 19:00 (점심 13:00 ~ 14:00) / 금요일 10:00 ~ 20:00 (점심 13:00 ~ 14:00) / 토요일 10:00 ~ 15:00 / 일요일 휴진,050803543326
리프팅,레이저리프팅,LDM,https://www.yeoshin.co.kr/event/mobile/27604,BTQ LDM 100분 패키지,https://d3gurpvil0se70.cloudfront.net/upfiles/images/product/HUWQOfDOADzlWnlj9giQYl8xovB2.jpg?q=90&f=webp&w=1024,"#피부관리
#수분관리
#염증진정관리",10,후기 6,"440,000원",VAT 포함,"LDM
시술시간
20~30분
마취여부
마취없음
회복시간
당일
시술효과
1~2주 후",비티큐의원,전문의 1명 / 전문의 1명 / 여의사 진료 / 여의사 진료 / 전담회복실 / 전담회복실 / 중국어 응대 / 중국어 응대 / 피부진단기 F-RAY 촬영 > / 피부진단기 F-RAY 촬영 > / 피부진단기 F-RAY 촬영 >,"서울특별시 강남구 선릉로90길 48 (대치동) 2,3,4층","크림마취
가글마취
비수면 무통마취
국소마취",화요일 10:00 ~ 20:00 / 수요일 10:00 ~ 20:00 / 목요일 10:00 ~ 20:00 / 금요일 10:00 ~ 20:00 / 토요일 10:00 ~ 16:00 / 일요일 휴진 / 공휴일 : 10:00 ~ 16:00,050803542323
리프팅,레이저리프팅,LDM,https://www.yeoshin.co.kr/event/mobile/17919,촉촉 물방울 LDM,https://d3gurpvil0se70.cloudfront.net/upfiles/images/product/tsW8ePch3RV0QCwGWbin1AeCfQX8.jpg?q=90&f=webp&w=1024,"#피부관리
#수분관리
#염증진정관리",9.2,후기 17,"77,000원",VAT 포함,"LDM
시술시간
20~30분
마취여부
마취없음
회복시간
당일
시술효과
1~2주 후",브리에의원,전문의 1명 / 전문의 1명 / 영어 응대 / 영어 응대 / 중국어 응대 / 중국어 응대 / 일본어 응대 / 일본어 응대,서울특별시 강남구 선릉로 806 (청담동) 킹콩빌딩 601호,"크림마취
국소마취","화요일 10:00 ~ 20:00 (점심 13:00 ~ 14:00) / 수요일 휴진 / 목요일 10:00 ~ 20:00 (점심 13:00 ~ 14:00) / 금요일 10:00 ~ 20:00 (점심 13:00 ~ 14:00) / 토요일 10:00 ~ 15:30 / 일요일 휴진 / 수요일, 일요일 휴진 / 공휴일 일부 휴진",0508-0353-1587
리프팅,레이저리프팅,LDM,https://www.yeoshin.co.kr/event/mobile/22650,대전 미라클필링/ 퀸즈필링/ 물방울리프팅,https://d3gurpvil0se70.cloudfront.net/upfiles/images/product/b7PpASbzXg89K7XQZJs8APRwF2x9.png?q=90&f=webp&w=1024,"#필링
#피부관리
#수분관리",,,"55,000원",VAT 포함,"필링
시술시간
30~60분
마취여부
마취없음
회복시간
당일
시술효과
약 1주 후",신아웰니스의원,응급처치 시스템 / 응급처치 시스템 / 사후관리 / 사후관리,대전광역시 서구 대덕대로 226 (둔산동) 명동프라자 5층,"크림마취
비수면 무통마취
국소마취",화요일 09:30 ~ 18:00 (점심 13:00 ~ 14:00) / 수요일 09:30 ~ 18:00 (점심 13:00 ~ 14:00) / 목요일 휴진 / 금요일 09:30 ~ 18:00 (점심 13:00 ~ 14:00) / 토요일 09:30 ~ 16:00 / 일요일 휴진,0508-0353-0932
리프팅,레이저리프팅,LDM,https://www.yeoshin.co.kr/event/mobile/21231,LDM물방울 촉촉 수분관리,https://d3gurpvil0se70.cloudfront.net/upfiles/images/product/kGCSh1Fs6iWVoZGG6ogjphkwNwU9.jpg?q=90&f=webp&w=1024,"#피부관리
#수분관리
#염증진정관리",9.5,후기 11,"44,000원",VAT 포함,"LDM
시술시간
20~30분
마취여부
마취없음
회복시간
당일
시술효과
1~2주 후",가산시그니처정형외과의원,전문의 1명 / 전문의 1명 / 분야별 협진 / 분야별 협진 / 전담회복실 / 전담회복실,서울특별시 금천구 가산디지털2로 144 (가산동) 현대테라타워 가산DK 2층 가산시그니처정형외과의원,"크림마취
수면마취
비수면 무통마취
국소마취",화요일 09:00 ~ 20:00 (점심 14:00 ~ 15:00) / 수요일 09:00 ~ 20:00 (점심 14:00 ~ 15:00) / 목요일 09:00 ~ 20:00 (점심 14:00 ~ 15:00) / 금요일 09:00 ~ 20:00 (점심 14:00 ~ 15:00) / 토요일 09:00 ~ 14:00 / 일요일 휴진,0508-0353-8080
리프팅,레이저리프팅,LDM,https://www.yeoshin.co.kr/event/mobile/27190,LDM 물방울 리프팅 맛집(피부맞춤모드),https://d3gurpvil0se70.cloudfront.net/upfiles/images/product/tfadxdcds7T9el85MeYdoUNkBrC5.jpg?q=90&f=webp&w=1024,"#피부관리
#수분관리
#염증진정관리",9,후기 3,,,"LDM
시술시간
20~30분
마취여부
마취없음
회복시간
당일
시술효과
1~2주 후",서울탑초이스의원,,"서울특별시 강남구 도산대로 104 (논현동) 5층(논현동, 퍼스트에비뉴타워)","크림마취
국소마취",화요일 10:00 ~ 19:00 (점심 13:00 ~ 14:00) / 수요일 휴진 / 목요일 10:00 ~ 19:00 (점심 13:00 ~ 14:00) / 금요일 10:00 ~ 20:00 (점심 13:00 ~ 14:00) / 토요일 10:00 ~ 15:00 / 일요일 휴진,050803543326
리프팅,레이저리프팅,LDM,https://www.yeoshin.co.kr/event/mobile/24442,LDM관리(재생/홍조/타이트닝/여드름),https://d3gurpvil0se70.cloudfront.net/upfiles/images/product/ETqYH3b2pyqpU7rpgs8fmdpSZWs5.png?q=90&f=webp&w=1024,"#피부과 전문의
#피부관리
#수분관리",,,"165,000원",VAT 포함,"LDM
시술시간
20~30분
마취여부
마취없음
회복시간
당일
시술효과
1~2주 후",휴먼피부과의원(평택점),전문의 5명 / 전문의 5명 / 여의사 진료 / 여의사 진료 / 사후관리 / 사후관리 / 영어 응대 / 영어 응대,경기도 평택시 중앙2로 13 (평택동) 센텀스카이 빌딩 10층,"크림마취
수면마취",화요일 10:00 ~ 21:00 (점심 13:00 ~ 14:30) / 수요일 10:00 ~ 21:00 (점심 13:00 ~ 14:30) / 목요일 10:00 ~ 21:00 (점심 13:00 ~ 14:30) / 금요일 10:00 ~ 21:00 (점심 13:00 ~ 14:30) / 토요일 10:00 ~ 17:00 / 일요일 휴진 / 평일) 접수마감 8시 30분 / 토요일) 점수마감 4시,0508-0353-0418
리프팅,레이저리프팅,LDM,https://www.yeoshin.co.kr/event/mobile/15771,피부과전문의_여의사_LDM,https://d3gurpvil0se70.cloudfront.net/upfiles/images/product/6x2XijY9zTqA9Scr5y1ciKEg0vk5.jpg?q=90&f=webp&w=1024,"#피부과 전문의
#피부관리
#수분관리",10,후기 3,"110,000원",VAT 포함,"LDM
시술시간
20~30분
마취여부
마취없음
회복시간
당일
시술효과
1~2주 후",페이브피부과의원(용산),전문의 1명 / 전문의 1명 / 여의사 진료 / 여의사 진료 / 수술실 CCTV / 수술실 CCTV / 사후관리 / 사후관리 / 영어 응대 / 영어 응대 / 중국어 응대 / 중국어 응대 / 일본어 응대 / 일본어 응대,"서울특별시 용산구 한강대로 69 (한강로2가, 용산푸르지오써밋) 페이브피부과의원",,화요일 10:00 ~ 20:00 (점심 13:00 ~ 14:00) / 수요일 휴진 / 목요일 10:00 ~ 20:00 (점심 13:00 ~ 14:00) / 금요일 10:00 ~ 20:00 (점심 13:00 ~ 14:00) / 토요일 09:30 ~ 15:00 / 일요일 휴진 / (공휴일이 있는 주는 수요일 정상진료),0508-0353-1618
리프팅,레이저리프팅,LDM,https://www.yeoshin.co.kr/event/mobile/26439,LDM eco 피부재생/물방울 리프팅,https://d3gurpvil0se70.cloudfront.net/upfiles/images/product/FX17VO1pkUZBIxWUm1gkgcObIrc3.jpg?q=90&f=webp&w=1024,"#피부관리
#수분관리
#염증진정관리",,,"121,000원",VAT 포함,"LDM
시술시간
40-50분
마취여부
마취없음
회복시간
당일
시술효과
1~2주 후",뉴엘라인의원,전문의 1명 / 전문의 1명 / 여의사 진료 / 여의사 진료 / 마취과의 진료 / 마취과의 진료 / 수술실 CCTV / 수술실 CCTV,서울특별시 성동구 상원길 26 (성수동1가) 뉴엘라인의원,"크림마취
수면마취",화요일 11:00 ~ 20:00 (점심 14:00 ~ 15:00) / 수요일 11:00 ~ 20:00 (점심 14:00 ~ 15:00) / 목요일 11:00 ~ 20:00 (점심 14:00 ~ 15:00) / 금요일 11:00 ~ 21:00 (점심 14:00 ~ 15:00) / 토요일 11:00 ~ 16:00 / 일요일 휴진,0508-0353-1719
리프팅,레이저리프팅,LDM,https://www.yeoshin.co.kr/event/mobile/24576,"피부고민개선 LDM_수분,재생,진정",https://d3gurpvil0se70.cloudfront.net/upfiles/images/product/hGZHmi4INSu76JJjS0xVJMzps8j3.jpg?q=90&f=webp&w=1024,"#피부관리
#수분관리
#염증진정관리",8,후기 1,"49,500원",VAT 포함,"LDM
시술시간
20~30분
마취여부
마취없음
회복시간
당일
시술효과
1~2주 후",유앤아이의원(수원점),전문의 1명 / 전문의 1명 / 영어 응대 / 영어 응대 / 중국어 응대 / 중국어 응대,경기도 수원시 팔달구 효원로 265번길 54 유앤아이의원(수원점),,화요일 10:00 ~ 20:30 / 수요일 10:00 ~ 20:30 / 목요일 10:00 ~ 20:30 / 금요일 10:00 ~ 20:30 / 토요일 휴진 / 일요일 휴진,0508-0354-0319
리프팅,레이저리프팅,LDM,https://www.yeoshin.co.kr/event/mobile/16079,16분 보장 · LDM 물방울 리프팅,https://d3gurpvil0se70.cloudfront.net/upfiles/images/product/XoLMchnipp6Vts4U913O3G4sowv9.jpg?q=90&f=webp&w=1024,"#피부관리
#수분관리
#염증진정관리",9.5,후기 271,"55,000원",VAT 포함,"LDM
시술시간
16분
마취여부
별도문의
회복시간
당일
시술효과
1~2주 후",에디션성형외과,전문의 1명 / 전문의 1명,서울특별시 서초구 강남대로 407 (서초동) OPUS 407 빌딩 6층,,화요일 10:00 ~ 19:00 / 수요일 10:00 ~ 19:00 / 목요일 10:00 ~ 19:00 / 금요일 10:00 ~ 19:00 / 토요일 10:00 ~ 17:00 / 일요일 휴진,0508-0353-9700
리프팅,레이저리프팅,LDM,https://www.yeoshin.co.kr/event/mobile/26392,대표원장시술! 리쥬란힐러+물광+LDM,https://d3gurpvil0se70.cloudfront.net/upfiles/images/product/qwDMBETFJfO1UZ24OMN8Za98dT33.png?q=90&f=webp&w=1024,"#스킨부스터
#탄력관리",,,"660,000원",VAT 포함,"리쥬란힐러
시술시간
30~60분
마취여부
크림마취
회복시간
약 3일
시술효과
1~2주 후",루셀의원,전문의 1명 / 전문의 1명 / 여의사 진료 / 여의사 진료 / 사후관리 / 사후관리,서울특별시 강남구 압구정로72길 8 (청담동) 3층,"크림마취
수면마취
국소마취",화요일 10:00 ~ 19:00 (점심 13:00 ~ 14:00) / 수요일 10:00 ~ 19:00 (점심 13:00 ~ 14:00) / 목요일 휴진 / 금요일 10:00 ~ 21:00 (점심 13:00 ~ 14:00) / 토요일 10:00 ~ 15:00 / 일요일 휴진,0508-0353-7953
리프팅,레이저리프팅,LDM,https://www.yeoshin.co.kr/event/mobile/24651,모공 쫀쫀 포텐자 풀페이스+LDM,https://d3gurpvil0se70.cloudfront.net/upfiles/images/product/uncvmm5ZwtnXqATJL7KWuHu2rx15.png?q=90&f=webp&w=1024,"#피지관리
#흉터개선
#모공관리",,,,,"포텐자
시술시간
30~60분
마취여부
크림마취
회복시간
약 1주
시술효과
2~3일 후",더이뻐의원,일본어 응대 / 일본어 응대,서울특별시 서초구 나루터로 80 (잠원동) (자은빌딩) 3층,"크림마취
수면마취
국소마취",화요일 10:00 ~ 20:00 / 수요일 10:00 ~ 20:00 / 목요일 10:00 ~ 20:00 / 금요일 10:00 ~ 20:00 / 토요일 10:00 ~ 16:00 / 일요일 휴진 / 12월 25일 성탄절 휴무,050803530151
리프팅,레이저리프팅,LDM,https://www.yeoshin.co.kr/event/mobile/26398,LDM 물방울 리프팅 / 1인실 프라이빗룸,https://d3gurpvil0se70.cloudfront.net/upfiles/images/product/5bvfU4qI9NQOvS1D8SOZkU9YWq33.jpg?q=90&f=webp&w=1024,"#피부관리
#수분관리
#염증진정관리",,,"165,000원",VAT 포함,"LDM
시술시간
20~30분
마취여부
마취없음
회복시간
당일
시술효과
1~2주 후",루셀의원,전문의 1명 / 전문의 1명 / 여의사 진료 / 여의사 진료 / 사후관리 / 사후관리,서울특별시 강남구 압구정로72길 8 (청담동) 3층,"크림마취
수면마취
국소마취",화요일 10:00 ~ 19:00 (점심 13:00 ~ 14:00) / 수요일 10:00 ~ 19:00 (점심 13:00 ~ 14:00) / 목요일 휴진 / 금요일 10:00 ~ 21:00 (점심 13:00 ~ 14:00) / 토요일 10:00 ~ 15:00 / 일요일 휴진,0508-0353-7953
리프팅,레이저리프팅,LDM,https://www.yeoshin.co.kr/event/mobile/24116,리얼콜라겐 엘라비에 리투오 + LDM,https://d3gurpvil0se70.cloudfront.net/upfiles/images/product/Ms2LtGLsMqM3bMT7LlrtehPAtnK7.jpg?q=90&f=webp&w=1024,"#스킨부스터
#탄력관리",9.4,후기 8,"600,000원",VAT 포함,"엘라비에리투오
시술시간
50분
마취여부
크림마취
회복시간
약 3일
시술효과
1~2주 후",포레웰의원,여의사 진료 / 여의사 진료 / 수술실 CCTV / 수술실 CCTV / 응급처치 시스템 / 응급처치 시스템 / 분야별 협진 / 분야별 협진 / 사후관리 / 사후관리,서울특별시 강남구 도곡로 319 (역삼동) 3층,크림마취,화요일 10:00 ~ 19:00 (점심 13:00 ~ 14:00) / 수요일 휴진 / 목요일 10:00 ~ 19:00 (점심 13:00 ~ 14:00) / 금요일 10:00 ~ 19:00 (점심 13:00 ~ 14:00) / 토요일 10:00 ~ 15:00 / 일요일 휴진,050803537984
리프팅,레이저리프팅,LDM,https://www.yeoshin.co.kr/event/mobile/22448,LDM 리프팅 12분 + 재생 LED +팩,https://d3gurpvil0se70.cloudfront.net/upfiles/images/product/9gaiUggswSQsMATVgmDcMXX8KM1.jpg?q=90&f=webp&w=1024,"#피부관리
#수분관리
#염증진정관리",9.7,후기 118,"57,000원",VAT 포함,"LDM
시술시간
20~30분
마취여부
마취없음
회복시간
당일
시술효과
1~2주 후",퀸스유피에스의원,전문의 1명 / 전문의 1명 / 여의사 진료 / 여의사 진료 / 분야별 협진 / 분야별 협진 / 사후관리 / 사후관리,서울특별시 서초구 강남대로 509 (반포동) 하늘안과빌딩 B동 8층,크림마취,화요일 10:00 ~ 20:00 (점심 13:00 ~ 14:00) / 수요일 10:00 ~ 19:00 (점심 13:00 ~ 14:00) / 목요일 10:00 ~ 19:00 (점심 13:00 ~ 14:00) / 금요일 10:00 ~ 20:00 (점심 13:00 ~ 14:00) / 토요일 10:00 ~ 16:00 / 일요일 휴진,0508-0353-8045
리프팅,레이저리프팅,LDM,https://www.yeoshin.co.kr/event/mobile/20312,LDM(인텐스울트라)15분+LED+모델링팩,https://d3gurpvil0se70.cloudfront.net/upfiles/images/product/tR88kLxMSEPlGhzZmrDlYKvPntN6.jpg?q=90&f=webp&w=1024,"#피부관리
#수분관리
#염증진정관리",8.9,후기 38,"89,000원",VAT 포함,"LDM
시술시간
20~30분
마취여부
마취없음
회복시간
당일
시술효과
1~2주 후",닥터고운선의원,수술실 CCTV / 수술실 CCTV / 응급처치 시스템 / 응급처치 시스템 / 전담회복실 / 전담회복실 / 사후관리 / 사후관리 / 중국어 응대 / 중국어 응대,서울특별시 강남구 언주로174길 29 (신사동) 3층,"크림마취
수면마취
국소마취",화요일 10:00 ~ 19:00 (점심 13:00 ~ 14:00) / 수요일 휴진 / 목요일 10:00 ~ 19:00 (점심 13:00 ~ 14:00) / 금요일 10:00 ~ 21:00 (점심 13:00 ~ 14:00) / 토요일 10:00 ~ 17:00 (점심 13:00 ~ 14:00) / 일요일 휴진,0508-0353-3733
리프팅,레이저리프팅,LDM,https://www.yeoshin.co.kr/event/mobile/15240,LDM관리+LED재생+모델링팩,https://d3gurpvil0se70.cloudfront.net/upfiles/images/product/TO9FRYvach3K6DigeE223zlRAcR9.jpg?q=90&f=webp&w=1024,"#피부관리
#수분관리
#염증진정관리",9.2,후기 126,"64,900원",VAT 포함,"LDM
시술시간
20~30분
마취여부
마취없음
회복시간
당일
시술효과
1~2주 후",다이아의원,영어 응대 / 영어 응대 / 중국어 응대 / 중국어 응대 / 일본어 응대 / 일본어 응대,서울시 서초구 강남대로 411 다이아의원,"크림마취
국소마취",화요일 10:00 ~ 20:00 / 수요일 10:00 ~ 20:00 / 목요일 10:00 ~ 20:00 / 금요일 10:00 ~ 20:00 / 토요일 10:00 ~ 16:00 / 일요일 휴진,0508-0353-7788
리프팅,레이저리프팅,LDM,https://www.yeoshin.co.kr/event/mobile/23626,LDM,https://d3gurpvil0se70.cloudfront.net/upfiles/images/product/cUuYokEQRy1jfp6K0jHJE1DHZUZ8.jpg?q=90&f=webp&w=1024,"#피부관리
#수분관리
#염증진정관리",8.7,후기 6,"55,000원",VAT 포함,"LDM
시술시간
20~30분
마취여부
마취없음
회복시간
당일
시술효과
1~2주 후",샤인유의원(수원점),,경기도 수원시 팔달구 권광로 199 세영빌딩6층,,화요일 10:30 ~ 20:30 (점심 14:00 ~ 15:00) / 수요일 10:30 ~ 20:30 (점심 14:00 ~ 15:00) / 목요일 10:30 ~ 20:30 (점심 14:00 ~ 15:00) / 금요일 10:30 ~ 20:30 (점심 14:00 ~ 15:00) / 토요일 10:00 ~ 16:00 / 일요일 휴진,0508-0354-0678
리프팅,레이저리프팅,LDM,https://www.yeoshin.co.kr/event/mobile/25447,LDM 관리 12분,https://d3gurpvil0se70.cloudfront.net/upfiles/images/product/OoS7tX0ANwm945zmGedfq2ZmOpq5.jpg?q=90&f=webp&w=1024,"#피부관리
#수분관리
#염증진정관리",8.5,후기 6,"66,000원",VAT 포함,"LDM
시술시간
20~30분
마취여부
마취없음
회복시간
당일
시술효과
1~2주 후",뷰티크의원(방배이수점),,서울시 서초구 동작대로 114 유문빌딩 6층 톡스앤필(방배이수점),,화요일 11:00 ~ 20:00 / 수요일 11:00 ~ 20:00 / 목요일 11:00 ~ 20:00 / 금요일 11:00 ~ 20:00 / 토요일 10:00 ~ 16:30 / 일요일 휴진 / 공휴일은 휴진입니다.,0507-0094-5649
리프팅,레이저리프팅,LDM,https://www.yeoshin.co.kr/event/mobile/25463,순플러스_크라이오셀 LDM 쿨링 아이스관리,https://d3gurpvil0se70.cloudfront.net/upfiles/images/product/uKQguZ85T7dSNAwV5mS17i74HOnA.jpg?q=90&f=webp&w=1024,"#피부관리
#수분관리
#염증진정관리",9.7,후기 3,"55,000원",VAT 포함,"크라이오셀
시술시간
40~50분
마취여부
마취없음
회복시간
당일
시술효과
시술 직후",순플러스성형외과의원,전문의 3명 / 전문의 3명 / 여의사 진료 / 여의사 진료 / 수술실 CCTV / 수술실 CCTV / 응급처치 시스템 / 응급처치 시스템 / 전담회복실 / 전담회복실 / 사후관리 / 사후관리 / 영어 응대 / 영어 응대 / 중국어 응대 / 중국어 응대,"서울특별시 서초구 강남대로 589 (잠원동) 멀버리힐스 메디컬동 12F, 13F","크림마취
수면마취
국소마취",화요일 10:00 ~ 19:00 / 수요일 10:00 ~ 19:00 / 목요일 10:00 ~ 19:00 / 금요일 10:00 ~ 19:00 / 토요일 10:00 ~ 16:00 / 일요일 휴진,050803533332
리프팅,레이저리프팅,LDM,https://www.yeoshin.co.kr/event/mobile/24960,쎄라필+ldm+팩관리+재생레이저,https://d3gurpvil0se70.cloudfront.net/upfiles/images/product/jqzqIQzk8m70jOoaFMYSvyPh8zx4.jpg?q=90&f=webp&w=1024,"#필링
#피부관리
#수분관리",9.6,후기 8,"132,000원",VAT 포함,"쎄라필
시술시간
1시간
마취여부
마취없음
회복시간
당일
시술효과
당일",순플러스성형외과의원,전문의 3명 / 전문의 3명 / 여의사 진료 / 여의사 진료 / 수술실 CCTV / 수술실 CCTV / 응급처치 시스템 / 응급처치 시스템 / 전담회복실 / 전담회복실 / 사후관리 / 사후관리 / 영어 응대 / 영어 응대 / 중국어 응대 / 중국어 응대,"서울특별시 서초구 강남대로 589 (잠원동) 멀버리힐스 메디컬동 12F, 13F","크림마취
수면마취
국소마취",화요일 10:00 ~ 19:00 / 수요일 10:00 ~ 19:00 / 목요일 10:00 ~ 19:00 / 금요일 10:00 ~ 19:00 / 토요일 10:00 ~ 16:00 / 일요일 휴진,050803533332
리프팅,레이저리프팅,LDM,https://www.yeoshin.co.kr/event/mobile/25075,순플러스_LDM 물방울 리프팅,https://d3gurpvil0se70.cloudfront.net/upfiles/images/product/i79L3TiHG6ZSCcnqCjsUrXHMSUe3.jpg?q=90&f=webp&w=1024,"#피부관리
#수분관리
#염증진정관리",9.5,후기 10,"66,000원",VAT 포함,"LDM
시술시간
12~24분
마취여부
마취없음
회복시간
당일
시술효과
1일 후",순플러스성형외과의원,전문의 3명 / 전문의 3명 / 여의사 진료 / 여의사 진료 / 수술실 CCTV / 수술실 CCTV / 응급처치 시스템 / 응급처치 시스템 / 전담회복실 / 전담회복실 / 사후관리 / 사후관리 / 영어 응대 / 영어 응대 / 중국어 응대 / 중국어 응대,"서울특별시 서초구 강남대로 589 (잠원동) 멀버리힐스 메디컬동 12F, 13F","크림마취
수면마취
국소마취",화요일 10:00 ~ 19:00 / 수요일 10:00 ~ 19:00 / 목요일 10:00 ~ 19:00 / 금요일 10:00 ~ 19:00 / 토요일 10:00 ~ 16:00 / 일요일 휴진,050803533332
리프팅,레이저리프팅,LDM,https://www.yeoshin.co.kr/event/mobile/26624,"쎄라필 1제+2제+LDM+토닝, 물광 관리",https://d3gurpvil0se70.cloudfront.net/upfiles/images/product/0g8yDQC4uY80lAERZMWO6jCilPH4.jpg?q=90&f=webp&w=1024,"#필링
#피부관리
#수분관리",10,후기 1,"55,000원",VAT 포함,"쎄라필
시술시간
20~30분
마취여부
마취없음
회복시간
당일
시술효과
당일",경희다나은한의원,피부진단기 F-RAY 촬영 > / 피부진단기 F-RAY 촬영 > / 피부진단기 F-RAY 촬영 >,서울특별시 강서구 화곡로68길 3 (등촌동) 영스퀘어 3층 경희다나은한의원,,화요일 10:00 ~ 20:00 (점심 13:00 ~ 14:00) / 수요일 10:00 ~ 20:00 (점심 13:00 ~ 14:00) / 목요일 10:00 ~ 20:00 (점심 13:00 ~ 14:00) / 금요일 10:00 ~ 20:00 (점심 13:00 ~ 14:00) / 토요일 10:00 ~ 14:00 / 일요일 휴진 / 공휴일 : 10:00 - 17:00 (점심시간 13:00-14:00),050803537156
리프팅,레이저리프팅,LDM,https://www.yeoshin.co.kr/event/mobile/26464,홍대 포레나 LDM 물방울 리프팅,https://d3gurpvil0se70.cloudfront.net/upfiles/images/product/9aYImSHApsAcHlqXmH8qYOBvpDv2.jpg?q=90&f=webp&w=1024,"#피부관리
#수분관리
#염증진정관리",9,후기 1,"86,900원",VAT 포함,"LDM
시술시간
20~30분
마취여부
마취없음
회복시간
당일
시술효과
1~2주 후",포레나의원,여의사 진료 / 여의사 진료 / 영어 응대 / 영어 응대 / 중국어 응대 / 중국어 응대 / 일본어 응대 / 일본어 응대,서울특별시 마포구 양화로 140 (동교동) H-CUBE 7층 포레나의원,크림마취,화요일 10:00 ~ 20:30 / 수요일 10:00 ~ 20:30 / 목요일 10:00 ~ 20:30 / 금요일 10:00 ~ 20:30 / 토요일 10:00 ~ 17:00 / 일요일 10:00 ~ 17:00 / 공휴일 10:00-17:00,0508-0353-2218
리프팅,레이저리프팅,LDM,https://www.yeoshin.co.kr/event/mobile/26503,트리플 LDM관리,https://d3gurpvil0se70.cloudfront.net/upfiles/images/product/oXo7Eh2sRe3S4iXMEIb1cZkaxciA.jpg?q=90&f=webp&w=1024,"#피부관리
#수분관리
#염증진정관리",9,후기 3,"36,300원",VAT 포함,"LDM
시술시간
20~30분
마취여부
마취없음
회복시간
당일
시술효과
1~2주 후",경희다나은한의원,피부진단기 F-RAY 촬영 > / 피부진단기 F-RAY 촬영 > / 피부진단기 F-RAY 촬영 >,서울특별시 강서구 화곡로68길 3 (등촌동) 영스퀘어 3층 경희다나은한의원,,화요일 10:00 ~ 20:00 (점심 13:00 ~ 14:00) / 수요일 10:00 ~ 20:00 (점심 13:00 ~ 14:00) / 목요일 10:00 ~ 20:00 (점심 13:00 ~ 14:00) / 금요일 10:00 ~ 20:00 (점심 13:00 ~ 14:00) / 토요일 10:00 ~ 14:00 / 일요일 휴진 / 공휴일 : 10:00 - 17:00 (점심시간 13:00-14:00),050803537156
리프팅,레이저리프팅,LDM,https://www.yeoshin.co.kr/event/mobile/27444,아쿠아필·라라필·LDM 피부관리 기획전,https://d3gurpvil0se70.cloudfront.net/upfiles/images/product/JFiwJc0xafP7ZQ9OJmHKG52RHX01.png?q=90&f=webp&w=1024,"#필링
#피부관리
#수분관리",,,"59,000원",VAT 포함,"필링
시술시간
30~60분
마취여부
마취없음
회복시간
당일
시술효과
약 1주 후",샤인유의원(수원점),,경기도 수원시 팔달구 권광로 199 세영빌딩6층,,화요일 10:30 ~ 20:30 (점심 14:00 ~ 15:00) / 수요일 10:30 ~ 20:30 (점심 14:00 ~ 15:00) / 목요일 10:30 ~ 20:30 (점심 14:00 ~ 15:00) / 금요일 10:30 ~ 20:30 (점심 14:00 ~ 15:00) / 토요일 10:00 ~ 16:00 / 일요일 휴진,0508-0354-0678
리프팅,레이저리프팅,LDM,https://www.yeoshin.co.kr/event/mobile/16766,LDM 물방울 리프팅,https://d3gurpvil0se70.cloudfront.net/upfiles/images/product/6QPApvarIIrUBW6tZO1NPMG3a67A.jpg?q=90&f=webp&w=1024,"#피부관리
#수분관리
#염증진정관리",10,후기 7,"77,000원",VAT 포함,"LDM
시술시간
20~30분
마취여부
마취없음
회복시간
당일
시술효과
1~2주 후",유앤아이의원(대전점),,대전광역시 서구 대덕대로 189 (둔산동) 5~6층,,화요일 10:30 ~ 20:30 / 수요일 10:30 ~ 20:30 / 목요일 10:30 ~ 20:30 / 금요일 10:30 ~ 20:30 / 토요일 10:30 ~ 17:00 / 일요일 휴진,0508-0354-1943
리프팅,레이저리프팅,LDM,https://www.yeoshin.co.kr/event/mobile/26945,순플러스_아쿠아필 모공관리 블랙헤드 LDM,https://d3gurpvil0se70.cloudfront.net/upfiles/images/product/OiR9KAplwvPPLYHywVNt6S8gAfW6.jpg?q=90&f=webp&w=1024,"#피지관리
#필링
#여드름개선",,,"55,000원",VAT 포함,"아쿠아필
시술시간
40~50분
마취여부
마취없음
회복시간
당일
시술효과
당일",순플러스성형외과의원,전문의 3명 / 전문의 3명 / 여의사 진료 / 여의사 진료 / 수술실 CCTV / 수술실 CCTV / 응급처치 시스템 / 응급처치 시스템 / 전담회복실 / 전담회복실 / 사후관리 / 사후관리 / 영어 응대 / 영어 응대 / 중국어 응대 / 중국어 응대,"서울특별시 서초구 강남대로 589 (잠원동) 멀버리힐스 메디컬동 12F, 13F","크림마취
수면마취
국소마취",화요일 10:00 ~ 19:00 / 수요일 10:00 ~ 19:00 / 목요일 10:00 ~ 19:00 / 금요일 10:00 ~ 19:00 / 토요일 10:00 ~ 16:00 / 일요일 휴진,050803533332
리프팅,레이저리프팅,LDM,https://www.yeoshin.co.kr/event/mobile/27392,촉촉 물방울 초음파 LDM / 1인실,https://d3gurpvil0se70.cloudfront.net/upfiles/images/product/X3PZPHiThBPXXeaKg95id6N2E8J2.jpg?q=90&f=webp&w=1024,"#피부관리
#수분관리
#염증진정관리",10,후기 1,"55,000원",VAT 포함,"LDM
시술시간
20~30분
마취여부
마취없음
회복시간
당일
시술효과
1~2주 후",웰니스365의원(강서),수술실 CCTV / 수술실 CCTV / 응급처치 시스템 / 응급처치 시스템 / 사후관리 / 사후관리 / 영어 응대 / 영어 응대,서울특별시 강서구 양천로 34 (방화동) 양서빌딩 2층,"크림마취
국소마취",화요일 10:00 ~ 22:00 (점심 14:00 ~ 15:00) / 수요일 10:00 ~ 22:00 (점심 14:00 ~ 15:00) / 목요일 10:00 ~ 22:00 (점심 14:00 ~ 15:00) / 금요일 10:00 ~ 22:00 (점심 14:00 ~ 15:00) / 토요일 10:00 ~ 22:00 (점심 14:00 ~ 15:00) / 일요일 10:00 ~ 19:00 (점심 14:00 ~ 15:00),050803531375
리프팅,레이저리프팅,LDM,https://www.yeoshin.co.kr/event/mobile/27296,순플러스_엑소좀+LDM,https://d3gurpvil0se70.cloudfront.net/upfiles/images/product/sHjorUpjfFac4c7dVk84r31c0RN9.jpg?q=90&f=webp&w=1024,"#스킨부스터
#탄력관리",,,"330,000원",VAT 포함,"엑소좀
시술시간
30~60분
마취여부
없음
회복시간
당일
시술효과
1~2주 후",순플러스성형외과의원,전문의 3명 / 전문의 3명 / 여의사 진료 / 여의사 진료 / 수술실 CCTV / 수술실 CCTV / 응급처치 시스템 / 응급처치 시스템 / 전담회복실 / 전담회복실 / 사후관리 / 사후관리 / 영어 응대 / 영어 응대 / 중국어 응대 / 중국어 응대,"서울특별시 서초구 강남대로 589 (잠원동) 멀버리힐스 메디컬동 12F, 13F","크림마취
수면마취
국소마취",화요일 10:00 ~ 19:00 / 수요일 10:00 ~ 19:00 / 목요일 10:00 ~ 19:00 / 금요일 10:00 ~ 19:00 / 토요일 10:00 ~ 16:00 / 일요일 휴진,050803533332
리프팅,레이저리프팅,LDM,https://www.yeoshin.co.kr/event/mobile/24115,"채우는 필링, 쎄라필 1.2제+LDM",https://d3gurpvil0se70.cloudfront.net/upfiles/images/product/Q0Jvelt5DsCm2eIWawIApqKjUxF.jpg?q=90&f=webp&w=1024,"#필링
#피부관리
#수분관리",,,"88,000원",VAT 포함,"쎄라필
시술시간
30~1시간
마취여부
마취없음
회복시간
당일
시술효과
당일",블랑여성의원,전문의 1명 / 전문의 1명,광주광역시 북구 우치로 62 4층 (중흥동),크림마취,"화요일 15:00 ~ 20:00 / 수요일 09:30 ~ 18:30 (점심 12:30 ~ 13:30) / 목요일 09:30 ~ 18:30 (점심 12:30 ~ 13:30) / 금요일 09:30 ~ 18:30 (점심 12:30 ~ 13:30) / 토요일 09:30 ~ 13:00 / 일요일 휴진 / 토요일, 공휴일: 9:30~1:00",0508-0354-8910
리프팅,레이저리프팅,LDM,https://www.yeoshin.co.kr/event/mobile/26141,리프성형외과 LDM 물방울 리프팅,https://d3gurpvil0se70.cloudfront.net/upfiles/images/product/EK0VtYF5vU8dc48FSqKj4PXLESo8.jpg?q=90&f=webp&w=1024,"#피부관리
#수분관리
#염증진정관리",,,"77,000원",VAT 포함,"LDM
시술시간
20~30분
마취여부
마취없음
회복시간
당일
시술효과
1주 후",리프성형외과의원,전문의 1명 / 전문의 1명 / 마취과의 진료 / 마취과의 진료 / 수술실 CCTV / 수술실 CCTV / 응급처치 시스템 / 응급처치 시스템 / 사후관리 / 사후관리,서울특별시 강남구 논현로167길 9 (신사동) 3층 리프성형외과,,화요일 10:00 ~ 19:00 / 수요일 10:00 ~ 19:00 / 목요일 휴진 / 금요일 10:00 ~ 19:00 / 토요일 10:00 ~ 16:00 / 일요일 휴진,050803536787
리프팅,레이저리프팅,LDM,https://www.yeoshin.co.kr/event/mobile/26513,물방울 리프팅,https://d3gurpvil0se70.cloudfront.net/upfiles/images/product/6UWlV8FUc2UJWuY8yYROvlr8wK5.jpg?q=90&f=webp&w=1024,"#피부관리
#수분관리
#염증진정관리",10,후기 1,"64,900원",VAT 포함,"LDM
시술시간
20~30분
마취여부
마취없음
회복시간
당일
시술효과
1~2주 후",당산센트럴내과의원,전문의 1명 / 전문의 1명 / 응급처치 시스템 / 응급처치 시스템 / 사후관리 / 사후관리,서울특별시 영등포구 선유동2로 74 (당산동5가) 3층,"크림마취
수면마취
국소마취",화요일 09:00 ~ 19:00 (점심 13:00 ~ 14:00) / 수요일 09:00 ~ 19:00 (점심 13:00 ~ 14:00) / 목요일 09:00 ~ 19:00 (점심 13:00 ~ 14:00) / 금요일 09:00 ~ 19:00 (점심 13:00 ~ 14:00) / 토요일 09:00 ~ 14:00 / 일요일 휴진,050803543093
리프팅,레이저리프팅,LDM,https://www.yeoshin.co.kr/event/mobile/26370,순플러스_리쥬란 리쥬란아이 LDM 물광주사,https://d3gurpvil0se70.cloudfront.net/upfiles/images/product/AZHjgdAChNH6VdcCaNPtZMkz8Rn5.jpg?q=90&f=webp&w=1024,"#스킨부스터
#탄력관리",,,"330,000원",VAT 포함,"리쥬란힐러
시술시간
30~60분
마취여부
크림마취
회복시간
약 3일
시술효과
1~2주 후",순플러스성형외과의원,전문의 3명 / 전문의 3명 / 여의사 진료 / 여의사 진료 / 수술실 CCTV / 수술실 CCTV / 응급처치 시스템 / 응급처치 시스템 / 전담회복실 / 전담회복실 / 사후관리 / 사후관리 / 영어 응대 / 영어 응대 / 중국어 응대 / 중국어 응대,"서울특별시 서초구 강남대로 589 (잠원동) 멀버리힐스 메디컬동 12F, 13F","크림마취
수면마취
국소마취",화요일 10:00 ~ 19:00 / 수요일 10:00 ~ 19:00 / 목요일 10:00 ~ 19:00 / 금요일 10:00 ~ 19:00 / 토요일 10:00 ~ 16:00 / 일요일 휴진,050803533332
리프팅,레이저리프팅,LDM,https://www.yeoshin.co.kr/event/mobile/27182,프리미엄 LDM Tri MED 24분,https://d3gurpvil0se70.cloudfront.net/upfiles/images/product/cQIVrw0NZ2Ohv20mPuuZUBXsMbI.png?q=90&f=webp&w=1024,"#피부관리
#수분관리
#염증진정관리",,,"96,800원",VAT 포함,"LDM
시술시간
20~30분
마취여부
마취없음
회복시간
당일
시술효과
1~2주 후",나은내일한의원,사후관리 / 사후관리,인천광역시 연수구 신송로 153 (송도동) 더 마란츠타워 8층,크림마취,화요일 09:30 ~ 20:00 (점심 13:00 ~ 14:00) / 수요일 09:30 ~ 20:00 (점심 13:00 ~ 14:00) / 목요일 09:30 ~ 20:00 (점심 13:00 ~ 14:00) / 금요일 09:30 ~ 20:00 (점심 13:00 ~ 14:00) / 토요일 휴진 / 일요일 휴진,0508-0353-0839
리프팅,레이저리프팅,LDM,https://www.yeoshin.co.kr/event/mobile/20596,물방울리프팅 LDM,https://d3gurpvil0se70.cloudfront.net/upfiles/images/product/Uddtj6x8eOlICnUbYFzFHg59J1J9.jpg?q=90&f=webp&w=1024,"#피부관리
#수분관리
#염증진정관리",9.4,후기 5,"69,000원",VAT 포함,"LDM
시술시간
20~30분
마취여부
마취없음
회복시간
당일
시술효과
1~2주 후",세린의원,영어 응대 / 영어 응대 / 중국어 응대 / 중국어 응대,서울특별시 성동구 아차산로 122 (성수동2가) 백석빌딩 4층,"크림마취
비수면 무통마취",화요일 11:00 ~ 20:00 / 수요일 휴진 / 목요일 11:00 ~ 20:00 / 금요일 11:00 ~ 20:00 / 토요일 11:00 ~ 16:00 / 일요일 휴진,0508-0353-3518
리프팅,레이저리프팅,LDM,https://www.yeoshin.co.kr/event/mobile/24891,물방울 LDM 관리 (수분/피부장벽개선),https://d3gurpvil0se70.cloudfront.net/upfiles/images/product/P6kFe6sNv9ZgzAmNY1SoePmL1ke1.png?q=90&f=webp&w=1024,"#피부관리
#수분관리
#염증진정관리",8.8,후기 6,"77,000원",VAT 포함,"LDM
시술시간
20~30분
마취여부
마취없음
회복시간
당일
시술효과
1~2주 후",셀린의원(삼성점),사후관리 / 사후관리,"서울특별시 강남구 테헤란로 443 (삼성동) 2층(삼성동, 애플트리타워)","크림마취
수면마취
비수면 무통마취
국소마취",화요일 10:30 ~ 20:30 (점심 13:00 ~ 14:00) / 수요일 10:30 ~ 20:30 (점심 13:00 ~ 14:00) / 목요일 10:30 ~ 20:30 (점심 13:00 ~ 14:00) / 금요일 10:30 ~ 20:30 (점심 13:00 ~ 14:00) / 토요일 10:00 ~ 17:00 / 일요일 휴진,0508-0353-9455
리프팅,레이저리프팅,LDM,https://www.yeoshin.co.kr/event/mobile/26342,LDM(인텐스울트라),https://d3gurpvil0se70.cloudfront.net/upfiles/images/product/ibhduX6eTqySXcrgOH9vWddsB3b1.jpg?q=90&f=webp&w=1024,"#피부관리
#수분관리
#탄력관리",10,후기 1,"90,000원",VAT 포함,"인텐스울트라
시술시간
30분
마취여부
마취없음
회복시간
당일
시술효과
1~2주 후",미본한의원,,대구광역시 동구 율하서로 22 (율하동) 2층,,화요일 09:00 ~ 18:00 (점심 13:00 ~ 14:00) / 수요일 09:00 ~ 18:00 (점심 13:00 ~ 14:00) / 목요일 09:00 ~ 18:00 (점심 13:00 ~ 14:00) / 금요일 09:00 ~ 18:00 (점심 13:00 ~ 14:00) / 토요일 09:00 ~ 15:00 / 일요일 휴진,050803543087
리프팅,레이저리프팅,LDM,https://www.yeoshin.co.kr/event/mobile/25326,리즈셀줄기세포(얼굴) +PPP+물광+LDM,https://d3gurpvil0se70.cloudfront.net/upfiles/images/product/ntzeJUDCnFKxnplIj234kSbfu3C7.jpg?q=90&f=webp&w=1024,"#수분관리
#피부관리",10,후기 1,,,"줄기세포주사
시술시간
1~2시간
마취여부
크림,수면
회복시간
1~2일
시술효과
2~3달 후",더리즈의원(강남),전문의 1명 / 전문의 1명 / 여의사 진료 / 여의사 진료 / 수술실 CCTV / 수술실 CCTV / 사후관리 / 사후관리 / 피부진단기 F-RAY 촬영 > / 피부진단기 F-RAY 촬영 > / 피부진단기 F-RAY 촬영 >,서울특별시 강남구 테헤란로 337 (역삼동) 11층,"크림마취
수면마취
국소마취",화요일 10:00 ~ 19:00 (점심 13:00 ~ 14:00) / 수요일 휴진 / 목요일 10:00 ~ 19:00 (점심 13:00 ~ 14:00) / 금요일 10:00 ~ 20:00 (점심 13:00 ~ 14:00) / 토요일 10:00 ~ 16:00 / 일요일 휴진,050803531297
리프팅,레이저리프팅,LDM,https://www.yeoshin.co.kr/event/mobile/16474,"미케이 피부재생, 여드름흉터_LDM",https://d3gurpvil0se70.cloudfront.net/upfiles/images/product/fQriQYaMbR6es6CtC8rAGqGVKHO6.jpg?q=90&f=webp&w=1024,"#수분관리
#탄력관리",10,후기 1,"110,000원",VAT 포함,"소노케어
시술시간
30분
마취여부
마취없음
회복시간
당일
시술효과
1~2주 후",미케이의원,전문의 1명 / 전문의 1명 / 분야별 협진 / 분야별 협진 / 일본어 응대 / 일본어 응대,서울특별시 서초구 서초대로 77길 24 미케이의원,"크림마취
국소마취",화요일 10:00 ~ 19:00 / 수요일 10:00 ~ 19:00 / 목요일 10:00 ~ 19:00 / 금요일 10:00 ~ 19:00 / 토요일 10:00 ~ 17:00 / 일요일 10:00 ~ 17:00,0508-0353-1137
리프팅,레이저리프팅,LDM,https://www.yeoshin.co.kr/event/mobile/26274,LDM,https://d3gurpvil0se70.cloudfront.net/upfiles/images/product/ZfBDYGfpojPrkETA91TcUTcVq095.jpg?q=90&f=webp&w=1024,"#피부관리
#수분관리
#염증진정관리",,,"77,000원",VAT 포함,"LDM
시술시간
20~30분
마취여부
마취없음
회복시간
당일
시술효과
1~2주 후",뮤즈의원(김해점),,경상남도 김해시 내외중앙로 92 (내동) 5층 뮤즈의원 김해,크림마취,화요일 10:00 ~ 20:00 (점심 13:00 ~ 14:00) / 수요일 10:00 ~ 20:00 (점심 13:00 ~ 14:00) / 목요일 10:00 ~ 20:00 (점심 13:00 ~ 14:00) / 금요일 10:00 ~ 20:00 (점심 13:00 ~ 14:00) / 토요일 10:00 ~ 16:00 / 일요일 휴진 / 접수마감) 평일 19:30 / 토요일 15:30,050803531484
리프팅,레이저리프팅,LDM,https://www.yeoshin.co.kr/event/mobile/18810,촉촉 LDM (12분) + 재생레이저,https://d3gurpvil0se70.cloudfront.net/upfiles/images/product/pH5c6exVoMHymAWwX5c9OgFlH0I2.jpg?q=90&f=webp&w=1024,"#피부관리
#수분관리
#염증진정관리",9.3,후기 324,"44,000원",VAT 포함,"LDM
시술시간
20~30분
마취여부
마취없음
회복시간
당일
시술효과
1~2주 후",유앤아이의원(영등포점),여의사 진료 / 여의사 진료 / 중국어 응대 / 중국어 응대 / 일본어 응대 / 일본어 응대,서울특별시 영등포구 영중로 12 유앤아이의원(영등포점),"크림마취
수면마취",화요일 10:00 ~ 20:30 / 수요일 10:00 ~ 20:30 / 목요일 10:00 ~ 20:30 / 금요일 10:00 ~ 20:30 / 토요일 10:00 ~ 17:00 / 일요일 10:00 ~ 17:00 / 점심시간 없음 / 공휴일 진료,0508-0353-1932
리프팅,레이저리프팅,LDM,https://www.yeoshin.co.kr/event/mobile/3808,LDM 리프팅20분+LED10분,https://d3gurpvil0se70.cloudfront.net/upfiles/images/product/HRJ7QAHPYlhXSc1bFMuYbixxIOJ7.jpg?q=90&f=webp&w=1024,"#피부관리
#수분관리
#염증진정관리",9.7,후기 970,"88,000원",VAT 포함,"LDM
시술시간
40분
마취여부
마취없음
회복시간
당일
시술효과
당일",유올림의원,전문의 1명 / 전문의 1명,서울특별시 강남구 강남대로 606 유올림의원,,화요일 10:30 ~ 20:30 (점심 14:30 ~ 15:00) / 수요일 10:30 ~ 20:30 (점심 14:30 ~ 15:00) / 목요일 10:30 ~ 20:30 (점심 14:30 ~ 15:00) / 금요일 10:30 ~ 20:30 (점심 14:00 ~ 15:00) / 토요일 10:00 ~ 16:30 / 일요일 휴진,0508-0353-7857
리프팅,레이저리프팅,LDM,https://www.yeoshin.co.kr/event/mobile/17255,수분촉촉 LDM,https://d3gurpvil0se70.cloudfront.net/upfiles/images/product/KfYr8SmH3uzmb9YbpFGTQ9EfsVj.jpg?q=90&f=webp&w=1024,"#피부관리
#수분관리
#염증진정관리",8,후기 6,"66,000원",VAT 포함,"LDM
시술시간
20~30분
마취여부
마취없음
회복시간
당일
시술효과
1~2주 후",유앤아이의원(평택점),,경기도 평택시 평남로 862 (비전동) 로이드빌딩 2층,,화요일 10:00 ~ 20:30 (점심 13:00 ~ 14:00) / 수요일 10:00 ~ 20:30 (점심 13:00 ~ 14:00) / 목요일 10:00 ~ 20:30 (점심 13:00 ~ 14:00) / 금요일 10:00 ~ 20:30 (점심 13:00 ~ 14:00) / 토요일 10:00 ~ 16:00 / 일요일 휴진,0508-0354-0339
리프팅,레이저리프팅,LDM,https://www.yeoshin.co.kr/event/mobile/17233,건조한 피부장벽 재생관리,https://d3gurpvil0se70.cloudfront.net/upfiles/images/product/LWUbA7IY3dqe3QMHV5HLd50Xv6b1.jpg?q=90&f=webp&w=1024,"#피부관리
#수분관리
#염증진정관리",10,후기 3,"88,000원",VAT 포함,"LDM
시술시간
20~30분
마취여부
마취없음
회복시간
당일
시술효과
1~2주 후",톡스앤필(제주점),,제주특별자치도 제주시 노형로 378 (노형동) 청담빌딩 2층,,화요일 10:00 ~ 19:00 (점심 13:00 ~ 14:00) / 수요일 10:00 ~ 19:00 (점심 13:00 ~ 14:00) / 목요일 10:00 ~ 20:00 (점심 13:00 ~ 14:00) / 금요일 10:00 ~ 19:30 (점심 13:00 ~ 14:00) / 토요일 09:30 ~ 15:30 / 일요일 휴진,0508-0354-2777
리프팅,레이저리프팅,LDM,https://www.yeoshin.co.kr/event/mobile/22262,유리움 LDM,https://d3gurpvil0se70.cloudfront.net/upfiles/images/product/HYi0s9c6VjR8bbFGsOr9rMOOeCZ6.jpg?q=90&f=webp&w=1024,"#피부관리
#수분관리
#염증진정관리",9.5,후기 34,"60,000원",VAT 포함,"LDM
시술시간
20~30분
마취여부
마취없음
회복시간
당일
시술효과
1~2주 후",유리움한의원,여의사 진료 / 여의사 진료 / 영어 응대 / 영어 응대,서울특별시 송파구 올림픽로35길 137 (신천동) 11층 3호,,화요일 10:00 ~ 19:00 (점심 13:00 ~ 14:00) / 수요일 13:00 ~ 21:00 / 목요일 10:00 ~ 19:00 (점심 13:00 ~ 14:00) / 금요일 11:00 ~ 21:00 (점심 13:00 ~ 14:00) / 토요일 09:30 ~ 17:00 (점심 13:00 ~ 14:00) / 일요일 휴진 / 공휴일 : 09:30 ~ 17:00,0508-0353-7689
리프팅,레이저리프팅,LDM,https://www.yeoshin.co.kr/event/mobile/16041,4세대 필링 플라필,https://d3gurpvil0se70.cloudfront.net/upfiles/images/product/9j1nhYW8b4OEgJhGhLZiA2BaRxx.jpg?q=90&f=webp&w=1024,"#필링
#피부관리
#수분관리",9.6,후기 13,"90,000원",VAT 포함,"플라필
시술시간
30분
마취여부
마취없음
회복시간
당일
시술효과
3일 후",데이원의원(강남역점),전문의 1명 / 전문의 1명,서울시 서초구 강남대로 423 데이원의원(강남역점),,화요일 10:30 ~ 20:30 (점심 13:00 ~ 14:00) / 수요일 10:30 ~ 20:30 (점심 13:00 ~ 14:00) / 목요일 10:30 ~ 20:30 (점심 13:00 ~ 14:00) / 금요일 10:30 ~ 20:30 (점심 13:00 ~ 14:00) / 토요일 10:30 ~ 16:00 / 일요일 휴진,0508-0353-7131
리프팅,레이저리프팅,LDM,https://www.yeoshin.co.kr/event/mobile/27284,연예인 필링 라라필 + LDM,https://d3gurpvil0se70.cloudfront.net/upfiles/images/product/BnybKUWOm8t9iwf52ZI9Efyq9xP1.jpg?q=90&f=webp&w=1024,"#필링
#피부관리
#수분관리",,,"110,000원",VAT 포함,"라라필
시술시간
20~30분
마취여부
마취없음
회복시간
당일
시술효과
당일",연세팜스의원(은평),,"서울특별시 은평구 통일로 767 (대조동, 베르디움STAY1) 2층 226호","크림마취
비수면 무통마취
국소마취",화요일 10:00 ~ 20:00 / 수요일 휴진 / 목요일 10:00 ~ 19:00 / 금요일 10:00 ~ 20:00 / 토요일 10:00 ~ 15:00 / 일요일 휴진,050803532856
리프팅,레이저리프팅,LDM,https://www.yeoshin.co.kr/event/mobile/24663,LDM관리 (재생/홍조/리프팅/여드름),https://d3gurpvil0se70.cloudfront.net/upfiles/images/product/izf6HMBrRXJM0jFoKGVpjDFDF3Q9.jpg?q=90&f=webp&w=1024,"#피부관리
#수분관리
#염증진정관리",9.7,후기 3,"66,000원",VAT 포함,"LDM
시술시간
20~30분
마취여부
마취없음
회복시간
당일
시술효과
1~2주 후",강남제이스타의원,전문의 1명 / 전문의 1명 / 여의사 진료 / 여의사 진료 / 수술실 CCTV / 수술실 CCTV / 응급처치 시스템 / 응급처치 시스템 / 전담회복실 / 전담회복실 / 사후관리 / 사후관리,"강원특별자치도 원주시 능라동길 51 (무실동) 501호,502호","크림마취
수면마취
국소마취",화요일 10:00 ~ 19:00 (점심 12:30 ~ 13:30) / 수요일 14:00 ~ 19:00 / 목요일 10:00 ~ 19:00 (점심 12:30 ~ 13:30) / 금요일 10:00 ~ 19:00 (점심 12:30 ~ 13:30) / 토요일 10:00 ~ 14:00 / 일요일 휴진,050803544136
리프팅,레이저리프팅,LDM,https://www.yeoshin.co.kr/event/mobile/16156,리쥬란 2cc (콜라겐 LDM+모델링팩),https://d3gurpvil0se70.cloudfront.net/upfiles/images/product/iFoT1qrlBir7PPU4y1GTPf12VRo5.jpg?q=90&f=webp&w=1024,"#스킨부스터
#탄력관리",,,"350,000원",VAT 포함,"리쥬란힐러
시술시간
30~60분
마취여부
크림마취
회복시간
3일
시술효과
1~2주 후",청담르벨의원,전문의 1명 / 전문의 1명,서울특별시 강남구 선릉로 756 (청담동) 대성빌딩 3층,,화요일 10:00 ~ 19:30 (점심 13:00 ~ 14:00) / 수요일 휴진 / 목요일 10:00 ~ 19:30 (점심 13:00 ~ 14:00) / 금요일 10:00 ~ 19:30 (점심 13:00 ~ 14:00) / 토요일 09:30 ~ 15:30 / 일요일 휴진,0508-0353-1257
리프팅,레이저리프팅,LDM,https://www.yeoshin.co.kr/event/mobile/25431,유이 LDM 오리지널 1회,https://d3gurpvil0se70.cloudfront.net/upfiles/images/product/asp5DvlgsgzDpfFDO3HBdWYPXWnA.jpg?q=90&f=webp&w=1024,"#피부관리
#수분관리
#염증진정관리",10,후기 1,"66,000원",VAT 포함,"LDM
시술시간
12분
마취여부
마취없음
회복시간
당일
시술효과
1~2주 후",유이성형외과의원,전문의 1명 / 전문의 1명 / 여의사 진료 / 여의사 진료 / 전담회복실 / 전담회복실 / 사후관리 / 사후관리,서울특별시 강남구 강남대로 616 (신사동) 신사미타워 16층,"크림마취
수면마취
비수면 무통마취
전신마취
국소마취",화요일 10:00 ~ 19:00 / 수요일 10:00 ~ 19:00 / 목요일 10:00 ~ 19:00 / 금요일 10:00 ~ 19:00 / 토요일 09:30 ~ 15:30 / 일요일 휴진,"서울특별시 강남구 강남대로 616, 16층 1601,1602호 B518, B519호(신 사동, 외 1필지 신사미타워)"
리프팅,레이저리프팅,LDM,https://www.yeoshin.co.kr/event/mobile/25028,LDM(미백/여드름/타이트닝/보습/재생),https://d3gurpvil0se70.cloudfront.net/upfiles/images/product/98Z2fXzm9JnXhzYszbDP1rHo4Bn.jpg?q=90&f=webp&w=1024,"#피부과 전문의
#피부관리
#수분관리",10,후기 1,"99,000원",VAT 포함,"LDM
시술시간
20~30분
마취여부
마취없음
회복시간
당일
시술효과
1~2주 후",CNP차앤박피부과(명동점),전문의 1명 / 전문의 1명 / 여의사 진료 / 여의사 진료,"서울특별시 중구 명동8길 17 (명동2가) (명동 2 가, 6층)",크림마취,화요일 10:30 ~ 20:00 (점심 13:00 ~ 14:00) / 수요일 10:30 ~ 20:00 (점심 13:00 ~ 14:00) / 목요일 10:30 ~ 20:00 (점심 13:00 ~ 14:00) / 금요일 10:30 ~ 20:00 (점심 13:00 ~ 14:00) / 토요일 10:00 ~ 16:30 / 일요일 휴진,050803532612
리프팅,레이저리프팅,LDM,https://www.yeoshin.co.kr/event/mobile/19127,"LDM리프팅? 통증,가격부담NO",https://d3gurpvil0se70.cloudfront.net/upfiles/images/product/XtvicG6LWsKCZjs7mfrlkofTcpD9.jpg?q=90&f=webp&w=1024,"#피부과 전문의
#피부관리
#수분관리",,,"165,000원",VAT 포함,"LDM
시술시간
20~30분
마취여부
마취없음
회복시간
당일
시술효과
1~2주 후",휴먼피부과의원(청라점),전문의 4명 / 전문의 4명 / 여의사 진료 / 여의사 진료,인천광역시 서구 중봉대로 594 비전프라자 4층 휴먼피부과의원(청라점),"크림마취
수면마취
비수면 무통마취",화요일 10:00 ~ 19:00 (점심 12:00 ~ 14:00) / 수요일 10:00 ~ 20:30 (점심 12:00 ~ 14:00) / 목요일 10:00 ~ 19:00 (점심 12:00 ~ 14:00) / 금요일 10:00 ~ 20:30 (점심 12:00 ~ 14:00) / 토요일 10:00 ~ 16:00 / 일요일 휴진 / 진료마감 : 월수금 19:30 / 화목 18:00 / 토 15:00,0508-0354-1088
리프팅,레이저리프팅,LDM,https://www.yeoshin.co.kr/event/mobile/25257,[꽉채운] LDM 물방울 리프팅+모델링팩,https://d3gurpvil0se70.cloudfront.net/upfiles/images/product/qvWoZfhC57WMHMeAO8aDFol9GMQ2.png?q=90&f=webp&w=1024,"#피부관리
#수분관리
#염증진정관리",,,"64,900원",VAT 포함,"LDM
시술시간
20~50분
마취여부
마취없음
회복시간
당일
시술효과
1~2주 후",끗한의원(수원),여의사 진료 / 여의사 진료,경기도 수원시 팔달구 효원로 278 (인계동) 4층(메가박스 건물),,화요일 10:30 ~ 20:30 / 수요일 10:30 ~ 20:30 / 목요일 10:30 ~ 20:30 / 금요일 10:30 ~ 20:30 / 토요일 10:00 ~ 16:00 / 일요일 10:00 ~ 16:00,050803531328
리프팅,레이저리프팅,LDM,https://www.yeoshin.co.kr/event/mobile/5490,트리플LDM#1인실#LDMtriple19,https://d3gurpvil0se70.cloudfront.net/upfiles/images/product/V5aHqcsp0dnRXVgkaHBUamwgsH58.jpg?q=90&f=webp&w=1024,"#피부관리
#수분관리
#염증진정관리",10,후기 5,"42,900원",VAT 포함,"LDM
시술시간
30분
마취여부
마취없음
회복시간
당일
시술효과
개인별 상이",뷰티스카이의원,,서울특별시 강동구 올림픽로 653 뷰티스카이의원,,화요일 10:30 ~ 20:30 / 수요일 10:00 ~ 20:00 / 목요일 10:00 ~ 20:00 / 금요일 10:30 ~ 20:30 / 토요일 09:30 ~ 16:30 / 일요일 휴진,0508-0353-3433
리프팅,레이저리프팅,LDM,https://www.yeoshin.co.kr/event/mobile/16523,수분폭탄 LDM물방울리프팅,https://d3gurpvil0se70.cloudfront.net/upfiles/images/product/5ba57AWQKFD1llxHctQZubLL9Xn5.jpg?q=90&f=webp&w=1024,"#피부관리
#수분관리
#염증진정관리",10,후기 2,"99,000원",VAT 포함,"LDM
시술시간
20~30분
마취여부
마취없음
회복시간
당일
시술효과
1~2주 후",용인미하나의원,전문의 1명 / 전문의 1명,경기도 용인시 처인구 금령로 86 용인미하나의원,,화요일 10:00 ~ 20:30 (점심 13:00 ~ 14:00) / 수요일 10:00 ~ 20:30 (점심 13:00 ~ 14:00) / 목요일 10:00 ~ 20:30 (점심 13:00 ~ 14:00) / 금요일 10:00 ~ 20:30 (점심 13:00 ~ 14:00) / 토요일 10:00 ~ 16:30 / 일요일 휴진,0508-0353-9926
리프팅,레이저리프팅,LDM,https://www.yeoshin.co.kr/event/mobile/15076,LDM+제네시스 토닝,https://d3gurpvil0se70.cloudfront.net/upfiles/images/product/t4kqhBS5smaPRmjVFujBbVqo5pm8.jpg?q=90&f=webp&w=1024,"#미백레이저
#색소개선",8.9,후기 8,"77,000원",VAT 포함,"레이저토닝
시술시간
30~60분
마취여부
마취없음
회복시간
1~2일
시술효과
1~2주 후",오운의원(구리점),여의사 진료 / 여의사 진료,"경기도 구리시 산마루로 5 대방디엠시티 3층, 오운의원(구리점)",,화요일 10:00 ~ 20:00 (점심 13:00 ~ 14:00) / 수요일 10:00 ~ 20:00 (점심 13:00 ~ 14:00) / 목요일 10:00 ~ 20:00 (점심 13:00 ~ 14:00) / 금요일 10:00 ~ 20:00 (점심 13:00 ~ 14:00) / 토요일 10:00 ~ 16:00 / 일요일 휴진,0508-0353-9945
리프팅,레이저리프팅,LDM,https://www.yeoshin.co.kr/event/mobile/27790,정품인증 맞춤 써마지FLX600샷+LDM,https://d3gurpvil0se70.cloudfront.net/upfiles/images/product/yJoS6OLOzLQruXbxzgTgViikgiQ2.jpg?q=90&f=webp&w=1024,"#타이트닝
#리프팅레이저",,,"2,189,000원",VAT 포함,"써마지
시술시간
60분
마취여부
크림마취
회복시간
당일
시술효과
3개월 후",연의원 범계(안양),,경기도 안양시 동안구 평촌대로217번길 15 (호계동) 파크에비뉴엘 4층,,화요일 10:30 ~ 20:30 (점심 13:30 ~ 14:30) / 수요일 휴진 / 목요일 10:30 ~ 20:30 (점심 13:30 ~ 14:30) / 금요일 10:00 ~ 18:00 (점심 13:30 ~ 14:30) / 토요일 10:00 ~ 16:00 / 일요일 휴진,0508-0354-1067
리프팅,레이저리프팅,LDM,https://www.yeoshin.co.kr/event/mobile/22288,ldm 최상위버전 트리플 트리플 LDM,https://d3gurpvil0se70.cloudfront.net/upfiles/images/product/RLCRg2uKG19vffrjPPvnWiYobAP2.jpg?q=90&f=webp&w=1024,"#피부관리
#수분관리
#염증진정관리",8.8,후기 4,"88,000원",VAT 포함,"LDM
시술시간
20~30분
마취여부
마취없음
회복시간
당일
시술효과
1~2주 후",루미의원,여의사 진료 / 여의사 진료,서울시 송파구 백제고분로 204 5층루미의원,"크림마취
수면마취
국소마취",화요일 09:00 ~ 18:30 (점심 13:00 ~ 14:00) / 수요일 휴진 / 목요일 09:00 ~ 18:00 (점심 13:00 ~ 14:00) / 금요일 09:00 ~ 18:30 (점심 13:00 ~ 14:00) / 토요일 09:00 ~ 15:00 / 일요일 휴진 / 공휴일 휴진,0508-0353-3090
리프팅,레이저리프팅,LDM,https://www.yeoshin.co.kr/event/mobile/25336,"LDM,4세대 써마지FLX,리쥬란",https://d3gurpvil0se70.cloudfront.net/upfiles/images/product/UehvvtMJLswIEGetxP2XBUptrye1.jpg?q=90&f=webp&w=1024,"#타이트닝
#리프팅레이저",,,"2,090,000원",VAT 포함,"써마지
시술시간
30~60분
마취여부
수면마취
회복시간
당일
시술효과
3개월 후",반니성형외과의원,전문의 2명 / 전문의 2명 / 여의사 진료 / 여의사 진료 / 수술실 CCTV / 수술실 CCTV / 전담회복실 / 전담회복실 / 사후관리 / 사후관리 / 중국어 응대 / 중국어 응대 / 일본어 응대 / 일본어 응대,"서울특별시 강남구 테헤란로 107 (역삼동) 8층 (역삼동, 메디타워)",,화요일 10:00 ~ 19:00 / 수요일 10:00 ~ 19:00 / 목요일 10:00 ~ 19:00 / 금요일 10:00 ~ 21:00 / 토요일 10:00 ~ 17:00 / 일요일 휴진,0508-0353-6588
리프팅,레이저리프팅,LDM,https://www.yeoshin.co.kr/event/mobile/24990,LDM물방울리프팅,https://d3gurpvil0se70.cloudfront.net/upfiles/images/product/dIKSQ2gDVy02xKOciUr85rQzKCo7.jpg?q=90&f=webp&w=1024,"#피부관리
#수분관리
#염증진정관리",,,"190,000원",VAT 포함,"LDM
시술시간
20~30분
마취여부
마취없음
회복시간
당일
시술효과
1~2주 후",휴먼피부과의원(광명철산점),분야별 협진 / 분야별 협진 / 전담회복실 / 전담회복실 / 사후관리 / 사후관리 / 피부진단기 F-RAY 촬영 > / 피부진단기 F-RAY 촬영 > / 피부진단기 F-RAY 촬영 >,경기도 광명시 철산로 24 다인빌딩 301호 (철산동),,화요일 10:30 ~ 20:30 (점심 13:00 ~ 14:00) / 수요일 10:30 ~ 20:30 (점심 13:00 ~ 14:00) / 목요일 10:30 ~ 20:30 (점심 13:00 ~ 14:00) / 금요일 10:30 ~ 21:00 (점심 13:00 ~ 14:00) / 토요일 10:00 ~ 17:00 (점심 13:00 ~ 14:00) / 일요일 휴진,0508-0355-6373
리프팅,레이저리프팅,LDM,https://www.yeoshin.co.kr/event/mobile/25888,LDM 물방울 리프팅 / 1인실 클렌징,https://d3gurpvil0se70.cloudfront.net/upfiles/images/product/dhitYDBeME7pkbBGFq20C3BOHMM4.jpg?q=90&f=webp&w=1024,"#피부관리
#수분관리
#염증진정관리",9.9,후기 10,,,"LDM
시술시간
20~30분
마취여부
마취없음
회복시간
당일
시술효과
1~2주 후",메이린의원(성수점),여의사 진료 / 여의사 진료 / 분야별 협진 / 분야별 협진 / 사후관리 / 사후관리 / 영어 응대 / 영어 응대 / 중국어 응대 / 중국어 응대,서울특별시 성동구 아차산로 74 (성수동2가) 쉬엔비 타워 3층,"크림마취
수면마취",화요일 10:00 ~ 19:00 (점심 13:00 ~ 14:00) / 수요일 10:00 ~ 19:00 (점심 13:00 ~ 14:00) / 목요일 10:00 ~ 19:00 (점심 13:00 ~ 14:00) / 금요일 10:00 ~ 20:00 (점심 13:00 ~ 14:00) / 토요일 10:00 ~ 17:00 / 일요일 휴진,050803534978
리프팅,레이저리프팅,LDM,https://www.yeoshin.co.kr/event/mobile/27037,"4세대 물광 필링! 쎄라필 1,2제+LDM",https://d3gurpvil0se70.cloudfront.net/upfiles/images/product/Rw1WcktyaKJMHnnBubXbtkTpZYQ6.jpg?q=90&f=webp&w=1024,"#필링
#피부관리
#수분관리",9,후기 1,,,"쎄라필
시술시간
20~30분
마취여부
마취없음
회복시간
당일
시술효과
당일",메이린의원(성수점),여의사 진료 / 여의사 진료 / 분야별 협진 / 분야별 협진 / 사후관리 / 사후관리 / 영어 응대 / 영어 응대 / 중국어 응대 / 중국어 응대,서울특별시 성동구 아차산로 74 (성수동2가) 쉬엔비 타워 3층,"크림마취
수면마취",화요일 10:00 ~ 19:00 (점심 13:00 ~ 14:00) / 수요일 10:00 ~ 19:00 (점심 13:00 ~ 14:00) / 목요일 10:00 ~ 19:00 (점심 13:00 ~ 14:00) / 금요일 10:00 ~ 20:00 (점심 13:00 ~ 14:00) / 토요일 10:00 ~ 17:00 / 일요일 휴진,050803534978
리프팅,레이저리프팅,LDM,https://www.yeoshin.co.kr/event/mobile/26013,바르는 스킨부스터 위코우노+LDM/1인실,https://d3gurpvil0se70.cloudfront.net/upfiles/images/product/spiwL116Dg5YwynaZ2P6zQTuRuf8.jpg?q=90&f=webp&w=1024,"#스킨부스터
#탄력관리",10,후기 3,,,"스킨부스터
시술시간
30분
마취여부
마취없음
회복시간
당일
시술효과
1~2주 후",메이린의원(성수점),여의사 진료 / 여의사 진료 / 분야별 협진 / 분야별 협진 / 사후관리 / 사후관리 / 영어 응대 / 영어 응대 / 중국어 응대 / 중국어 응대,서울특별시 성동구 아차산로 74 (성수동2가) 쉬엔비 타워 3층,"크림마취
수면마취",화요일 10:00 ~ 19:00 (점심 13:00 ~ 14:00) / 수요일 10:00 ~ 19:00 (점심 13:00 ~ 14:00) / 목요일 10:00 ~ 19:00 (점심 13:00 ~ 14:00) / 금요일 10:00 ~ 20:00 (점심 13:00 ~ 14:00) / 토요일 10:00 ~ 17:00 / 일요일 휴진,050803534978
리프팅,레이저리프팅,LDM,https://www.yeoshin.co.kr/event/mobile/26422,LDM 탄력 수분 관리 12회 패키지,https://d3gurpvil0se70.cloudfront.net/upfiles/images/product/4eFnoeHabYX1nvmSDE3SuFVHCM92.jpg?q=90&f=webp&w=1024,#피부관리,9.6,후기 5,"1,000,000원",VAT 포함,"피부관리
시술시간
30~60분
마취여부
마취없음
회복시간
당일
시술효과
개인별 상이",르모아의원,전문의 1명 / 전문의 1명 / 여의사 진료 / 여의사 진료 / 전담회복실 / 전담회복실 / 사후관리 / 사후관리,서울특별시 강남구 선릉로 301 (역삼동) 2층 르모아의원 (역삼동 765-3),"크림마취
수면마취
비수면 무통마취
국소마취",화요일 10:00 ~ 20:00 (점심 14:00 ~ 15:00) / 수요일 10:00 ~ 20:00 (점심 14:00 ~ 15:00) / 목요일 10:00 ~ 20:00 (점심 14:00 ~ 15:00) / 금요일 10:00 ~ 20:00 (점심 14:00 ~ 15:00) / 토요일 10:00 ~ 16:00 / 일요일 휴진,0508-0353-6869
리프팅,레이저리프팅,LDM,https://www.yeoshin.co.kr/event/mobile/26561,울킨LDM+LED+모델링팩 12분,https://d3gurpvil0se70.cloudfront.net/upfiles/images/product/Ab5j2KzxTfqvwikUQQuhQWIbftB2.png?q=90&f=webp&w=1024,"#피부관리
#수분관리
#염증진정관리",,,"77,000원",VAT 포함,"LDM
시술시간
20~30분
마취여부
마취없음
회복시간
당일
시술효과
1~2주 후",유넬의원,여의사 진료 / 여의사 진료,서울특별시 강남구 테헤란로 115 (역삼동) 8층,"크림마취
수면마취",화요일 10:30 ~ 20:00 / 수요일 10:30 ~ 20:00 / 목요일 10:30 ~ 20:00 / 금요일 10:30 ~ 20:00 / 토요일 10:30 ~ 17:00 / 일요일 휴진,050803534023
리프팅,레이저리프팅,온다리프팅,https://www.yeoshin.co.kr/event/mobile/23073,[파격] 즉각탄력 페이스 온다리프팅,https://d3gurpvil0se70.cloudfront.net/upfiles/images/product/VudD8hzJUAAaDy9XTxEm18cvSss7.png?q=90&f=webp&w=1024,"#리프팅레이저
#타이트닝",9.4,후기 22,"473,000원",VAT 포함,"온다
시술시간
10~20분
마취여부
마취없음
회복시간
당일
시술효과
당일~",뷰티블라썸의원,여의사 진료 / 여의사 진료 / 사후관리 / 사후관리 / 영어 응대 / 영어 응대 / 중국어 응대 / 중국어 응대 / 일본어 응대 / 일본어 응대,"서울특별시 마포구 양화로 66 (서교동) 5층,6층",,화요일 10:00 ~ 20:00 / 수요일 10:00 ~ 20:00 / 목요일 10:00 ~ 20:00 / 금요일 10:00 ~ 20:00 / 토요일 10:00 ~ 16:30 / 일요일 10:00 ~ 16:30 / 대체 공휴일 진료,0508-0353-9342
리프팅,레이저리프팅,온다리프팅,https://www.yeoshin.co.kr/event/mobile/26718,"온다리프팅_즉각타이트닝, 리프팅",https://d3gurpvil0se70.cloudfront.net/upfiles/images/product/aaWrG1koacrPkIp2vhnbVurY8367.jpg?q=90&f=webp&w=1024,"#리프팅레이저
#타이트닝",10,후기 2,"220,000원",VAT 포함,"온다
시술시간
10~20분
마취여부
마취없음
회복시간
당일
시술효과
2~3주 후",제이필의원(홍대점),전문의 1명 / 전문의 1명 / 여의사 진료 / 여의사 진료 / 수술실 CCTV / 수술실 CCTV / 분야별 협진 / 분야별 협진 / 사후관리 / 사후관리,서울특별시 마포구 양화로 166 (동교동) 제이필의원,"크림마취
수면마취
비수면 무통마취",화요일 10:00 ~ 20:00 / 수요일 10:00 ~ 20:00 / 목요일 10:00 ~ 20:00 / 금요일 10:00 ~ 20:00 / 토요일 10:00 ~ 17:00 / 일요일 휴진,050803543270
리프팅,레이저리프팅,온다리프팅,https://www.yeoshin.co.kr/event/mobile/24564,"온다리프팅_즉각타이트닝, 리프팅",https://d3gurpvil0se70.cloudfront.net/upfiles/images/product/qsvUcyXwE7zie84EVo8F9N1UX1Q1.jpg?q=90&f=webp&w=1024,"#리프팅레이저
#타이트닝",10,후기 2,"220,000원",VAT 포함,"온다
시술시간
10~20분
마취여부
마취없음
회복시간
당일
시술효과
2~3주 후",제이필의원(강남점),영어 응대 / 영어 응대 / 중국어 응대 / 중국어 응대 / 일본어 응대 / 일본어 응대,서울특별시 강남구 강남대로 438 (역삼동) 스타플렉스 B1,,화요일 10:00 ~ 20:00 / 수요일 10:00 ~ 20:00 / 목요일 10:00 ~ 20:00 / 금요일 10:00 ~ 20:00 / 토요일 10:00 ~ 17:00 / 일요일 휴진,0508-0353-4730
리프팅,레이저리프팅,온다리프팅,https://www.yeoshin.co.kr/event/mobile/22892,바디 온다리프팅,https://d3gurpvil0se70.cloudfront.net/upfiles/images/product/IQuSe738On8G5kSK08m4hfE7lzn3.png?q=90&f=webp&w=1024,"#리프팅레이저
#타이트닝",,,"770,000원",VAT 포함,"온다
시술시간
10~20분
마취여부
마취없음
회복시간
당일
시술효과
2~3주 후",엔디어트의원,,서울특별시 강남구 압구정로28길 48 (신사동) 참빌딩 2층,,화요일 10:00 ~ 20:00 (점심 13:00 ~ 14:00) / 수요일 10:00 ~ 20:00 (점심 13:00 ~ 14:00) / 목요일 10:00 ~ 20:00 (점심 13:00 ~ 14:00) / 금요일 10:00 ~ 20:00 (점심 13:00 ~ 14:00) / 토요일 10:00 ~ 17:00 (점심 13:00 ~ 14:00) / 일요일 휴진,0508-0353-7994
리프팅,레이저리프팅,온다리프팅,https://www.yeoshin.co.kr/event/mobile/24653,대표원장 시술 온다리프팅 4만줄(40kJ),https://d3gurpvil0se70.cloudfront.net/upfiles/images/product/LnwQhG8CzwergMTBSLnJWV2a66qA.jpg?q=90&f=webp&w=1024,"#리프팅레이저
#타이트닝",10,후기 2,,,"온다
시술시간
10~20분
마취여부
마취없음
회복시간
당일
시술효과
2~3주 후",더이뻐의원,일본어 응대 / 일본어 응대,서울특별시 서초구 나루터로 80 (잠원동) (자은빌딩) 3층,"크림마취
수면마취
국소마취",화요일 10:00 ~ 20:00 / 수요일 10:00 ~ 20:00 / 목요일 10:00 ~ 20:00 / 금요일 10:00 ~ 20:00 / 토요일 10:00 ~ 16:00 / 일요일 휴진 / 12월 25일 성탄절 휴무,050803530151
리프팅,레이저리프팅,온다리프팅,https://www.yeoshin.co.kr/event/mobile/26102,더프라이드 온다리프팅,https://d3gurpvil0se70.cloudfront.net/upfiles/images/product/LgwQ3RigJaEC3AjQnt3RgVMt5Wl3.jpg?q=90&f=webp&w=1024,"#리프팅레이저
#타이트닝",9.6,후기 21,"66,000원",VAT 포함,"온다
시술시간
10~20분
마취여부
마취없음
회복시간
당일
시술효과
2~3주 후",더프라이드성형외과의원,전문의 4명 / 전문의 4명,서울특별시 강남구 논현로 842 (신사동) 압구정빌딩 4층,"수면마취
전신마취
국소마취",화요일 10:00 ~ 19:00 / 수요일 10:00 ~ 19:00 / 목요일 10:00 ~ 19:00 / 금요일 10:00 ~ 19:00 / 토요일 10:00 ~ 17:00 / 일요일 휴진,050803530154
리프팅,레이저리프팅,온다리프팅,https://www.yeoshin.co.kr/event/mobile/21009,온다 단독! 콜라겐 재생 & 타이트닝,https://d3gurpvil0se70.cloudfront.net/upfiles/images/product/WB7ATziOGJIBlP6qSnoxFDkrn9vA.png?q=90&f=webp&w=1024,"#리프팅레이저
#타이트닝",10,후기 6,"490,000원",VAT 포함,"온다
시술시간
10~20분
마취여부
마취없음
회복시간
당일
시술효과
2~3주 후",청담엔샤인의원,전문의 1명 / 전문의 1명 / 여의사 진료 / 여의사 진료 / 수술실 CCTV / 수술실 CCTV / 중국어 응대 / 중국어 응대,"서울특별시 강남구 도산대로 333 (신사동) 9층(신사동, K+메디칼타워)","크림마취
국소마취",화요일 10:00 ~ 20:00 / 수요일 휴진 / 목요일 10:00 ~ 19:00 / 금요일 10:00 ~ 20:00 / 토요일 10:00 ~ 15:00 / 일요일 휴진,0508-0353-5899
리프팅,레이저리프팅,온다리프팅,https://www.yeoshin.co.kr/event/mobile/23994,지방세포파괴와 리프팅을 동시에 온다리프팅,https://d3gurpvil0se70.cloudfront.net/upfiles/images/product/A0ydO33Qi04kUE26g1D2ZS1IuxI9.jpg?q=90&f=webp&w=1024,"#리프팅레이저
#타이트닝",,,"87,000원",VAT 포함,"온다
시술시간
10~20분
마취여부
마취없음
회복시간
당일
시술효과
2~3주 후",제로의원(인천점),,인천광역시 남동구 예술로 126 (구월동) 8층 (구월동),,화요일 10:00 ~ 20:00 (점심 13:00 ~ 14:00) / 수요일 휴진 / 목요일 10:00 ~ 20:00 (점심 13:00 ~ 14:00) / 금요일 10:00 ~ 20:00 (점심 13:00 ~ 14:00) / 토요일 09:30 ~ 16:00 (점심 13:00 ~ 14:00) / 일요일 휴진,0508-0353-0759
리프팅,레이저리프팅,온다리프팅,https://www.yeoshin.co.kr/event/mobile/24237,수원-온다리프팅과 제로씬 콜라보 두배시너지,https://d3gurpvil0se70.cloudfront.net/upfiles/images/product/Ybx60E0EMsuk3BDZu71qNHnrVT73.jpg?q=90&f=webp&w=1024,"#리프팅레이저
#타이트닝",,,"253,000원",VAT 포함,"온다
시술시간
10~20분
마취여부
마취없음
회복시간
당일
시술효과
2~3주 후",제로의원(수원점),사후관리 / 사후관리,경기도 수원시 팔달구 권광로 165 (인계동) 4층,,화요일 10:00 ~ 20:00 (점심 13:00 ~ 14:00) / 수요일 휴진 / 목요일 10:00 ~ 20:00 (점심 13:00 ~ 14:00) / 금요일 10:00 ~ 20:00 (점심 13:00 ~ 14:00) / 토요일 09:30 ~ 16:00 / 일요일 휴진,050803530100
리프팅,레이저리프팅,온다리프팅,https://www.yeoshin.co.kr/event/mobile/23385,온다리프팅 바디,https://d3gurpvil0se70.cloudfront.net/upfiles/images/product/not688DB3uPXfubJl0ks53uhMBh5.jpg?q=90&f=webp&w=1024,"#리프팅레이저
#타이트닝",,,"649,000원",VAT 포함,"온다
시술시간
10~20분
마취여부
마취없음
회복시간
당일
시술효과
2~3주 후",온리프성형외과,전문의 1명 / 전문의 1명 / 영어 응대 / 영어 응대 / 중국어 응대 / 중국어 응대 / 일본어 응대 / 일본어 응대 / 피부진단기 F-RAY 촬영 > / 피부진단기 F-RAY 촬영 > / 피부진단기 F-RAY 촬영 >,서울특별시 서초구 강남대로 399 온리프성형외과,,화요일 11:00 ~ 20:00 / 수요일 11:00 ~ 20:00 / 목요일 11:00 ~ 20:00 / 금요일 11:00 ~ 21:00 / 토요일 10:00 ~ 17:00 / 일요일 휴진,0508-0353-1273
리프팅,레이저리프팅,온다리프팅,https://www.yeoshin.co.kr/event/mobile/27324,에르네의원 온다리프팅(마취선택),https://d3gurpvil0se70.cloudfront.net/upfiles/images/product/LgLLiE7UODJytXbUNWXGDIcncdf8.jpg?q=90&f=webp&w=1024,"#리프팅레이저
#타이트닝",,,"209,000원",VAT 포함,"온다
시술시간
10~20분
마취여부
마취타입 선택
회복시간
당일
시술효과
2~3주 후",에르네의원,여의사 진료 / 여의사 진료 / 영어 응대 / 영어 응대 / 중국어 응대 / 중국어 응대 / 일본어 응대 / 일본어 응대,서울시 서초구 서초대로 77길 59 에르네의원,,화요일 10:00 ~ 21:00 / 수요일 10:00 ~ 21:00 / 목요일 10:00 ~ 21:00 / 금요일 10:00 ~ 21:00 / 토요일 10:00 ~ 17:00 / 일요일 10:00 ~ 17:00,0508-0354-2964
리프팅,레이저리프팅,온다리프팅,https://www.yeoshin.co.kr/event/mobile/24027,온다리프팅과 제로씬 콜라보 두배효과 시너지,https://d3gurpvil0se70.cloudfront.net/upfiles/images/product/ibaEASpXH0TlunKL8aQncwJN7Xr2.jpg?q=90&f=webp&w=1024,"#리프팅레이저
#타이트닝",,,"253,000원",VAT 포함,"온다
시술시간
10~20분
마취여부
마취없음
회복시간
당일
시술효과
2~3주 후",제로의원(인천점),,인천광역시 남동구 예술로 126 (구월동) 8층 (구월동),,화요일 10:00 ~ 20:00 (점심 13:00 ~ 14:00) / 수요일 휴진 / 목요일 10:00 ~ 20:00 (점심 13:00 ~ 14:00) / 금요일 10:00 ~ 20:00 (점심 13:00 ~ 14:00) / 토요일 09:30 ~ 16:00 (점심 13:00 ~ 14:00) / 일요일 휴진,0508-0353-0759
리프팅,레이저리프팅,온다리프팅,https://www.yeoshin.co.kr/event/mobile/18324,명동루비_온다리프팅,https://d3gurpvil0se70.cloudfront.net/upfiles/images/product/NsgLKNSi3nYZLEZ616QvmFjrF9o8.jpg?q=90&f=webp&w=1024,"#리프팅레이저
#타이트닝",8.8,후기 118,"59,000원",VAT 포함,"온다
시술시간
10~20분
마취여부
마취없음
회복시간
당일
시술효과
2~3주 후",루비의원(명동점),,서울특별시 중구 명동길 65 루비의원(명동점),,화요일 10:30 ~ 20:30 (점심 13:30 ~ 15:00) / 수요일 10:30 ~ 20:30 (점심 13:30 ~ 15:00) / 목요일 10:30 ~ 20:30 (점심 13:30 ~ 15:00) / 금요일 10:30 ~ 20:30 (점심 13:30 ~ 15:00) / 토요일 10:00 ~ 16:00 / 일요일 12:00 ~ 17:00,0508-0353-8508
리프팅,레이저리프팅,온다리프팅,https://www.yeoshin.co.kr/event/mobile/20094,온다리프팅,https://d3gurpvil0se70.cloudfront.net/upfiles/images/product/SIafkFX0Ik13x4J1Z4wyMAsePd4A.png?q=90&f=webp&w=1024,"#피부과 전문의
#리프팅레이저
#타이트닝",,,"132,000원",VAT 포함,"온다
시술시간
10~20분
마취여부
마취없음
회복시간
당일
시술효과
2~3주 후",리엔장성형외과의원(본점),전문의 7명 / 전문의 7명 / 영어 응대 / 영어 응대 / 중국어 응대 / 중국어 응대 / 일본어 응대 / 일본어 응대,서울특별시 서초구 강남대로 403 (서초동) 14~18층(서초동),,화요일 10:00 ~ 20:00 / 수요일 10:00 ~ 20:00 / 목요일 10:00 ~ 20:00 / 금요일 10:00 ~ 20:00 / 토요일 09:30 ~ 17:00 / 일요일 11:00 ~ 17:00 / 일요일 : 휴진(글로벌센터만 운영),0508-0353-7084
리프팅,레이저리프팅,온다리프팅,https://www.yeoshin.co.kr/event/mobile/24214,수원-지방세포파괴 리프팅 동시에 온다리프팅,https://d3gurpvil0se70.cloudfront.net/upfiles/images/product/1SITNBpjEGMYiIa42WcxFJLYOXi5.jpg?q=90&f=webp&w=1024,"#리프팅레이저
#타이트닝",,,"87,000원",VAT 포함,"온다
시술시간
10~20분
마취여부
마취없음
회복시간
당일
시술효과
2~3주 후",제로의원(수원점),사후관리 / 사후관리,경기도 수원시 팔달구 권광로 165 (인계동) 4층,,화요일 10:00 ~ 20:00 (점심 13:00 ~ 14:00) / 수요일 휴진 / 목요일 10:00 ~ 20:00 (점심 13:00 ~ 14:00) / 금요일 10:00 ~ 20:00 (점심 13:00 ~ 14:00) / 토요일 09:30 ~ 16:00 / 일요일 휴진,050803530100
리프팅,레이저리프팅,온다리프팅,https://www.yeoshin.co.kr/event/mobile/26052,"피부과전문의, 1:1 디자인 온다리프팅",https://d3gurpvil0se70.cloudfront.net/upfiles/images/product/21J1w39k8ztMaJV3dkuuIN9rYo65.jpg?q=90&f=webp&w=1024,"#피부과 전문의
#리프팅레이저
#타이트닝",10,후기 1,"99,000원",VAT 포함,"온다
시술시간
10~20분
마취여부
마취없음
회복시간
당일
시술효과
3~4주 후",청담더오피부과의원,전문의 1명 / 전문의 1명 / 사후관리 / 사후관리,서울특별시 강남구 선릉로 602 (삼성동) 2층,,화요일 10:00 ~ 19:00 (점심 13:00 ~ 14:00) / 수요일 10:00 ~ 19:00 (점심 13:00 ~ 14:00) / 목요일 10:00 ~ 19:00 (점심 13:00 ~ 14:00) / 금요일 10:00 ~ 19:00 (점심 13:00 ~ 14:00) / 토요일 10:00 ~ 17:00 (점심 13:00 ~ 14:00) / 일요일 휴진,050803531528
리프팅,레이저리프팅,온다리프팅,https://www.yeoshin.co.kr/event/mobile/27221,신사-지방세포파괴 리프팅 동시에 온다리프팅,https://d3gurpvil0se70.cloudfront.net/upfiles/images/product/Scalufmf9FHhf3ie5O6DORa4eCS4.jpg?q=90&f=webp&w=1024,"#리프팅레이저
#타이트닝",,,"87,000원",VAT 포함,"온다
시술시간
10~20분
마취여부
마취없음
회복시간
당일
시술효과
2~3주 후",제로의원(신사점),,서울특별시 강남구 도산대로 108 (논현동) 6층,,화요일 10:30 ~ 20:30 (점심 13:00 ~ 14:00) / 수요일 10:30 ~ 20:30 (점심 13:00 ~ 14:00) / 목요일 10:30 ~ 20:30 (점심 13:00 ~ 14:00) / 금요일 10:30 ~ 20:30 (점심 13:00 ~ 14:00) / 토요일 10:00 ~ 16:00 / 일요일 휴진,050803543403
리프팅,레이저리프팅,온다리프팅,https://www.yeoshin.co.kr/event/mobile/21448,미케이 스킨 타이트닝 온다리프팅,https://d3gurpvil0se70.cloudfront.net/upfiles/images/product/7YpPHFL8B7Jfpjfy6jQLCCQmpw53.jpg?q=90&f=webp&w=1024,"#리프팅레이저
#타이트닝",10,후기 1,"99,000원",VAT 포함,"온다
시술시간
10~20분
마취여부
마취없음
회복시간
당일
시술효과
2~3주 후",미케이의원,전문의 1명 / 전문의 1명 / 분야별 협진 / 분야별 협진 / 일본어 응대 / 일본어 응대,서울특별시 서초구 서초대로 77길 24 미케이의원,"크림마취
국소마취",화요일 10:00 ~ 19:00 / 수요일 10:00 ~ 19:00 / 목요일 10:00 ~ 19:00 / 금요일 10:00 ~ 19:00 / 토요일 10:00 ~ 17:00 / 일요일 10:00 ~ 17:00,0508-0353-1137
리프팅,레이저리프팅,온다리프팅,https://www.yeoshin.co.kr/event/mobile/27222,신사-온다리프팅과 제로씬 콜라보 두배시너지,https://d3gurpvil0se70.cloudfront.net/upfiles/images/product/OWb2hheLNW3TUeyscdXqPYqMPas2.jpg?q=90&f=webp&w=1024,"#리프팅레이저
#타이트닝",,,"253,000원",VAT 포함,"온다
시술시간
10~20분
마취여부
마취없음
회복시간
당일
시술효과
2~3주 후",제로의원(신사점),,서울특별시 강남구 도산대로 108 (논현동) 6층,,화요일 10:30 ~ 20:30 (점심 13:00 ~ 14:00) / 수요일 10:30 ~ 20:30 (점심 13:00 ~ 14:00) / 목요일 10:30 ~ 20:30 (점심 13:00 ~ 14:00) / 금요일 10:30 ~ 20:30 (점심 13:00 ~ 14:00) / 토요일 10:00 ~ 16:00 / 일요일 휴진,050803543403
리프팅,레이저리프팅,온다리프팅,https://www.yeoshin.co.kr/event/mobile/26976,청담엘의원 온다리프팅 ONDA,https://d3gurpvil0se70.cloudfront.net/upfiles/images/product/mT7UALEGAMusPPZaJfWmERv0IOU6.jpg?q=90&f=webp&w=1024,"#리프팅레이저
#타이트닝",,,"385,000원",VAT 포함,"온다
시술시간
10~20분
마취여부
마취없음
회복시간
당일
시술효과
2~3주 후",청담엘의원,전문의 1명 / 전문의 1명,인천광역시 부평구 부평문화로 55 청담엘의원,,화요일 10:00 ~ 21:00 (점심 13:00 ~ 14:00) / 수요일 10:00 ~ 19:00 (점심 13:00 ~ 14:00) / 목요일 휴진 / 금요일 10:00 ~ 21:00 (점심 13:00 ~ 14:00) / 토요일 10:00 ~ 15:00 / 일요일 휴진,0508-0354-1187
리프팅,레이저리프팅,온다리프팅,https://www.yeoshin.co.kr/event/mobile/25353,땡큐 온다리프팅 10KJ,https://d3gurpvil0se70.cloudfront.net/upfiles/images/product/6fhJSbp6mMpfoSZCX7VhrOILMnM2.jpg?q=90&f=webp&w=1024,"#피부과 전문의
#리프팅레이저
#타이트닝",10,후기 1,"77,000원",VAT 포함,"온다
시술시간
10~20분
마취여부
마취없음
회복시간
당일
시술효과
2~3주 후",땡큐성형외과의원,전문의 7명 / 전문의 7명 / 영어 응대 / 영어 응대 / 중국어 응대 / 중국어 응대 / 일본어 응대 / 일본어 응대,서울특별시 강남구 강남대로 446 땡큐성형외과의원,,화요일 10:00 ~ 19:00 / 수요일 10:00 ~ 19:00 / 목요일 10:00 ~ 19:00 / 금요일 10:00 ~ 19:00 / 토요일 10:00 ~ 16:00 / 일요일 휴진,0508-0353-6942
리프팅,레이저리프팅,온다리프팅,https://www.yeoshin.co.kr/event/mobile/17876,메이드림 온다리프팅 이벤트!,https://d3gurpvil0se70.cloudfront.net/upfiles/images/product/WmBq57qhjxUoc61E9eryUoALf1e6.jpg?q=90&f=webp&w=1024,"#리프팅레이저
#타이트닝",,,"440,000원",VAT 포함,"온다
시술시간
10~20분
마취여부
마취없음
회복시간
당일
시술효과
2~3주 후",메이드림의원(의정부점),,경기도 의정부시 시민로 80 센트럴타워빌딩 4층,,화요일 10:00 ~ 21:00 (점심 13:00 ~ 14:00) / 수요일 10:00 ~ 19:00 (점심 13:00 ~ 14:00) / 목요일 휴진 / 금요일 10:00 ~ 21:00 (점심 13:00 ~ 14:00) / 토요일 10:00 ~ 16:00 / 일요일 휴진,0508-0354-0647
리프팅,레이저리프팅,온다리프팅,https://www.yeoshin.co.kr/event/mobile/23778,온다리프팅 즉각O통증X 리프팅,https://d3gurpvil0se70.cloudfront.net/upfiles/images/product/5lCXBbGrq2eiCGg9uPNiWSE8tri3.jpg?q=90&f=webp&w=1024,"#피부과 전문의
#리프팅레이저
#타이트닝",,,"165,000원",VAT 포함,"온다
시술시간
10~20분
마취여부
마취없음
회복시간
당일
시술효과
2~3주 후",휴먼피부과의원(청라점),전문의 4명 / 전문의 4명 / 여의사 진료 / 여의사 진료,인천광역시 서구 중봉대로 594 비전프라자 4층 휴먼피부과의원(청라점),"크림마취
수면마취
비수면 무통마취",화요일 10:00 ~ 19:00 (점심 12:00 ~ 14:00) / 수요일 10:00 ~ 20:30 (점심 12:00 ~ 14:00) / 목요일 10:00 ~ 19:00 (점심 12:00 ~ 14:00) / 금요일 10:00 ~ 20:30 (점심 12:00 ~ 14:00) / 토요일 10:00 ~ 16:00 / 일요일 휴진 / 진료마감 : 월수금 19:30 / 화목 18:00 / 토 15:00,0508-0354-1088
리프팅,레이저리프팅,온다리프팅,https://www.yeoshin.co.kr/event/mobile/25912,바디 온다리프팅,https://d3gurpvil0se70.cloudfront.net/upfiles/images/product/Sw13jRBKsudgLQ5NcEtZevoyI8R9.png?q=90&f=webp&w=1024,"#리프팅레이저
#타이트닝",,,"825,000원",VAT 포함,"온다
시술시간
10~20분
마취여부
마취없음
회복시간
당일
시술효과
2~3주 후",유넬의원,여의사 진료 / 여의사 진료,서울특별시 강남구 테헤란로 115 (역삼동) 8층,"크림마취
수면마취",화요일 10:30 ~ 20:00 / 수요일 10:30 ~ 20:00 / 목요일 10:30 ~ 20:00 / 금요일 10:30 ~ 20:00 / 토요일 10:30 ~ 17:00 / 일요일 휴진,050803534023
리프팅,레이저리프팅,슈링크리프팅,https://www.yeoshin.co.kr/event/mobile/27122,슈링크 300샷,https://d3gurpvil0se70.cloudfront.net/upfiles/images/product/iHIG02Mv6KaNbbJduM8jUZ4rj3u7.png?q=90&f=webp&w=1024,"#리프팅레이저
#타이트닝",9.9,후기 17,,,"슈링크
시술시간
20~40분
마취여부
크림마취
회복시간
약 3일
시술효과
2개월 후",서울탑초이스의원,,"서울특별시 강남구 도산대로 104 (논현동) 5층(논현동, 퍼스트에비뉴타워)","크림마취
국소마취",화요일 10:00 ~ 19:00 (점심 13:00 ~ 14:00) / 수요일 휴진 / 목요일 10:00 ~ 19:00 (점심 13:00 ~ 14:00) / 금요일 10:00 ~ 20:00 (점심 13:00 ~ 14:00) / 토요일 10:00 ~ 15:00 / 일요일 휴진,050803543326
리프팅,레이저리프팅,슈링크리프팅,https://www.yeoshin.co.kr/event/mobile/27333,피부 탄력 UP! 슈링크 유니버스,https://d3gurpvil0se70.cloudfront.net/upfiles/images/product/J00qp9gpV4wIjtyjKGUnytR3jok8.jpg?q=90&f=webp&w=1024,"#리프팅레이저
#타이트닝",7.5,후기 4,"38,500원",VAT 포함,"슈링크유니버스
시술시간
30~40분
마취여부
크림마취
회복시간
약 3일
시술효과
1~2개월",유앤아이의원(창동점),,서울특별시 도봉구 마들로11길 51 (창동) 4층,크림마취,화요일 10:00 ~ 20:30 / 수요일 10:00 ~ 20:30 / 목요일 10:00 ~ 20:30 / 금요일 10:00 ~ 20:30 / 토요일 10:00 ~ 16:00 / 일요일 10:00 ~ 16:00,050803543360
리프팅,레이저리프팅,슈링크리프팅,https://www.yeoshin.co.kr/event/mobile/18785,슈링크 유니버스 300샷,https://d3gurpvil0se70.cloudfront.net/upfiles/images/product/CnQtIgNH7MSlHKhqp355qfVCrSr2.jpg?q=90&f=webp&w=1024,"#리프팅레이저
#타이트닝",9.7,후기 35,"99,000원",VAT 포함,"슈링크유니버스
시술시간
15분
마취여부
선택
회복시간
당일
시술효과
-",뷰티앤디지털치과병원,전문의 9명 / 전문의 9명 / 피부진단기 F-RAY 촬영 > / 피부진단기 F-RAY 촬영 > / 피부진단기 F-RAY 촬영 >,"경기도 파주시 경의로1240번길 19 (와동동) 월드타워15차 7층, 8층",,화요일 10:00 ~ 20:00 / 수요일 10:00 ~ 20:00 / 목요일 10:00 ~ 20:00 / 금요일 10:00 ~ 18:00 / 토요일 10:00 ~ 16:00 / 일요일 휴진 / 월~금 점심시간은 2시~3시 입니다,0508-0353-9799
리프팅,레이저리프팅,슈링크리프팅,https://www.yeoshin.co.kr/event/mobile/19155,뉴셀 슈링크,https://d3gurpvil0se70.cloudfront.net/upfiles/images/product/gqru06KJmP8iz5SC6HkBhyVGR448.jpg?q=90&f=webp&w=1024,"#리프팅레이저
#타이트닝",9.8,후기 6,"141,900원",VAT 포함,"슈링크
시술시간
20~40분
마취여부
크림마취
회복시간
약 3일
시술효과
2개월 후",닥터뉴셀의원,전문의 1명 / 전문의 1명 / 영어 응대 / 영어 응대 / 중국어 응대 / 중국어 응대 / 일본어 응대 / 일본어 응대,"서울특별시 강남구 강남대로 458 (역삼동) 809-16, 7층 닥터뉴셀 의원 강남본점","크림마취
비수면 무통마취
국소마취","화요일 10:30 ~ 19:30 (점심 14:00 ~ 15:00) / 수요일 10:30 ~ 19:30 (점심 14:00 ~ 15:00) / 목요일 10:30 ~ 19:30 (점심 14:00 ~ 15:00) / 금요일 10:30 ~ 21:00 (점심 14:00 ~ 15:00) / 토요일 10:30 ~ 17:00 / 일요일 휴진 / 3월1일,3월3일 정상 진료",0508-0353-7963
리프팅,레이저리프팅,슈링크리프팅,https://www.yeoshin.co.kr/event/mobile/16991,슈링크 유니버스 100샷,https://d3gurpvil0se70.cloudfront.net/upfiles/images/product/ZosaOLtxEAEs45zalGjVeJ7pPzF7.jpg?q=90&f=webp&w=1024,"#리프팅레이저
#타이트닝",9.1,후기 84,"31,900원",VAT 포함,"슈링크유니버스
시술시간
30~40분
마취여부
크림마취
회복시간
3일
시술효과
1~2달 후",롤리팝성형외과의원,전문의 6명 / 전문의 6명 / 여의사 진료 / 여의사 진료 / 수술실 CCTV / 수술실 CCTV / 영어 응대 / 영어 응대 / 일본어 응대 / 일본어 응대 / 피부진단기 F-RAY 촬영 > / 피부진단기 F-RAY 촬영 > / 피부진단기 F-RAY 촬영 >,서울특별시 강남구 도산대로 119 (신사동) 2층,"크림마취
수면마취
국소마취",화요일 10:00 ~ 19:00 / 수요일 10:00 ~ 19:00 / 목요일 10:00 ~ 19:00 / 금요일 10:00 ~ 19:00 / 토요일 10:00 ~ 19:00 / 일요일 13:00 ~ 19:00,0508-0353-5502
리프팅,레이저리프팅,슈링크리프팅,https://www.yeoshin.co.kr/event/mobile/25806,퀵 슈링크 300샷으로 완성하는 동안!!,https://d3gurpvil0se70.cloudfront.net/upfiles/images/product/5bm7NYkfxe6KFINz6hK7gRDmCNR9.jpg?q=90&f=webp&w=1024,"#리프팅레이저
#타이트닝",,,"165,000원",VAT 포함,"슈링크
시술시간
20~40분
마취여부
크림마취
회복시간
약 3일
시술효과
2개월 후",청담엔샤인의원,전문의 1명 / 전문의 1명 / 여의사 진료 / 여의사 진료 / 수술실 CCTV / 수술실 CCTV / 중국어 응대 / 중국어 응대,"서울특별시 강남구 도산대로 333 (신사동) 9층(신사동, K+메디칼타워)","크림마취
국소마취",화요일 10:00 ~ 20:00 / 수요일 휴진 / 목요일 10:00 ~ 19:00 / 금요일 10:00 ~ 20:00 / 토요일 10:00 ~ 15:00 / 일요일 휴진,0508-0353-5899
리프팅,레이저리프팅,슈링크리프팅,https://www.yeoshin.co.kr/event/mobile/22020,슈링크 유니버스 300샷,https://d3gurpvil0se70.cloudfront.net/upfiles/images/product/GB6UMhjLDEs2nBwDFq8CAA1SmteA.jpg?q=90&f=webp&w=1024,"#리프팅레이저
#타이트닝",,,"155,000원",VAT 포함,"슈링크유니버스
시술시간
30~40분
마취여부
크림마취
회복시간
약 3일
시술효과
1~2개월",비올라셀성형외과,전문의 1명 / 전문의 1명 / 수술실 CCTV / 수술실 CCTV / 전담회복실 / 전담회복실 / 사후관리 / 사후관리 / 피부진단기 F-RAY 촬영 > / 피부진단기 F-RAY 촬영 > / 피부진단기 F-RAY 촬영 >,서울특별시 강남구 도산대로 138 (논현동) 3층,"크림마취
수면마취
비수면 무통마취
국소마취",화요일 10:00 ~ 19:00 / 수요일 10:00 ~ 19:00 / 목요일 10:00 ~ 19:00 / 금요일 10:00 ~ 21:00 / 토요일 10:00 ~ 17:00 / 일요일 휴진,0508-0353-4553
리프팅,레이저리프팅,슈링크리프팅,https://www.yeoshin.co.kr/event/mobile/21214,슈링크 유니버스 리프팅,https://d3gurpvil0se70.cloudfront.net/upfiles/images/product/atSxg5vKKXCn7hXqs95KKaA09XO4.jpg?q=90&f=webp&w=1024,"#리프팅레이저
#타이트닝",9.5,후기 2,"165,000원",VAT 포함,"슈링크유니버스
시술시간
30~40분
마취여부
크림마취
회복시간
약 3일
시술효과
1~2개월",가산시그니처정형외과의원,전문의 1명 / 전문의 1명 / 분야별 협진 / 분야별 협진 / 전담회복실 / 전담회복실,서울특별시 금천구 가산디지털2로 144 (가산동) 현대테라타워 가산DK 2층 가산시그니처정형외과의원,"크림마취
수면마취
비수면 무통마취
국소마취",화요일 09:00 ~ 20:00 (점심 14:00 ~ 15:00) / 수요일 09:00 ~ 20:00 (점심 14:00 ~ 15:00) / 목요일 09:00 ~ 20:00 (점심 14:00 ~ 15:00) / 금요일 09:00 ~ 20:00 (점심 14:00 ~ 15:00) / 토요일 09:00 ~ 14:00 / 일요일 휴진,0508-0353-8080
리프팅,레이저리프팅,슈링크리프팅,https://www.yeoshin.co.kr/event/mobile/4385,"탄력UP, 슈링크 유니버스",https://d3gurpvil0se70.cloudfront.net/upfiles/images/product/dHYsT1Wci6U1Wy86kk1DY2818fy2.png?q=90&f=webp&w=1024,"#리프팅레이저
#타이트닝",9.7,후기 19,"38,500원",VAT 포함,"슈링크유니버스
시술시간
30~40분
마취여부
크림마취
회복시간
3일
시술효과
1~2달 후",유앤아이의원(일산점),,경기도 고양시 일산동구 중앙로1275번길 38-5 유앤아이의원(일산점),,화요일 10:00 ~ 20:30 (점심 13:00 ~ 14:00) / 수요일 10:00 ~ 20:30 (점심 13:00 ~ 14:00) / 목요일 10:00 ~ 20:30 (점심 13:00 ~ 14:00) / 금요일 10:00 ~ 20:30 (점심 13:00 ~ 14:00) / 토요일 10:00 ~ 16:00 / 일요일 휴진,0508-0354-0852
리프팅,레이저리프팅,슈링크리프팅,https://www.yeoshin.co.kr/event/mobile/27519,"퀵리프팅 통증DOWN, 슈링크 유니버스",https://d3gurpvil0se70.cloudfront.net/upfiles/images/product/iw7qlu0P0tiJYeI8u02pszJ6Vdq7.jpg?q=90&f=webp&w=1024,"#리프팅레이저
#타이트닝",,,"50,000원",VAT 포함,"슈링크유니버스
시술시간
10~20분
마취여부
크림마취
회복시간
약 3일
시술효과
1~3개월",아이맘한의원,기본 입원실 / 기본 입원실 / 환자전용숙소 / 환자전용숙소 / 전담회복실 / 전담회복실 / 사후관리 / 사후관리 / 피부진단기 F-RAY 촬영 > / 피부진단기 F-RAY 촬영 > / 피부진단기 F-RAY 촬영 >,경상남도 창원시 진해구 진해대로 752 (석동) 롯데시네마 2층,크림마취,화요일 10:00 ~ 20:00 (점심 12:30 ~ 14:00) / 수요일 10:00 ~ 20:00 (점심 12:30 ~ 14:00) / 목요일 10:00 ~ 20:00 (점심 12:30 ~ 14:00) / 금요일 10:00 ~ 20:00 (점심 12:30 ~ 14:00) / 토요일 10:00 ~ 15:00 / 일요일 휴진 / 공휴일 진료합니다.,0508-0354-2525
리프팅,레이저리프팅,슈링크리프팅,https://www.yeoshin.co.kr/event/mobile/25186,슈링크 유니버스 100샷,https://d3gurpvil0se70.cloudfront.net/upfiles/images/product/QWq2Mih399Qu35hiBay5nimC7w75.jpg?q=90&f=webp&w=1024,"#리프팅레이저
#타이트닝",,,"99,000원",VAT 포함,"슈링크유니버스
시술시간
30~40분
마취여부
크림마취
회복시간
약 3일
시술효과
1~2개월",더올림성형외과의원,전문의 1명 / 전문의 1명 / 여의사 진료 / 여의사 진료 / 사후관리 / 사후관리,대구광역시 중구 달구벌대로 2095 (덕산동) 삼성생명 3층 더올림성형외과의원,"크림마취
수면마취",화요일 10:00 ~ 19:00 / 수요일 10:00 ~ 19:00 / 목요일 10:00 ~ 19:00 / 금요일 10:00 ~ 19:00 / 토요일 10:00 ~ 16:00 / 일요일 휴진,050803531308
리프팅,레이저리프팅,슈링크리프팅,https://www.yeoshin.co.kr/event/mobile/25070,유온느 슈링크 시술전 디자인 대표원장상담,https://d3gurpvil0se70.cloudfront.net/upfiles/images/product/ka0OB7oT3g2geUEWKTXy4tVoU5A.jpg?q=90&f=webp&w=1024,"#리프팅레이저
#타이트닝",,,"130,900원",VAT 포함,"슈링크
시술시간
20~40분
마취여부
크림마취
회복시간
약 3일
시술효과
2개월 후",유온느의원,,서울특별시 마포구 신촌로 92 (노고산동) 신촌카리스빌딩 9층,"크림마취
비수면 무통마취",화요일 10:00 ~ 19:00 (점심 13:00 ~ 14:00) / 수요일 휴진 / 목요일 10:00 ~ 20:00 (점심 13:00 ~ 14:00) / 금요일 10:00 ~ 20:00 (점심 13:00 ~ 14:00) / 토요일 10:00 ~ 16:00 / 일요일 휴진 / 공휴일 10:00~16:00,050803531287
리프팅,레이저리프팅,슈링크리프팅,https://www.yeoshin.co.kr/event/mobile/17375,블리비 슈링크 유니버스 리프팅,https://d3gurpvil0se70.cloudfront.net/upfiles/images/product/MZzCd1YqgdLqpkc8WvGC17BagIc1.jpg?q=90&f=webp&w=1024,"#리프팅레이저
#타이트닝",8.7,후기 7,"38,500원",VAT 포함,"슈링크유니버스
시술시간
30~40분
마취여부
크림마취
회복시간
약 3일
시술효과
1~2개월",블리비의원(명동점),,서울특별시 중구 남대문로 84 (남대문로2가) 하이드파크 6층,,화요일 10:30 ~ 20:30 (점심 14:00 ~ 15:00) / 수요일 10:30 ~ 20:30 (점심 14:00 ~ 15:00) / 목요일 10:30 ~ 20:30 (점심 14:00 ~ 15:00) / 금요일 10:30 ~ 20:30 (점심 14:00 ~ 15:00) / 토요일 10:00 ~ 16:30 / 일요일 휴진,0508-0354-2895
리프팅,레이저리프팅,슈링크리프팅,https://www.yeoshin.co.kr/event/mobile/17373,블리비 슈링크 리프팅,https://d3gurpvil0se70.cloudfront.net/upfiles/images/product/tAn39R7E1AWPnuunmFDpFjal8NO7.jpg?q=90&f=webp&w=1024,"#리프팅레이저
#타이트닝",6.9,후기 9,"27,500원",VAT 포함,"슈링크
시술시간
20~40분
마취여부
크림마취
회복시간
약 3일
시술효과
2개월 후",블리비의원(명동점),,서울특별시 중구 남대문로 84 (남대문로2가) 하이드파크 6층,,화요일 10:30 ~ 20:30 (점심 14:00 ~ 15:00) / 수요일 10:30 ~ 20:30 (점심 14:00 ~ 15:00) / 목요일 10:30 ~ 20:30 (점심 14:00 ~ 15:00) / 금요일 10:30 ~ 20:30 (점심 14:00 ~ 15:00) / 토요일 10:00 ~ 16:30 / 일요일 휴진,0508-0354-2895
리프팅,레이저리프팅,슈링크리프팅,https://www.yeoshin.co.kr/event/mobile/17290,블리비 슈링크 유니버스 리프팅,https://d3gurpvil0se70.cloudfront.net/upfiles/images/product/ycD8domQPzB9Q4lv0cDSLx0xT1F5.jpg?q=90&f=webp&w=1024,"#리프팅레이저
#타이트닝",9.5,후기 6,"38,500원",VAT 포함,"슈링크유니버스
시술시간
30~40분
마취여부
크림마취
회복시간
약 3일
시술효과
1~2개월",블리비의원(발산점),,"서울특별시 강서구 강서로 395 (마곡동) 3층(마곡동, 플레이스H)",,화요일 10:30 ~ 20:30 (점심 14:00 ~ 15:00) / 수요일 10:30 ~ 20:30 (점심 14:00 ~ 15:00) / 목요일 10:30 ~ 20:30 (점심 14:00 ~ 15:00) / 금요일 10:30 ~ 20:30 (점심 14:00 ~ 15:00) / 토요일 10:00 ~ 16:30 / 일요일 휴진 / 토요일 점심시간 없이 진료 일요일 / 공휴일 휴무,0508-0354-2882
리프팅,레이저리프팅,슈링크리프팅,https://www.yeoshin.co.kr/event/mobile/9811,신사역 슈링크 유니버스 리프팅,https://d3gurpvil0se70.cloudfront.net/upfiles/images/product/HSxlcnEK8QNsmEOJFxajq84Khhb3.png?q=90&f=webp&w=1024,"#리프팅레이저
#타이트닝",9.4,후기 87,"55,000원",VAT 포함,"슈링크유니버스
시술시간
30~40분
마취여부
크림마취
회복시간
3일
시술효과
1~2달 후",신사에그의원,여의사 진료 / 여의사 진료 / 영어 응대 / 영어 응대 / 중국어 응대 / 중국어 응대 / 일본어 응대 / 일본어 응대,서울특별시 서초구 강남대로 613 (잠원동) 성락빌딩 5~7층,"크림마취
수면마취
국소마취",화요일 11:00 ~ 20:30 (점심 14:00 ~ 15:00) / 수요일 11:00 ~ 20:30 (점심 14:00 ~ 15:00) / 목요일 11:00 ~ 20:30 (점심 14:00 ~ 15:00) / 금요일 11:00 ~ 20:30 (점심 14:00 ~ 15:00) / 토요일 11:00 ~ 17:00 / 일요일 11:00 ~ 17:00,0508-0353-5368
리프팅,레이저리프팅,슈링크리프팅,https://www.yeoshin.co.kr/event/mobile/2979,리프팅 대명사 슈링크 300샷,https://d3gurpvil0se70.cloudfront.net/upfiles/images/product/358597483.jpg?q=90&f=webp&w=1024,"#리프팅레이저
#타이트닝",9.6,후기 73,"99,000원",VAT 포함,"슈링크
시술시간
15~20분
마취여부
냉각마취
회복시간
3일
시술효과
2~3달 후",VS라인의원(인천구월점),피부진단기 F-RAY 촬영 > / 피부진단기 F-RAY 촬영 > / 피부진단기 F-RAY 촬영 >,인천광역시 남동구 인하로489번길 10 VS라인의원(인천구월점),,화요일 10:00 ~ 20:00 / 수요일 10:00 ~ 20:00 / 목요일 10:00 ~ 20:00 / 금요일 10:00 ~ 20:00 / 토요일 10:00 ~ 17:00 / 일요일 휴진,0508-0354-1766
리프팅,레이저리프팅,슈링크리프팅,https://www.yeoshin.co.kr/event/mobile/8651,"더 강력해진, 슈링크 유니버스",https://d3gurpvil0se70.cloudfront.net/upfiles/images/product/WvvjAMc3nQhXbgVQoxWQZJUhU12A.jpg?q=90&f=webp&w=1024,"#리프팅레이저
#타이트닝",8.9,후기 37,"53,900원",VAT 포함,"슈링크유니버스
시술시간
30분
마취여부
냉각마취
회복시간
3일
시술효과
1~2달 후",유앤아이의원(수원점),전문의 1명 / 전문의 1명 / 영어 응대 / 영어 응대 / 중국어 응대 / 중국어 응대,경기도 수원시 팔달구 효원로 265번길 54 유앤아이의원(수원점),,화요일 10:00 ~ 20:30 / 수요일 10:00 ~ 20:30 / 목요일 10:00 ~ 20:30 / 금요일 10:00 ~ 20:30 / 토요일 휴진 / 일요일 휴진,0508-0354-0319
리프팅,레이저리프팅,슈링크리프팅,https://www.yeoshin.co.kr/event/mobile/16176,밀착 리프팅 슈링크 유니버스 울트라,https://d3gurpvil0se70.cloudfront.net/upfiles/images/product/VvfCe9hf1fItPjsBwXPQ2QtPbJlA.jpg?q=90&f=webp&w=1024,"#리프팅레이저
#타이트닝",9.4,후기 18,"53,900원",VAT 포함,"슈링크
시술시간
20~40분
마취여부
크림마취
회복시간
3일
시술효과
2달 후",제너리스의원(연신내점),,"서울특별시 은평구 연서로 216 (대조동, 대조동아트캐슬주상복합) 3층 제너리스의원",,화요일 10:30 ~ 20:00 (점심 13:00 ~ 14:00) / 수요일 10:30 ~ 20:00 (점심 13:00 ~ 14:00) / 목요일 10:30 ~ 20:00 (점심 13:00 ~ 14:00) / 금요일 10:30 ~ 20:00 (점심 13:00 ~ 14:00) / 토요일 10:00 ~ 17:00 (점심 13:00 ~ 14:00) / 일요일 휴진,0508-0353-9732
리프팅,레이저리프팅,슈링크리프팅,https://www.yeoshin.co.kr/event/mobile/27046,완벽V라인 슈링크 유니버스,https://d3gurpvil0se70.cloudfront.net/upfiles/images/product/US82hB6t7703ZDeZe2Nm6f0T8YR9.jpg?q=90&f=webp&w=1024,"#리프팅레이저
#타이트닝",,,"75,900원",VAT 포함,"슈링크유니버스
시술시간
30~40분
마취여부
크림마취
회복시간
약 3일
시술효과
1~2개월",샤인빔의원(송도점),여의사 진료 / 여의사 진료 / 영어 응대 / 영어 응대 / 일본어 응대 / 일본어 응대,"인천광역시 연수구 인천타워대로197번길 16 (송도동) 리치센트럴 3층 323, 324, 325호","크림마취
수면마취
비수면 무통마취",화요일 10:00 ~ 20:00 / 수요일 10:00 ~ 20:00 / 목요일 10:00 ~ 20:00 / 금요일 10:00 ~ 20:00 / 토요일 10:00 ~ 16:00 / 일요일 휴진,"인천광역시 연수구 인천타워대로 197번길 16, 3층 323,324, 325호(송 도동, 리치센트럴)"
리프팅,레이저리프팅,슈링크리프팅,https://www.yeoshin.co.kr/event/mobile/24356,슈링크 100샷,https://d3gurpvil0se70.cloudfront.net/upfiles/images/product/zfbV85DVA0S9zSBG7civTxKoiHT4.jpg?q=90&f=webp&w=1024,"#리프팅레이저
#타이트닝",,,"66,000원",VAT 포함,"슈링크
시술시간
20~40분
마취여부
크림마취
회복시간
약 3일
시술효과
2개월 후",한가온한방병원(용인점),전문의 1명 / 전문의 1명 / 기본 입원실 / 기본 입원실 / 사후관리 / 사후관리 / 영어 응대 / 영어 응대 / 피부진단기 F-RAY 촬영 > / 피부진단기 F-RAY 촬영 > / 피부진단기 F-RAY 촬영 >,"경기도 용인시 기흥구 구갈로 70 (구갈동) 메가타운 801호, 902호",,화요일 09:00 ~ 21:00 (점심 13:00 ~ 14:00) / 수요일 09:00 ~ 21:00 (점심 13:00 ~ 14:00) / 목요일 09:00 ~ 21:00 (점심 13:00 ~ 14:00) / 금요일 09:00 ~ 21:00 (점심 13:00 ~ 14:00) / 토요일 09:00 ~ 15:00 / 일요일 09:00 ~ 15:00,050803541876
리프팅,레이저리프팅,슈링크리프팅,https://www.yeoshin.co.kr/event/mobile/21732,피부속 탄력 UP 슈링크로 디텔일하게 당기자,https://d3gurpvil0se70.cloudfront.net/upfiles/images/product/wao9AqEwBA2jJ0E1niRtOCiCj0r.jpg?q=90&f=webp&w=1024,"#리프팅레이저
#타이트닝",,,"165,000원",VAT 포함,"슈링크유니버스
시술시간
30~40분
마취여부
크림마취
회복시간
약 3일
시술효과
1~2개월",고든몸한의원(하단점),기본 입원실 / 기본 입원실 / 사후관리 / 사후관리,부산광역시 사하구 낙동대로 450 (당리동) 3층,"크림마취
비수면 무통마취
국소마취",화요일 09:30 ~ 20:00 (점심 13:00 ~ 14:00) / 수요일 09:30 ~ 20:00 (점심 13:00 ~ 14:00) / 목요일 09:30 ~ 20:00 (점심 13:00 ~ 14:00) / 금요일 09:30 ~ 20:00 (점심 13:00 ~ 14:00) / 토요일 09:30 ~ 15:00 / 일요일 휴진 / 공휴일 - 오전9:30분 ~ 오후 3시 까지,0508-0353-0935
리프팅,레이저리프팅,슈링크리프팅,https://www.yeoshin.co.kr/event/mobile/27245,슈링크 리프팅,https://d3gurpvil0se70.cloudfront.net/upfiles/images/product/c3SFvRvN1wvJ1ev56khHiJd4HWN4.jpg?q=90&f=webp&w=1024,"#피부과 전문의
#리프팅레이저
#타이트닝",,,"60,000원",VAT 포함,"슈링크
시술시간
20~40분
마취여부
크림마취
회복시간
약 3일
시술효과
2개월 후",봄피부과의원(평택),전문의 1명 / 전문의 1명 / 사후관리 / 사후관리,경기도 평택시 경기대로 1365 (서정동) 503호,"크림마취
국소마취",화요일 09:30 ~ 18:50 / 수요일 09:30 ~ 18:50 / 목요일 09:30 ~ 18:50 / 금요일 09:30 ~ 18:50 / 토요일 09:00 ~ 13:50 / 일요일 휴진,050803556229
리프팅,레이저리프팅,슈링크리프팅,https://www.yeoshin.co.kr/event/mobile/21250,[플래티넘] 슈링크 유니버스 이벤트,https://d3gurpvil0se70.cloudfront.net/upfiles/images/product/r061lRuPRlEmmqkYC2CJi7kioVi1.jpg?q=90&f=webp&w=1024,"#리프팅레이저
#타이트닝",9,후기 65,"90,000원",VAT 포함,"슈링크유니버스
시술시간
30~40분
마취여부
크림마취
회복시간
약 3일
시술효과
1~2개월",플래티넘의원,,"서울특별시 서초구 강남대로 589 (잠원동) 5층 (잠원동, 멀버리힐스 메디컬타워)","크림마취
비수면 무통마취","화요일 10:00 ~ 19:00 (점심 13:00 ~ 14:00) / 수요일 10:00 ~ 19:00 (점심 13:00 ~ 14:00) / 목요일 10:00 ~ 19:00 (점심 13:00 ~ 14:00) / 금요일 10:00 ~ 19:00 (점심 13:00 ~ 14:00) / 토요일 10:00 ~ 16:00 (점심 13:00 ~ 14:00) / 일요일 휴진 / 매주 수요일, 일요일 휴진입니다.",0508-0353-4211
리프팅,레이저리프팅,슈링크리프팅,https://www.yeoshin.co.kr/event/mobile/19269,유노 슈링크 400샷,https://d3gurpvil0se70.cloudfront.net/upfiles/images/product/qpwNy53sYKDemZdQbNLTT4ocyBn8.jpg?q=90&f=webp&w=1024,"#리프팅레이저
#타이트닝",9.3,후기 4,,,"슈링크
시술시간
20~40분
마취여부
크림마취
회복시간
약 3일
시술효과
2개월 후",유노성형외과,전문의 4명 / 전문의 4명 / 영어 응대 / 영어 응대 / 중국어 응대 / 중국어 응대 / 일본어 응대 / 일본어 응대,서울특별시 서초구 서초대로77길 54 (서초동) W타워9층,,화요일 09:30 ~ 19:00 / 수요일 09:30 ~ 19:00 / 목요일 09:30 ~ 20:00 / 금요일 09:30 ~ 19:00 / 토요일 09:30 ~ 17:00 / 일요일 휴진,0508-0353-7209
리프팅,레이저리프팅,슈링크리프팅,https://www.yeoshin.co.kr/event/mobile/16759,슈링크 유니버스 300샷,https://d3gurpvil0se70.cloudfront.net/upfiles/images/product/C6VQ2XKcigfit72exw5V6ZFgvJi8.jpg?q=90&f=webp&w=1024,"#리프팅레이저
#타이트닝",9.2,후기 26,"75,900원",VAT 포함,"슈링크유니버스
시술시간
30~40분
마취여부
크림마취
회복시간
3일
시술효과
1~2달 후",유앤아이의원(대전점),,대전광역시 서구 대덕대로 189 (둔산동) 5~6층,,화요일 10:30 ~ 20:30 / 수요일 10:30 ~ 20:30 / 목요일 10:30 ~ 20:30 / 금요일 10:30 ~ 20:30 / 토요일 10:30 ~ 17:00 / 일요일 휴진,0508-0354-1943
리프팅,레이저리프팅,슈링크리프팅,https://www.yeoshin.co.kr/event/mobile/18624,더 강력해진 슈링크 유니버스,https://d3gurpvil0se70.cloudfront.net/upfiles/images/product/KFRt9EQw9nFJdZysKsnAjx3Ma1G.png?q=90&f=webp&w=1024,"#리프팅레이저
#타이트닝",9.7,후기 6,"33,000원",VAT 포함,"슈링크유니버스
시술시간
30~40분
마취여부
마취없음
회복시간
약 3일
시술효과
1~2개월",리엔장의원(목동점),전문의 1명 / 전문의 1명 / 중국어 응대 / 중국어 응대,서울시 양천구 오목로 325 리엔장의원(목동점),,화요일 10:00 ~ 20:00 (점심 13:00 ~ 14:00) / 수요일 10:00 ~ 20:00 (점심 13:00 ~ 14:00) / 목요일 10:00 ~ 20:00 (점심 13:00 ~ 14:00) / 금요일 10:00 ~ 20:00 (점심 13:00 ~ 14:00) / 토요일 09:00 ~ 16:00 / 일요일 휴진,0508-0353-1953
리프팅,레이저리프팅,슈링크리프팅,https://www.yeoshin.co.kr/event/mobile/568,슈링크 유니버스,https://d3gurpvil0se70.cloudfront.net/upfiles/images/product/35812278.jpg?q=90&f=webp&w=1024,"#리프팅레이저
#타이트닝",9.4,후기 30,"42,900원",VAT 포함,"슈링크유니버스
시술시간
20분
마취여부
크림마취
회복시간
3일
시술효과
1~2달 후",다이아의원,영어 응대 / 영어 응대 / 중국어 응대 / 중국어 응대 / 일본어 응대 / 일본어 응대,서울시 서초구 강남대로 411 다이아의원,"크림마취
국소마취",화요일 10:00 ~ 20:00 / 수요일 10:00 ~ 20:00 / 목요일 10:00 ~ 20:00 / 금요일 10:00 ~ 20:00 / 토요일 10:00 ~ 16:00 / 일요일 휴진,0508-0353-7788
리프팅,레이저리프팅,슈링크리프팅,https://www.yeoshin.co.kr/event/mobile/27802,슈링크 유니버스,https://d3gurpvil0se70.cloudfront.net/upfiles/images/product/0z33xERfA3q9bdvqVcKgdOShwtS1.jpg?q=90&f=webp&w=1024,"#리프팅레이저
#타이트닝",,,"130,000원",VAT 포함,"슈링크유니버스
시술시간
30~40분
마취여부
크림마취
회복시간
약 3일
시술효과
1~2개월",위례우주한의원,사후관리 / 사후관리 / 영어 응대 / 영어 응대,경기도 성남시 수정구 위례광장로 19 (창곡동) 아이페리온 409호,"크림마취
국소마취",화요일 10:00 ~ 20:00 (점심 13:00 ~ 14:00) / 수요일 10:00 ~ 20:00 (점심 13:00 ~ 14:00) / 목요일 10:00 ~ 20:00 (점심 13:00 ~ 14:00) / 금요일 10:00 ~ 20:00 (점심 13:00 ~ 14:00) / 토요일 10:00 ~ 15:00 / 일요일 휴진,050803543354
리프팅,레이저리프팅,슈링크리프팅,https://www.yeoshin.co.kr/event/mobile/27395,정품팁 V라인 슈링크,https://d3gurpvil0se70.cloudfront.net/upfiles/images/product/WoehF1ibWdA8DRZhT8xDuhNkFkk5.jpg?q=90&f=webp&w=1024,"#리프팅레이저
#타이트닝",,,"165,000원",VAT 포함,"슈링크
시술시간
20~40분
마취여부
크림마취
회복시간
약 3일
시술효과
2개월 후",웰니스365의원(강서),수술실 CCTV / 수술실 CCTV / 응급처치 시스템 / 응급처치 시스템 / 사후관리 / 사후관리 / 영어 응대 / 영어 응대,서울특별시 강서구 양천로 34 (방화동) 양서빌딩 2층,"크림마취
국소마취",화요일 10:00 ~ 22:00 (점심 14:00 ~ 15:00) / 수요일 10:00 ~ 22:00 (점심 14:00 ~ 15:00) / 목요일 10:00 ~ 22:00 (점심 14:00 ~ 15:00) / 금요일 10:00 ~ 22:00 (점심 14:00 ~ 15:00) / 토요일 10:00 ~ 22:00 (점심 14:00 ~ 15:00) / 일요일 10:00 ~ 19:00 (점심 14:00 ~ 15:00),050803531375
리프팅,레이저리프팅,슈링크리프팅,https://www.yeoshin.co.kr/event/mobile/25501,슈링크,https://d3gurpvil0se70.cloudfront.net/upfiles/images/product/mrdRrwPFK83TiuueX29LLnAgxse1.jpg?q=90&f=webp&w=1024,"#리프팅레이저
#타이트닝",7.5,후기 2,"31,900원",VAT 포함,"슈링크유니버스
시술시간
30~40분
마취여부
크림마취
회복시간
약 3일
시술효과
1~2개월",예쁨주의쁨의원(천안점),,"충청남도 천안시 동남구 만남로 38 (신부동) 2층(신부동, 도솔빌딩)",,"화요일 10:00 ~ 20:00 (점심 13:00 ~ 14:00) / 수요일 10:00 ~ 20:00 (점심 13:00 ~ 14:00) / 목요일 10:00 ~ 20:00 (점심 13:00 ~ 14:00) / 금요일 10:00 ~ 20:00 (점심 13:00 ~ 14:00) / 토요일 10:00 ~ 17:00 / 일요일 휴진 / 10월 6,7,8일 휴진",050803531349
리프팅,레이저리프팅,슈링크리프팅,https://www.yeoshin.co.kr/event/mobile/23584,슈링크리프팅,https://d3gurpvil0se70.cloudfront.net/upfiles/images/product/FQLgUwtZOCzufLDZlhXSNtCNRpZ8.jpg?q=90&f=webp&w=1024,"#리프팅레이저
#타이트닝",,,"110,000원",VAT 포함,"슈링크
시술시간
20~40분
마취여부
크림마취
회복시간
약 3일
시술효과
2개월 후",닥터스팟여성의원,전문의 1명 / 전문의 1명 / 여의사 진료 / 여의사 진료 / 수술실 CCTV / 수술실 CCTV / 기본 입원실 / 기본 입원실 / 전담회복실 / 전담회복실 / 사후관리 / 사후관리 / 피부진단기 F-RAY 촬영 > / 피부진단기 F-RAY 촬영 > / 피부진단기 F-RAY 촬영 >,경기도 성남시 수정구 위례동로 147 (창곡동) 건아타워 2층 202호,"크림마취
수면마취
국소마취",화요일 10:00 ~ 20:00 (점심 13:00 ~ 14:00) / 수요일 10:00 ~ 19:00 (점심 13:00 ~ 14:00) / 목요일 10:00 ~ 19:00 (점심 13:00 ~ 14:00) / 금요일 10:00 ~ 20:00 (점심 13:00 ~ 14:00) / 토요일 09:30 ~ 15:30 (점심 13:00 ~ 14:00) / 일요일 휴진,0508-0353-0338
리프팅,레이저리프팅,슈링크리프팅,https://www.yeoshin.co.kr/event/mobile/11939,대용량 슈링크 400샷,https://d3gurpvil0se70.cloudfront.net/upfiles/images/product/jaP2jJ419Kd9PWcMCeZ3cjfR6XR6.jpg?q=90&f=webp&w=1024,"#리프팅레이저
#타이트닝",,,"110,000원",VAT 포함,"슈링크
시술시간
20~40분
마취여부
크림마취
회복시간
약 3일
시술효과
2개월 후",얼굴본성형외과의원,전문의 1명 / 전문의 1명 / 여의사 진료 / 여의사 진료 / 수술실 CCTV / 수술실 CCTV / 응급처치 시스템 / 응급처치 시스템 / 사후관리 / 사후관리,서울특별시 서초구 강남대로 603 (잠원동) 4층,"크림마취
수면마취
국소마취",화요일 10:00 ~ 18:00 / 수요일 10:00 ~ 18:00 / 목요일 10:00 ~ 18:00 / 금요일 10:00 ~ 18:00 / 토요일 10:00 ~ 16:00 / 일요일 휴진,0508-0353-2574
리프팅,레이저리프팅,슈링크리프팅,https://www.yeoshin.co.kr/event/mobile/12175,탄탄하게 : 슈링크 리프팅,https://d3gurpvil0se70.cloudfront.net/upfiles/images/product/3134457961.jpg?q=90&f=webp&w=1024,"#리프팅레이저
#타이트닝",9.6,후기 2319,"99,000원",VAT 포함,"슈링크
시술시간
15~30분
마취여부
마취없음
회복시간
3일
시술효과
2달 후",제니바클리닉,전문의 1명 / 전문의 1명,서울특별시 광진구 자양동 8-1 제니바클리닉,,화요일 09:30 ~ 18:00 / 수요일 휴진 / 목요일 09:30 ~ 18:00 / 금요일 09:30 ~ 18:00 / 토요일 09:30 ~ 14:30 / 일요일 휴진,0508-0353-3345
리프팅,레이저리프팅,슈링크리프팅,https://www.yeoshin.co.kr/event/mobile/24366,탄력리프팅 슈링크,https://d3gurpvil0se70.cloudfront.net/upfiles/images/product/vskuluD7HT5GNvjbWMvnOWlGWB58.jpg?q=90&f=webp&w=1024,"#리프팅레이저
#타이트닝",,,"55,000원",VAT 포함,"슈링크
시술시간
20~40분
마취여부
크림마취
회복시간
약 3일
시술효과
2개월 후",한가온한방병원(강릉점),분야별 협진 / 분야별 협진 / 기본 입원실 / 기본 입원실 / 사후관리 / 사후관리,"강원특별자치도 강릉시 솔올로 35 (교동) 조은빌딩 3,4,5층",크림마취,화요일 10:00 ~ 20:00 (점심 13:00 ~ 14:00) / 수요일 10:00 ~ 20:00 (점심 13:00 ~ 14:00) / 목요일 10:00 ~ 20:00 (점심 13:00 ~ 14:00) / 금요일 10:00 ~ 20:00 (점심 13:00 ~ 14:00) / 토요일 10:00 ~ 15:00 / 일요일 10:00 ~ 15:00,050803544223
리프팅,레이저리프팅,슈링크리프팅,https://www.yeoshin.co.kr/event/mobile/11319,슈링크 유니버스,https://d3gurpvil0se70.cloudfront.net/upfiles/images/product/oMlM8vtCXgs4SvdsPSDDKTVpzMsA.png?q=90&f=webp&w=1024,"#리프팅레이저
#타이트닝",9.6,후기 115,"77,000원",VAT 포함,"슈링크유니버스
시술시간
30~40분
마취여부
크림마취
회복시간
약 3일
시술효과
1~2개월",지우의원,전문의 1명 / 전문의 1명 / 여의사 진료 / 여의사 진료 / 중국어 응대 / 중국어 응대 / 일본어 응대 / 일본어 응대,"서울시 강남구 테헤란로 107, 메디타워 14층 지우의원",,화요일 10:00 ~ 19:00 (점심 13:30 ~ 14:30) / 수요일 10:00 ~ 19:00 (점심 13:00 ~ 14:30) / 목요일 10:00 ~ 19:00 (점심 13:30 ~ 14:30) / 금요일 10:00 ~ 20:00 (점심 13:30 ~ 14:30) / 토요일 09:30 ~ 16:30 / 일요일 휴진,0508-0353-6852
리프팅,레이저리프팅,슈링크리프팅,https://www.yeoshin.co.kr/event/mobile/19012,대표원장 슈링크 유니버스 300샷,https://d3gurpvil0se70.cloudfront.net/upfiles/images/product/Y0vg2jgvbdCtIfuBtlLSTgdDaFQ6.jpg?q=90&f=webp&w=1024,"#리프팅레이저
#타이트닝",9.5,후기 354,"98,000원",VAT 포함,"슈링크유니버스
시술시간
30~40분
마취여부
크림마취
회복시간
약 3일
시술효과
1~2개월",올핏의원,,서울특별시 강남구 강남대로 596 (논현동) 극동빌딩 6층 602호,"크림마취
수면마취
국소마취",화요일 11:00 ~ 20:00 (점심 14:00 ~ 15:00) / 수요일 11:00 ~ 20:00 (점심 14:00 ~ 15:00) / 목요일 휴진 / 금요일 11:00 ~ 20:00 (점심 14:00 ~ 15:00) / 토요일 11:00 ~ 17:00 / 일요일 휴진,0508-0353-5021
리프팅,레이저리프팅,슈링크리프팅,https://www.yeoshin.co.kr/event/mobile/5096,미케이 피부 탄력개선_슈링크 300샷,https://d3gurpvil0se70.cloudfront.net/upfiles/images/product/l7K8fYL8EzOEDybbYPSH0uFzMnc6.jpg?q=90&f=webp&w=1024,"#리프팅레이저
#타이트닝",9.1,후기 161,"99,000원",VAT 포함,"슈링크
시술시간
20~40분
마취여부
크림마취
회복시간
3일
시술효과
2달 후",미케이의원,전문의 1명 / 전문의 1명 / 분야별 협진 / 분야별 협진 / 일본어 응대 / 일본어 응대,서울특별시 서초구 서초대로 77길 24 미케이의원,"크림마취
국소마취",화요일 10:00 ~ 19:00 / 수요일 10:00 ~ 19:00 / 목요일 10:00 ~ 19:00 / 금요일 10:00 ~ 19:00 / 토요일 10:00 ~ 17:00 / 일요일 10:00 ~ 17:00,0508-0353-1137
리프팅,레이저리프팅,슈링크리프팅,https://www.yeoshin.co.kr/event/mobile/20269,"바디 슈링크 리프팅 - 대용량 1,000샷",https://d3gurpvil0se70.cloudfront.net/upfiles/images/product/WUWD0IWhIncttFvSa8Wj7JVWUrv.jpg?q=90&f=webp&w=1024,"#바디리프팅
#바디라인개선
#리프팅레이저",10,후기 1,"539,000원",VAT 포함,"바디슈링크
시술시간
20~30분
마취여부
크림마취
회복시간
약 1일
시술효과
1개월 후",메이필클리닉,전문의 1명 / 전문의 1명 / 여의사 진료 / 여의사 진료 / 수술실 CCTV / 수술실 CCTV / 분야별 협진 / 분야별 협진 / 전담회복실 / 전담회복실 / 중국어 응대 / 중국어 응대 / 일본어 응대 / 일본어 응대,서울특별시 서초구 강남대로 423 메이필클리닉,"크림마취
수면마취
국소마취",화요일 10:00 ~ 19:00 / 수요일 10:00 ~ 19:00 / 목요일 10:00 ~ 19:00 / 금요일 10:00 ~ 19:00 / 토요일 10:00 ~ 16:00 / 일요일 휴진,0508-0353-7137
리프팅,레이저리프팅,슈링크리프팅,https://www.yeoshin.co.kr/event/mobile/25794,V슈링크 200샷,https://d3gurpvil0se70.cloudfront.net/upfiles/images/product/YbEANb4rVusiYA5fsCTAEPswF92A.jpg?q=90&f=webp&w=1024,"#리프팅레이저
#타이트닝",9.8,후기 12,"55,000원",VAT 포함,"브이슈링크
시술시간
20~40분
마취여부
크림마취
회복시간
약 3일
시술효과
2개월 후",시안의원,여의사 진료 / 여의사 진료 / 마취과의 진료 / 마취과의 진료 / 수술실 CCTV / 수술실 CCTV / 기본 입원실 / 기본 입원실 / 사후관리 / 사후관리,서울특별시 서초구 강남대로 439 (서초동) 8층,"크림마취
수면마취
국소마취",화요일 10:30 ~ 20:00 / 수요일 10:30 ~ 20:00 / 목요일 10:30 ~ 20:00 / 금요일 10:30 ~ 20:00 / 토요일 10:00 ~ 17:00 / 일요일 휴진,050803533980
리프팅,레이저리프팅,슈링크리프팅,https://www.yeoshin.co.kr/event/mobile/24096,"정밀 리프팅 (슈링크,시크릿)",https://d3gurpvil0se70.cloudfront.net/upfiles/images/product/40T7i7GzBE8JOfrXMCDxXbbCkx7A.jpg?q=90&f=webp&w=1024,"#리프팅레이저
#타이트닝",10,후기 3,"60,000원",VAT 포함,"슈링크
시술시간
20~40분
마취여부
크림마취
회복시간
약 3일
시술효과
2개월 후",새봄여성의원(송파),전문의 2명 / 전문의 2명 / 여의사 진료 / 여의사 진료,서울특별시 송파구 석촌호수로 160 (삼전동) 수연빌딩 4층,,화요일 휴진 / 수요일 휴진 / 목요일 휴진 / 금요일 10:00 ~ 19:00 (점심 13:00 ~ 14:00) / 토요일 10:00 ~ 16:00 (점심 13:00 ~ 14:00) / 일요일 휴진 / 산부인과 진료는 월~토 가능합니다!,050803530093
리프팅,레이저리프팅,슈링크리프팅,https://www.yeoshin.co.kr/event/mobile/26026,슈링크 유니버스 300샷 / 인모드 슈모드,https://d3gurpvil0se70.cloudfront.net/upfiles/images/product/JQYs0Q54LpIZ9yKQRU4naHcvQ7z.png?q=90&f=webp&w=1024,"#리프팅레이저
#타이트닝",9.7,후기 3,"75,900원",VAT 포함,"슈링크유니버스
시술시간
30~40분
마취여부
크림마취
회복시간
약 3일
시술효과
1~2개월",강남초이스병원,수술실 CCTV / 수술실 CCTV / 응급처치 시스템 / 응급처치 시스템 / 분야별 협진 / 분야별 협진 / 기본 입원실 / 기본 입원실 / 전담회복실 / 전담회복실 / 사후관리 / 사후관리 / 피부진단기 F-RAY 촬영 > / 피부진단기 F-RAY 촬영 > / 피부진단기 F-RAY 촬영 >,서울특별시 강남구 테헤란로 337 (역삼동) 강남초이스병원,"크림마취
수면마취
국소마취",화요일 10:00 ~ 20:00 / 수요일 10:00 ~ 20:00 / 목요일 휴진 / 금요일 10:00 ~ 20:00 / 토요일 10:00 ~ 15:00 / 일요일 휴진,050803531552
리프팅,레이저리프팅,슈링크리프팅,https://www.yeoshin.co.kr/event/mobile/20368,슈링크 유니버스300샷,https://d3gurpvil0se70.cloudfront.net/upfiles/images/product/1aKy4EbgKncaoEneWFWtrmkIuuC2.png?q=90&f=webp&w=1024,"#리프팅레이저
#타이트닝",,,"132,000원",VAT 포함,"슈링크유니버스
시술시간
30~40분
마취여부
크림마취
회복시간
약 3일
시술효과
1~2개월",디에스타의원,여의사 진료 / 여의사 진료,경기도 수원시 영통구 도청로18번길 26 (이의동) 힐스테이트 광교중앙역 326호,"크림마취
수면마취
비수면 무통마취
국소마취",화요일 10:00 ~ 20:30 / 수요일 10:00 ~ 20:30 / 목요일 10:00 ~ 20:30 / 금요일 10:00 ~ 20:30 / 토요일 09:30 ~ 16:30 / 일요일 휴진 / 공휴일은 사전공지(진료/휴진),0508-0353-9908
리프팅,레이저리프팅,슈링크리프팅,https://www.yeoshin.co.kr/event/mobile/17296,블리비 슈링크 유니버스 리프팅,https://d3gurpvil0se70.cloudfront.net/upfiles/images/product/jREP5prZS9EySTILxCy2Va16vuh3.jpg?q=90&f=webp&w=1024,"#리프팅레이저
#타이트닝",9,후기 58,"31,900원",VAT 포함,"슈링크유니버스
시술시간
30~40분
마취여부
크림마취
회복시간
약 3일
시술효과
1~2개월",블리비의원(영등포점),,서울특별시 영등포구 영중로 28 (영등포동3가) 9층,,화요일 10:30 ~ 20:30 (점심 14:00 ~ 15:00) / 수요일 10:30 ~ 20:30 (점심 14:00 ~ 15:00) / 목요일 10:30 ~ 20:30 (점심 14:00 ~ 15:00) / 금요일 10:30 ~ 20:30 (점심 14:00 ~ 15:00) / 토요일 10:00 ~ 17:00 / 일요일 휴진 / 토요일 점심시간 없이 진료 일요일 / 공휴일 휴무,0508-0354-2924
리프팅,레이저리프팅,슈링크리프팅,https://www.yeoshin.co.kr/event/mobile/25332,더차오름 슈링크 유니버스,https://d3gurpvil0se70.cloudfront.net/upfiles/images/product/QQBkOgFObVBekjlKOdSFGzZRmeB2.jpg?q=90&f=webp&w=1024,"#리프팅레이저
#타이트닝",10,후기 5,"44,000원",VAT 포함,"슈링크유니버스
시술시간
5~10분
마취여부
마취없음
회복시간
당일
시술효과
3~6개월유지",더차오름의원,,대구광역시 달서구 달구벌대로 1545 (죽전동) 골든뷰메디타워 1004호 1005,"크림마취
수면마취
비수면 무통마취",화요일 10:00 ~ 20:00 / 수요일 10:00 ~ 20:00 / 목요일 10:00 ~ 20:00 / 금요일 10:00 ~ 20:00 / 토요일 10:00 ~ 17:00 / 일요일 10:00 ~ 17:00,0508-0353-1101
리프팅,레이저리프팅,슈링크리프팅,https://www.yeoshin.co.kr/event/mobile/14891,슈링크 3.9만,https://d3gurpvil0se70.cloudfront.net/upfiles/images/product/2136348713.jpg?q=90&f=webp&w=1024,"#리프팅레이저
#타이트닝",9.8,후기 103,"39,000원",VAT 포함,"슈링크
시술시간
15분
마취여부
크림마취
회복시간
3일
시술효과
2달 후",클라스웰의원,,경기도 용인시 수지구 현암로 164 클라스웰의원,,화요일 09:00 ~ 19:00 / 수요일 09:00 ~ 19:00 / 목요일 09:00 ~ 19:00 / 금요일 09:00 ~ 19:00 / 토요일 09:00 ~ 14:00 / 일요일 휴진,0508-0354-0677
리프팅,레이저리프팅,슈링크리프팅,https://www.yeoshin.co.kr/event/mobile/25006,올리지오 슈링크,https://d3gurpvil0se70.cloudfront.net/upfiles/images/product/DMBwF5EkPJz6KGP7yP5lSdY9BCQ1.jpg?q=90&f=webp&w=1024,"#리프팅레이저
#얼굴지방개선",9.3,후기 3,"99,000원",VAT 포함,"올리지오
시술시간
30~40분
마취여부
크림마취
회복시간
시술 직후
시술효과
3일후",제이드힐의원,사후관리 / 사후관리 / 피부진단기 F-RAY 촬영 > / 피부진단기 F-RAY 촬영 > / 피부진단기 F-RAY 촬영 >,서울특별시 강서구 강서로 323 효동빌딩 301호,,화요일 10:00 ~ 19:30 / 수요일 휴진 / 목요일 10:00 ~ 20:30 / 금요일 10:00 ~ 19:30 / 토요일 10:00 ~ 15:00 / 일요일 휴진,0508-0353-3706
리프팅,레이저리프팅,슈링크리프팅,https://www.yeoshin.co.kr/event/mobile/16368,초음파리프팅 슈링크 나비 슈링크,https://d3gurpvil0se70.cloudfront.net/upfiles/images/product/sDmZaS2uYwLP6Hb3C5xdSkLXfxz7.jpg?q=90&f=webp&w=1024,"#리프팅레이저
#타이트닝",,,"110,000원",VAT 포함,"슈링크유니버스
시술시간
30~40분
마취여부
크림마취
회복시간
3일
시술효과
1~2달 후",나비성형외과의원,전문의 1명 / 전문의 1명,"서울특별시 서초구 강남대로 559 (잠원동) CK빌딩 9층,10층 나비성형외과",,화요일 10:00 ~ 19:00 / 수요일 10:00 ~ 19:00 / 목요일 10:00 ~ 19:00 / 금요일 10:00 ~ 19:00 / 토요일 10:00 ~ 15:00 / 일요일 휴진,0508-0353-7002
리프팅,레이저리프팅,슈링크리프팅,https://www.yeoshin.co.kr/event/mobile/16318,미케이 재생&탄력 슈링크 유니버스 100샷,https://d3gurpvil0se70.cloudfront.net/upfiles/images/product/88iRVDA6TmtaDlGy6ubXBXap3lr.jpg?q=90&f=webp&w=1024,"#리프팅레이저
#타이트닝",8.8,후기 6,"66,000원",VAT 포함,"슈링크유니버스
시술시간
30~40분
마취여부
크림마취
회복시간
3일
시술효과
1~2달 후",미케이의원,전문의 1명 / 전문의 1명 / 분야별 협진 / 분야별 협진 / 일본어 응대 / 일본어 응대,서울특별시 서초구 서초대로 77길 24 미케이의원,"크림마취
국소마취",화요일 10:00 ~ 19:00 / 수요일 10:00 ~ 19:00 / 목요일 10:00 ~ 19:00 / 금요일 10:00 ~ 19:00 / 토요일 10:00 ~ 17:00 / 일요일 10:00 ~ 17:00,0508-0353-1137
리프팅,레이저리프팅,슈링크리프팅,https://www.yeoshin.co.kr/event/mobile/20479,슈링크리프팅,https://d3gurpvil0se70.cloudfront.net/upfiles/images/product/Z9SVn50RVdk7uIfSZwak57N4iEO7.jpg?q=90&f=webp&w=1024,"#리프팅레이저
#타이트닝",,,"198,000원",VAT 포함,"슈링크
시술시간
20~40분
마취여부
크림마취
회복시간
약 3일
시술효과
2개월 후",마노필의원,전문의 1명 / 전문의 1명,"부산광역시 부산진구 가야대로784번길 29 (부전동) 4,5층",,화요일 10:00 ~ 20:00 (점심 13:00 ~ 14:00) / 수요일 10:00 ~ 20:00 (점심 13:00 ~ 14:00) / 목요일 10:00 ~ 20:00 (점심 13:00 ~ 14:00) / 금요일 10:00 ~ 20:00 (점심 13:00 ~ 14:00) / 토요일 10:00 ~ 15:30 / 일요일 휴진,0508-0353-1040
리프팅,레이저리프팅,슈링크리프팅,https://www.yeoshin.co.kr/event/mobile/5640,풀페이스 슈링크,https://d3gurpvil0se70.cloudfront.net/upfiles/images/product/ij8zUfG1mmAMJVqjVB2oahYj5gl8.jpg?q=90&f=webp&w=1024,"#리프팅레이저
#타이트닝",10,후기 3,"450,000원",VAT 포함,"슈링크
시술시간
90분
마취여부
크림마취
회복시간
당일
시술효과
개인별 상이",아이콘성형외과,전문의 1명 / 전문의 1명,"서울특별시 강남구 논현로 841 (신사동) 5층(신사동, JBMISO 501, 502호)",,화요일 10:00 ~ 19:00 / 수요일 10:00 ~ 19:00 / 목요일 휴진 / 금요일 10:00 ~ 19:00 / 토요일 10:00 ~ 17:00 / 일요일 휴진,0508-0353-4364
리프팅,레이저리프팅,슈링크리프팅,https://www.yeoshin.co.kr/event/mobile/26035,"슈링크 오로라 부스터 - 탄력, 재생,미백",https://d3gurpvil0se70.cloudfront.net/upfiles/images/product/ThKSQUggbH1T7VVgsZy4bDJfBLfA.png?q=90&f=webp&w=1024,"#리프팅레이저
#타이트닝",,,,,"슈링크
시술시간
20~40분
마취여부
크림마취
회복시간
약 3일
시술효과
2개월 후",강남초이스병원,수술실 CCTV / 수술실 CCTV / 응급처치 시스템 / 응급처치 시스템 / 분야별 협진 / 분야별 협진 / 기본 입원실 / 기본 입원실 / 전담회복실 / 전담회복실 / 사후관리 / 사후관리 / 피부진단기 F-RAY 촬영 > / 피부진단기 F-RAY 촬영 > / 피부진단기 F-RAY 촬영 >,서울특별시 강남구 테헤란로 337 (역삼동) 강남초이스병원,"크림마취
수면마취
국소마취",화요일 10:00 ~ 20:00 / 수요일 10:00 ~ 20:00 / 목요일 휴진 / 금요일 10:00 ~ 20:00 / 토요일 10:00 ~ 15:00 / 일요일 휴진,050803531552
리프팅,레이저리프팅,슈링크리프팅,https://www.yeoshin.co.kr/event/mobile/26263,슈링크,https://d3gurpvil0se70.cloudfront.net/upfiles/images/product/dMkvlBJcsmFnmoqnjGU9HhovG5e3.jpg?q=90&f=webp&w=1024,"#리프팅레이저
#타이트닝",,,"99,000원",VAT 포함,"슈링크
시술시간
20~40분
마취여부
크림마취
회복시간
약 3일
시술효과
2개월 후",뮤즈의원(김해점),,경상남도 김해시 내외중앙로 92 (내동) 5층 뮤즈의원 김해,크림마취,화요일 10:00 ~ 20:00 (점심 13:00 ~ 14:00) / 수요일 10:00 ~ 20:00 (점심 13:00 ~ 14:00) / 목요일 10:00 ~ 20:00 (점심 13:00 ~ 14:00) / 금요일 10:00 ~ 20:00 (점심 13:00 ~ 14:00) / 토요일 10:00 ~ 16:00 / 일요일 휴진 / 접수마감) 평일 19:30 / 토요일 15:30,050803531484
리프팅,레이저리프팅,슈링크리프팅,https://www.yeoshin.co.kr/event/mobile/27531,피부속부터 차오르는 탄력 슈링크 리프팅,https://d3gurpvil0se70.cloudfront.net/upfiles/images/product/5mrfSNQNR7ppBPGKemc0MmBxdyH2.png?q=90&f=webp&w=1024,"#리프팅레이저
#타이트닝",10,후기 5,"63,300원",VAT 포함,"슈링크유니버스
시술시간
30~40분
마취여부
크림마취
회복시간
약 3일
시술효과
1~2개월",모리프한의원,여의사 진료 / 여의사 진료,광주광역시 서구 상무중앙로 43 (치평동) 212호,크림마취,화요일 08:00 ~ 21:00 (점심 13:00 ~ 14:00) / 수요일 08:00 ~ 21:00 (점심 13:00 ~ 14:00) / 목요일 08:00 ~ 21:00 (점심 13:00 ~ 14:00) / 금요일 08:00 ~ 21:00 (점심 13:00 ~ 14:00) / 토요일 08:00 ~ 18:00 (점심 13:00 ~ 14:00) / 일요일 08:00 ~ 18:00 (점심 13:00 ~ 14:00),050803543438
리프팅,레이저리프팅,슈링크리프팅,https://www.yeoshin.co.kr/event/mobile/17292,블리비 슈링크 리프팅,https://d3gurpvil0se70.cloudfront.net/upfiles/images/product/1gUUB8eYg65kB0zicAw1KgqcJiY1.jpg?q=90&f=webp&w=1024,"#리프팅레이저
#타이트닝",9,후기 72,"22,000원",VAT 포함,"슈링크
시술시간
20~40분
마취여부
크림마취
회복시간
약 3일
시술효과
2개월 후",블리비의원(영등포점),,서울특별시 영등포구 영중로 28 (영등포동3가) 9층,,화요일 10:30 ~ 20:30 (점심 14:00 ~ 15:00) / 수요일 10:30 ~ 20:30 (점심 14:00 ~ 15:00) / 목요일 10:30 ~ 20:30 (점심 14:00 ~ 15:00) / 금요일 10:30 ~ 20:30 (점심 14:00 ~ 15:00) / 토요일 10:00 ~ 17:00 / 일요일 휴진 / 토요일 점심시간 없이 진료 일요일 / 공휴일 휴무,0508-0354-2924
리프팅,레이저리프팅,슈링크리프팅,https://www.yeoshin.co.kr/event/mobile/1937,슈링크 유니버스 레이저리프팅 턱살 슈링크 유니버스 100샷,https://d3gurpvil0se70.cloudfront.net/upfiles/images/product/3028646633.jpg?q=90&f=webp&w=1024,"#리프팅레이저
#타이트닝",,,"88,000원",VAT 포함,"슈링크유니버스
시술시간
30분
마취여부
크림마취
회복시간
3일
시술효과
1~2달 후",메이필클리닉,전문의 1명 / 전문의 1명 / 여의사 진료 / 여의사 진료 / 수술실 CCTV / 수술실 CCTV / 분야별 협진 / 분야별 협진 / 전담회복실 / 전담회복실 / 중국어 응대 / 중국어 응대 / 일본어 응대 / 일본어 응대,서울특별시 서초구 강남대로 423 메이필클리닉,"크림마취
수면마취
국소마취",화요일 10:00 ~ 19:00 / 수요일 10:00 ~ 19:00 / 목요일 10:00 ~ 19:00 / 금요일 10:00 ~ 19:00 / 토요일 10:00 ~ 16:00 / 일요일 휴진,0508-0353-7137
리프팅,레이저리프팅,슈링크리프팅,https://www.yeoshin.co.kr/event/mobile/9495,슈링크 유니버스 리프팅,https://d3gurpvil0se70.cloudfront.net/upfiles/images/product/tPDDTx8zIPIPBGPMw06OJO8XRIt5.jpg?q=90&f=webp&w=1024,"#리프팅레이저
#타이트닝",9.2,후기 386,"30,800원",VAT 포함,"슈링크유니버스
시술시간
30~40분
마취여부
크림마취
회복시간
3일
시술효과
1~2달 후",유앤아이의원(영등포점),여의사 진료 / 여의사 진료 / 중국어 응대 / 중국어 응대 / 일본어 응대 / 일본어 응대,서울특별시 영등포구 영중로 12 유앤아이의원(영등포점),"크림마취
수면마취",화요일 10:00 ~ 20:30 / 수요일 10:00 ~ 20:30 / 목요일 10:00 ~ 20:30 / 금요일 10:00 ~ 20:30 / 토요일 10:00 ~ 17:00 / 일요일 10:00 ~ 17:00 / 점심시간 없음 / 공휴일 진료,0508-0353-1932
리프팅,레이저리프팅,슈링크리프팅,https://www.yeoshin.co.kr/event/mobile/17246,탄력 UP 슈링크 유니버스,https://d3gurpvil0se70.cloudfront.net/upfiles/images/product/C0mXGepkGNEAqkoetlxjLtDpO3X8.jpg?q=90&f=webp&w=1024,"#리프팅레이저
#타이트닝",8.9,후기 10,,,"슈링크유니버스
시술시간
30~40분
마취여부
크림마취
회복시간
3일
시술효과
1~2달 후",유앤아이의원(평택점),,경기도 평택시 평남로 862 (비전동) 로이드빌딩 2층,,화요일 10:00 ~ 20:30 (점심 13:00 ~ 14:00) / 수요일 10:00 ~ 20:30 (점심 13:00 ~ 14:00) / 목요일 10:00 ~ 20:30 (점심 13:00 ~ 14:00) / 금요일 10:00 ~ 20:30 (점심 13:00 ~ 14:00) / 토요일 10:00 ~ 16:00 / 일요일 휴진,0508-0354-0339
리프팅,레이저리프팅,슈링크리프팅,https://www.yeoshin.co.kr/event/mobile/24723,슈링크 유니버스 300샷,https://d3gurpvil0se70.cloudfront.net/upfiles/images/product/PJTYo5PXpnUHL8vgzs9N6ZjPSEgA.jpg?q=90&f=webp&w=1024,"#리프팅레이저
#타이트닝",9.4,후기 19,"88,000원",VAT 포함,"슈링크유니버스
시술시간
30~40분
마취여부
크림마취
회복시간
약 3일
시술효과
1~2개월",브라운성형외과의원,전문의 3명 / 전문의 3명 / 영어 응대 / 영어 응대 / 중국어 응대 / 중국어 응대 / 일본어 응대 / 일본어 응대,서울특별시 서초구 강남대로 475 (반포동) 브라운성형외과의원,,화요일 10:00 ~ 19:00 / 수요일 10:00 ~ 19:00 / 목요일 10:00 ~ 19:00 / 금요일 10:00 ~ 20:30 / 토요일 10:00 ~ 17:00 / 일요일 휴진 / 일요일&공휴일 휴진/금요일 야간진료,0508-0353-4515
리프팅,레이저리프팅,슈링크리프팅,https://www.yeoshin.co.kr/event/mobile/12197,슈링크 유니버스,https://d3gurpvil0se70.cloudfront.net/upfiles/images/product/GBUVvWHucGYjEImCddu4vcLfsY83.png?q=90&f=webp&w=1024,"#리프팅레이저
#타이트닝",8,후기 2,"53,900원",VAT 포함,"슈링크유니버스
시술시간
30~40분
마취여부
크림마취
회복시간
3일
시술효과
1~2달 후",원더의원,전문의 1명 / 전문의 1명,인천광역시 부평구 부평대로 19-1 원더의원,,화요일 09:30 ~ 19:00 (점심 13:00 ~ 14:00) / 수요일 09:30 ~ 19:00 (점심 13:00 ~ 14:00) / 목요일 09:30 ~ 19:30 (점심 13:00 ~ 14:00) / 금요일 09:30 ~ 19:00 (점심 13:00 ~ 14:00) / 토요일 09:00 ~ 14:00 / 일요일 휴진,0508-0354-1974
리프팅,레이저리프팅,슈링크리프팅,https://www.yeoshin.co.kr/event/mobile/17281,슈링크 리프팅,https://d3gurpvil0se70.cloudfront.net/upfiles/images/product/hkBseewtJqyS9JmdqtWQ9kIylaI9.jpg?q=90&f=webp&w=1024,"#리프팅레이저
#타이트닝",,,"220,000원",VAT 포함,"슈링크
시술시간
20~40분
마취여부
마취없음
회복시간
약 3일
시술효과
2달 후",은하여성의원,전문의 4명 / 전문의 4명,"경기도 군포시 고산로 248 (당동) 은하프라자, 2층",,화요일 09:00 ~ 20:00 (점심 13:00 ~ 14:00) / 수요일 09:00 ~ 20:00 (점심 13:00 ~ 14:00) / 목요일 09:00 ~ 20:00 (점심 13:00 ~ 14:00) / 금요일 09:00 ~ 20:00 (점심 13:00 ~ 14:00) / 토요일 09:00 ~ 15:00 / 일요일 휴진,0508-0354-0049
리프팅,레이저리프팅,슈링크리프팅,https://www.yeoshin.co.kr/event/mobile/17225,슈링크 유니버스 리프팅,https://d3gurpvil0se70.cloudfront.net/upfiles/images/product/KTv5K21RoNik0K5pDiBdpPjd2BX8.jpg?q=90&f=webp&w=1024,"#리프팅레이저
#타이트닝",10,후기 2,"66,000원",VAT 포함,"슈링크유니버스
시술시간
30~40분
마취여부
크림마취
회복시간
약 3일
시술효과
1~2개월",톡스앤필(제주점),,제주특별자치도 제주시 노형로 378 (노형동) 청담빌딩 2층,,화요일 10:00 ~ 19:00 (점심 13:00 ~ 14:00) / 수요일 10:00 ~ 19:00 (점심 13:00 ~ 14:00) / 목요일 10:00 ~ 20:00 (점심 13:00 ~ 14:00) / 금요일 10:00 ~ 19:30 (점심 13:00 ~ 14:00) / 토요일 09:30 ~ 15:30 / 일요일 휴진,0508-0354-2777
리프팅,레이저리프팅,슈링크리프팅,https://www.yeoshin.co.kr/event/mobile/26134,유앤아이 슈링크 유니버스 리프팅,https://d3gurpvil0se70.cloudfront.net/upfiles/images/product/j6r2EvElOBMQhlSmwu0F4CYNzZb3.jpg?q=90&f=webp&w=1024,"#리프팅레이저
#타이트닝",10,후기 1,"97,900원",VAT 포함,"슈링크유니버스
시술시간
30~40분
마취여부
크림마취
회복시간
약 3일
시술효과
1~2개월",유앤아이의원(과천점),,경기도 과천시 과천대로 111 (갈현동) 과천 렉서 2층,크림마취,화요일 10:00 ~ 20:30 / 수요일 10:00 ~ 20:30 / 목요일 10:00 ~ 20:30 / 금요일 10:00 ~ 20:30 / 토요일 10:00 ~ 17:00 / 일요일 휴진,050803539821
리프팅,레이저리프팅,슈링크리프팅,https://www.yeoshin.co.kr/event/mobile/6623,"탄력UP, 슈링크 유니버스",https://d3gurpvil0se70.cloudfront.net/upfiles/images/product/7TTer3CU3JmnFmRWhNMxieXbT6O6.jpg?q=90&f=webp&w=1024,"#리프팅레이저
#타이트닝",9,후기 6,"55,000원",VAT 포함,"슈링크유니버스
시술시간
30~40분
마취여부
크림마취
회복시간
3일
시술효과
1~2달 후",유앤아이의원(김포점),,경기도 김포시 김포한강4로 525 유앤아이의원(김포점),,화요일 10:00 ~ 20:30 (점심 13:00 ~ 14:00) / 수요일 10:00 ~ 20:30 (점심 13:00 ~ 14:00) / 목요일 10:00 ~ 20:30 (점심 13:00 ~ 14:00) / 금요일 10:00 ~ 20:30 (점심 13:00 ~ 14:00) / 토요일 10:00 ~ 16:00 / 일요일 10:00 ~ 16:00,0508-0354-0557
리프팅,레이저리프팅,슈링크리프팅,https://www.yeoshin.co.kr/event/mobile/9132,정품 슈링크 유니버스 풀페이스 300샷,https://d3gurpvil0se70.cloudfront.net/upfiles/images/product/1806242201.jpg?q=90&f=webp&w=1024,"#리프팅레이저
#타이트닝",9.5,후기 592,"90,200원",VAT 포함,"슈링크유니버스
시술시간
30~40분
마취여부
크림마취
회복시간
약 3일
시술효과
1~2개월",리드림의원(의료법인미래의료재단),,서울시 강남구 테헤란로 513 리드림의원(의료법인미래의료재단),,화요일 10:00 ~ 20:00 / 수요일 10:00 ~ 19:00 / 목요일 10:00 ~ 20:00 / 금요일 10:00 ~ 19:00 / 토요일 10:00 ~ 16:00 / 일요일 휴진,0508-0353-4648
리프팅,레이저리프팅,슈링크리프팅,https://www.yeoshin.co.kr/event/mobile/15948,슈링크 유니버스,https://d3gurpvil0se70.cloudfront.net/upfiles/images/product/kpps0MvL7Xep3amKNYO0BX9WmXY8.jpg?q=90&f=webp&w=1024,"#리프팅레이저
#타이트닝",9.4,후기 10,"27,500원",VAT 포함,"슈링크유니버스
시술시간
10분
마취여부
크림마취
회복시간
당일
시술효과
1달 후",제이린의원(서면점),,부산광역시 부산진구 중앙대로 672 (부전동) 삼정타워 4층 제이린의원,,화요일 10:30 ~ 20:00 (점심 13:00 ~ 14:30) / 수요일 10:30 ~ 19:00 (점심 13:00 ~ 14:30) / 목요일 10:30 ~ 19:00 (점심 13:00 ~ 14:30) / 금요일 10:30 ~ 20:00 (점심 13:00 ~ 14:30) / 토요일 10:30 ~ 14:30 / 일요일 휴진,0508-0354-2276
리프팅,레이저리프팅,슈링크리프팅,https://www.yeoshin.co.kr/event/mobile/17263,슈링크 유니버스,https://d3gurpvil0se70.cloudfront.net/upfiles/images/product/KWurNS1iakLhoMc5yEzNynRBj9rA.jpg?q=90&f=webp&w=1024,"#리프팅레이저
#타이트닝",,,"108,900원",VAT 포함,"슈링크유니버스
시술시간
30~40분
마취여부
크림마취
회복시간
3일
시술효과
1~2달 후",연세더나은의원,전문의 2명 / 전문의 2명,경기도 고양시 일산동구 일산로 219 (마두동) 5층 연세더나은의원,,"화요일 09:00 ~ 18:30 (점심 13:00 ~ 14:00) / 수요일 09:00 ~ 18:30 (점심 13:00 ~ 14:00) / 목요일 휴진 / 금요일 09:00 ~ 18:30 (점심 13:00 ~ 14:00) / 토요일 09:00 ~ 13:00 / 일요일 휴진 / 목요일, 일요일, 공휴일 휴무",0508-0354-0850
리프팅,레이저리프팅,슈링크리프팅,https://www.yeoshin.co.kr/event/mobile/24343,슈링크,https://d3gurpvil0se70.cloudfront.net/upfiles/images/product/qmCFRR2IHWeQtH1DY5dxjODlPZx2.jpg?q=90&f=webp&w=1024,"#리프팅레이저
#타이트닝",10,후기 1,"66,000원",VAT 포함,"슈링크
시술시간
20~40분
마취여부
크림마취
회복시간
약 3일
시술효과
2개월 후",한가온한방병원(남양주점),기본 입원실 / 기본 입원실 / 사후관리 / 사후관리,경기도 남양주시 호평로46번길 14 (호평동) 5층,크림마취,화요일 09:00 ~ 20:30 (점심 13:00 ~ 14:00) / 수요일 09:00 ~ 20:30 (점심 13:00 ~ 14:00) / 목요일 09:00 ~ 20:30 (점심 13:00 ~ 14:00) / 금요일 09:00 ~ 20:30 (점심 13:00 ~ 14:00) / 토요일 09:00 ~ 15:00 / 일요일 09:00 ~ 15:00,050803541797
리프팅,레이저리프팅,슈링크리프팅,https://www.yeoshin.co.kr/event/mobile/7996,슈링크,https://d3gurpvil0se70.cloudfront.net/upfiles/images/product/oCuJomxQpgCNfOWl7C2MK0DG41w9.jpg?q=90&f=webp&w=1024,"#리프팅레이저
#타이트닝",2,후기 1,"66,000원",VAT 포함,"슈링크
시술시간
20~40분
마취여부
크림마취
회복시간
3일
시술효과
2달 후",푸른의원,전문의 1명 / 전문의 1명,경기도 김포시 풍무로 76 푸른의원,,화요일 10:00 ~ 20:00 (점심 13:00 ~ 14:00) / 수요일 10:00 ~ 19:00 (점심 13:00 ~ 14:00) / 목요일 10:00 ~ 20:00 (점심 13:00 ~ 14:00) / 금요일 10:00 ~ 19:00 (점심 13:00 ~ 14:00) / 토요일 10:00 ~ 15:00 / 일요일 휴진,0508-0354-0803
리프팅,레이저리프팅,슈링크리프팅,https://www.yeoshin.co.kr/event/mobile/6130,슈링크 유니버스 100샷,https://d3gurpvil0se70.cloudfront.net/upfiles/images/product/779311877.jpg?q=90&f=webp&w=1024,"#리프팅레이저
#타이트닝",8.8,후기 4,"44,000원",VAT 포함,"슈링크유니버스
시술시간
50분
마취여부
크림마취
회복시간
3일
시술효과
1~2달 후",스무살의원,전문의 1명 / 전문의 1명 / 여의사 진료 / 여의사 진료,경기도 고양시 일산동구 정발산로 24 스무살의원,"크림마취
수면마취
비수면 무통마취
국소마취",화요일 10:30 ~ 21:00 (점심 13:00 ~ 14:00) / 수요일 10:30 ~ 21:00 (점심 13:00 ~ 14:00) / 목요일 10:30 ~ 19:00 (점심 13:00 ~ 14:00) / 금요일 10:30 ~ 21:00 (점심 13:00 ~ 14:00) / 토요일 10:30 ~ 17:00 (점심 13:00 ~ 14:00) / 일요일 휴진,0508-0354-0755
리프팅,레이저리프팅,슈링크리프팅,https://www.yeoshin.co.kr/event/mobile/25827,피부과 전문의 V라인 슈링크,https://d3gurpvil0se70.cloudfront.net/upfiles/images/product/7BWGpA5N3qz5N5dfDgrgtrYLcrc6.png?q=90&f=webp&w=1024,"#피부과 전문의
#리프팅레이저
#타이트닝",10,후기 1,"165,000원",VAT 포함,"슈링크
시술시간
20~40분
마취여부
크림마취
회복시간
약 3일
시술효과
2개월 후",청담엔케이피부과의원,전문의 1명 / 전문의 1명 / 여의사 진료 / 여의사 진료 / 피부진단기 F-RAY 촬영 > / 피부진단기 F-RAY 촬영 > / 피부진단기 F-RAY 촬영 >,서울특별시 강서구 마곡중앙5로 81 (마곡동) 5층 청담NK피부과의원,,화요일 10:00 ~ 19:00 (점심 13:00 ~ 14:00) / 수요일 10:00 ~ 19:00 (점심 13:00 ~ 14:00) / 목요일 10:00 ~ 19:00 (점심 13:00 ~ 14:00) / 금요일 10:00 ~ 20:00 (점심 13:00 ~ 14:00) / 토요일 09:30 ~ 14:30 / 일요일 휴진,050803531467
리프팅,레이저리프팅,슈링크리프팅,https://www.yeoshin.co.kr/event/mobile/26150,이중턱 슈링크(6mm팁 업그레이드),https://d3gurpvil0se70.cloudfront.net/upfiles/images/product/uvNud6Wfx2mupIfDsEebKIVbVnK4.jpg?q=90&f=webp&w=1024,"#리프팅레이저
#타이트닝",,,"165,000원",VAT 포함,"슈링크유니버스
시술시간
30~40분
마취여부
크림마취
회복시간
약 3일
시술효과
1~2개월",루미에버의원,여의사 진료 / 여의사 진료 / 사후관리 / 사후관리 / 피부진단기 F-RAY 촬영 > / 피부진단기 F-RAY 촬영 > / 피부진단기 F-RAY 촬영 >,경기도 성남시 수정구 수정로 285 (신흥동) 2층,"크림마취
국소마취",화요일 10:00 ~ 20:00 (점심 13:00 ~ 14:00) / 수요일 휴진 / 목요일 10:00 ~ 20:00 (점심 13:00 ~ 14:00) / 금요일 10:00 ~ 20:00 (점심 13:00 ~ 14:00) / 토요일 10:00 ~ 14:00 / 일요일 휴진,0508-0353-0396
리프팅,레이저리프팅,슈링크리프팅,https://www.yeoshin.co.kr/event/mobile/7973,"탄력UP, 슈링크 유니버스 100샷",https://d3gurpvil0se70.cloudfront.net/upfiles/images/product/R5uQ82S9wk43ee8jMht0AvndtanA.png?q=90&f=webp&w=1024,"#피부과 전문의
#리프팅레이저
#타이트닝",,,"88,000원",VAT 포함,"슈링크유니버스
시술시간
30분
마취여부
냉각마취
회복시간
3일
시술효과
1~2달 후",유앤아이피부과의원(판교점),전문의 1명 / 전문의 1명,경기도 성남시 분당구 판교로 375 유앤아이피부과의원(판교점),,화요일 09:30 ~ 20:30 (점심 13:00 ~ 14:00) / 수요일 09:30 ~ 20:30 (점심 13:00 ~ 14:00) / 목요일 09:30 ~ 20:30 (점심 13:00 ~ 14:00) / 금요일 09:30 ~ 20:30 (점심 13:00 ~ 14:00) / 토요일 09:00 ~ 16:00 / 일요일 휴진,0508-0354-0510
리프팅,레이저리프팅,슈링크리프팅,https://www.yeoshin.co.kr/event/mobile/5117,디자인 슈링크 유니버스,https://d3gurpvil0se70.cloudfront.net/upfiles/images/product/PGafihE0EEgtrUEUzR8TcJmP8PH9.jpg?q=90&f=webp&w=1024,"#리프팅레이저
#타이트닝",9.3,후기 4,"62,700원",VAT 포함,"슈링크유니버스
시술시간
30분
마취여부
냉각마취
회복시간
3일
시술효과
1~2달 후",베이드의원,전문의 3명 / 전문의 3명 / 영어 응대 / 영어 응대 / 중국어 응대 / 중국어 응대 / 피부진단기 F-RAY 촬영 > / 피부진단기 F-RAY 촬영 > / 피부진단기 F-RAY 촬영 >,서울특별시 강남구 논현로 839 베이드의원,,화요일 10:00 ~ 20:00 (점심 13:00 ~ 14:00) / 수요일 10:00 ~ 20:00 (점심 13:00 ~ 14:00) / 목요일 10:00 ~ 20:00 (점심 13:00 ~ 14:00) / 금요일 10:00 ~ 20:00 (점심 13:00 ~ 14:00) / 토요일 10:00 ~ 16:00 / 일요일 휴진,0508-0353-3673
리프팅,레이저리프팅,슈링크리프팅,https://www.yeoshin.co.kr/event/mobile/18045,S&P (슈링크&피아모) 리프팅,https://d3gurpvil0se70.cloudfront.net/upfiles/images/product/KlOsJlS4OhOrQaST9AJf2mdU7BR4.jpg?q=90&f=webp&w=1024,"#리프팅레이저
#타이트닝",,,"935,000원",VAT 포함,"슈링크유니버스
시술시간
30~40분
마취여부
크림마취
회복시간
약 3일
시술효과
1~2개월",삼성노블의원(고양점),전문의 2명 / 전문의 2명 / 영어 응대 / 영어 응대,"경기도 고양시 덕양구 권율대로 907 (신원동) kn빌딩, 5층 일부호(530호)",,"화요일 10:00 ~ 20:00 (점심 13:00 ~ 14:00) / 수요일 휴진 / 목요일 10:00 ~ 20:00 (점심 13:00 ~ 14:00) / 금요일 10:00 ~ 20:00 (점심 13:00 ~ 14:00) / 토요일 10:00 ~ 15:00 / 일요일 휴진 / 접수마감시간 : 평일 19:30 , 토요일 14:30",0508-0353-2943
리프팅,레이저리프팅,슈링크리프팅,https://www.yeoshin.co.kr/event/mobile/20635,[NIKS] 슈링크 300샷 이벤트,https://d3gurpvil0se70.cloudfront.net/upfiles/images/product/ayH1I5Kvfj3dVoj9jtfk9B5au3P2.jpg?q=90&f=webp&w=1024,"#리프팅레이저
#타이트닝",,,"220,000원",VAT 포함,"슈링크
시술시간
20~40분
마취여부
크림마취
회복시간
약 3일
시술효과
2개월 후",닉스의원(수원점),여의사 진료 / 여의사 진료,경기도 수원시 팔달구 효원로265번길 28 (인계동) 3층 (인계동),"크림마취
수면마취
국소마취",화요일 10:30 ~ 20:30 (점심 14:00 ~ 15:00) / 수요일 10:30 ~ 20:30 (점심 14:00 ~ 15:00) / 목요일 10:30 ~ 20:30 (점심 14:00 ~ 15:00) / 금요일 10:30 ~ 20:30 (점심 14:00 ~ 15:00) / 토요일 10:30 ~ 16:30 / 일요일 휴진 / *일요일/공휴일 휴진,0508-0354-3026
리프팅,레이저리프팅,슈링크리프팅,https://www.yeoshin.co.kr/event/mobile/25455,슈링크 유니버스 100샷,https://d3gurpvil0se70.cloudfront.net/upfiles/images/product/A21PjUbXFPoqu4iCmGUMpNsJwlCA.png?q=90&f=webp&w=1024,"#리프팅레이저
#타이트닝",10,후기 2,"75,900원",VAT 포함,"슈링크유니버스
시술시간
30~40분
마취여부
크림마취
회복시간
약 3일
시술효과
1~2개월",장덕한방병원(서초),전문의 2명 / 전문의 2명 / 여의사 진료 / 여의사 진료 / 기본 입원실 / 기본 입원실 / 피부진단기 F-RAY 촬영 > / 피부진단기 F-RAY 촬영 > / 피부진단기 F-RAY 촬영 >,서울특별시 서초구 서초중앙로 42 (서초동) 불르핀타워 지하2~4층,크림마취,화요일 09:00 ~ 19:00 (점심 13:00 ~ 14:00) / 수요일 09:00 ~ 21:00 (점심 13:00 ~ 14:00) / 목요일 09:00 ~ 19:00 (점심 13:00 ~ 14:00) / 금요일 09:00 ~ 19:00 (점심 13:00 ~ 14:00) / 토요일 09:00 ~ 17:00 (점심 13:00 ~ 14:00) / 일요일 휴진 / 공휴일ㅣAM 09:00~PM 05:00,050803531038
리프팅,레이저리프팅,슈링크리프팅,https://www.yeoshin.co.kr/event/mobile/25027,슈링크 리프팅,https://d3gurpvil0se70.cloudfront.net/upfiles/images/product/vSH7EIdZv0CAly16hzKt3wMbtmr7.jpg?q=90&f=webp&w=1024,"#피부과 전문의
#리프팅레이저
#타이트닝",,,"330,000원",VAT 포함,"슈링크유니버스
시술시간
60분
마취여부
크림마취
회복시간
당일
시술효과
1~2개월",CNP차앤박피부과(명동점),전문의 1명 / 전문의 1명 / 여의사 진료 / 여의사 진료,"서울특별시 중구 명동8길 17 (명동2가) (명동 2 가, 6층)",크림마취,화요일 10:30 ~ 20:00 (점심 13:00 ~ 14:00) / 수요일 10:30 ~ 20:00 (점심 13:00 ~ 14:00) / 목요일 10:30 ~ 20:00 (점심 13:00 ~ 14:00) / 금요일 10:30 ~ 20:00 (점심 13:00 ~ 14:00) / 토요일 10:00 ~ 16:30 / 일요일 휴진,050803532612
리프팅,레이저리프팅,슈링크리프팅,https://www.yeoshin.co.kr/event/mobile/24928,홍대 언제나유리해! 슈링크.인모드.윤곽주사,https://d3gurpvil0se70.cloudfront.net/upfiles/images/product/3H1BoV1toNW417CsiChEzB1W0Iq7.jpg?q=90&f=webp&w=1024,"#리프팅레이저
#타이트닝",9.8,후기 182,"87,000원",VAT 포함,"슈링크유니버스
시술시간
10~20분
마취여부
크림마취
회복시간
약 3일
시술효과
3~6개월",유리에성형외과,전문의 2명 / 전문의 2명 / 수술실 CCTV / 수술실 CCTV / 응급처치 시스템 / 응급처치 시스템 / 기본 입원실 / 기본 입원실 / 전담회복실 / 전담회복실 / 사후관리 / 사후관리,서울특별시 마포구 양화로 165 (동교동) 상진빌딩1202호 12층 유리에 성형외과,"크림마취
수면마취
국소마취",화요일 10:30 ~ 20:30 / 수요일 10:30 ~ 19:30 / 목요일 10:30 ~ 20:30 / 금요일 10:30 ~ 19:30 / 토요일 10:00 ~ 17:00 / 일요일 휴진,050803530155
리프팅,레이저리프팅,슈링크리프팅,https://www.yeoshin.co.kr/event/mobile/2034,슈링크 유니버스 리프팅,https://d3gurpvil0se70.cloudfront.net/upfiles/images/product/fueEWFqtwDtMUgqMtnRv2G7IeWgA.jpg?q=90&f=webp&w=1024,"#리프팅레이저
#타이트닝
#눈가시술",9.3,후기 161,"55,000원",VAT 포함,"아이슈링크
시술시간
30분
마취여부
크림마취
회복시간
3일
시술효과
2달 후",데이원의원(강남역점),전문의 1명 / 전문의 1명,서울시 서초구 강남대로 423 데이원의원(강남역점),,화요일 10:30 ~ 20:30 (점심 13:00 ~ 14:00) / 수요일 10:30 ~ 20:30 (점심 13:00 ~ 14:00) / 목요일 10:30 ~ 20:30 (점심 13:00 ~ 14:00) / 금요일 10:30 ~ 20:30 (점심 13:00 ~ 14:00) / 토요일 10:30 ~ 16:00 / 일요일 휴진,0508-0353-7131
리프팅,레이저리프팅,슈링크리프팅,https://www.yeoshin.co.kr/event/mobile/7477,슈링크 유니버스,https://d3gurpvil0se70.cloudfront.net/upfiles/images/product/FOsurbsDXqDJJjp3CVijjTalEPl3.jpg?q=90&f=webp&w=1024,"#리프팅레이저
#타이트닝",,,"132,000원",VAT 포함,"슈링크유니버스
시술시간
30~40분
마취여부
크림마취
회복시간
3일
시술효과
1~2달 후",아비쥬의원(대전점),전문의 2명 / 전문의 2명,대전광역시 서구 대덕대로 219 아비쥬의원(대전점),,화요일 10:30 ~ 20:30 (점심 14:00 ~ 15:00) / 수요일 10:30 ~ 20:30 (점심 14:00 ~ 15:00) / 목요일 10:30 ~ 20:30 (점심 14:00 ~ 15:00) / 금요일 10:30 ~ 20:30 (점심 14:00 ~ 15:00) / 토요일 10:30 ~ 17:00 / 일요일 10:30 ~ 17:00,0508-0354-2871
리프팅,레이저리프팅,슈링크리프팅,https://www.yeoshin.co.kr/event/mobile/16042,슈링크 유니버스 300샷,https://d3gurpvil0se70.cloudfront.net/upfiles/images/product/Ri9nh1M901g13Cg4OVR9ve4neOx2.jpg?q=90&f=webp&w=1024,"#리프팅레이저
#타이트닝",9.5,후기 1122,,,"슈링크유니버스
시술시간
30~40분
마취여부
크림마취
회복시간
3일
시술효과
1~2달 후",메이드유의원(강남점),전문의 1명 / 전문의 1명,서울시 강남구 강남대로 516 메이드유의원(강남점),,화요일 10:00 ~ 20:00 (점심 14:00 ~ 15:00) / 수요일 10:00 ~ 19:00 (점심 14:00 ~ 15:00) / 목요일 10:00 ~ 20:00 (점심 14:00 ~ 15:00) / 금요일 10:00 ~ 19:00 (점심 14:00 ~ 15:00) / 토요일 10:00 ~ 16:00 / 일요일 휴진,0508-0353-5966
리프팅,레이저리프팅,슈링크리프팅,https://www.yeoshin.co.kr/event/mobile/8763,슈링크리프팅 100샷 3.3만!,https://d3gurpvil0se70.cloudfront.net/upfiles/images/product/2721603381.jpg?q=90&f=webp&w=1024,"#리프팅레이저
#타이트닝",9.3,후기 127,"33,000원",VAT 포함,"슈링크
시술시간
30분
마취여부
냉각마취
회복시간
3일
시술효과
2달 후",조은날의원,,서울시 강남구 강남대로 476 조은날의원,,화요일 10:30 ~ 20:30 (점심 13:00 ~ 14:00) / 수요일 10:30 ~ 20:30 (점심 13:00 ~ 14:00) / 목요일 10:30 ~ 20:30 (점심 13:00 ~ 14:00) / 금요일 10:30 ~ 20:30 (점심 13:00 ~ 14:00) / 토요일 10:30 ~ 16:30 / 일요일 휴진,0508-0353-4980
리프팅,레이저리프팅,슈링크리프팅,https://www.yeoshin.co.kr/event/mobile/23445,부위지정 슈링크 유니버스 이벤트,https://d3gurpvil0se70.cloudfront.net/upfiles/images/product/0haR895e6vS2vM1iMXHTQDEGu1a1.png?q=90&f=webp&w=1024,"#리프팅레이저
#타이트닝",9.8,후기 13,"55,000원",VAT 포함,"슈링크유니버스
시술시간
30~40분
마취여부
크림마취
회복시간
약 3일
시술효과
1~2개월",포메디한의원,여의사 진료 / 여의사 진료 / 전담회복실 / 전담회복실 / 사후관리 / 사후관리 / 영어 응대 / 영어 응대 / 중국어 응대 / 중국어 응대,인천광역시 남동구 구월로 212 (구월동) 힐캐슬프라자 205호,"크림마취
국소마취",화요일 09:30 ~ 19:30 (점심 13:00 ~ 14:00) / 수요일 09:30 ~ 19:30 (점심 13:00 ~ 14:00) / 목요일 09:30 ~ 14:00 / 금요일 09:30 ~ 19:30 (점심 13:00 ~ 14:00) / 토요일 09:00 ~ 14:00 / 일요일 휴진 / 공휴일 : 9:30 - 14:00,0508-0354-1775
리프팅,레이저리프팅,슈링크리프팅,https://www.yeoshin.co.kr/event/mobile/4156,#2세대슈링크 슈링크유니버스 100샷,https://d3gurpvil0se70.cloudfront.net/upfiles/images/product/2111104998.jpg?q=90&f=webp&w=1024,"#리프팅레이저
#타이트닝",9.7,후기 3,"55,000원",VAT 포함,"슈링크유니버스
시술시간
60분
마취여부
냉각마취
회복시간
3일
시술효과
2~3달 후",용인미하나의원,전문의 1명 / 전문의 1명,경기도 용인시 처인구 금령로 86 용인미하나의원,,화요일 10:00 ~ 20:30 (점심 13:00 ~ 14:00) / 수요일 10:00 ~ 20:30 (점심 13:00 ~ 14:00) / 목요일 10:00 ~ 20:30 (점심 13:00 ~ 14:00) / 금요일 10:00 ~ 20:30 (점심 13:00 ~ 14:00) / 토요일 10:00 ~ 16:30 / 일요일 휴진,0508-0353-9926
리프팅,레이저리프팅,슈링크리프팅,https://www.yeoshin.co.kr/event/mobile/295,[대표원장 시술] 슈링크 유니버스 리프팅,https://d3gurpvil0se70.cloudfront.net/upfiles/images/product/WUuW7C1dpAPSTezXD6TptaxjtWI4.jpg?q=90&f=webp&w=1024,"#리프팅레이저
#타이트닝",9.6,후기 106,"185,900원",VAT 포함,"슈링크유니버스
시술시간
30~40분
마취여부
크림마취
회복시간
3일
시술효과
1~2달 후",뷰티스카이의원,,서울특별시 강동구 올림픽로 653 뷰티스카이의원,,화요일 10:30 ~ 20:30 / 수요일 10:00 ~ 20:00 / 목요일 10:00 ~ 20:00 / 금요일 10:30 ~ 20:30 / 토요일 09:30 ~ 16:30 / 일요일 휴진,0508-0353-3433
리프팅,레이저리프팅,슈링크리프팅,https://www.yeoshin.co.kr/event/mobile/16100,슈링크,https://d3gurpvil0se70.cloudfront.net/upfiles/images/product/FtDiL0pe6xLu3KFQbhpfh1nSIqG7.jpg?q=90&f=webp&w=1024,"#리프팅레이저
#타이트닝",,,"440,000원",VAT 포함,"슈링크
시술시간
20~40분
마취여부
크림마취
회복시간
3일
시술효과
2달 후",동안중심의원,전문의 2명 / 전문의 2명,서울특별시 강남구 압구정로48길 26 (신사동) 동안중심의원,,화요일 10:00 ~ 19:00 (점심 13:00 ~ 14:00) / 수요일 10:00 ~ 19:00 (점심 13:00 ~ 14:00) / 목요일 10:00 ~ 19:00 (점심 13:00 ~ 14:00) / 금요일 12:00 ~ 21:00 / 토요일 10:00 ~ 16:00 / 일요일 휴진,0508-0353-9614
리프팅,레이저리프팅,슈링크리프팅,https://www.yeoshin.co.kr/event/mobile/6085,슈링크 200샷,https://d3gurpvil0se70.cloudfront.net/upfiles/images/product/X3GKfOqngHvUt1gLzMHh6PbDXAn.jpg?q=90&f=webp&w=1024,"#리프팅레이저
#타이트닝",8,후기 3,"99,000원",VAT 포함,"슈링크
시술시간
40분
마취여부
크림마취
회복시간
3일
시술효과
2달 후",365SY연세의원,전문의 1명 / 전문의 1명,경기도 성남시 분당구 서현로210번길 20 365SY연세의원,,화요일 09:00 ~ 16:30 (점심 13:00 ~ 14:00) / 수요일 09:00 ~ 16:30 (점심 13:00 ~ 14:00) / 목요일 09:00 ~ 16:30 (점심 13:00 ~ 14:00) / 금요일 09:00 ~ 16:30 (점심 13:00 ~ 14:00) / 토요일 휴진 / 일요일 휴진 / 일요일 변동있어요/전화문의바랍니다,0508-0354-0422
리프팅,레이저리프팅,슈링크리프팅,https://www.yeoshin.co.kr/event/mobile/24988,슈링크,https://d3gurpvil0se70.cloudfront.net/upfiles/images/product/xOp6wbJ4sFArGy0ZuUMz3EHrd1n8.jpg?q=90&f=webp&w=1024,"#리프팅레이저
#타이트닝",,,"97,900원",VAT 포함,"슈링크
시술시간
20~40분
마취여부
크림마취
회복시간
약 3일
시술효과
2개월 후",휴먼피부과의원(광명철산점),분야별 협진 / 분야별 협진 / 전담회복실 / 전담회복실 / 사후관리 / 사후관리 / 피부진단기 F-RAY 촬영 > / 피부진단기 F-RAY 촬영 > / 피부진단기 F-RAY 촬영 >,경기도 광명시 철산로 24 다인빌딩 301호 (철산동),,화요일 10:30 ~ 20:30 (점심 13:00 ~ 14:00) / 수요일 10:30 ~ 20:30 (점심 13:00 ~ 14:00) / 목요일 10:30 ~ 20:30 (점심 13:00 ~ 14:00) / 금요일 10:30 ~ 21:00 (점심 13:00 ~ 14:00) / 토요일 10:00 ~ 17:00 (점심 13:00 ~ 14:00) / 일요일 휴진,0508-0355-6373
리프팅,레이저리프팅,슈링크리프팅,https://www.yeoshin.co.kr/event/mobile/26243,올리지오/올리지오패키지/슈링크_정품,https://d3gurpvil0se70.cloudfront.net/upfiles/images/product/ssPVt9BEumYC52iq5EwecWlSeBF9.jpg?q=90&f=webp&w=1024,"#리프팅레이저
#얼굴지방개선",,,"539,000원",VAT 포함,"올리지오
시술시간
30~40분
마취여부
크림/수면
회복시간
약 1~2일
시술효과
1~2주 후",반니성형외과의원,전문의 2명 / 전문의 2명 / 여의사 진료 / 여의사 진료 / 수술실 CCTV / 수술실 CCTV / 전담회복실 / 전담회복실 / 사후관리 / 사후관리 / 중국어 응대 / 중국어 응대 / 일본어 응대 / 일본어 응대,"서울특별시 강남구 테헤란로 107 (역삼동) 8층 (역삼동, 메디타워)",,화요일 10:00 ~ 19:00 / 수요일 10:00 ~ 19:00 / 목요일 10:00 ~ 19:00 / 금요일 10:00 ~ 21:00 / 토요일 10:00 ~ 17:00 / 일요일 휴진,0508-0353-6588
리프팅,레이저리프팅,슈링크리프팅,https://www.yeoshin.co.kr/event/mobile/8495,슈링크+에어젯+아기레이저,https://d3gurpvil0se70.cloudfront.net/upfiles/images/product/3499330615.jpg?q=90&f=webp&w=1024,"#리프팅레이저
#타이트닝",,,"249,000원",VAT 포함,"에어젯
시술시간
40분
마취여부
크림마취
회복시간
3일
시술효과
2달 후",365SY연세의원,전문의 1명 / 전문의 1명,경기도 성남시 분당구 서현로210번길 20 365SY연세의원,,화요일 09:00 ~ 16:30 (점심 13:00 ~ 14:00) / 수요일 09:00 ~ 16:30 (점심 13:00 ~ 14:00) / 목요일 09:00 ~ 16:30 (점심 13:00 ~ 14:00) / 금요일 09:00 ~ 16:30 (점심 13:00 ~ 14:00) / 토요일 휴진 / 일요일 휴진 / 일요일 변동있어요/전화문의바랍니다,0508-0354-0422
리프팅,레이저리프팅,슈링크리프팅,https://www.yeoshin.co.kr/event/mobile/20236,슈링크 유니버스 서울페이스21 x 슈링크,https://d3gurpvil0se70.cloudfront.net/upfiles/images/product/zPYwzm8Y4A0PN8zHwFnZ5TuLxqh3.jpg?q=90&f=webp&w=1024,"#리프팅레이저
#타이트닝",9.7,후기 15,"99,000원",VAT 포함,"슈링크유니버스
시술시간
2~30분
마취여부
마취없음
회복시간
약 3일
시술효과
1~2개월",서울페이스21치과병원,전문의 1명 / 전문의 1명,서울시 강남구 강남대로 390 서울페이스21치과병원,,화요일 10:00 ~ 19:00 (점심 13:00 ~ 14:00) / 수요일 10:00 ~ 21:00 (점심 13:00 ~ 14:00) / 목요일 10:00 ~ 19:00 (점심 13:00 ~ 14:00) / 금요일 10:00 ~ 19:00 (점심 13:00 ~ 14:00) / 토요일 10:00 ~ 14:00 / 일요일 휴진,0508-0353-6443
리프팅,레이저리프팅,슈링크리프팅,https://www.yeoshin.co.kr/event/mobile/11288,슈링크리프팅,https://d3gurpvil0se70.cloudfront.net/upfiles/images/product/3320901631.jpg?q=90&f=webp&w=1024,"#리프팅레이저
#타이트닝",9.8,후기 9,"110,000원",VAT 포함,"슈링크
시술시간
30분
마취여부
크림마취
회복시간
3일
시술효과
2달 후",영드림의원,전문의 1명 / 전문의 1명,서울 송파구 백제고분로 262 영드림의원,,화요일 09:00 ~ 18:00 (점심 13:00 ~ 14:00) / 수요일 09:00 ~ 18:00 (점심 13:00 ~ 14:00) / 목요일 14:00 ~ 18:00 / 금요일 09:00 ~ 18:00 (점심 13:00 ~ 14:00) / 토요일 09:00 ~ 13:00 / 일요일 휴진,0508-0353-3043
리프팅,레이저리프팅,티타늄리프팅,https://www.yeoshin.co.kr/event/mobile/18797,고강도 티타늄 리프팅+ldm6분,https://d3gurpvil0se70.cloudfront.net/upfiles/images/product/XZ7xLhAryOQcRxsSKDugkmkhQ74.jpg?q=90&f=webp&w=1024,"#리프팅레이저
#타이트닝",8.9,후기 60,"319,000원",VAT 포함,"티타늄
시술시간
20분
마취여부
마취없음
회복시간
당일
시술효과
개인별 상이",뷰티앤디지털치과병원,전문의 9명 / 전문의 9명 / 피부진단기 F-RAY 촬영 > / 피부진단기 F-RAY 촬영 > / 피부진단기 F-RAY 촬영 >,"경기도 파주시 경의로1240번길 19 (와동동) 월드타워15차 7층, 8층",,화요일 10:00 ~ 20:00 / 수요일 10:00 ~ 20:00 / 목요일 10:00 ~ 20:00 / 금요일 10:00 ~ 18:00 / 토요일 10:00 ~ 16:00 / 일요일 휴진 / 월~금 점심시간은 2시~3시 입니다,0508-0353-9799
리프팅,레이저리프팅,티타늄리프팅,https://www.yeoshin.co.kr/event/mobile/18540,여배우리프팅 상륙! 울쎄라써마지티타늄리프팅,https://d3gurpvil0se70.cloudfront.net/upfiles/images/product/cKYp59v7ZkbxxphS8ToUUVBOJvB7.jpg?q=90&f=webp&w=1024,"#리프팅레이저
#타이트닝",9.6,후기 73,"590,000원",VAT 포함,"티타늄
시술시간
20분
마취여부
마취없음
회복시간
당일
시술효과
2~4주 후",로렐의원,전문의 1명 / 전문의 1명 / 영어 응대 / 영어 응대 / 중국어 응대 / 중국어 응대 / 일본어 응대 / 일본어 응대,서울특별시 강남구 선릉로152길 17 (청담동) 7층,,화요일 10:00 ~ 19:00 (점심 13:00 ~ 14:00) / 수요일 10:00 ~ 19:00 (점심 13:00 ~ 14:00) / 목요일 10:00 ~ 20:30 (점심 13:00 ~ 14:00) / 금요일 10:00 ~ 20:30 (점심 13:00 ~ 14:00) / 토요일 10:00 ~ 17:00 / 일요일 휴진,0508-0353-5495
리프팅,레이저리프팅,티타늄리프팅,https://www.yeoshin.co.kr/event/mobile/21916,인천 구월동 티타늄 리프팅 40kJ,https://d3gurpvil0se70.cloudfront.net/upfiles/images/product/nKCaW0ZEnoACgs99W5FCWxEWQlH2.png?q=90&f=webp&w=1024,"#리프팅레이저
#타이트닝",,,"429,000원",VAT 포함,"티타늄
시술시간
20분
마취여부
마취없음
회복시간
당일
시술효과
2~4주 후",닥터쁘띠의원(인천구월점),여의사 진료 / 여의사 진료 / 사후관리 / 사후관리,인천광역시 남동구 예술로 126 (구월동) 3층,"크림마취
비수면 무통마취
국소마취",화요일 10:30 ~ 20:30 / 수요일 10:30 ~ 20:30 / 목요일 10:30 ~ 20:30 / 금요일 10:30 ~ 20:30 / 토요일 10:30 ~ 17:00 / 일요일 10:30 ~ 17:00,0508-0353-0764
리프팅,레이저리프팅,티타늄리프팅,https://www.yeoshin.co.kr/event/mobile/23160,"영상O 올리원 리프팅_티타늄,튠,스킨보톡스",https://d3gurpvil0se70.cloudfront.net/upfiles/images/product/yqBrYub3yZ2LJXyiBClvo3O2Y6d3.jpg?q=90&f=webp&w=1024,"#피부과 전문의
#리프팅레이저
#타이트닝",10,후기 1,"2,750,000원",VAT 포함,"티타늄
시술시간
20분
마취여부
마취없음
회복시간
당일
시술효과
2~4주 후",페이브피부과의원(용산),전문의 1명 / 전문의 1명 / 여의사 진료 / 여의사 진료 / 수술실 CCTV / 수술실 CCTV / 사후관리 / 사후관리 / 영어 응대 / 영어 응대 / 중국어 응대 / 중국어 응대 / 일본어 응대 / 일본어 응대,"서울특별시 용산구 한강대로 69 (한강로2가, 용산푸르지오써밋) 페이브피부과의원",,화요일 10:00 ~ 20:00 (점심 13:00 ~ 14:00) / 수요일 휴진 / 목요일 10:00 ~ 20:00 (점심 13:00 ~ 14:00) / 금요일 10:00 ~ 20:00 (점심 13:00 ~ 14:00) / 토요일 09:30 ~ 15:00 / 일요일 휴진 / (공휴일이 있는 주는 수요일 정상진료),0508-0353-1618
리프팅,레이저리프팅,티타늄리프팅,https://www.yeoshin.co.kr/event/mobile/11001,피부과전문의_티타늄리프팅,https://d3gurpvil0se70.cloudfront.net/upfiles/images/product/zYza0foi21iEVF56Jz5pThbbK1eA.jpg?q=90&f=webp&w=1024,"#피부과 전문의
#리프팅레이저
#타이트닝",10,후기 2,"660,000원",VAT 포함,"티타늄
시술시간
20분
마취여부
마취없음
회복시간
당일
시술효과
2~4주 후",페이브피부과의원(용산),전문의 1명 / 전문의 1명 / 여의사 진료 / 여의사 진료 / 수술실 CCTV / 수술실 CCTV / 사후관리 / 사후관리 / 영어 응대 / 영어 응대 / 중국어 응대 / 중국어 응대 / 일본어 응대 / 일본어 응대,"서울특별시 용산구 한강대로 69 (한강로2가, 용산푸르지오써밋) 페이브피부과의원",,화요일 10:00 ~ 20:00 (점심 13:00 ~ 14:00) / 수요일 휴진 / 목요일 10:00 ~ 20:00 (점심 13:00 ~ 14:00) / 금요일 10:00 ~ 20:00 (점심 13:00 ~ 14:00) / 토요일 09:30 ~ 15:00 / 일요일 휴진 / (공휴일이 있는 주는 수요일 정상진료),0508-0353-1618
리프팅,레이저리프팅,티타늄리프팅,https://www.yeoshin.co.kr/event/mobile/26983,고강도 티타늄 리프팅 40KJ,https://d3gurpvil0se70.cloudfront.net/upfiles/images/product/alxkNtECBR005FRw4mZMshvYTW87.jpg?q=90&f=webp&w=1024,"#리프팅레이저
#타이트닝",10,후기 1,"396,000원",VAT 포함,"티타늄
시술시간
20분
마취여부
마취없음
회복시간
당일
시술효과
2~4주 후",VS라인의원(인천구월점),피부진단기 F-RAY 촬영 > / 피부진단기 F-RAY 촬영 > / 피부진단기 F-RAY 촬영 >,인천광역시 남동구 인하로489번길 10 VS라인의원(인천구월점),,화요일 10:00 ~ 20:00 / 수요일 10:00 ~ 20:00 / 목요일 10:00 ~ 20:00 / 금요일 10:00 ~ 20:00 / 토요일 10:00 ~ 17:00 / 일요일 휴진,0508-0354-1766
리프팅,레이저리프팅,티타늄리프팅,https://www.yeoshin.co.kr/event/mobile/27322,에르네의원 티타늄리프팅(마취선택),https://d3gurpvil0se70.cloudfront.net/upfiles/images/product/P2tpfPey8WaQ4JDmqiRQNE7LWM05.jpg?q=90&f=webp&w=1024,"#리프팅레이저
#타이트닝",,,"440,000원",VAT 포함,"티타늄
시술시간
20분
마취여부
마취타입 선택
회복시간
당일
시술효과
2~4주 후",에르네의원,여의사 진료 / 여의사 진료 / 영어 응대 / 영어 응대 / 중국어 응대 / 중국어 응대 / 일본어 응대 / 일본어 응대,서울시 서초구 서초대로 77길 59 에르네의원,,화요일 10:00 ~ 21:00 / 수요일 10:00 ~ 21:00 / 목요일 10:00 ~ 21:00 / 금요일 10:00 ~ 21:00 / 토요일 10:00 ~ 17:00 / 일요일 10:00 ~ 17:00,0508-0354-2964
리프팅,레이저리프팅,티타늄리프팅,https://www.yeoshin.co.kr/event/mobile/26700,"티타늄리프팅으로 화이트닝,리프팅,타이트닝",https://d3gurpvil0se70.cloudfront.net/upfiles/images/product/dEYvYlIWg4FALZFkvdmvgBqDyde8.jpg?q=90&f=webp&w=1024,"#리프팅레이저
#타이트닝",10,후기 1,"495,000원",VAT 포함,"티타늄
시술시간
20분
마취여부
마취없음
회복시간
당일
시술효과
2~4주 후",제이필의원(홍대점),전문의 1명 / 전문의 1명 / 여의사 진료 / 여의사 진료 / 수술실 CCTV / 수술실 CCTV / 분야별 협진 / 분야별 협진 / 사후관리 / 사후관리,서울특별시 마포구 양화로 166 (동교동) 제이필의원,"크림마취
수면마취
비수면 무통마취",화요일 10:00 ~ 20:00 / 수요일 10:00 ~ 20:00 / 목요일 10:00 ~ 20:00 / 금요일 10:00 ~ 20:00 / 토요일 10:00 ~ 17:00 / 일요일 휴진,050803543270
리프팅,레이저리프팅,티타늄리프팅,https://www.yeoshin.co.kr/event/mobile/16173,티타늄 리프팅,https://d3gurpvil0se70.cloudfront.net/upfiles/images/product/Q1mE9DfseMn8DcBrm0Zx6fs3WlD9.jpg?q=90&f=webp&w=1024,"#리프팅레이저
#타이트닝",9.3,후기 4,"209,000원",VAT 포함,"티타늄
시술시간
20분
마취여부
마취있음
회복시간
당일
시술효과
2~4주 후",제너리스의원(연신내점),,"서울특별시 은평구 연서로 216 (대조동, 대조동아트캐슬주상복합) 3층 제너리스의원",,화요일 10:30 ~ 20:00 (점심 13:00 ~ 14:00) / 수요일 10:30 ~ 20:00 (점심 13:00 ~ 14:00) / 목요일 10:30 ~ 20:00 (점심 13:00 ~ 14:00) / 금요일 10:30 ~ 20:00 (점심 13:00 ~ 14:00) / 토요일 10:00 ~ 17:00 (점심 13:00 ~ 14:00) / 일요일 휴진,0508-0353-9732
리프팅,레이저리프팅,티타늄리프팅,https://www.yeoshin.co.kr/event/mobile/27462,수원 티타늄리프팅,https://d3gurpvil0se70.cloudfront.net/upfiles/images/product/EH8ZHK1d2SgcbJ7IC0HISOVw9WR1.jpg?q=90&f=webp&w=1024,"#리프팅레이저
#타이트닝",,,"560,000원",VAT 포함,"티타늄
시술시간
20분
마취여부
마취포함
회복시간
당일
시술효과
즉시",샤인유의원(수원점),,경기도 수원시 팔달구 권광로 199 세영빌딩6층,,화요일 10:30 ~ 20:30 (점심 14:00 ~ 15:00) / 수요일 10:30 ~ 20:30 (점심 14:00 ~ 15:00) / 목요일 10:30 ~ 20:30 (점심 14:00 ~ 15:00) / 금요일 10:30 ~ 20:30 (점심 14:00 ~ 15:00) / 토요일 10:00 ~ 16:00 / 일요일 휴진,0508-0354-0678
리프팅,레이저리프팅,티타늄리프팅,https://www.yeoshin.co.kr/event/mobile/20568,탄방동 3파장 티타늄 60kJ,https://d3gurpvil0se70.cloudfront.net/upfiles/images/product/wg8Ep512ldDHtYB9ceVinshphoA2.png?q=90&f=webp&w=1024,"#리프팅레이저
#타이트닝",,,"814,000원",VAT 포함,"티타늄
시술시간
20분
마취여부
마취없음
회복시간
당일
시술효과
2~4주 후",닥터쁘띠의원(대전점),여의사 진료 / 여의사 진료,대전광역시 서구 문정로48번길 70 (탄방동) 우리병원건물 2층 닥터쁘띠의원 대전점,,화요일 10:00 ~ 20:00 (점심 13:00 ~ 14:00) / 수요일 10:00 ~ 20:00 (점심 13:00 ~ 14:00) / 목요일 10:00 ~ 20:00 (점심 13:00 ~ 14:00) / 금요일 10:00 ~ 20:00 (점심 13:00 ~ 14:00) / 토요일 10:00 ~ 16:30 / 일요일 휴진 / *공휴일 : 10:00 ~ 17:00,0508-0353-0924
리프팅,레이저리프팅,티타늄리프팅,https://www.yeoshin.co.kr/event/mobile/25040,리프팅 (의료진 지정불가),https://d3gurpvil0se70.cloudfront.net/upfiles/images/product/DgcEYRziToBACwdPPp55w9F75SG5.jpg?q=90&f=webp&w=1024,"#피부과 전문의
#리프팅레이저
#타이트닝",,,"1,100,000원",VAT 포함,"티타늄
시술시간
20분
마취여부
마취크림
회복시간
당일
시술효과
2~4주 후",페이브피부과의원(용산),전문의 1명 / 전문의 1명 / 여의사 진료 / 여의사 진료 / 수술실 CCTV / 수술실 CCTV / 사후관리 / 사후관리 / 영어 응대 / 영어 응대 / 중국어 응대 / 중국어 응대 / 일본어 응대 / 일본어 응대,"서울특별시 용산구 한강대로 69 (한강로2가, 용산푸르지오써밋) 페이브피부과의원",,화요일 10:00 ~ 20:00 (점심 13:00 ~ 14:00) / 수요일 휴진 / 목요일 10:00 ~ 20:00 (점심 13:00 ~ 14:00) / 금요일 10:00 ~ 20:00 (점심 13:00 ~ 14:00) / 토요일 09:30 ~ 15:00 / 일요일 휴진 / (공휴일이 있는 주는 수요일 정상진료),0508-0353-1618
리프팅,레이저리프팅,티타늄리프팅,https://www.yeoshin.co.kr/event/mobile/15143,피부과전문의 티타늄(80kj)+튠라이너 외,https://d3gurpvil0se70.cloudfront.net/upfiles/images/product/IDJnc5cu96ir9Ob7vMv4G8ST8BrA.jpg?q=90&f=webp&w=1024,"#피부과 전문의
#리프팅레이저
#타이트닝",,,"1,540,000원",VAT 포함,"티타늄
시술시간
20분
마취여부
마취없음
회복시간
당일
시술효과
2~4주 후",페이브피부과의원(용산),전문의 1명 / 전문의 1명 / 여의사 진료 / 여의사 진료 / 수술실 CCTV / 수술실 CCTV / 사후관리 / 사후관리 / 영어 응대 / 영어 응대 / 중국어 응대 / 중국어 응대 / 일본어 응대 / 일본어 응대,"서울특별시 용산구 한강대로 69 (한강로2가, 용산푸르지오써밋) 페이브피부과의원",,화요일 10:00 ~ 20:00 (점심 13:00 ~ 14:00) / 수요일 휴진 / 목요일 10:00 ~ 20:00 (점심 13:00 ~ 14:00) / 금요일 10:00 ~ 20:00 (점심 13:00 ~ 14:00) / 토요일 09:30 ~ 15:00 / 일요일 휴진 / (공휴일이 있는 주는 수요일 정상진료),0508-0353-1618
리프팅,레이저리프팅,티타늄리프팅,https://www.yeoshin.co.kr/event/mobile/26795,잠실온 피부과 전문의_ 티타늄 리프팅,https://d3gurpvil0se70.cloudfront.net/upfiles/images/product/5nJzBHnW6IWoq0nS6iEowUIMOXR6.png?q=90&f=webp&w=1024,"#피부과 전문의
#리프팅레이저
#타이트닝",10,후기 1,"385,000원",VAT 포함,"티타늄
시술시간
40분
마취여부
마취크림
회복시간
당일
시술효과
2~4주 후",잠실온피부과의원,전문의 2명 / 전문의 2명 / 여의사 진료 / 여의사 진료 / 사후관리 / 사후관리,"서울특별시 송파구 송파대로 562 (신천동, 웰리스타워,삼성웰리스아파트) 잠실온피부과의원","크림마취
국소마취",화요일 10:00 ~ 20:00 (점심 13:00 ~ 14:00) / 수요일 10:00 ~ 20:00 (점심 13:00 ~ 14:00) / 목요일 10:00 ~ 20:00 (점심 13:00 ~ 14:00) / 금요일 10:00 ~ 20:00 (점심 13:00 ~ 14:00) / 토요일 10:00 ~ 16:00 / 일요일 휴진,050803543275
리프팅,레이저리프팅,티타늄리프팅,https://www.yeoshin.co.kr/event/mobile/22357,[플래티넘] 티타늄 리프팅 이벤트,https://d3gurpvil0se70.cloudfront.net/upfiles/images/product/oIEmZyisvovqD7e1gIjH2JOLhTG5.jpg?q=90&f=webp&w=1024,"#리프팅레이저
#타이트닝",9.2,후기 86,"190,000원",VAT 포함,"티타늄
시술시간
20분
마취여부
크림마취
회복시간
당일
시술효과
2~4주 후",플래티넘의원,,"서울특별시 서초구 강남대로 589 (잠원동) 5층 (잠원동, 멀버리힐스 메디컬타워)","크림마취
비수면 무통마취","화요일 10:00 ~ 19:00 (점심 13:00 ~ 14:00) / 수요일 10:00 ~ 19:00 (점심 13:00 ~ 14:00) / 목요일 10:00 ~ 19:00 (점심 13:00 ~ 14:00) / 금요일 10:00 ~ 19:00 (점심 13:00 ~ 14:00) / 토요일 10:00 ~ 16:00 (점심 13:00 ~ 14:00) / 일요일 휴진 / 매주 수요일, 일요일 휴진입니다.",0508-0353-4211
리프팅,레이저리프팅,티타늄리프팅,https://www.yeoshin.co.kr/event/mobile/17570,고강도 티타늄 리프팅,https://d3gurpvil0se70.cloudfront.net/upfiles/images/product/j5TlKEGwCicmCotz5S1Ez4m2PGn5.jpg?q=90&f=webp&w=1024,"#리프팅레이저
#타이트닝",10,후기 2,"440,000원",VAT 포함,"티타늄
시술시간
30분
마취여부
별도문의
회복시간
당일
시술효과
1주 후",세가지소원의원(압구정),영어 응대 / 영어 응대 / 중국어 응대 / 중국어 응대 / 일본어 응대 / 일본어 응대,서울특별시 강남구 논현로 824 세가지소원의원(압구정),,화요일 10:00 ~ 20:00 / 수요일 10:00 ~ 19:00 / 목요일 10:00 ~ 20:00 / 금요일 10:00 ~ 19:00 / 토요일 10:00 ~ 17:00 / 일요일 휴진,0508-0353-5028
리프팅,레이저리프팅,티타늄리프팅,https://www.yeoshin.co.kr/event/mobile/27575,즉각효과 1:1디자인 티타늄 50KJ,https://d3gurpvil0se70.cloudfront.net/upfiles/images/product/T76pF3yHaVHEvg0MxTCdLjace2n.jpg?q=90&f=webp&w=1024,"#리프팅레이저
#타이트닝",,,"603,900원",VAT 포함,"티타늄
시술시간
20분
마취여부
마취없음
회복시간
당일
시술효과
2~4주 후",리베리의원(마포점),사후관리 / 사후관리,서울특별시 마포구 월드컵로 200 (성산동) SJ라벨라 11층,"크림마취
국소마취",화요일 10:30 ~ 20:30 (점심 14:00 ~ 15:00) / 수요일 10:30 ~ 20:30 (점심 14:00 ~ 15:00) / 목요일 10:30 ~ 20:30 (점심 14:00 ~ 15:00) / 금요일 10:30 ~ 20:30 (점심 14:00 ~ 15:00) / 토요일 10:30 ~ 15:30 / 일요일 휴진,"서울특별시 마포구 월드컵로 200, 11층 1101,1102호(성산동, SJ라벨라 상암)"
리프팅,레이저리프팅,티타늄리프팅,https://www.yeoshin.co.kr/event/mobile/18660,올인원 티타늄,https://d3gurpvil0se70.cloudfront.net/upfiles/images/product/dFNQzwl6KN53TAXNxLITuwpbDRsA.png?q=90&f=webp&w=1024,"#피부과 전문의
#리프팅레이저
#타이트닝",,,"495,000원",VAT 포함,"티타늄
시술시간
20분
마취여부
마취없음
회복시간
당일
시술효과
2~4주 후",리엔장성형외과의원(본점),전문의 7명 / 전문의 7명 / 영어 응대 / 영어 응대 / 중국어 응대 / 중국어 응대 / 일본어 응대 / 일본어 응대,서울특별시 서초구 강남대로 403 (서초동) 14~18층(서초동),,화요일 10:00 ~ 20:00 / 수요일 10:00 ~ 20:00 / 목요일 10:00 ~ 20:00 / 금요일 10:00 ~ 20:00 / 토요일 09:30 ~ 17:00 / 일요일 11:00 ~ 17:00 / 일요일 : 휴진(글로벌센터만 운영),0508-0353-7084
리프팅,레이저리프팅,티타늄리프팅,https://www.yeoshin.co.kr/event/mobile/27275,더프라이드 올인원 티타늄 리프팅,https://d3gurpvil0se70.cloudfront.net/upfiles/images/product/TNWqIYHq3EHVHiJ8mYiWDiuR3cf3.jpg?q=90&f=webp&w=1024,"#리프팅레이저
#타이트닝",10,후기 1,"275,000원",VAT 포함,"티타늄
시술시간
20분
마취여부
마취없음
회복시간
당일
시술효과
2~4주 후",더프라이드성형외과의원,전문의 4명 / 전문의 4명,서울특별시 강남구 논현로 842 (신사동) 압구정빌딩 4층,"수면마취
전신마취
국소마취",화요일 10:00 ~ 19:00 / 수요일 10:00 ~ 19:00 / 목요일 10:00 ~ 19:00 / 금요일 10:00 ~ 19:00 / 토요일 10:00 ~ 17:00 / 일요일 휴진,050803530154
리프팅,레이저리프팅,티타늄리프팅,https://www.yeoshin.co.kr/event/mobile/27227,신사-티타늄 리프팅,https://d3gurpvil0se70.cloudfront.net/upfiles/images/product/ViziJ0bwTTClVgDE6BtsvLYZSYo5.jpg?q=90&f=webp&w=1024,"#리프팅레이저
#타이트닝",,,"440,000원",VAT 포함,"티타늄
시술시간
20분
마취여부
마취없음
회복시간
당일
시술효과
2~4주 후",제로의원(신사점),,서울특별시 강남구 도산대로 108 (논현동) 6층,,화요일 10:30 ~ 20:30 (점심 13:00 ~ 14:00) / 수요일 10:30 ~ 20:30 (점심 13:00 ~ 14:00) / 목요일 10:30 ~ 20:30 (점심 13:00 ~ 14:00) / 금요일 10:30 ~ 20:30 (점심 13:00 ~ 14:00) / 토요일 10:00 ~ 16:00 / 일요일 휴진,050803543403
리프팅,레이저리프팅,티타늄리프팅,https://www.yeoshin.co.kr/event/mobile/26161,(원장상담후 시술)티타늄리프팅 40KJ,https://d3gurpvil0se70.cloudfront.net/upfiles/images/product/7X4Dh8KvXktR5imBq9GXLLXOM2W4.jpg?q=90&f=webp&w=1024,"#리프팅레이저
#타이트닝",10,후기 3,"390,000원",VAT 포함,"티타늄
시술시간
20분
마취여부
마취없음
회복시간
당일
시술효과
2~4주 후",오운의원(삼성점),,"서울특별시 강남구 테헤란로87길 36 (삼성동) 301~303호(삼성동, 도심공항타워)",,화요일 10:30 ~ 20:30 / 수요일 10:30 ~ 20:30 / 목요일 10:30 ~ 20:30 / 금요일 10:30 ~ 20:30 / 토요일 10:30 ~ 16:30 / 일요일 10:30 ~ 16:30 / 접수마감 (평일 19:30/ 주말 15:30),050803531550
리프팅,레이저리프팅,티타늄리프팅,https://www.yeoshin.co.kr/event/mobile/15110,티타늄리프팅 & 컷주사,https://d3gurpvil0se70.cloudfront.net/upfiles/images/product/EQ0PhlqhiziiGWuFvrjKGrCMzFu.jpg?q=90&f=webp&w=1024,"#리프팅레이저
#타이트닝",8.9,후기 7,"935,000원",VAT 포함,"리프팅레이저
시술시간
30분
마취여부
마취없음
회복시간
1일
시술효과
2~3일 후",유라인의원,전문의 1명 / 전문의 1명,서울특별시 강남구 선릉로160길 7 유라인의원,,화요일 10:00 ~ 19:00 / 수요일 휴진 / 목요일 10:00 ~ 20:00 / 금요일 10:00 ~ 20:00 / 토요일 10:00 ~ 16:00 / 일요일 휴진,0508-0353-4222
리프팅,레이저리프팅,티타늄리프팅,https://www.yeoshin.co.kr/event/mobile/25768,울쎄라200샷+티타늄40KJ,https://d3gurpvil0se70.cloudfront.net/upfiles/images/product/5evO3nvIeWu0H6VjHahBYmwyZ9o7.jpg?q=90&f=webp&w=1024,"#리프팅레이저
#타이트닝",,,"825,000원",VAT 포함,"티타늄
시술시간
60분
마취여부
마취있음
회복시간
당일
시술효과
2~4주 후",시안의원,여의사 진료 / 여의사 진료 / 마취과의 진료 / 마취과의 진료 / 수술실 CCTV / 수술실 CCTV / 기본 입원실 / 기본 입원실 / 사후관리 / 사후관리,서울특별시 서초구 강남대로 439 (서초동) 8층,"크림마취
수면마취
국소마취",화요일 10:30 ~ 20:00 / 수요일 10:30 ~ 20:00 / 목요일 10:30 ~ 20:00 / 금요일 10:30 ~ 20:00 / 토요일 10:00 ~ 17:00 / 일요일 휴진,050803533980
리프팅,레이저리프팅,티타늄리프팅,https://www.yeoshin.co.kr/event/mobile/19970,왕십리 티타늄 리프팅 (60kJ),https://d3gurpvil0se70.cloudfront.net/upfiles/images/product/kjV2ZfBoaSiZGdGtDFgSfQ65Z9b1.png?q=90&f=webp&w=1024,"#리프팅레이저
#타이트닝",9.7,후기 11,"440,000원",VAT 포함,"티타늄
시술시간
20분
마취여부
마취없음
회복시간
당일
시술효과
2~4주 후",닥터쁘띠의원(왕십리점),전문의 1명 / 전문의 1명,서울특별시 성동구 왕십리로 320 (도선동) 2층 닥터쁘띠의원 왕십리점,"크림마취
국소마취",화요일 10:00 ~ 20:00 (점심 13:00 ~ 14:00) / 수요일 휴진 / 목요일 10:00 ~ 20:00 (점심 13:00 ~ 14:00) / 금요일 10:00 ~ 20:00 (점심 13:00 ~ 14:00) / 토요일 10:00 ~ 16:00 / 일요일 휴진,0508-0353-1857
리프팅,레이저리프팅,티타늄리프팅,https://www.yeoshin.co.kr/event/mobile/18733,티타늄 리프 우아_티타늄 리프팅,https://d3gurpvil0se70.cloudfront.net/upfiles/images/product/CqFGEBhScOcRG4Fpk93aIkKdSgi1.jpg?q=90&f=webp&w=1024,"#리프팅레이저
#타이트닝",10,후기 3,"660,000원",VAT 포함,"티타늄
시술시간
20분
마취여부
마취없음
회복시간
당일
시술효과
2~4주 후",우아성형외과의원,전문의 7명 / 전문의 7명 / 여의사 진료 / 여의사 진료 / 마취과의 진료 / 마취과의 진료 / 수술실 CCTV / 수술실 CCTV / 응급처치 시스템 / 응급처치 시스템 / 분야별 협진 / 분야별 협진 / 기본 입원실 / 기본 입원실 / 전담회복실 / 전담회복실 / 사후관리 / 사후관리 / 영어 응대 / 영어 응대 / 중국어 응대 / 중국어 응대 / 일본어 응대 / 일본어 응대,"서울특별시 강남구 강남대로 492 (논현동) 지하 1층, 3층, 4층, 5층, 6층, 10층,12층 각 전체(논현동, HM타워)","크림마취
수면마취
전신마취
국소마취",화요일 10:00 ~ 19:00 / 수요일 10:00 ~ 19:00 / 목요일 10:00 ~ 19:00 / 금요일 10:00 ~ 20:30 / 토요일 10:00 ~ 17:00 / 일요일 휴진,0508-0353-5445
리프팅,레이저리프팅,티타늄리프팅,https://www.yeoshin.co.kr/event/mobile/23214,3가지 효과를 동시에 베이드 티타늄 리프팅,https://d3gurpvil0se70.cloudfront.net/upfiles/images/product/dfK7uwq3gbCMj04AxWX5RsQJxf28.jpg?q=90&f=webp&w=1024,"#리프팅레이저
#타이트닝",9,후기 2,"550,000원",VAT 포함,"티타늄
시술시간
20분
마취여부
마취없음
회복시간
당일
시술효과
2~4주 후",베이드의원,전문의 3명 / 전문의 3명 / 영어 응대 / 영어 응대 / 중국어 응대 / 중국어 응대 / 피부진단기 F-RAY 촬영 > / 피부진단기 F-RAY 촬영 > / 피부진단기 F-RAY 촬영 >,서울특별시 강남구 논현로 839 베이드의원,,화요일 10:00 ~ 20:00 (점심 13:00 ~ 14:00) / 수요일 10:00 ~ 20:00 (점심 13:00 ~ 14:00) / 목요일 10:00 ~ 20:00 (점심 13:00 ~ 14:00) / 금요일 10:00 ~ 20:00 (점심 13:00 ~ 14:00) / 토요일 10:00 ~ 16:00 / 일요일 휴진,0508-0353-3673
리프팅,레이저리프팅,티타늄리프팅,https://www.yeoshin.co.kr/event/mobile/27780,60kj 티타늄 도입 이벤트 패키지,https://d3gurpvil0se70.cloudfront.net/upfiles/images/product/pJoByY2MBadXxPRGz27tnuZCEIq7.jpg?q=90&f=webp&w=1024,"#피부과 전문의
#리프팅레이저
#타이트닝",,,"660,000원",VAT 포함,"티타늄
시술시간
20분
마취여부
마취없음
회복시간
당일
시술효과
2~4주 후",휴먼피부과의원(청라점),전문의 4명 / 전문의 4명 / 여의사 진료 / 여의사 진료,인천광역시 서구 중봉대로 594 비전프라자 4층 휴먼피부과의원(청라점),"크림마취
수면마취
비수면 무통마취",화요일 10:00 ~ 19:00 (점심 12:00 ~ 14:00) / 수요일 10:00 ~ 20:30 (점심 12:00 ~ 14:00) / 목요일 10:00 ~ 19:00 (점심 12:00 ~ 14:00) / 금요일 10:00 ~ 20:30 (점심 12:00 ~ 14:00) / 토요일 10:00 ~ 16:00 / 일요일 휴진 / 진료마감 : 월수금 19:30 / 화목 18:00 / 토 15:00,0508-0354-1088
리프팅,레이저리프팅,티타늄리프팅,https://www.yeoshin.co.kr/event/mobile/20668,[NIKS] 소프라노티타늄 리프팅,https://d3gurpvil0se70.cloudfront.net/upfiles/images/product/8QgMRUh2V987U9YqEjwoSBA6AXF2.jpg?q=90&f=webp&w=1024,"#리프팅레이저
#타이트닝",,,"880,000원",VAT 포함,"티타늄
시술시간
20분
마취여부
마취없음
회복시간
당일
시술효과
2~4주 후",닉스의원(천안점),,충청남도 천안시 서북구 불당21로 67-8 (불당동) 정석프라자4차 3층 (닉스의원),"크림마취
수면마취
비수면 무통마취
국소마취",화요일 10:00 ~ 20:00 (점심 14:00 ~ 15:00) / 수요일 10:00 ~ 20:00 (점심 14:00 ~ 15:00) / 목요일 10:00 ~ 20:00 (점심 14:00 ~ 15:00) / 금요일 10:00 ~ 20:00 (점심 14:00 ~ 15:00) / 토요일 10:00 ~ 16:00 / 일요일 휴진 / [일요일/공휴일 휴진],0508-0354-2993
리프팅,레이저리프팅,티타늄리프팅,https://www.yeoshin.co.kr/event/mobile/20601,[NIKS] 소프라노티타늄 리프팅,https://d3gurpvil0se70.cloudfront.net/upfiles/images/product/pHsyYCb37k10Kfevh0JqJxwAakw7.png?q=90&f=webp&w=1024,"#리프팅레이저
#타이트닝",,,"880,000원",VAT 포함,"티타늄
시술시간
20분
마취여부
마취없음
회복시간
당일
시술효과
2~4주 후",닉스의원(대전점),,대전광역시 서구 대덕대로 194 (둔산동) 2층 (닉스의원),"크림마취
수면마취
국소마취","화요일 10:00 ~ 20:00 (점심 14:00 ~ 15:00) / 수요일 10:00 ~ 20:00 (점심 14:00 ~ 15:00) / 목요일 10:00 ~ 20:00 (점심 14:00 ~ 15:00) / 금요일 10:00 ~ 20:00 (점심 14:00 ~ 15:00) / 토요일 10:00 ~ 16:00 / 일요일 휴진 / [일요일, 공휴일 휴진]",0508-0354-2955
리프팅,레이저리프팅,티타늄리프팅,https://www.yeoshin.co.kr/event/mobile/20632,[NIKS] 티타늄리프팅 60kJ 이벤트,https://d3gurpvil0se70.cloudfront.net/upfiles/images/product/OHBXKXcvJpOsg4UkSiwDwGMQnLN7.jpg?q=90&f=webp&w=1024,"#리프팅레이저
#타이트닝",,,"880,000원",VAT 포함,"티타늄
시술시간
20분
마취여부
마취없음
회복시간
당일
시술효과
2~4주 후",닉스의원(수원점),여의사 진료 / 여의사 진료,경기도 수원시 팔달구 효원로265번길 28 (인계동) 3층 (인계동),"크림마취
수면마취
국소마취",화요일 10:30 ~ 20:30 (점심 14:00 ~ 15:00) / 수요일 10:30 ~ 20:30 (점심 14:00 ~ 15:00) / 목요일 10:30 ~ 20:30 (점심 14:00 ~ 15:00) / 금요일 10:30 ~ 20:30 (점심 14:00 ~ 15:00) / 토요일 10:30 ~ 16:30 / 일요일 휴진 / *일요일/공휴일 휴진,0508-0354-3026
리프팅,레이저리프팅,티타늄리프팅,https://www.yeoshin.co.kr/event/mobile/4024,티타늄 리프팅,https://d3gurpvil0se70.cloudfront.net/upfiles/images/product/7QrfsJqIuXga2aQVdfV9ia2xSuCA.jpg?q=90&f=webp&w=1024,"#리프팅레이저
#타이트닝",,,"440,000원",VAT 포함,"티타늄
시술시간
30분
마취여부
마취없음
회복시간
당일
시술효과
2~4주 후",데이원의원(강남역점),전문의 1명 / 전문의 1명,서울시 서초구 강남대로 423 데이원의원(강남역점),,화요일 10:30 ~ 20:30 (점심 13:00 ~ 14:00) / 수요일 10:30 ~ 20:30 (점심 13:00 ~ 14:00) / 목요일 10:30 ~ 20:30 (점심 13:00 ~ 14:00) / 금요일 10:30 ~ 20:30 (점심 13:00 ~ 14:00) / 토요일 10:30 ~ 16:00 / 일요일 휴진,0508-0353-7131
리프팅,레이저리프팅,티타늄리프팅,https://www.yeoshin.co.kr/event/mobile/6111,릴리 트리플 티타늄,https://d3gurpvil0se70.cloudfront.net/upfiles/images/product/1312904012.jpg?q=90&f=webp&w=1024,"#리프팅레이저
#타이트닝",,,"913,000원",VAT 포함,"티타늄
시술시간
60분
마취여부
냉각마취
회복시간
3일
시술효과
2~3달 후",센텀릴리의원,전문의 1명 / 전문의 1명,부산광역시 해운대구 센텀2로 15 센텀릴리의원,,화요일 11:00 ~ 20:00 (점심 13:00 ~ 14:00) / 수요일 11:00 ~ 20:00 (점심 13:00 ~ 14:00) / 목요일 11:00 ~ 20:00 (점심 13:00 ~ 14:00) / 금요일 11:00 ~ 20:00 (점심 13:00 ~ 14:00) / 토요일 11:00 ~ 16:00 / 일요일 휴진,0508-0354-2054
리프팅,레이저리프팅,티타늄리프팅,https://www.yeoshin.co.kr/event/mobile/26832,TRC인증 병원/ 티타늄 리프팅,https://d3gurpvil0se70.cloudfront.net/upfiles/images/product/hkVgrX5YrvkmyK0bphNYCbQSThz2.jpg?q=90&f=webp&w=1024,"#피부과 전문의
#리프팅레이저
#타이트닝",,,"649,000원",VAT 포함,"티타늄
시술시간
20분
마취여부
마취없음
회복시간
당일
시술효과
2~4주 후",청담엔케이피부과의원,전문의 1명 / 전문의 1명 / 여의사 진료 / 여의사 진료 / 피부진단기 F-RAY 촬영 > / 피부진단기 F-RAY 촬영 > / 피부진단기 F-RAY 촬영 >,서울특별시 강서구 마곡중앙5로 81 (마곡동) 5층 청담NK피부과의원,,화요일 10:00 ~ 19:00 (점심 13:00 ~ 14:00) / 수요일 10:00 ~ 19:00 (점심 13:00 ~ 14:00) / 목요일 10:00 ~ 19:00 (점심 13:00 ~ 14:00) / 금요일 10:00 ~ 20:00 (점심 13:00 ~ 14:00) / 토요일 09:30 ~ 14:30 / 일요일 휴진,050803531467
리프팅,레이저리프팅,티타늄리프팅,https://www.yeoshin.co.kr/event/mobile/16062,피부탄력과 피부톤개선 티타늄리프팅,https://d3gurpvil0se70.cloudfront.net/upfiles/images/product/5Sg0SDztD6yjIoNng3o8EN52FxH7.jpg?q=90&f=webp&w=1024,"#리프팅레이저
#타이트닝",9.6,후기 371,,,"티타늄
시술시간
20분
마취여부
마취없음
회복시간
당일
시술효과
3~4주 후",메이드유의원(강남점),전문의 1명 / 전문의 1명,서울시 강남구 강남대로 516 메이드유의원(강남점),,화요일 10:00 ~ 20:00 (점심 14:00 ~ 15:00) / 수요일 10:00 ~ 19:00 (점심 14:00 ~ 15:00) / 목요일 10:00 ~ 20:00 (점심 14:00 ~ 15:00) / 금요일 10:00 ~ 19:00 (점심 14:00 ~ 15:00) / 토요일 10:00 ~ 16:00 / 일요일 휴진,0508-0353-5966
리프팅,레이저리프팅,티타늄리프팅,https://www.yeoshin.co.kr/event/mobile/15378,즉각적인 효과 티타늄 리프팅,https://d3gurpvil0se70.cloudfront.net/upfiles/images/product/zKAPpm0IZ9cSwEXQq0ZANX0qoxf5.jpg?q=90&f=webp&w=1024,"#리프팅레이저
#타이트닝",,,"550,000원",VAT 포함,"티타늄
시술시간
20분
마취여부
마취없음
회복시간
당일
시술효과
2~4주 후",CnB맑고고운본점피부과(주안),영어 응대 / 영어 응대,인천광역시 미추홀구 미추홀대로 610 (주안동) 현대메디컬프라자 3층,,화요일 10:00 ~ 19:00 (점심 13:00 ~ 14:00) / 수요일 10:00 ~ 19:00 (점심 13:00 ~ 14:00) / 목요일 10:00 ~ 19:00 (점심 13:00 ~ 14:00) / 금요일 10:00 ~ 19:00 (점심 13:00 ~ 14:00) / 토요일 10:00 ~ 16:00 / 일요일 휴진,0508-0354-1503
리프팅,레이저리프팅,티타늄리프팅,https://www.yeoshin.co.kr/event/mobile/9728,"세가지 동시 파장, 티타늄리프팅",https://d3gurpvil0se70.cloudfront.net/upfiles/images/product/mYMxvdpn1ftbjD0F0pvvE8juJv03.jpg?q=90&f=webp&w=1024,"#리프팅레이저
#타이트닝",,,"319,000원",VAT 포함,"티타늄
시술시간
20분
마취여부
마취없음
회복시간
당일
시술효과
2~4주 후",오운의원(구리점),여의사 진료 / 여의사 진료,"경기도 구리시 산마루로 5 대방디엠시티 3층, 오운의원(구리점)",,화요일 10:00 ~ 20:00 (점심 13:00 ~ 14:00) / 수요일 10:00 ~ 20:00 (점심 13:00 ~ 14:00) / 목요일 10:00 ~ 20:00 (점심 13:00 ~ 14:00) / 금요일 10:00 ~ 20:00 (점심 13:00 ~ 14:00) / 토요일 10:00 ~ 16:00 / 일요일 휴진,0508-0353-9945
리프팅,레이저리프팅,티타늄리프팅,https://www.yeoshin.co.kr/event/mobile/15165,티타늄리프팅 Alma키닥터,https://d3gurpvil0se70.cloudfront.net/upfiles/images/product/vGKI4Zi8s9ku3LaZmJUDF0PC7cY8.jpg?q=90&f=webp&w=1024,"#리프팅레이저
#타이트닝",10,후기 2,"440,000원",VAT 포함,"티타늄
시술시간
20분
마취여부
크림마취
회복시간
당일
시술효과
당일",라클라쎄의원,,서울특별시 강남구 테헤란로 101 (역삼동) 라클라쎄의원,,화요일 10:00 ~ 20:00 (점심 13:00 ~ 14:00) / 수요일 10:00 ~ 20:00 (점심 13:00 ~ 14:00) / 목요일 10:00 ~ 20:00 (점심 13:00 ~ 14:00) / 금요일 10:00 ~ 20:00 (점심 13:00 ~ 14:00) / 토요일 10:00 ~ 16:00 / 일요일 10:00 ~ 16:00,0508-0353-6793
리프팅,레이저리프팅,풀페이스리프팅,https://www.yeoshin.co.kr/event/mobile/18803,인모드fx 풀페이스,https://d3gurpvil0se70.cloudfront.net/upfiles/images/product/0UYIJhja0CJq2wvcHg82TmdwxKi1.jpg?q=90&f=webp&w=1024,"#리프팅레이저
#얼굴지방개선
#타이트닝",8.7,후기 25,"88,000원",VAT 포함,"인모드 FX
시술시간
10분
마취여부
마취없음
회복시간
1주일
시술효과
점차 증진",뷰티앤디지털치과병원,전문의 9명 / 전문의 9명 / 피부진단기 F-RAY 촬영 > / 피부진단기 F-RAY 촬영 > / 피부진단기 F-RAY 촬영 >,"경기도 파주시 경의로1240번길 19 (와동동) 월드타워15차 7층, 8층",,화요일 10:00 ~ 20:00 / 수요일 10:00 ~ 20:00 / 목요일 10:00 ~ 20:00 / 금요일 10:00 ~ 18:00 / 토요일 10:00 ~ 16:00 / 일요일 휴진 / 월~금 점심시간은 2시~3시 입니다,0508-0353-9799
리프팅,레이저리프팅,풀페이스리프팅,https://www.yeoshin.co.kr/event/mobile/11972,롱&핏 인모드 풀페이스 리프팅,https://d3gurpvil0se70.cloudfront.net/upfiles/images/product/I5kKkIqKJHx0IIsJZQvM1tn3RAV6.jpg?q=90&f=webp&w=1024,"#리프팅레이저
#얼굴지방개선
#타이트닝",8.7,후기 62,"55,000원",VAT 포함,"인모드
시술시간
30~60분
마취여부
크림마취
회복시간
3일
시술효과
2주 후",세가지소원의원(압구정),영어 응대 / 영어 응대 / 중국어 응대 / 중국어 응대 / 일본어 응대 / 일본어 응대,서울특별시 강남구 논현로 824 세가지소원의원(압구정),,화요일 10:00 ~ 20:00 / 수요일 10:00 ~ 19:00 / 목요일 10:00 ~ 20:00 / 금요일 10:00 ~ 19:00 / 토요일 10:00 ~ 17:00 / 일요일 휴진,0508-0353-5028
리프팅,레이저리프팅,풀페이스리프팅,https://www.yeoshin.co.kr/event/mobile/6823,탄력개선! 인모드FORMA 풀페이스,https://d3gurpvil0se70.cloudfront.net/upfiles/images/product/wPRFDvHrB14ITpdhp479VoNFXhZ8.jpg?q=90&f=webp&w=1024,"#리프팅레이저
#얼굴지방개선
#타이트닝",9.6,후기 76,"110,000원",VAT 포함,"인모드
시술시간
30분
마취여부
크림마취
회복시간
1일
시술효과
2주 후",한나이브성형외과의원,전문의 10명 / 전문의 10명 / 여의사 진료 / 여의사 진료 / 수술실 CCTV / 수술실 CCTV / 응급처치 시스템 / 응급처치 시스템 / 분야별 협진 / 분야별 협진 / 기본 입원실 / 기본 입원실 / 환자전용숙소 / 환자전용숙소 / 전담회복실 / 전담회복실 / 사후관리 / 사후관리 / 영어 응대 / 영어 응대 / 일본어 응대 / 일본어 응대,경기도 안양시 만안구 안양로 330-1 (안양동) (안양동) 다니엘빌딩 B1~7F,,화요일 10:00 ~ 21:00 / 수요일 10:00 ~ 19:00 / 목요일 10:00 ~ 19:00 / 금요일 10:00 ~ 21:00 / 토요일 10:00 ~ 17:00 / 일요일 휴진,0508-0354-0082
리프팅,레이저리프팅,풀페이스리프팅,https://www.yeoshin.co.kr/event/mobile/18804,인모드 forma 풀페이스,https://d3gurpvil0se70.cloudfront.net/upfiles/images/product/zRr4fnmcVNLw8JAIV6gOYOeyHEx9.jpg?q=90&f=webp&w=1024,"#리프팅레이저
#얼굴지방개선
#타이트닝",9.6,후기 8,"99,000원",VAT 포함,"인모드 FORMA
시술시간
10분
마취여부
마취없음
회복시간
당일
시술효과
점차 증진",뷰티앤디지털치과병원,전문의 9명 / 전문의 9명 / 피부진단기 F-RAY 촬영 > / 피부진단기 F-RAY 촬영 > / 피부진단기 F-RAY 촬영 >,"경기도 파주시 경의로1240번길 19 (와동동) 월드타워15차 7층, 8층",,화요일 10:00 ~ 20:00 / 수요일 10:00 ~ 20:00 / 목요일 10:00 ~ 20:00 / 금요일 10:00 ~ 18:00 / 토요일 10:00 ~ 16:00 / 일요일 휴진 / 월~금 점심시간은 2시~3시 입니다,0508-0353-9799
리프팅,레이저리프팅,풀페이스리프팅,https://www.yeoshin.co.kr/event/mobile/25222,인모드 Fx 풀페이스,https://d3gurpvil0se70.cloudfront.net/upfiles/images/product/4qMvdaKGeoJgOiEubuDVl9qDfAx9.jpg?q=90&f=webp&w=1024,"#리프팅레이저
#얼굴지방개선
#타이트닝",,,"196,900원",VAT 포함,"인모드 FX
시술시간
5~20분
마취여부
크림마취
회복시간
약 3일
시술효과
약 2주 후",더올림성형외과의원,전문의 1명 / 전문의 1명 / 여의사 진료 / 여의사 진료 / 사후관리 / 사후관리,대구광역시 중구 달구벌대로 2095 (덕산동) 삼성생명 3층 더올림성형외과의원,"크림마취
수면마취",화요일 10:00 ~ 19:00 / 수요일 10:00 ~ 19:00 / 목요일 10:00 ~ 19:00 / 금요일 10:00 ~ 19:00 / 토요일 10:00 ~ 16:00 / 일요일 휴진,050803531308
리프팅,레이저리프팅,풀페이스리프팅,https://www.yeoshin.co.kr/event/mobile/12140,인모드 FX 풀페이스,https://d3gurpvil0se70.cloudfront.net/upfiles/images/product/1564392474.jpg?q=90&f=webp&w=1024,"#리프팅레이저
#얼굴지방개선
#타이트닝",9.4,후기 61,"97,900원",VAT 포함,"인모드
시술시간
15분
마취여부
냉각마취
회복시간
3일
시술효과
2주 후",VS라인의원(인천구월점),피부진단기 F-RAY 촬영 > / 피부진단기 F-RAY 촬영 > / 피부진단기 F-RAY 촬영 >,인천광역시 남동구 인하로489번길 10 VS라인의원(인천구월점),,화요일 10:00 ~ 20:00 / 수요일 10:00 ~ 20:00 / 목요일 10:00 ~ 20:00 / 금요일 10:00 ~ 20:00 / 토요일 10:00 ~ 17:00 / 일요일 휴진,0508-0354-1766
리프팅,레이저리프팅,풀페이스리프팅,https://www.yeoshin.co.kr/event/mobile/7644,울쎄라 100샷&인모드FX 풀페이스,https://d3gurpvil0se70.cloudfront.net/upfiles/images/product/7ZimrAziUWWLYVIzppl9rhvW0mL2.jpg?q=90&f=webp&w=1024,"#리프팅레이저
#타이트닝",,,"297,000원",VAT 포함,"리프팅레이저
시술시간
40~60분
마취여부
크림마취
회복시간
1주
시술효과
1~2달 후",VS라인의원(인천구월점),피부진단기 F-RAY 촬영 > / 피부진단기 F-RAY 촬영 > / 피부진단기 F-RAY 촬영 >,인천광역시 남동구 인하로489번길 10 VS라인의원(인천구월점),,화요일 10:00 ~ 20:00 / 수요일 10:00 ~ 20:00 / 목요일 10:00 ~ 20:00 / 금요일 10:00 ~ 20:00 / 토요일 10:00 ~ 17:00 / 일요일 휴진,0508-0354-1766
리프팅,레이저리프팅,풀페이스리프팅,https://www.yeoshin.co.kr/event/mobile/26845,360도 풀페이스 실리프팅_대표원장 시술,https://d3gurpvil0se70.cloudfront.net/upfiles/images/product/JlTkhx6YLssQSby8SC6XX1MUePq2.png?q=90&f=webp&w=1024,"#실리프팅
#탄력관리",,,"1,300,000원",VAT 포함,"실리프팅
시술시간
40분
마취여부
국소마취
회복시간
약 7일
시술효과
2~3주 후",청담엔샤인의원,전문의 1명 / 전문의 1명 / 여의사 진료 / 여의사 진료 / 수술실 CCTV / 수술실 CCTV / 중국어 응대 / 중국어 응대,"서울특별시 강남구 도산대로 333 (신사동) 9층(신사동, K+메디칼타워)","크림마취
국소마취",화요일 10:00 ~ 20:00 / 수요일 휴진 / 목요일 10:00 ~ 19:00 / 금요일 10:00 ~ 20:00 / 토요일 10:00 ~ 15:00 / 일요일 휴진,0508-0353-5899
리프팅,레이저리프팅,풀페이스리프팅,https://www.yeoshin.co.kr/event/mobile/27591,1:1 대표원장 시술 인모드 FX 풀페이스,https://d3gurpvil0se70.cloudfront.net/upfiles/images/product/H6o5QbuPdd7UGbpKIEYbYeRnFvI2.jpg?q=90&f=webp&w=1024,"#리프팅레이저
#얼굴지방개선
#타이트닝",,,"119,900원",VAT 포함,"인모드 FX
시술시간
5~20분
마취여부
크림마취
회복시간
약 3일
시술효과
약 2주 후",리베리의원(마포점),사후관리 / 사후관리,서울특별시 마포구 월드컵로 200 (성산동) SJ라벨라 11층,"크림마취
국소마취",화요일 10:30 ~ 20:30 (점심 14:00 ~ 15:00) / 수요일 10:30 ~ 20:30 (점심 14:00 ~ 15:00) / 목요일 10:30 ~ 20:30 (점심 14:00 ~ 15:00) / 금요일 10:30 ~ 20:30 (점심 14:00 ~ 15:00) / 토요일 10:30 ~ 15:30 / 일요일 휴진,"서울특별시 마포구 월드컵로 200, 11층 1101,1102호(성산동, SJ라벨라 상암)"
리프팅,레이저리프팅,풀페이스리프팅,https://www.yeoshin.co.kr/event/mobile/25845,[대표원장]인모드는 길게 롱모드 풀페이스,https://d3gurpvil0se70.cloudfront.net/upfiles/images/product/GcUFYgMYJCfI2kSmYVHdfL2WWwN6.png?q=90&f=webp&w=1024,"#리프팅레이저
#얼굴지방개선
#타이트닝",10,후기 1,,,"인모드
시술시간
30~60분
마취여부
크림마취
회복시간
약 3일
시술효과
약 2주 후",베르미의원/한의원,수술실 CCTV / 수술실 CCTV / 분야별 협진 / 분야별 협진 / 일본어 응대 / 일본어 응대,서울특별시 강남구 영동대로 722 (청담동) 풍양빌딩 2층 (청담동),,화요일 10:00 ~ 19:00 (점심 13:00 ~ 14:00) / 수요일 10:00 ~ 19:00 (점심 13:00 ~ 14:00) / 목요일 10:00 ~ 19:00 (점심 13:00 ~ 14:00) / 금요일 10:00 ~ 20:00 (점심 13:00 ~ 14:00) / 토요일 10:00 ~ 16:00 / 일요일 휴진,0508-0353-7622
리프팅,레이저리프팅,풀페이스리프팅,https://www.yeoshin.co.kr/event/mobile/21526,(대표원장) DM 풀페이스 얼굴지방이식,https://d3gurpvil0se70.cloudfront.net/upfiles/images/product/4uE3V2fIr84SjeP8MUzX2WTVezV4.jpg?q=90&f=webp&w=1024,"#얼굴지방이식
#얼굴지방개선",,,,,"얼굴지방이식
시술시간
30~60분
마취여부
수면마취
회복시간
약 3일
시술효과
1~2주 후",디엠성형외과의원,전문의 2명 / 전문의 2명 / 마취과의 진료 / 마취과의 진료 / 수술실 CCTV / 수술실 CCTV / 분야별 협진 / 분야별 협진 / 기본 입원실 / 기본 입원실 / 전담회복실 / 전담회복실 / 사후관리 / 사후관리 / 영어 응대 / 영어 응대 / 중국어 응대 / 중국어 응대,서울특별시 강남구 압구정로 158 (신사동) 2층,"크림마취
수면마취
전신마취
국소마취",화요일 10:00 ~ 18:00 / 수요일 10:00 ~ 18:00 / 목요일 10:00 ~ 18:00 / 금요일 10:00 ~ 18:00 / 토요일 10:00 ~ 16:00 / 일요일 휴진,0508-0353-2413
리프팅,레이저리프팅,풀페이스리프팅,https://www.yeoshin.co.kr/event/mobile/4455,더모톡신+원더톡스 풀페이스 더모톡신,https://d3gurpvil0se70.cloudfront.net/upfiles/images/product/l5yLtSRwtEW0R7inO83ZCNzme9X4.png?q=90&f=webp&w=1024,"#얼굴라인보톡스
#주름보톡스",9.5,후기 115,"165,000원",VAT 포함,"보톡스
시술시간
30분
마취여부
냉각마취
회복시간
3일
시술효과
1~2주 후",지우의원,전문의 1명 / 전문의 1명 / 여의사 진료 / 여의사 진료 / 중국어 응대 / 중국어 응대 / 일본어 응대 / 일본어 응대,"서울시 강남구 테헤란로 107, 메디타워 14층 지우의원",,화요일 10:00 ~ 19:00 (점심 13:30 ~ 14:30) / 수요일 10:00 ~ 19:00 (점심 13:00 ~ 14:30) / 목요일 10:00 ~ 19:00 (점심 13:30 ~ 14:30) / 금요일 10:00 ~ 20:00 (점심 13:30 ~ 14:30) / 토요일 09:30 ~ 16:30 / 일요일 휴진,0508-0353-6852
리프팅,레이저리프팅,풀페이스리프팅,https://www.yeoshin.co.kr/event/mobile/6493,풀페이스 인모드리프팅(forma+fx),https://d3gurpvil0se70.cloudfront.net/upfiles/images/product/WKS5phYCX29ZYxZ8LdvpBH5C9rB2.jpg?q=90&f=webp&w=1024,"#리프팅레이저
#얼굴지방개선
#타이트닝",9.5,후기 2,"110,000원",VAT 포함,"인모드
시술시간
30~60분
마취여부
크림마취
회복시간
약 3일
시술효과
약 2주 후",얼굴본성형외과의원,전문의 1명 / 전문의 1명 / 여의사 진료 / 여의사 진료 / 수술실 CCTV / 수술실 CCTV / 응급처치 시스템 / 응급처치 시스템 / 사후관리 / 사후관리,서울특별시 서초구 강남대로 603 (잠원동) 4층,"크림마취
수면마취
국소마취",화요일 10:00 ~ 18:00 / 수요일 10:00 ~ 18:00 / 목요일 10:00 ~ 18:00 / 금요일 10:00 ~ 18:00 / 토요일 10:00 ~ 16:00 / 일요일 휴진,0508-0353-2574
리프팅,레이저리프팅,풀페이스리프팅,https://www.yeoshin.co.kr/event/mobile/27810,풀페이스 실리프팅,https://d3gurpvil0se70.cloudfront.net/upfiles/images/product/qDSepREp7zV2vciTZcs3jPyWGqe1.jpg?q=90&f=webp&w=1024,"#실리프팅
#탄력관리",,,"550,000원",VAT 포함,"실리프팅
시술시간
60분
마취여부
국소마취
회복시간
약 2~7일
시술효과
즉시",위례우주한의원,사후관리 / 사후관리 / 영어 응대 / 영어 응대,경기도 성남시 수정구 위례광장로 19 (창곡동) 아이페리온 409호,"크림마취
국소마취",화요일 10:00 ~ 20:00 (점심 13:00 ~ 14:00) / 수요일 10:00 ~ 20:00 (점심 13:00 ~ 14:00) / 목요일 10:00 ~ 20:00 (점심 13:00 ~ 14:00) / 금요일 10:00 ~ 20:00 (점심 13:00 ~ 14:00) / 토요일 10:00 ~ 15:00 / 일요일 휴진,050803543354
리프팅,레이저리프팅,풀페이스리프팅,https://www.yeoshin.co.kr/event/mobile/438,풀페이스 역대급 용량! 아큐주사,https://d3gurpvil0se70.cloudfront.net/upfiles/images/product/4032573402.jpg?q=90&f=webp&w=1024,"#얼굴지방개선
#바디지방개선
#목/턱",9.6,후기 2537,"49,000원",VAT 포함,"아큐주사
시술시간
5~10분
마취여부
마취없음
회복시간
3일
시술효과
2~3주 후",제니바클리닉,전문의 1명 / 전문의 1명,서울특별시 광진구 자양동 8-1 제니바클리닉,,화요일 09:30 ~ 18:00 / 수요일 휴진 / 목요일 09:30 ~ 18:00 / 금요일 09:30 ~ 18:00 / 토요일 09:30 ~ 14:30 / 일요일 휴진,0508-0353-3345
리프팅,레이저리프팅,풀페이스리프팅,https://www.yeoshin.co.kr/event/mobile/19900,풀페이스 얼굴실리프팅 15줄,https://d3gurpvil0se70.cloudfront.net/upfiles/images/product/skM7THK19fow2tnIIFDQtHYwoDQ9.jpg?q=90&f=webp&w=1024,"#실리프팅
#탄력관리",9,후기 2,"1,089,000원",VAT 포함,"실리프팅
시술시간
30분
마취여부
국소마취
회복시간
약 2일
시술효과
2~3주 후",메이필클리닉,전문의 1명 / 전문의 1명 / 여의사 진료 / 여의사 진료 / 수술실 CCTV / 수술실 CCTV / 분야별 협진 / 분야별 협진 / 전담회복실 / 전담회복실 / 중국어 응대 / 중국어 응대 / 일본어 응대 / 일본어 응대,서울특별시 서초구 강남대로 423 메이필클리닉,"크림마취
수면마취
국소마취",화요일 10:00 ~ 19:00 / 수요일 10:00 ~ 19:00 / 목요일 10:00 ~ 19:00 / 금요일 10:00 ~ 19:00 / 토요일 10:00 ~ 16:00 / 일요일 휴진,0508-0353-7137
리프팅,레이저리프팅,풀페이스리프팅,https://www.yeoshin.co.kr/event/mobile/10300,풀페이스 인모드 FX+FR,https://d3gurpvil0se70.cloudfront.net/upfiles/images/product/zES7uIQy8OUvUcDwdEwsYMSOj6n.jpg?q=90&f=webp&w=1024,"#리프팅레이저
#얼굴지방개선
#타이트닝",9.6,후기 43,"319,000원",VAT 포함,"인모드
시술시간
30분
마취여부
냉각마취
회복시간
3일
시술효과
2주 후",우아성형외과의원,전문의 7명 / 전문의 7명 / 여의사 진료 / 여의사 진료 / 마취과의 진료 / 마취과의 진료 / 수술실 CCTV / 수술실 CCTV / 응급처치 시스템 / 응급처치 시스템 / 분야별 협진 / 분야별 협진 / 기본 입원실 / 기본 입원실 / 전담회복실 / 전담회복실 / 사후관리 / 사후관리 / 영어 응대 / 영어 응대 / 중국어 응대 / 중국어 응대 / 일본어 응대 / 일본어 응대,"서울특별시 강남구 강남대로 492 (논현동) 지하 1층, 3층, 4층, 5층, 6층, 10층,12층 각 전체(논현동, HM타워)","크림마취
수면마취
전신마취
국소마취",화요일 10:00 ~ 19:00 / 수요일 10:00 ~ 19:00 / 목요일 10:00 ~ 19:00 / 금요일 10:00 ~ 20:30 / 토요일 10:00 ~ 17:00 / 일요일 휴진,0508-0353-5445
리프팅,레이저리프팅,풀페이스리프팅,https://www.yeoshin.co.kr/event/mobile/26746,혈액세포 풀페이스 지방이식,https://d3gurpvil0se70.cloudfront.net/upfiles/images/product/wHIZN602y3NzyKuzEp7qedasmXY4.jpg?q=90&f=webp&w=1024,"#얼굴지방이식
#얼굴지방개선",,,,,"얼굴지방이식
시술시간
2시간 이내
마취여부
수면마취
회복시간
1~2주
시술효과
2주후",청담쥬넥스의원,수술실 CCTV / 수술실 CCTV / 응급처치 시스템 / 응급처치 시스템 / 분야별 협진 / 분야별 협진 / 전담회복실 / 전담회복실 / 사후관리 / 사후관리,서울특별시 강남구 도산대로 435 (청담동) 삼이빌딩 4층,"크림마취
수면마취
국소마취",화요일 09:30 ~ 18:30 / 수요일 휴진 / 목요일 09:30 ~ 18:30 / 금요일 09:30 ~ 18:30 / 토요일 09:30 ~ 17:00 / 일요일 휴진,050803543238
리프팅,레이저리프팅,풀페이스리프팅,https://www.yeoshin.co.kr/event/mobile/5640,풀페이스 슈링크,https://d3gurpvil0se70.cloudfront.net/upfiles/images/product/ij8zUfG1mmAMJVqjVB2oahYj5gl8.jpg?q=90&f=webp&w=1024,"#리프팅레이저
#타이트닝",10,후기 3,"450,000원",VAT 포함,"슈링크
시술시간
90분
마취여부
크림마취
회복시간
당일
시술효과
개인별 상이",아이콘성형외과,전문의 1명 / 전문의 1명,"서울특별시 강남구 논현로 841 (신사동) 5층(신사동, JBMISO 501, 502호)",,화요일 10:00 ~ 19:00 / 수요일 10:00 ~ 19:00 / 목요일 휴진 / 금요일 10:00 ~ 19:00 / 토요일 10:00 ~ 17:00 / 일요일 휴진,0508-0353-4364
리프팅,레이저리프팅,풀페이스리프팅,https://www.yeoshin.co.kr/event/mobile/3290,아큐주사 풀페이스 4만원,https://d3gurpvil0se70.cloudfront.net/upfiles/images/product/4039115584.png?q=90&f=webp&w=1024,"#얼굴지방개선
#바디지방개선
#목/턱",9.5,후기 243,"44,000원",VAT 포함,"아큐주사
시술시간
30분
마취여부
냉각마취
회복시간
3일
시술효과
2~3주 후",리드림의원(의료법인미래의료재단),,서울시 강남구 테헤란로 513 리드림의원(의료법인미래의료재단),,화요일 10:00 ~ 20:00 / 수요일 10:00 ~ 19:00 / 목요일 10:00 ~ 20:00 / 금요일 10:00 ~ 19:00 / 토요일 10:00 ~ 16:00 / 일요일 휴진,0508-0353-4648
리프팅,레이저리프팅,풀페이스리프팅,https://www.yeoshin.co.kr/event/mobile/9132,정품 슈링크 유니버스 풀페이스 300샷,https://d3gurpvil0se70.cloudfront.net/upfiles/images/product/1806242201.jpg?q=90&f=webp&w=1024,"#리프팅레이저
#타이트닝",9.5,후기 592,"90,200원",VAT 포함,"슈링크유니버스
시술시간
30~40분
마취여부
크림마취
회복시간
약 3일
시술효과
1~2개월",리드림의원(의료법인미래의료재단),,서울시 강남구 테헤란로 513 리드림의원(의료법인미래의료재단),,화요일 10:00 ~ 20:00 / 수요일 10:00 ~ 19:00 / 목요일 10:00 ~ 20:00 / 금요일 10:00 ~ 19:00 / 토요일 10:00 ~ 16:00 / 일요일 휴진,0508-0353-4648
리프팅,레이저리프팅,풀페이스리프팅,https://www.yeoshin.co.kr/event/mobile/21103,자연스러운 볼륨_풀페이스지방이식,https://d3gurpvil0se70.cloudfront.net/upfiles/images/product/cRpdouMBVVx86A3aiGV2WZ1SvlN9.jpg?q=90&f=webp&w=1024,"#얼굴지방이식
#얼굴지방개선",,,,,"얼굴지방이식
시술시간
30~60분
마취여부
수면마취
회복시간
약 3일
시술효과
1~2주 후",루비성형외과의원,전문의 1명 / 전문의 1명,서울시 강남구 도산대로 108 루비성형외과의원,,화요일 10:00 ~ 19:00 / 수요일 10:00 ~ 19:00 / 목요일 10:00 ~ 20:30 / 금요일 10:00 ~ 19:00 / 토요일 10:00 ~ 19:00 / 일요일 휴진,0508-0353-1184
리프팅,레이저리프팅,풀페이스리프팅,https://www.yeoshin.co.kr/event/mobile/1986,사각턱 침샘 주름 풀페이스 부위별 보톡스,https://d3gurpvil0se70.cloudfront.net/upfiles/images/product/XUJCbAIesp1TmprHGVddJOntbP65.png?q=90&f=webp&w=1024,"#얼굴라인보톡스
#주름보톡스",9.6,후기 311,"30,000원",VAT 포함,"보톡스
시술시간
30분
마취여부
크림마취
회복시간
3일
시술효과
1~2주 후",더비비성형외과의원,전문의 1명 / 전문의 1명,서울시 강남구 강남대로 402 더비비성형외과의원,,화요일 10:00 ~ 19:00 / 수요일 10:00 ~ 19:00 / 목요일 14:00 ~ 19:00 / 금요일 10:00 ~ 21:00 / 토요일 10:00 ~ 16:00 / 일요일 휴진,0508-0353-7737
리프팅,레이저리프팅,풀페이스리프팅,https://www.yeoshin.co.kr/event/mobile/20901,더비비 풀페이스 얼굴지방이식,https://d3gurpvil0se70.cloudfront.net/upfiles/images/product/R17BuaNGiavROD54gEzXiNUHUEf3.png?q=90&f=webp&w=1024,"#얼굴지방이식
#얼굴지방개선",,,,,"얼굴지방이식
시술시간
1시간30분
마취여부
수면마취
회복시간
1시간
시술효과
즉시",더비비성형외과의원,전문의 1명 / 전문의 1명,서울시 강남구 강남대로 402 더비비성형외과의원,,화요일 10:00 ~ 19:00 / 수요일 10:00 ~ 19:00 / 목요일 14:00 ~ 19:00 / 금요일 10:00 ~ 21:00 / 토요일 10:00 ~ 16:00 / 일요일 휴진,0508-0353-7737
리프팅,레이저리프팅,올리지오리프팅,https://www.yeoshin.co.kr/event/mobile/21912,인천 구월동 올리지오 300샷,https://d3gurpvil0se70.cloudfront.net/upfiles/images/product/l9jxRKKT05UGgzzha0IRgMOYnTp3.png?q=90&f=webp&w=1024,"#리프팅레이저
#얼굴지방개선",10,후기 3,"363,000원",VAT 포함,"올리지오
시술시간
30~40분
마취여부
마취없음
회복시간
약 1~2일
시술효과
1~2주 후",닥터쁘띠의원(인천구월점),여의사 진료 / 여의사 진료 / 사후관리 / 사후관리,인천광역시 남동구 예술로 126 (구월동) 3층,"크림마취
비수면 무통마취
국소마취",화요일 10:30 ~ 20:30 / 수요일 10:30 ~ 20:30 / 목요일 10:30 ~ 20:30 / 금요일 10:30 ~ 20:30 / 토요일 10:30 ~ 17:00 / 일요일 10:30 ~ 17:00,0508-0353-0764
리프팅,레이저리프팅,올리지오리프팅,https://www.yeoshin.co.kr/event/mobile/27520,진피층부터 차오르는 탄력 -올리지오,https://d3gurpvil0se70.cloudfront.net/upfiles/images/product/qOC9Qu3VrZDYdOqPtrosCBD6nsB7.jpg?q=90&f=webp&w=1024,"#리프팅레이저
#얼굴지방개선",,,"150,000원",VAT 포함,"올리지오
시술시간
10~20분
마취여부
선택
회복시간
약 1~2일
시술효과
1-3개월",아이맘한의원,기본 입원실 / 기본 입원실 / 환자전용숙소 / 환자전용숙소 / 전담회복실 / 전담회복실 / 사후관리 / 사후관리 / 피부진단기 F-RAY 촬영 > / 피부진단기 F-RAY 촬영 > / 피부진단기 F-RAY 촬영 >,경상남도 창원시 진해구 진해대로 752 (석동) 롯데시네마 2층,크림마취,화요일 10:00 ~ 20:00 (점심 12:30 ~ 14:00) / 수요일 10:00 ~ 20:00 (점심 12:30 ~ 14:00) / 목요일 10:00 ~ 20:00 (점심 12:30 ~ 14:00) / 금요일 10:00 ~ 20:00 (점심 12:30 ~ 14:00) / 토요일 10:00 ~ 15:00 / 일요일 휴진 / 공휴일 진료합니다.,0508-0354-2525
리프팅,레이저리프팅,올리지오리프팅,https://www.yeoshin.co.kr/event/mobile/25216,올리지오 100샷,https://d3gurpvil0se70.cloudfront.net/upfiles/images/product/EAD2YaTvWl3GaRPcZGQtScdtbmd6.jpg?q=90&f=webp&w=1024,"#리프팅레이저
#얼굴지방개선",,,"165,000원",VAT 포함,"올리지오
시술시간
30~40분
마취여부
마취없음
회복시간
약 1~2일
시술효과
1~2주 후",더올림성형외과의원,전문의 1명 / 전문의 1명 / 여의사 진료 / 여의사 진료 / 사후관리 / 사후관리,대구광역시 중구 달구벌대로 2095 (덕산동) 삼성생명 3층 더올림성형외과의원,"크림마취
수면마취",화요일 10:00 ~ 19:00 / 수요일 10:00 ~ 19:00 / 목요일 10:00 ~ 19:00 / 금요일 10:00 ~ 19:00 / 토요일 10:00 ~ 16:00 / 일요일 휴진,050803531308
리프팅,레이저리프팅,올리지오리프팅,https://www.yeoshin.co.kr/event/mobile/12714,리프팅 올리지오300/450샷,https://d3gurpvil0se70.cloudfront.net/upfiles/images/product/986175365.jpg?q=90&f=webp&w=1024,"#리프팅레이저
#얼굴지방개선",9.3,후기 3,"352,000원",VAT 포함,"올리지오
시술시간
20~30분
마취여부
마취없음
회복시간
1~2일
시술효과
1~2주 후",VS라인의원(인천구월점),피부진단기 F-RAY 촬영 > / 피부진단기 F-RAY 촬영 > / 피부진단기 F-RAY 촬영 >,인천광역시 남동구 인하로489번길 10 VS라인의원(인천구월점),,화요일 10:00 ~ 20:00 / 수요일 10:00 ~ 20:00 / 목요일 10:00 ~ 20:00 / 금요일 10:00 ~ 20:00 / 토요일 10:00 ~ 17:00 / 일요일 휴진,0508-0354-1766
리프팅,레이저리프팅,올리지오리프팅,https://www.yeoshin.co.kr/event/mobile/14362,잔주름 개선 올리지오 고주파리프팅,https://d3gurpvil0se70.cloudfront.net/upfiles/images/product/VDBsx3OgrYElfTzsGJWsBo7jeOL2.jpg?q=90&f=webp&w=1024,"#피부과 전문의
#리프팅레이저
#얼굴지방개선",9.9,후기 17,"429,000원",VAT 포함,"올리지오
시술시간
30~40분
마취여부
크림마취
회복시간
1~2일
시술효과
1~2주 후",닥터스피부과의원(공덕점),전문의 4명 / 전문의 4명,서울특별시 마포구 마포대로 127 닥터스피부과의원(공덕점),,화요일 10:00 ~ 20:00 (점심 13:00 ~ 14:00) / 수요일 10:00 ~ 19:30 (점심 13:00 ~ 14:00) / 목요일 10:00 ~ 20:00 (점심 13:00 ~ 14:00) / 금요일 10:00 ~ 20:00 (점심 13:00 ~ 14:00) / 토요일 10:00 ~ 15:00 / 일요일 휴진 / 공휴일은 휴진,0508-0353-8201
리프팅,레이저리프팅,올리지오리프팅,https://www.yeoshin.co.kr/event/mobile/27247,올리지오 리프팅,https://d3gurpvil0se70.cloudfront.net/upfiles/images/product/dfTDOtE9Gn5IG66w4YZHLsCSTEqA.jpg?q=90&f=webp&w=1024,"#피부과 전문의
#리프팅레이저
#얼굴지방개선",,,"150,000원",VAT 포함,"올리지오
시술시간
30~40분
마취여부
마취없음
회복시간
약 1~2일
시술효과
1~2주 후",봄피부과의원(평택),전문의 1명 / 전문의 1명 / 사후관리 / 사후관리,경기도 평택시 경기대로 1365 (서정동) 503호,"크림마취
국소마취",화요일 09:30 ~ 18:50 / 수요일 09:30 ~ 18:50 / 목요일 09:30 ~ 18:50 / 금요일 09:30 ~ 18:50 / 토요일 09:00 ~ 13:50 / 일요일 휴진,050803556229
리프팅,레이저리프팅,올리지오리프팅,https://www.yeoshin.co.kr/event/mobile/27081,더이뻐 올리지오,https://d3gurpvil0se70.cloudfront.net/upfiles/images/product/10ge018IyFwNuCeozIC0MK5hVe2.jpg?q=90&f=webp&w=1024,"#리프팅레이저
#얼굴지방개선",,,,,"올리지오
시술시간
30~40분
마취여부
마취없음
회복시간
약 1~2일
시술효과
1~2주 후",더이뻐의원,일본어 응대 / 일본어 응대,서울특별시 서초구 나루터로 80 (잠원동) (자은빌딩) 3층,"크림마취
수면마취
국소마취",화요일 10:00 ~ 20:00 / 수요일 10:00 ~ 20:00 / 목요일 10:00 ~ 20:00 / 금요일 10:00 ~ 20:00 / 토요일 10:00 ~ 16:00 / 일요일 휴진 / 12월 25일 성탄절 휴무,050803530151
리프팅,레이저리프팅,올리지오리프팅,https://www.yeoshin.co.kr/event/mobile/27814,피부처짐은 역시 올리지오X,https://d3gurpvil0se70.cloudfront.net/upfiles/images/product/F8I575pUHrQIVTB5PVHvsnvupME2.jpg?q=90&f=webp&w=1024,"#리프팅레이저
#얼굴지방개선",,,"495,000원",VAT 포함,"올리지오X
시술시간
15~20분
마취여부
마취없음
회복시간
당일
시술효과
1~2주 후",프레쉬테마의원,분야별 협진 / 분야별 협진 / 전담회복실 / 전담회복실 / 사후관리 / 사후관리,"서울특별시 강남구 남부순환로 2615 (도곡동, 극동스타클래스) 201-202호(도곡동, 극동스타클래스)","크림마취
수면마취",화요일 09:30 ~ 18:30 (점심 13:00 ~ 14:00) / 수요일 09:30 ~ 18:30 (점심 13:00 ~ 14:00) / 목요일 09:30 ~ 18:30 (점심 13:00 ~ 14:00) / 금요일 09:30 ~ 18:30 (점심 13:00 ~ 14:00) / 토요일 09:30 ~ 16:00 (점심 13:00 ~ 14:00) / 일요일 휴진,050803538367
리프팅,레이저리프팅,올리지오리프팅,https://www.yeoshin.co.kr/event/mobile/25498,올리지오 X,https://d3gurpvil0se70.cloudfront.net/upfiles/images/product/1Q4SRZbqdHwPDlTL5cctc6qkUTb6.jpg?q=90&f=webp&w=1024,"#리프팅레이저
#얼굴지방개선",,,"396,000원",VAT 포함,"올리지오X
시술시간
15~20분
마취여부
마취없음
회복시간
당일
시술효과
1~2주 후",예쁨주의쁨의원(천안점),,"충청남도 천안시 동남구 만남로 38 (신부동) 2층(신부동, 도솔빌딩)",,"화요일 10:00 ~ 20:00 (점심 13:00 ~ 14:00) / 수요일 10:00 ~ 20:00 (점심 13:00 ~ 14:00) / 목요일 10:00 ~ 20:00 (점심 13:00 ~ 14:00) / 금요일 10:00 ~ 20:00 (점심 13:00 ~ 14:00) / 토요일 10:00 ~ 17:00 / 일요일 휴진 / 10월 6,7,8일 휴진",050803531349
리프팅,레이저리프팅,올리지오리프팅,https://www.yeoshin.co.kr/event/mobile/9845,명동루비_올리지오,https://d3gurpvil0se70.cloudfront.net/upfiles/images/product/uLpExgn3e1VAq3ZoaoAbtfrgZ7w5.jpg?q=90&f=webp&w=1024,"#리프팅레이저
#얼굴지방개선",8.7,후기 663,"99,000원",VAT 포함,"올리지오
시술시간
30분
마취여부
냉각마취
회복시간
1~2일
시술효과
1~2주 후",루비의원(명동점),,서울특별시 중구 명동길 65 루비의원(명동점),,화요일 10:30 ~ 20:30 (점심 13:30 ~ 15:00) / 수요일 10:30 ~ 20:30 (점심 13:30 ~ 15:00) / 목요일 10:30 ~ 20:30 (점심 13:30 ~ 15:00) / 금요일 10:30 ~ 20:30 (점심 13:30 ~ 15:00) / 토요일 10:00 ~ 16:00 / 일요일 12:00 ~ 17:00,0508-0353-8508
리프팅,레이저리프팅,올리지오리프팅,https://www.yeoshin.co.kr/event/mobile/3380,반하는 올리지오 리프팅,https://d3gurpvil0se70.cloudfront.net/upfiles/images/product/EOh16MMofELZ8DMjnD6Q8ur3TlO9.jpg?q=90&f=webp&w=1024,"#리프팅레이저
#얼굴지방개선",,,"143,000원",VAT 포함,"올리지오
시술시간
30~40분
마취여부
마취없음
회복시간
약 1~2일
시술효과
1~2주 후",반하다의원,수술실 CCTV / 수술실 CCTV / 응급처치 시스템 / 응급처치 시스템 / 기본 입원실 / 기본 입원실 / 사후관리 / 사후관리,"서울 강남구 논현로 822 3층(신사동, 로뎀빌딩)",,화요일 10:00 ~ 19:00 (점심 13:00 ~ 14:00) / 수요일 10:00 ~ 19:00 (점심 13:00 ~ 14:00) / 목요일 10:00 ~ 19:00 (점심 13:00 ~ 14:00) / 금요일 10:00 ~ 19:00 (점심 13:00 ~ 14:00) / 토요일 10:00 ~ 16:00 (점심 13:00 ~ 14:00) / 일요일 휴진 / 공휴일 진료시간 : 10시~7시 (유동적/ 점심시간 동일),0508-0353-3640
리프팅,레이저리프팅,올리지오리프팅,https://www.yeoshin.co.kr/event/mobile/16652,명동루비_올리지오X,https://d3gurpvil0se70.cloudfront.net/upfiles/images/product/c2goDmRosyMubuPMUAzygzHhHNx9.jpg?q=90&f=webp&w=1024,"#리프팅레이저
#얼굴지방개선",8.8,후기 176,"72,000원",VAT 포함,"올리지오X
시술시간
15~20분
마취여부
마취없음
회복시간
당일
시술효과
1~2주 후",루비의원(명동점),,서울특별시 중구 명동길 65 루비의원(명동점),,화요일 10:30 ~ 20:30 (점심 13:30 ~ 15:00) / 수요일 10:30 ~ 20:30 (점심 13:30 ~ 15:00) / 목요일 10:30 ~ 20:30 (점심 13:30 ~ 15:00) / 금요일 10:30 ~ 20:30 (점심 13:30 ~ 15:00) / 토요일 10:00 ~ 16:00 / 일요일 12:00 ~ 17:00,0508-0353-8508
리프팅,레이저리프팅,올리지오리프팅,https://www.yeoshin.co.kr/event/mobile/661,올리지오 리프팅 300샷,https://d3gurpvil0se70.cloudfront.net/upfiles/images/product/Xr9kFYvn8I3GtpRZTk6nJCIZHug3.jpg?q=90&f=webp&w=1024,"#리프팅레이저
#얼굴지방개선",,,"385,000원",VAT 포함,"올리지오
시술시간
30~40분
마취여부
크림마취
회복시간
약 1~2일
시술효과
1~2주 후",얼굴본성형외과의원,전문의 1명 / 전문의 1명 / 여의사 진료 / 여의사 진료 / 수술실 CCTV / 수술실 CCTV / 응급처치 시스템 / 응급처치 시스템 / 사후관리 / 사후관리,서울특별시 서초구 강남대로 603 (잠원동) 4층,"크림마취
수면마취
국소마취",화요일 10:00 ~ 18:00 / 수요일 10:00 ~ 18:00 / 목요일 10:00 ~ 18:00 / 금요일 10:00 ~ 18:00 / 토요일 10:00 ~ 16:00 / 일요일 휴진,0508-0353-2574
리프팅,레이저리프팅,올리지오리프팅,https://www.yeoshin.co.kr/event/mobile/24952,올리지오 특가,https://d3gurpvil0se70.cloudfront.net/upfiles/images/product/B6Abayo4nHJlD7MUY3FaWwXPkJl3.jpg?q=90&f=webp&w=1024,"#리프팅레이저
#얼굴지방개선",,,"152,900원",VAT 포함,"올리지오
시술시간
30~40분
마취여부
마취없음
회복시간
약 1~2일
시술효과
1~2주 후",유앤아이의원(대전점),,대전광역시 서구 대덕대로 189 (둔산동) 5~6층,,화요일 10:30 ~ 20:30 / 수요일 10:30 ~ 20:30 / 목요일 10:30 ~ 20:30 / 금요일 10:30 ~ 20:30 / 토요일 10:30 ~ 17:00 / 일요일 휴진,0508-0354-1943
리프팅,레이저리프팅,올리지오리프팅,https://www.yeoshin.co.kr/event/mobile/26341,올리지오X,https://d3gurpvil0se70.cloudfront.net/upfiles/images/product/or03g99ClrtwxnaCLLdsLw64UdL2.jpg?q=90&f=webp&w=1024,"#리프팅레이저
#얼굴지방개선",10,후기 4,"150,000원",VAT 포함,"올리지오X
시술시간
15~20분
마취여부
마취없음
회복시간
당일
시술효과
1~2주 후",미본한의원,,대구광역시 동구 율하서로 22 (율하동) 2층,,화요일 09:00 ~ 18:00 (점심 13:00 ~ 14:00) / 수요일 09:00 ~ 18:00 (점심 13:00 ~ 14:00) / 목요일 09:00 ~ 18:00 (점심 13:00 ~ 14:00) / 금요일 09:00 ~ 18:00 (점심 13:00 ~ 14:00) / 토요일 09:00 ~ 15:00 / 일요일 휴진,050803543087
리프팅,레이저리프팅,올리지오리프팅,https://www.yeoshin.co.kr/event/mobile/27356,"올리지오+리프팅침(탄력,이중턱개선)",https://d3gurpvil0se70.cloudfront.net/upfiles/images/product/xmyK5FV8nsPuTNa9Ovb6BiFWolg3.jpg?q=90&f=webp&w=1024,"#리프팅레이저
#얼굴지방개선",,,"109,000원",VAT 포함,"올리지오
시술시간
30~40분
마취여부
마취없음
회복시간
약 1~2일
시술효과
1~2주 후",경희다나은한의원,피부진단기 F-RAY 촬영 > / 피부진단기 F-RAY 촬영 > / 피부진단기 F-RAY 촬영 >,서울특별시 강서구 화곡로68길 3 (등촌동) 영스퀘어 3층 경희다나은한의원,,화요일 10:00 ~ 20:00 (점심 13:00 ~ 14:00) / 수요일 10:00 ~ 20:00 (점심 13:00 ~ 14:00) / 목요일 10:00 ~ 20:00 (점심 13:00 ~ 14:00) / 금요일 10:00 ~ 20:00 (점심 13:00 ~ 14:00) / 토요일 10:00 ~ 14:00 / 일요일 휴진 / 공휴일 : 10:00 - 17:00 (점심시간 13:00-14:00),050803537156
리프팅,레이저리프팅,올리지오리프팅,https://www.yeoshin.co.kr/event/mobile/9673,WOOA 올리지오,https://d3gurpvil0se70.cloudfront.net/upfiles/images/product/XGRGBpGz1orN0UrDdQQGLPhbiuG7.jpg?q=90&f=webp&w=1024,"#리프팅레이저
#얼굴지방개선",8.8,후기 24,"88,000원",VAT 포함,"올리지오
시술시간
30분
마취여부
냉각마취
회복시간
1~2일
시술효과
1~2주 후",우아성형외과의원,전문의 7명 / 전문의 7명 / 여의사 진료 / 여의사 진료 / 마취과의 진료 / 마취과의 진료 / 수술실 CCTV / 수술실 CCTV / 응급처치 시스템 / 응급처치 시스템 / 분야별 협진 / 분야별 협진 / 기본 입원실 / 기본 입원실 / 전담회복실 / 전담회복실 / 사후관리 / 사후관리 / 영어 응대 / 영어 응대 / 중국어 응대 / 중국어 응대 / 일본어 응대 / 일본어 응대,"서울특별시 강남구 강남대로 492 (논현동) 지하 1층, 3층, 4층, 5층, 6층, 10층,12층 각 전체(논현동, HM타워)","크림마취
수면마취
전신마취
국소마취",화요일 10:00 ~ 19:00 / 수요일 10:00 ~ 19:00 / 목요일 10:00 ~ 19:00 / 금요일 10:00 ~ 20:30 / 토요일 10:00 ~ 17:00 / 일요일 휴진,0508-0353-5445
리프팅,레이저리프팅,올리지오리프팅,https://www.yeoshin.co.kr/event/mobile/27011,듀얼리프팅: 올리지오X,https://d3gurpvil0se70.cloudfront.net/upfiles/images/product/S1c8az3lcd0OnYx68Tbcp7BZqiBA.jpg?q=90&f=webp&w=1024,"#리프팅레이저
#얼굴지방개선",,,"220,000원",VAT 포함,"올리지오X
시술시간
40분
마취여부
마취없음
회복시간
당일
시술효과
1~2주 후",수지의원,전문의 1명 / 전문의 1명,"서울특별시 송파구 가락로 99, 3층 301호 (석촌동) 수지의원",,화요일 10:00 ~ 19:00 (점심 13:00 ~ 14:00) / 수요일 14:00 ~ 21:00 / 목요일 10:00 ~ 19:00 (점심 13:00 ~ 14:00) / 금요일 10:00 ~ 19:00 (점심 13:00 ~ 14:00) / 토요일 10:00 ~ 14:00 / 일요일 휴진,0508-0353-3111
리프팅,레이저리프팅,올리지오리프팅,https://www.yeoshin.co.kr/event/mobile/25006,올리지오 슈링크,https://d3gurpvil0se70.cloudfront.net/upfiles/images/product/DMBwF5EkPJz6KGP7yP5lSdY9BCQ1.jpg?q=90&f=webp&w=1024,"#리프팅레이저
#얼굴지방개선",9.3,후기 3,"99,000원",VAT 포함,"올리지오
시술시간
30~40분
마취여부
크림마취
회복시간
시술 직후
시술효과
3일후",제이드힐의원,사후관리 / 사후관리 / 피부진단기 F-RAY 촬영 > / 피부진단기 F-RAY 촬영 > / 피부진단기 F-RAY 촬영 >,서울특별시 강서구 강서로 323 효동빌딩 301호,,화요일 10:00 ~ 19:30 / 수요일 휴진 / 목요일 10:00 ~ 20:30 / 금요일 10:00 ~ 19:30 / 토요일 10:00 ~ 15:00 / 일요일 휴진,0508-0353-3706
리프팅,레이저리프팅,올리지오리프팅,https://www.yeoshin.co.kr/event/mobile/8656,나는 올리지오로 올리고 당기지요,https://d3gurpvil0se70.cloudfront.net/upfiles/images/product/2664397200.jpg?q=90&f=webp&w=1024,"#리프팅레이저
#얼굴지방개선",9.6,후기 5,"139,000원",VAT 포함,"올리지오
시술시간
15분
마취여부
마취없음
회복시간
1~2일
시술효과
1~2주 후",라르떼의원(선릉점),,서울시 강남구 삼성동 141-35 라르떼의원(선릉점),,화요일 10:00 ~ 20:00 (점심 13:00 ~ 14:00) / 수요일 14:00 ~ 20:00 / 목요일 10:00 ~ 20:00 (점심 13:00 ~ 14:00) / 금요일 10:00 ~ 20:00 (점심 13:00 ~ 14:00) / 토요일 10:00 ~ 15:00 / 일요일 휴진,0508-0353-2227
리프팅,레이저리프팅,올리지오리프팅,https://www.yeoshin.co.kr/event/mobile/26840,HOT! 올리지오 리프팅 + 동안침,https://d3gurpvil0se70.cloudfront.net/upfiles/images/product/xeibZJfm4tS6lRTkSt7CxosYsOh1.jpg?q=90&f=webp&w=1024,"#리프팅레이저
#얼굴지방개선",9.6,후기 5,"109,000원",VAT 포함,"올리지오
시술시간
60분
마취여부
마취없음
회복시간
약 1~2일
시술효과
1~2주 후",목동공감한의원,영어 응대 / 영어 응대 / 중국어 응대 / 중국어 응대 / 일본어 응대 / 일본어 응대,서울특별시 양천구 신목로 102 (목동) 5층 목동공감한의원,,화요일 09:30 ~ 20:30 (점심 12:30 ~ 14:00) / 수요일 09:30 ~ 20:30 (점심 12:30 ~ 14:00) / 목요일 09:30 ~ 20:30 (점심 12:30 ~ 14:00) / 금요일 09:30 ~ 20:30 (점심 12:30 ~ 14:00) / 토요일 09:30 ~ 15:00 / 일요일 09:30 ~ 15:00,0508-0353-1939
리프팅,레이저리프팅,올리지오리프팅,https://www.yeoshin.co.kr/event/mobile/26876,리프팅 레이저 : 올리지오,https://d3gurpvil0se70.cloudfront.net/upfiles/images/product/JpGpUTXZ77JcFyNwITUUZ4A5Xnu5.jpg?q=90&f=webp&w=1024,"#리프팅레이저
#얼굴지방개선",,,"275,000원",VAT 포함,"올리지오
시술시간
30~40분
마취여부
마취없음
회복시간
약 1~2일
시술효과
1~2주 후",벨로아의원,전문의 1명 / 전문의 1명 / 여의사 진료 / 여의사 진료 / 사후관리 / 사후관리,"서울특별시 강동구 양재대로89가길 29 (성내동) 3층 301호(성내동, 치탑빌딩)",크림마취,화요일 10:00 ~ 20:30 (점심 13:00 ~ 14:00) / 수요일 10:00 ~ 19:00 (점심 13:00 ~ 14:00) / 목요일 10:00 ~ 20:30 (점심 13:00 ~ 14:00) / 금요일 10:00 ~ 19:00 (점심 13:00 ~ 14:00) / 토요일 09:30 ~ 14:30 / 일요일 휴진,050803543291
리프팅,레이저리프팅,올리지오리프팅,https://www.yeoshin.co.kr/event/mobile/21555,고출력 고주파 올리지오 리프팅,https://d3gurpvil0se70.cloudfront.net/upfiles/images/product/g3vMfSFIWowsJE5fCCH6hhWTxjA2.png?q=90&f=webp&w=1024,"#리프팅레이저
#얼굴지방개선",10,후기 1,"429,000원",VAT 포함,"올리지오
시술시간
30~40분
마취여부
마취없음
회복시간
약 1~2일
시술효과
1~2주 후",셀린의원(삼성점),사후관리 / 사후관리,"서울특별시 강남구 테헤란로 443 (삼성동) 2층(삼성동, 애플트리타워)","크림마취
수면마취
비수면 무통마취
국소마취",화요일 10:30 ~ 20:30 (점심 13:00 ~ 14:00) / 수요일 10:30 ~ 20:30 (점심 13:00 ~ 14:00) / 목요일 10:30 ~ 20:30 (점심 13:00 ~ 14:00) / 금요일 10:30 ~ 20:30 (점심 13:00 ~ 14:00) / 토요일 10:00 ~ 17:00 / 일요일 휴진,0508-0353-9455
리프팅,레이저리프팅,올리지오리프팅,https://www.yeoshin.co.kr/event/mobile/20002,토탈 안티에이징 고주파 올리지오 리프팅,https://d3gurpvil0se70.cloudfront.net/upfiles/images/product/u7itygi8ROufphkrkslJUGRd7AW4.jpg?q=90&f=webp&w=1024,"#리프팅레이저
#얼굴지방개선",9.9,후기 14,"99,000원",VAT 포함,"올리지오
시술시간
30~40분
마취여부
마취없음
회복시간
약 1~2일
시술효과
1~2주 후",리드림의원(의료법인미래의료재단),,서울시 강남구 테헤란로 513 리드림의원(의료법인미래의료재단),,화요일 10:00 ~ 20:00 / 수요일 10:00 ~ 19:00 / 목요일 10:00 ~ 20:00 / 금요일 10:00 ~ 19:00 / 토요일 10:00 ~ 16:00 / 일요일 휴진,0508-0353-4648
리프팅,레이저리프팅,올리지오리프팅,https://www.yeoshin.co.kr/event/mobile/15929,올리지오,https://d3gurpvil0se70.cloudfront.net/upfiles/images/product/pbto6A2ejxGvSDq2lzsBdFpnFws7.jpg?q=90&f=webp&w=1024,"#리프팅레이저
#얼굴지방개선",,,"110,000원",VAT 포함,"올리지오
시술시간
15분
마취여부
크림마취
회복시간
당일
시술효과
1~2주 후",제이린의원(서면점),,부산광역시 부산진구 중앙대로 672 (부전동) 삼정타워 4층 제이린의원,,화요일 10:30 ~ 20:00 (점심 13:00 ~ 14:30) / 수요일 10:30 ~ 19:00 (점심 13:00 ~ 14:30) / 목요일 10:30 ~ 19:00 (점심 13:00 ~ 14:30) / 금요일 10:30 ~ 20:00 (점심 13:00 ~ 14:30) / 토요일 10:30 ~ 14:30 / 일요일 휴진,0508-0354-2276
리프팅,레이저리프팅,올리지오리프팅,https://www.yeoshin.co.kr/event/mobile/22905,올리지오 X 리프팅 300샷,https://d3gurpvil0se70.cloudfront.net/upfiles/images/product/IBiUVdHvPiRapqtl0fy8uB3W0J01.jpg?q=90&f=webp&w=1024,"#피부과 전문의
#리프팅레이저
#얼굴지방개선",,,"550,000원",VAT 포함,"올리지오X
시술시간
15~20분
마취여부
마취없음
회복시간
당일
시술효과
1~2주 후",유앤아이피부과의원(판교점),전문의 1명 / 전문의 1명,경기도 성남시 분당구 판교로 375 유앤아이피부과의원(판교점),,화요일 09:30 ~ 20:30 (점심 13:00 ~ 14:00) / 수요일 09:30 ~ 20:30 (점심 13:00 ~ 14:00) / 목요일 09:30 ~ 20:30 (점심 13:00 ~ 14:00) / 금요일 09:30 ~ 20:30 (점심 13:00 ~ 14:00) / 토요일 09:00 ~ 16:00 / 일요일 휴진,0508-0354-0510
리프팅,레이저리프팅,올리지오리프팅,https://www.yeoshin.co.kr/event/mobile/17880,탄력 시너지 올리지오 이벤트,https://d3gurpvil0se70.cloudfront.net/upfiles/images/product/3ry9hQ5m5asMtD77UdSIPrOcDh0A.jpg?q=90&f=webp&w=1024,"#리프팅레이저
#얼굴지방개선",10,후기 1,"187,000원",VAT 포함,"올리지오
시술시간
30~40분
마취여부
크림마취
회복시간
약 1~2일
시술효과
1~2주 후",메이드림의원(의정부점),,경기도 의정부시 시민로 80 센트럴타워빌딩 4층,,화요일 10:00 ~ 21:00 (점심 13:00 ~ 14:00) / 수요일 10:00 ~ 19:00 (점심 13:00 ~ 14:00) / 목요일 휴진 / 금요일 10:00 ~ 21:00 (점심 13:00 ~ 14:00) / 토요일 10:00 ~ 16:00 / 일요일 휴진,0508-0354-0647
리프팅,레이저리프팅,올리지오리프팅,https://www.yeoshin.co.kr/event/mobile/18245,정품 정샷 올리지오100샷,https://d3gurpvil0se70.cloudfront.net/upfiles/images/product/VQ1vRRXwGafU1gjMFLy8ArfWQbo.jpg?q=90&f=webp&w=1024,"#리프팅레이저
#얼굴지방개선",8.5,후기 10,"110,000원",VAT 포함,"올리지오
시술시간
30~40분
마취여부
크림마취
회복시간
약 1~2일
시술효과
1~2주 후",브라운성형외과의원,전문의 3명 / 전문의 3명 / 영어 응대 / 영어 응대 / 중국어 응대 / 중국어 응대 / 일본어 응대 / 일본어 응대,서울특별시 서초구 강남대로 475 (반포동) 브라운성형외과의원,,화요일 10:00 ~ 19:00 / 수요일 10:00 ~ 19:00 / 목요일 10:00 ~ 19:00 / 금요일 10:00 ~ 20:30 / 토요일 10:00 ~ 17:00 / 일요일 휴진 / 일요일&공휴일 휴진/금요일 야간진료,0508-0353-4515
리프팅,레이저리프팅,올리지오리프팅,https://www.yeoshin.co.kr/event/mobile/14675,올리지오300샷,https://d3gurpvil0se70.cloudfront.net/upfiles/images/product/3313822877.jpg?q=90&f=webp&w=1024,"#피부과 전문의
#리프팅레이저
#얼굴지방개선",,,"550,000원",VAT 포함,"올리지오
시술시간
30분
마취여부
냉각마취
회복시간
1~2일
시술효과
1~2일 후",동탄오라클피부과의원,전문의 3명 / 전문의 3명,경기도 화성시 동탄역로 150 동탄오라클피부과의원,,화요일 10:00 ~ 19:00 (점심 13:00 ~ 14:00) / 수요일 10:00 ~ 19:00 (점심 13:00 ~ 14:00) / 목요일 10:00 ~ 19:00 (점심 13:00 ~ 14:00) / 금요일 10:00 ~ 19:00 (점심 13:00 ~ 14:00) / 토요일 10:00 ~ 14:00 / 일요일 휴진,0508-0353-9999
리프팅,레이저리프팅,올리지오리프팅,https://www.yeoshin.co.kr/event/mobile/13650,유앤아이 올리지오 탄력 리프팅,https://d3gurpvil0se70.cloudfront.net/upfiles/images/product/VcElH2Z0cJua1dsMNe6zDScMtdG2.jpg?q=90&f=webp&w=1024,"#리프팅레이저
#얼굴지방개선",1,후기 1,"495,000원",VAT 포함,"올리지오
시술시간
30~40분
마취여부
크림마취
회복시간
1~2일
시술효과
1~2주 후",유앤아이의원(김포점),,경기도 김포시 김포한강4로 525 유앤아이의원(김포점),,화요일 10:00 ~ 20:30 (점심 13:00 ~ 14:00) / 수요일 10:00 ~ 20:30 (점심 13:00 ~ 14:00) / 목요일 10:00 ~ 20:30 (점심 13:00 ~ 14:00) / 금요일 10:00 ~ 20:30 (점심 13:00 ~ 14:00) / 토요일 10:00 ~ 16:00 / 일요일 10:00 ~ 16:00,0508-0354-0557
리프팅,레이저리프팅,올리지오리프팅,https://www.yeoshin.co.kr/event/mobile/6003,올리지오 리프팅,https://d3gurpvil0se70.cloudfront.net/upfiles/images/product/oj2XjBO4pO1UCCacTUio8A7h0qZ8.jpg?q=90&f=webp&w=1024,"#리프팅레이저
#얼굴지방개선",9.3,후기 23,"605,000원",VAT 포함,"올리지오
시술시간
60분
마취여부
크림마취
회복시간
당일
시술효과
1주 후",데이원의원(강남역점),전문의 1명 / 전문의 1명,서울시 서초구 강남대로 423 데이원의원(강남역점),,화요일 10:30 ~ 20:30 (점심 13:00 ~ 14:00) / 수요일 10:30 ~ 20:30 (점심 13:00 ~ 14:00) / 목요일 10:30 ~ 20:30 (점심 13:00 ~ 14:00) / 금요일 10:30 ~ 20:30 (점심 13:00 ~ 14:00) / 토요일 10:30 ~ 16:00 / 일요일 휴진,0508-0353-7131
리프팅,레이저리프팅,올리지오리프팅,https://www.yeoshin.co.kr/event/mobile/12500,올리지오로 올라갔지오?올리지오 올라갔지오 올리지오 리프팅,https://d3gurpvil0se70.cloudfront.net/upfiles/images/product/1987911242.jpg?q=90&f=webp&w=1024,"#리프팅레이저
#얼굴지방개선",9.3,후기 9,"143,000원",VAT 포함,"올리지오
시술시간
30분
마취여부
크림마취
회복시간
1~2일
시술효과
1~2주 후",넬의원,,부산광역시 부산진구 서면로60 넬의원,,화요일 10:00 ~ 21:00 (점심 13:00 ~ 14:00) / 수요일 10:00 ~ 19:00 (점심 13:00 ~ 14:00) / 목요일 10:00 ~ 19:00 (점심 13:00 ~ 14:00) / 금요일 10:00 ~ 21:00 (점심 13:00 ~ 14:00) / 토요일 10:00 ~ 15:00 / 일요일 휴진,0508-0354-2100
리프팅,레이저리프팅,올리지오리프팅,https://www.yeoshin.co.kr/event/mobile/22535,피부과 전문의/하이엔드 맞춤올리지오,https://d3gurpvil0se70.cloudfront.net/upfiles/images/product/M2IZQ59mKAFvl6RAlCgdbzGJpvw9.png?q=90&f=webp&w=1024,"#피부과 전문의
#리프팅레이저
#얼굴지방개선",,,"1,089,000원",VAT 포함,"올리지오
시술시간
30~40분
마취여부
크림마취
회복시간
약 1~2일
시술효과
1~2주 후",하이엔드피부과,전문의 2명 / 전문의 2명 / 여의사 진료 / 여의사 진료,"경기도 구리시 경춘로 219 (인창동) 골든브릿지 9,10층",크림마취,화요일 10:00 ~ 19:00 (점심 13:00 ~ 14:00) / 수요일 10:00 ~ 19:00 (점심 13:00 ~ 14:00) / 목요일 10:00 ~ 19:00 (점심 13:00 ~ 14:00) / 금요일 10:00 ~ 20:00 (점심 13:00 ~ 14:00) / 토요일 09:30 ~ 15:00 / 일요일 휴진,0508-0353-0260
리프팅,레이저리프팅,올리지오리프팅,https://www.yeoshin.co.kr/event/mobile/17190,여자대표원장 꼼꼼 시술 올리지오,https://d3gurpvil0se70.cloudfront.net/upfiles/images/product/qKUikPrvGlWOMdC2SPoOr4IG0BN4.png?q=90&f=webp&w=1024,"#리프팅레이저
#얼굴지방개선",,,"165,000원",VAT 포함,"올리지오
시술시간
30~40분
마취여부
크림마취
회복시간
1~2일
시술효과
3~4주 후",아라의원,,인천광역시 서구 청마로167번길 24 아라의원,,화요일 10:00 ~ 19:00 / 수요일 10:00 ~ 21:00 / 목요일 10:00 ~ 19:00 / 금요일 10:00 ~ 21:00 / 토요일 10:00 ~ 15:00 / 일요일 휴진,0508-0354-1561
리프팅,레이저리프팅,올리지오리프팅,https://www.yeoshin.co.kr/event/mobile/25821,원장님 1:1 상담 시술 올리지오,https://d3gurpvil0se70.cloudfront.net/upfiles/images/product/3TVxvxlcj5boaBfKMamjupPmBBs5.png?q=90&f=webp&w=1024,"#피부과 전문의
#리프팅레이저
#얼굴지방개선",,,"759,000원",VAT 포함,"올리지오
시술시간
30~40분
마취여부
마취없음
회복시간
약 1~2일
시술효과
1~2주 후",청담엔케이피부과의원,전문의 1명 / 전문의 1명 / 여의사 진료 / 여의사 진료 / 피부진단기 F-RAY 촬영 > / 피부진단기 F-RAY 촬영 > / 피부진단기 F-RAY 촬영 >,서울특별시 강서구 마곡중앙5로 81 (마곡동) 5층 청담NK피부과의원,,화요일 10:00 ~ 19:00 (점심 13:00 ~ 14:00) / 수요일 10:00 ~ 19:00 (점심 13:00 ~ 14:00) / 목요일 10:00 ~ 19:00 (점심 13:00 ~ 14:00) / 금요일 10:00 ~ 20:00 (점심 13:00 ~ 14:00) / 토요일 09:30 ~ 14:30 / 일요일 휴진,050803531467
리프팅,레이저리프팅,올리지오리프팅,https://www.yeoshin.co.kr/event/mobile/18055,"올리지오,국내 피부 맞춤 리프팅",https://d3gurpvil0se70.cloudfront.net/upfiles/images/product/ZABWkTKC18x7t8m248kT77cRjreA.jpg?q=90&f=webp&w=1024,"#피부과 전문의
#리프팅레이저
#얼굴지방개선",,,"660,000원",VAT 포함,"올리지오
시술시간
30~40분
마취여부
크림마취
회복시간
약 1~2일
시술효과
1~2주 후",휴먼피부과의원(청라점),전문의 4명 / 전문의 4명 / 여의사 진료 / 여의사 진료,인천광역시 서구 중봉대로 594 비전프라자 4층 휴먼피부과의원(청라점),"크림마취
수면마취
비수면 무통마취",화요일 10:00 ~ 19:00 (점심 12:00 ~ 14:00) / 수요일 10:00 ~ 20:30 (점심 12:00 ~ 14:00) / 목요일 10:00 ~ 19:00 (점심 12:00 ~ 14:00) / 금요일 10:00 ~ 20:30 (점심 12:00 ~ 14:00) / 토요일 10:00 ~ 16:00 / 일요일 휴진 / 진료마감 : 월수금 19:30 / 화목 18:00 / 토 15:00,0508-0354-1088
리프팅,레이저리프팅,올리지오리프팅,https://www.yeoshin.co.kr/event/mobile/8013,올리지오,https://d3gurpvil0se70.cloudfront.net/upfiles/images/product/nEqYe5Yfb9vuz9xH0zlVPgRTXXm3.jpg?q=90&f=webp&w=1024,"#리프팅레이저
#얼굴지방개선",,,"462,000원",VAT 포함,"올리지오
시술시간
60~70분
마취여부
크림마취
회복시간
3일
시술효과
1달 후",아비쥬의원(대전점),전문의 2명 / 전문의 2명,대전광역시 서구 대덕대로 219 아비쥬의원(대전점),,화요일 10:30 ~ 20:30 (점심 14:00 ~ 15:00) / 수요일 10:30 ~ 20:30 (점심 14:00 ~ 15:00) / 목요일 10:30 ~ 20:30 (점심 14:00 ~ 15:00) / 금요일 10:30 ~ 20:30 (점심 14:00 ~ 15:00) / 토요일 10:30 ~ 17:00 / 일요일 10:30 ~ 17:00,0508-0354-2871
리프팅,레이저리프팅,올리지오리프팅,https://www.yeoshin.co.kr/event/mobile/15497,올리지오 100샷,https://d3gurpvil0se70.cloudfront.net/upfiles/images/product/1ID72Fm97elLUAMVRDoDzIsPFG63.jpg?q=90&f=webp&w=1024,"#리프팅레이저
#얼굴지방개선",,,"242,000원",VAT 포함,"올리지오
시술시간
30~40분
마취여부
크림마취
회복시간
1~2일
시술효과
1~2주 후",일라스의원,전문의 1명 / 전문의 1명,부산광역시 해운대구 센텀2로 25 일라스의원,,화요일 11:00 ~ 20:00 (점심 13:00 ~ 14:00) / 수요일 11:00 ~ 20:00 (점심 13:00 ~ 14:00) / 목요일 11:00 ~ 20:00 (점심 13:00 ~ 14:00) / 금요일 11:00 ~ 20:00 (점심 13:00 ~ 14:00) / 토요일 10:00 ~ 16:00 / 일요일 휴진,0508-0354-2039
리프팅,레이저리프팅,올리지오리프팅,https://www.yeoshin.co.kr/event/mobile/11774,HOT 올리지오 리프팅 (탄력리프팅),https://d3gurpvil0se70.cloudfront.net/upfiles/images/product/nTv7fQTWokRPxAStaAqHWVPReBX4.png?q=90&f=webp&w=1024,"#리프팅레이저
#얼굴지방개선",9.7,후기 6,"150,000원",VAT 포함,"올리지오
시술시간
30분
마취여부
크림마취
회복시간
1일
시술효과
1달 후",에이스타의원,전문의 1명 / 전문의 1명 / 여의사 진료 / 여의사 진료 / 수술실 CCTV / 수술실 CCTV / 전담회복실 / 전담회복실 / 사후관리 / 사후관리 / 영어 응대 / 영어 응대,서울특별시 강남구 도산대로 104 (논현동) 에이스타의원,"크림마취
수면마취
국소마취",화요일 10:00 ~ 19:00 (점심 13:00 ~ 14:00) / 수요일 휴진 / 목요일 10:00 ~ 19:00 (점심 13:00 ~ 14:00) / 금요일 10:00 ~ 19:00 (점심 13:00 ~ 14:00) / 토요일 10:00 ~ 16:00 (점심 13:00 ~ 14:00) / 일요일 휴진,0508-0353-2403
리프팅,레이저리프팅,올리지오리프팅,https://www.yeoshin.co.kr/event/mobile/17285,강력해진 올리지오 X,https://d3gurpvil0se70.cloudfront.net/upfiles/images/product/L1slleKB957wLNxCvMKhABCFwTy9.jpg?q=90&f=webp&w=1024,"#리프팅레이저
#얼굴지방개선",,,,,"올리지오X
시술시간
15~20분
마취여부
마취없음
회복시간
당일
시술효과
1~2주 후",유앤아이의원(평택점),,경기도 평택시 평남로 862 (비전동) 로이드빌딩 2층,,화요일 10:00 ~ 20:30 (점심 13:00 ~ 14:00) / 수요일 10:00 ~ 20:30 (점심 13:00 ~ 14:00) / 목요일 10:00 ~ 20:30 (점심 13:00 ~ 14:00) / 금요일 10:00 ~ 20:30 (점심 13:00 ~ 14:00) / 토요일 10:00 ~ 16:00 / 일요일 휴진,0508-0354-0339
리프팅,레이저리프팅,올리지오리프팅,https://www.yeoshin.co.kr/event/mobile/12196,올리지오 100샷,https://d3gurpvil0se70.cloudfront.net/upfiles/images/product/3208178854.jpg?q=90&f=webp&w=1024,"#리프팅레이저
#얼굴지방개선",,,"165,000원",VAT 포함,"올리지오
시술시간
50분
마취여부
크림마취
회복시간
1~2일
시술효과
1~2주 후",스무살의원,전문의 1명 / 전문의 1명 / 여의사 진료 / 여의사 진료,경기도 고양시 일산동구 정발산로 24 스무살의원,"크림마취
수면마취
비수면 무통마취
국소마취",화요일 10:30 ~ 21:00 (점심 13:00 ~ 14:00) / 수요일 10:30 ~ 21:00 (점심 13:00 ~ 14:00) / 목요일 10:30 ~ 19:00 (점심 13:00 ~ 14:00) / 금요일 10:30 ~ 21:00 (점심 13:00 ~ 14:00) / 토요일 10:30 ~ 17:00 (점심 13:00 ~ 14:00) / 일요일 휴진,0508-0354-0755
리프팅,레이저리프팅,올리지오리프팅,https://www.yeoshin.co.kr/event/mobile/27347,"더욱 강력해진 리프팅 , 올리지오X",https://d3gurpvil0se70.cloudfront.net/upfiles/images/product/wyZ0gTOdUELZbazBSilNqCwgnu48.jpg?q=90&f=webp&w=1024,"#리프팅레이저
#얼굴지방개선",,,"195,000원",VAT 포함,"올리지오X
시술시간
15~20분
마취여부
마취없음
회복시간
당일
시술효과
1~2주 후",어뉴의원,전문의 1명 / 전문의 1명,서울시 중구 무교로 12 어뉴의원,,화요일 10:00 ~ 20:00 (점심 13:30 ~ 14:30) / 수요일 14:00 ~ 20:00 / 목요일 10:00 ~ 19:00 (점심 13:30 ~ 14:30) / 금요일 10:00 ~ 20:00 (점심 13:30 ~ 14:30) / 토요일 10:00 ~ 15:00 / 일요일 휴진,0508-0353-8433
리프팅,레이저리프팅,올리지오리프팅,https://www.yeoshin.co.kr/event/mobile/15451,올리고 당기고 채워주는 올리지오,https://d3gurpvil0se70.cloudfront.net/upfiles/images/product/PksZTEE51TaDjXm7JTZZkCkHhnp5.jpg?q=90&f=webp&w=1024,"#리프팅레이저
#얼굴지방개선",8,후기 1,"429,000원",VAT 포함,"올리지오
시술시간
30~40분
마취여부
크림마취
회복시간
1~2일
시술효과
1~2주 후",연의원 범계(안양),,경기도 안양시 동안구 평촌대로217번길 15 (호계동) 파크에비뉴엘 4층,,화요일 10:30 ~ 20:30 (점심 13:30 ~ 14:30) / 수요일 휴진 / 목요일 10:30 ~ 20:30 (점심 13:30 ~ 14:30) / 금요일 10:00 ~ 18:00 (점심 13:30 ~ 14:30) / 토요일 10:00 ~ 16:00 / 일요일 휴진,0508-0354-1067
리프팅,레이저리프팅,올리지오리프팅,https://www.yeoshin.co.kr/event/mobile/16543,HOT! [정품·정량] 올리지오 리프팅,https://d3gurpvil0se70.cloudfront.net/upfiles/images/product/KZsp7f8BCTrAcXmWC4qJUBvKIqy7.jpg?q=90&f=webp&w=1024,"#리프팅레이저
#얼굴지방개선",9.5,후기 114,"89,000원",VAT 포함,"올리지오
시술시간
30~40분
마취여부
크림마취
회복시간
1~2일
시술효과
1~2주 후",뷰티오션의원(하남감일점),,경기도 하남시 감일중앙로 60 (감이동) 벨솔레파크 4층 뷰티오션의원,"크림마취
수면마취","화요일 10:30 ~ 20:30 (점심 13:00 ~ 14:00) / 수요일 10:30 ~ 20:30 (점심 13:00 ~ 14:00) / 목요일 휴진 / 금요일 09:30 ~ 19:30 (점심 13:00 ~ 14:00) / 토요일 11:00 ~ 17:00 (점심 13:00 ~ 13:30) / 일요일 휴진 / 매 주 목요일/일요일, 법정공휴일 휴무",0508-0353-9446
리프팅,레이저리프팅,올리지오리프팅,https://www.yeoshin.co.kr/event/mobile/19715,HOT! [정품·정량]아이올리지오 100샷,https://d3gurpvil0se70.cloudfront.net/upfiles/images/product/pAUuFdnSDJM8kOfHI5qMeOmfgJv7.jpg?q=90&f=webp&w=1024,"#리프팅레이저
#얼굴지방개선",9.6,후기 60,"89,000원",VAT 포함,"올리지오
시술시간
30~40분
마취여부
마취없음
회복시간
약 1~2일
시술효과
1~2주 후",뷰티오션의원(하남감일점),,경기도 하남시 감일중앙로 60 (감이동) 벨솔레파크 4층 뷰티오션의원,"크림마취
수면마취","화요일 10:30 ~ 20:30 (점심 13:00 ~ 14:00) / 수요일 10:30 ~ 20:30 (점심 13:00 ~ 14:00) / 목요일 휴진 / 금요일 09:30 ~ 19:30 (점심 13:00 ~ 14:00) / 토요일 11:00 ~ 17:00 (점심 13:00 ~ 13:30) / 일요일 휴진 / 매 주 목요일/일요일, 법정공휴일 휴무",0508-0353-9446
리프팅,레이저리프팅,올리지오리프팅,https://www.yeoshin.co.kr/event/mobile/26243,올리지오/올리지오패키지/슈링크_정품,https://d3gurpvil0se70.cloudfront.net/upfiles/images/product/ssPVt9BEumYC52iq5EwecWlSeBF9.jpg?q=90&f=webp&w=1024,"#리프팅레이저
#얼굴지방개선",,,"539,000원",VAT 포함,"올리지오
시술시간
30~40분
마취여부
크림/수면
회복시간
약 1~2일
시술효과
1~2주 후",반니성형외과의원,전문의 2명 / 전문의 2명 / 여의사 진료 / 여의사 진료 / 수술실 CCTV / 수술실 CCTV / 전담회복실 / 전담회복실 / 사후관리 / 사후관리 / 중국어 응대 / 중국어 응대 / 일본어 응대 / 일본어 응대,"서울특별시 강남구 테헤란로 107 (역삼동) 8층 (역삼동, 메디타워)",,화요일 10:00 ~ 19:00 / 수요일 10:00 ~ 19:00 / 목요일 10:00 ~ 19:00 / 금요일 10:00 ~ 21:00 / 토요일 10:00 ~ 17:00 / 일요일 휴진,0508-0353-6588
리프팅,레이저리프팅,올리지오리프팅,https://www.yeoshin.co.kr/event/mobile/6586,올리지오는 올리지오,https://d3gurpvil0se70.cloudfront.net/upfiles/images/product/455798341.jpg?q=90&f=webp&w=1024,"#리프팅레이저
#얼굴지방개선",,,"550,000원",VAT 포함,"올리지오
시술시간
30분
마취여부
크림/국소
회복시간
1~2일
시술효과
1~2주 후",조은날의원,,서울시 강남구 강남대로 476 조은날의원,,화요일 10:30 ~ 20:30 (점심 13:00 ~ 14:00) / 수요일 10:30 ~ 20:30 (점심 13:00 ~ 14:00) / 목요일 10:30 ~ 20:30 (점심 13:00 ~ 14:00) / 금요일 10:30 ~ 20:30 (점심 13:00 ~ 14:00) / 토요일 10:30 ~ 16:30 / 일요일 휴진,0508-0353-4980
리프팅,레이저리프팅,올리지오리프팅,https://www.yeoshin.co.kr/event/mobile/22283,올리지오,https://d3gurpvil0se70.cloudfront.net/upfiles/images/product/4afJGL1Ds76cl5aLGOgnwJTVWnq.jpg?q=90&f=webp&w=1024,"#리프팅레이저
#얼굴지방개선",,,"143,000원",VAT 포함,"올리지오
시술시간
30~40분
마취여부
크림마취
회복시간
약 1~2일
시술효과
1~2주 후",루미의원,여의사 진료 / 여의사 진료,서울시 송파구 백제고분로 204 5층루미의원,"크림마취
수면마취
국소마취",화요일 09:00 ~ 18:30 (점심 13:00 ~ 14:00) / 수요일 휴진 / 목요일 09:00 ~ 18:00 (점심 13:00 ~ 14:00) / 금요일 09:00 ~ 18:30 (점심 13:00 ~ 14:00) / 토요일 09:00 ~ 15:00 / 일요일 휴진 / 공휴일 휴진,0508-0353-3090
리프팅,레이저리프팅,올리지오리프팅,https://www.yeoshin.co.kr/event/mobile/10222,올리지오 대표원장시술,https://d3gurpvil0se70.cloudfront.net/upfiles/images/product/ihfGyhMb5im4ZvkR3az4mNyWuYq.jpg?q=90&f=webp&w=1024,"#리프팅레이저
#얼굴지방개선",9.7,후기 204,"341,000원",VAT 포함,"올리지오
시술시간
20~40분
마취여부
크림마취
회복시간
당일
시술효과
당일",라클라쎄의원,,서울특별시 강남구 테헤란로 101 (역삼동) 라클라쎄의원,,화요일 10:00 ~ 20:00 (점심 13:00 ~ 14:00) / 수요일 10:00 ~ 20:00 (점심 13:00 ~ 14:00) / 목요일 10:00 ~ 20:00 (점심 13:00 ~ 14:00) / 금요일 10:00 ~ 20:00 (점심 13:00 ~ 14:00) / 토요일 10:00 ~ 16:00 / 일요일 10:00 ~ 16:00,0508-0353-6793
리프팅,레이저리프팅,올리지오리프팅,https://www.yeoshin.co.kr/event/mobile/2610,고주파 리프팅 올리지오리프팅,https://d3gurpvil0se70.cloudfront.net/upfiles/images/product/pz1Mu5PVBgHKGzyys2MWa2gd3Bp3.jpg?q=90&f=webp&w=1024,"#리프팅레이저
#얼굴지방개선",9.5,후기 186,"130,000원",VAT 포함,"올리지오
시술시간
30~40분
마취여부
크림마취
회복시간
1~2일
시술효과
1~2주 후",더비비성형외과의원,전문의 1명 / 전문의 1명,서울시 강남구 강남대로 402 더비비성형외과의원,,화요일 10:00 ~ 19:00 / 수요일 10:00 ~ 19:00 / 목요일 14:00 ~ 19:00 / 금요일 10:00 ~ 21:00 / 토요일 10:00 ~ 16:00 / 일요일 휴진,0508-0353-7737
리프팅,레이저리프팅,볼뉴머리프팅,https://www.yeoshin.co.kr/event/mobile/15936,볼뉴머리프팅 탄력 고주파리프팅,https://d3gurpvil0se70.cloudfront.net/upfiles/images/product/BUa4hd8PN65vieX3Ona6Pk6iLNo5.jpg?q=90&f=webp&w=1024,"#리프팅레이저
#타이트닝",9.4,후기 31,"72,000원",VAT 포함,"볼뉴머
시술시간
40분
마취여부
크림마취
회복시간
당일
시술효과
1달 후",세가지소원의원(압구정),영어 응대 / 영어 응대 / 중국어 응대 / 중국어 응대 / 일본어 응대 / 일본어 응대,서울특별시 강남구 논현로 824 세가지소원의원(압구정),,화요일 10:00 ~ 20:00 / 수요일 10:00 ~ 19:00 / 목요일 10:00 ~ 20:00 / 금요일 10:00 ~ 19:00 / 토요일 10:00 ~ 17:00 / 일요일 휴진,0508-0353-5028
리프팅,레이저리프팅,볼뉴머리프팅,https://www.yeoshin.co.kr/event/mobile/6154,NEW 볼뉴머 리프팅,https://d3gurpvil0se70.cloudfront.net/upfiles/images/product/CQUmx1pF3JJ6rVZRybKcHtdt5fH9.jpg?q=90&f=webp&w=1024,"#리프팅레이저
#타이트닝",8.5,후기 2,"176,000원",VAT 포함,"볼뉴머
시술시간
30분
마취여부
냉각마취
회복시간
3일
시술효과
2~3달 후",유앤아이의원(수원점),전문의 1명 / 전문의 1명 / 영어 응대 / 영어 응대 / 중국어 응대 / 중국어 응대,경기도 수원시 팔달구 효원로 265번길 54 유앤아이의원(수원점),,화요일 10:00 ~ 20:30 / 수요일 10:00 ~ 20:30 / 목요일 10:00 ~ 20:30 / 금요일 10:00 ~ 20:30 / 토요일 휴진 / 일요일 휴진,0508-0354-0319
리프팅,레이저리프팅,볼뉴머리프팅,https://www.yeoshin.co.kr/event/mobile/18800,볼뉴머 300 샷,https://d3gurpvil0se70.cloudfront.net/upfiles/images/product/oYrSO24PMW92jKTfVWYq1kiYALt.jpg?q=90&f=webp&w=1024,"#리프팅레이저
#타이트닝",9.6,후기 5,"420,000원",VAT 포함,"볼뉴머
시술시간
10분
마취여부
마취없음
회복시간
당일
시술효과
-",뷰티앤디지털치과병원,전문의 9명 / 전문의 9명 / 피부진단기 F-RAY 촬영 > / 피부진단기 F-RAY 촬영 > / 피부진단기 F-RAY 촬영 >,"경기도 파주시 경의로1240번길 19 (와동동) 월드타워15차 7층, 8층",,화요일 10:00 ~ 20:00 / 수요일 10:00 ~ 20:00 / 목요일 10:00 ~ 20:00 / 금요일 10:00 ~ 18:00 / 토요일 10:00 ~ 16:00 / 일요일 휴진 / 월~금 점심시간은 2시~3시 입니다,0508-0353-9799
리프팅,레이저리프팅,볼뉴머리프팅,https://www.yeoshin.co.kr/event/mobile/15686,볼뉴머! 국산 고주파리프팅 !,https://d3gurpvil0se70.cloudfront.net/upfiles/images/product/eBN1WuMNhX0nBDfNVLnjP8kDyrB2.png?q=90&f=webp&w=1024,"#리프팅레이저
#타이트닝",,,"165,000원",VAT 포함,"볼뉴머
시술시간
30분
마취여부
마취없음
회복시간
당일
시술효과
3달 후",신사에그의원,여의사 진료 / 여의사 진료 / 영어 응대 / 영어 응대 / 중국어 응대 / 중국어 응대 / 일본어 응대 / 일본어 응대,서울특별시 서초구 강남대로 613 (잠원동) 성락빌딩 5~7층,"크림마취
수면마취
국소마취",화요일 11:00 ~ 20:30 (점심 14:00 ~ 15:00) / 수요일 11:00 ~ 20:30 (점심 14:00 ~ 15:00) / 목요일 11:00 ~ 20:30 (점심 14:00 ~ 15:00) / 금요일 11:00 ~ 20:30 (점심 14:00 ~ 15:00) / 토요일 11:00 ~ 17:00 / 일요일 11:00 ~ 17:00,0508-0353-5368
리프팅,레이저리프팅,볼뉴머리프팅,https://www.yeoshin.co.kr/event/mobile/25072,유온느 볼뉴머 시술전 디자인 대표원장상담,https://d3gurpvil0se70.cloudfront.net/upfiles/images/product/jubFn4ifySXErbIp0tapZkmCU9d8.jpg?q=90&f=webp&w=1024,"#리프팅레이저
#타이트닝",,,"99,000원",VAT 포함,"볼뉴머
시술시간
30분
마취여부
마취없음
회복시간
당일
시술효과
3달 후",유온느의원,,서울특별시 마포구 신촌로 92 (노고산동) 신촌카리스빌딩 9층,"크림마취
비수면 무통마취",화요일 10:00 ~ 19:00 (점심 13:00 ~ 14:00) / 수요일 휴진 / 목요일 10:00 ~ 20:00 (점심 13:00 ~ 14:00) / 금요일 10:00 ~ 20:00 (점심 13:00 ~ 14:00) / 토요일 10:00 ~ 16:00 / 일요일 휴진 / 공휴일 10:00~16:00,050803531287
리프팅,레이저리프팅,볼뉴머리프팅,https://www.yeoshin.co.kr/event/mobile/23082,탄력 고주파로 확실하게! 볼뉴머,https://d3gurpvil0se70.cloudfront.net/upfiles/images/product/iR2vPiDomNfoLhbBEz0Jz2KgY0DA.png?q=90&f=webp&w=1024,"#리프팅레이저
#타이트닝",,,"467,500원",VAT 포함,"볼뉴머
시술시간
30분
마취여부
마취없음
회복시간
당일
시술효과
3달 후",뷰티블라썸의원,여의사 진료 / 여의사 진료 / 사후관리 / 사후관리 / 영어 응대 / 영어 응대 / 중국어 응대 / 중국어 응대 / 일본어 응대 / 일본어 응대,"서울특별시 마포구 양화로 66 (서교동) 5층,6층",,화요일 10:00 ~ 20:00 / 수요일 10:00 ~ 20:00 / 목요일 10:00 ~ 20:00 / 금요일 10:00 ~ 20:00 / 토요일 10:00 ~ 16:30 / 일요일 10:00 ~ 16:30 / 대체 공휴일 진료,0508-0353-9342
리프팅,레이저리프팅,볼뉴머리프팅,https://www.yeoshin.co.kr/event/mobile/26781,반하다 볼뉴머리프팅,https://d3gurpvil0se70.cloudfront.net/upfiles/images/product/VSVJaJHQc6GToQ2QlrFq4c3vZmN9.jpg?q=90&f=webp&w=1024,"#리프팅레이저
#타이트닝",,,"187,000원",VAT 포함,"볼뉴머
시술시간
30분
마취여부
마취없음
회복시간
당일
시술효과
3달 후",반하다의원,수술실 CCTV / 수술실 CCTV / 응급처치 시스템 / 응급처치 시스템 / 기본 입원실 / 기본 입원실 / 사후관리 / 사후관리,"서울 강남구 논현로 822 3층(신사동, 로뎀빌딩)",,화요일 10:00 ~ 19:00 (점심 13:00 ~ 14:00) / 수요일 10:00 ~ 19:00 (점심 13:00 ~ 14:00) / 목요일 10:00 ~ 19:00 (점심 13:00 ~ 14:00) / 금요일 10:00 ~ 19:00 (점심 13:00 ~ 14:00) / 토요일 10:00 ~ 16:00 (점심 13:00 ~ 14:00) / 일요일 휴진 / 공휴일 진료시간 : 10시~7시 (유동적/ 점심시간 동일),0508-0353-3640
리프팅,레이저리프팅,볼뉴머리프팅,https://www.yeoshin.co.kr/event/mobile/23622,볼뉴머 리프팅,https://d3gurpvil0se70.cloudfront.net/upfiles/images/product/C2xk1wcjYkVW8v0ryH5GJPDadI58.png?q=90&f=webp&w=1024,"#리프팅레이저
#타이트닝",,,"174,000원",VAT 포함,"볼뉴머
시술시간
50-60분
마취여부
마취없음
회복시간
당일
시술효과
1-2달 후",빛담은한의원,여의사 진료 / 여의사 진료 / 분야별 협진 / 분야별 협진 / 사후관리 / 사후관리,서울특별시 강서구 마곡중앙6로 93 (마곡동) 열린프라자 4층,크림마취,화요일 10:00 ~ 20:00 (점심 14:00 ~ 15:00) / 수요일 10:00 ~ 20:00 (점심 14:00 ~ 15:00) / 목요일 10:00 ~ 20:00 (점심 14:00 ~ 15:00) / 금요일 10:00 ~ 20:00 (점심 14:00 ~ 15:00) / 토요일 10:00 ~ 16:00 / 일요일 휴진,0508-0354-0407
리프팅,레이저리프팅,볼뉴머리프팅,https://www.yeoshin.co.kr/event/mobile/24654,고주파리프팅 볼뉴머 대표원장 시술,https://d3gurpvil0se70.cloudfront.net/upfiles/images/product/dc9dRnRhefJiyimdRyhjX3UUWif3.png?q=90&f=webp&w=1024,"#리프팅레이저
#타이트닝",,,,,"볼뉴머
시술시간
30분
마취여부
마취없음
회복시간
당일
시술효과
3달 후",더이뻐의원,일본어 응대 / 일본어 응대,서울특별시 서초구 나루터로 80 (잠원동) (자은빌딩) 3층,"크림마취
수면마취
국소마취",화요일 10:00 ~ 20:00 / 수요일 10:00 ~ 20:00 / 목요일 10:00 ~ 20:00 / 금요일 10:00 ~ 20:00 / 토요일 10:00 ~ 16:00 / 일요일 휴진 / 12월 25일 성탄절 휴무,050803530151
리프팅,레이저리프팅,볼뉴머리프팅,https://www.yeoshin.co.kr/event/mobile/26783,반하다 아이볼뉴머,https://d3gurpvil0se70.cloudfront.net/upfiles/images/product/tOZurCMHR17njJipnf4TdXIhbVP2.jpg?q=90&f=webp&w=1024,"#리프팅레이저
#타이트닝",,,"220,000원",VAT 포함,"볼뉴머
시술시간
30분
마취여부
마취없음
회복시간
당일
시술효과
3달 후",반하다의원,수술실 CCTV / 수술실 CCTV / 응급처치 시스템 / 응급처치 시스템 / 기본 입원실 / 기본 입원실 / 사후관리 / 사후관리,"서울 강남구 논현로 822 3층(신사동, 로뎀빌딩)",,화요일 10:00 ~ 19:00 (점심 13:00 ~ 14:00) / 수요일 10:00 ~ 19:00 (점심 13:00 ~ 14:00) / 목요일 10:00 ~ 19:00 (점심 13:00 ~ 14:00) / 금요일 10:00 ~ 19:00 (점심 13:00 ~ 14:00) / 토요일 10:00 ~ 16:00 (점심 13:00 ~ 14:00) / 일요일 휴진 / 공휴일 진료시간 : 10시~7시 (유동적/ 점심시간 동일),0508-0353-3640
리프팅,레이저리프팅,볼뉴머리프팅,https://www.yeoshin.co.kr/event/mobile/1166,명동루비_볼뉴머,https://d3gurpvil0se70.cloudfront.net/upfiles/images/product/306kfbNRJumc2U8P0b6aHKmL7W9A.jpg?q=90&f=webp&w=1024,"#리프팅레이저
#타이트닝",9.1,후기 123,"72,000원",VAT 포함,"볼뉴머
시술시간
30분
마취여부
냉각마취
회복시간
3일
시술효과
2~3달 후",루비의원(명동점),,서울특별시 중구 명동길 65 루비의원(명동점),,화요일 10:30 ~ 20:30 (점심 13:30 ~ 15:00) / 수요일 10:30 ~ 20:30 (점심 13:30 ~ 15:00) / 목요일 10:30 ~ 20:30 (점심 13:30 ~ 15:00) / 금요일 10:30 ~ 20:30 (점심 13:30 ~ 15:00) / 토요일 10:00 ~ 16:00 / 일요일 12:00 ~ 17:00,0508-0353-8508
리프팅,레이저리프팅,볼뉴머리프팅,https://www.yeoshin.co.kr/event/mobile/24295,뉴엘라인의 특별한 볼뉴머,https://d3gurpvil0se70.cloudfront.net/upfiles/images/product/VkAKF05xf6zCwCOwqJrUAF9OXfz2.jpg?q=90&f=webp&w=1024,"#리프팅레이저
#타이트닝",,,"308,000원",VAT 포함,"볼뉴머
시술시간
30분
마취여부
마취없음
회복시간
당일
시술효과
3달 후",뉴엘라인의원,전문의 1명 / 전문의 1명 / 여의사 진료 / 여의사 진료 / 마취과의 진료 / 마취과의 진료 / 수술실 CCTV / 수술실 CCTV,서울특별시 성동구 상원길 26 (성수동1가) 뉴엘라인의원,"크림마취
수면마취",화요일 11:00 ~ 20:00 (점심 14:00 ~ 15:00) / 수요일 11:00 ~ 20:00 (점심 14:00 ~ 15:00) / 목요일 11:00 ~ 20:00 (점심 14:00 ~ 15:00) / 금요일 11:00 ~ 21:00 (점심 14:00 ~ 15:00) / 토요일 11:00 ~ 16:00 / 일요일 휴진,0508-0353-1719
리프팅,레이저리프팅,볼뉴머리프팅,https://www.yeoshin.co.kr/event/mobile/27804,아이볼뉴머,https://d3gurpvil0se70.cloudfront.net/upfiles/images/product/eiNgHek2DGcjPnDu581GwVSppie8.jpg?q=90&f=webp&w=1024,"#리프팅레이저
#타이트닝",,,"190,000원",VAT 포함,"볼뉴머
시술시간
10~30분
마취여부
마취없음
회복시간
당일
시술효과
3개월 후",위례우주한의원,사후관리 / 사후관리 / 영어 응대 / 영어 응대,경기도 성남시 수정구 위례광장로 19 (창곡동) 아이페리온 409호,"크림마취
국소마취",화요일 10:00 ~ 20:00 (점심 13:00 ~ 14:00) / 수요일 10:00 ~ 20:00 (점심 13:00 ~ 14:00) / 목요일 10:00 ~ 20:00 (점심 13:00 ~ 14:00) / 금요일 10:00 ~ 20:00 (점심 13:00 ~ 14:00) / 토요일 10:00 ~ 15:00 / 일요일 휴진,050803543354
리프팅,레이저리프팅,볼뉴머리프팅,https://www.yeoshin.co.kr/event/mobile/27803,볼뉴머,https://d3gurpvil0se70.cloudfront.net/upfiles/images/product/8bVvwX2yB3BIJHBYlfZsdvgqB3rA.jpg?q=90&f=webp&w=1024,"#리프팅레이저
#타이트닝",,,"390,000원",VAT 포함,"볼뉴머
시술시간
30분
마취여부
마취없음
회복시간
당일
시술효과
3개월 후",위례우주한의원,사후관리 / 사후관리 / 영어 응대 / 영어 응대,경기도 성남시 수정구 위례광장로 19 (창곡동) 아이페리온 409호,"크림마취
국소마취",화요일 10:00 ~ 20:00 (점심 13:00 ~ 14:00) / 수요일 10:00 ~ 20:00 (점심 13:00 ~ 14:00) / 목요일 10:00 ~ 20:00 (점심 13:00 ~ 14:00) / 금요일 10:00 ~ 20:00 (점심 13:00 ~ 14:00) / 토요일 10:00 ~ 15:00 / 일요일 휴진,050803543354
리프팅,레이저리프팅,볼뉴머리프팅,https://www.yeoshin.co.kr/event/mobile/19014,[대표원장] 고주파 리프팅 볼뉴머 300샷,https://d3gurpvil0se70.cloudfront.net/upfiles/images/product/mA0bq91HcYT9XYYasVcecdO4veN4.jpg?q=90&f=webp&w=1024,"#리프팅레이저
#타이트닝",9.5,후기 152,"349,000원",VAT 포함,"볼뉴머
시술시간
30분
마취여부
마취없음
회복시간
당일
시술효과
3달 후",올핏의원,,서울특별시 강남구 강남대로 596 (논현동) 극동빌딩 6층 602호,"크림마취
수면마취
국소마취",화요일 11:00 ~ 20:00 (점심 14:00 ~ 15:00) / 수요일 11:00 ~ 20:00 (점심 14:00 ~ 15:00) / 목요일 휴진 / 금요일 11:00 ~ 20:00 (점심 14:00 ~ 15:00) / 토요일 11:00 ~ 17:00 / 일요일 휴진,0508-0353-5021
리프팅,레이저리프팅,볼뉴머리프팅,https://www.yeoshin.co.kr/event/mobile/26270,"탄력, 모공, 주름개선,리프팅 볼뉴머",https://d3gurpvil0se70.cloudfront.net/upfiles/images/product/0ZSkUe0OURn6PYPryhxXZ36nD967.jpg?q=90&f=webp&w=1024,"#리프팅레이저
#타이트닝",,,"220,000원",VAT 포함,"볼뉴머
시술시간
40분
마취여부
마취없음
회복시간
당일
시술효과
3개월 후",다온재한의원,여의사 진료 / 여의사 진료 / 사후관리 / 사후관리,서울특별시 송파구 올림픽로 145 (잠실동) 리센츠상가 4층,,화요일 10:30 ~ 20:30 (점심 14:00 ~ 15:00) / 수요일 10:30 ~ 20:30 (점심 14:00 ~ 15:00) / 목요일 10:30 ~ 20:30 (점심 14:00 ~ 15:00) / 금요일 10:30 ~ 20:30 (점심 14:00 ~ 15:00) / 토요일 10:00 ~ 16:00 / 일요일 휴진,0508-0354-0537
리프팅,레이저리프팅,볼뉴머리프팅,https://www.yeoshin.co.kr/event/mobile/25348,볼뉴머 300샷(대표원장 시술),https://d3gurpvil0se70.cloudfront.net/upfiles/images/product/de2s1xOHYuEI2b3X4CDd1cr8B008.jpg?q=90&f=webp&w=1024,"#리프팅레이저
#타이트닝",,,"330,000원",VAT 포함,"볼뉴머
시술시간
30분
마취여부
크림마취
회복시간
당일
시술효과
1달",더리즈의원(강남),전문의 1명 / 전문의 1명 / 여의사 진료 / 여의사 진료 / 수술실 CCTV / 수술실 CCTV / 사후관리 / 사후관리 / 피부진단기 F-RAY 촬영 > / 피부진단기 F-RAY 촬영 > / 피부진단기 F-RAY 촬영 >,서울특별시 강남구 테헤란로 337 (역삼동) 11층,"크림마취
수면마취
국소마취",화요일 10:00 ~ 19:00 (점심 13:00 ~ 14:00) / 수요일 휴진 / 목요일 10:00 ~ 19:00 (점심 13:00 ~ 14:00) / 금요일 10:00 ~ 20:00 (점심 13:00 ~ 14:00) / 토요일 10:00 ~ 16:00 / 일요일 휴진,050803531297
리프팅,레이저리프팅,볼뉴머리프팅,https://www.yeoshin.co.kr/event/mobile/18309,분당 탄력리프팅 볼뉴머 100샷,https://d3gurpvil0se70.cloudfront.net/upfiles/images/product/U0hQKDparpBRnEVMPTuUnLoxchL2.jpg?q=90&f=webp&w=1024,"#리프팅레이저
#타이트닝",,,"150,000원",VAT 포함,"볼뉴머
시술시간
30분
마취여부
마취없음
회복시간
당일
시술효과
3달 후",베네핏의원,,경기도 성남시 분당구 성남대로 151 221~223호 베네핏의원,,"화요일 10:00 ~ 19:30 (점심 13:00 ~ 14:00) / 수요일 휴진 / 목요일 10:00 ~ 19:30 (점심 13:00 ~ 14:00) / 금요일 10:00 ~ 19:30 (점심 13:00 ~ 14:00) / 토요일 09:00 ~ 15:00 / 일요일 휴진 / 수요일, 일요일, 공휴일 휴무",0508-0354-0486
리프팅,레이저리프팅,볼뉴머리프팅,https://www.yeoshin.co.kr/event/mobile/16369,고주파 리프팅 나비 볼뉴머,https://d3gurpvil0se70.cloudfront.net/upfiles/images/product/agVOK1xCwHwKcU2bphl3z9ertj1A.jpg?q=90&f=webp&w=1024,"#리프팅레이저
#타이트닝",,,"209,000원",VAT 포함,"볼뉴머
시술시간
30분
마취여부
마취없음
회복시간
당일
시술효과
3달 후",나비성형외과의원,전문의 1명 / 전문의 1명,"서울특별시 서초구 강남대로 559 (잠원동) CK빌딩 9층,10층 나비성형외과",,화요일 10:00 ~ 19:00 / 수요일 10:00 ~ 19:00 / 목요일 10:00 ~ 19:00 / 금요일 10:00 ~ 19:00 / 토요일 10:00 ~ 15:00 / 일요일 휴진,0508-0353-7002
리프팅,레이저리프팅,볼뉴머리프팅,https://www.yeoshin.co.kr/event/mobile/26028,볼뉴머 300샷+LED 10분/볼뉴머 아이,https://d3gurpvil0se70.cloudfront.net/upfiles/images/product/KcPB1DyzBrHTBwlQ1j2H3B6ObQM4.png?q=90&f=webp&w=1024,"#리프팅레이저
#타이트닝",,,"308,000원",VAT 포함,"볼뉴머
시술시간
30분
마취여부
마취없음
회복시간
당일
시술효과
3달 후",강남초이스병원,수술실 CCTV / 수술실 CCTV / 응급처치 시스템 / 응급처치 시스템 / 분야별 협진 / 분야별 협진 / 기본 입원실 / 기본 입원실 / 전담회복실 / 전담회복실 / 사후관리 / 사후관리 / 피부진단기 F-RAY 촬영 > / 피부진단기 F-RAY 촬영 > / 피부진단기 F-RAY 촬영 >,서울특별시 강남구 테헤란로 337 (역삼동) 강남초이스병원,"크림마취
수면마취
국소마취",화요일 10:00 ~ 20:00 / 수요일 10:00 ~ 20:00 / 목요일 휴진 / 금요일 10:00 ~ 20:00 / 토요일 10:00 ~ 15:00 / 일요일 휴진,050803531552
리프팅,레이저리프팅,볼뉴머리프팅,https://www.yeoshin.co.kr/event/mobile/17248,볼뉴머 리프팅 300샷,https://d3gurpvil0se70.cloudfront.net/upfiles/images/product/B60wYaBFx6ddWCDJL7veuycPP9r2.jpg?q=90&f=webp&w=1024,"#리프팅레이저
#타이트닝",,,,,"볼뉴머
시술시간
30분
마취여부
마취없음
회복시간
당일
시술효과
3달 후",유앤아이의원(평택점),,경기도 평택시 평남로 862 (비전동) 로이드빌딩 2층,,화요일 10:00 ~ 20:30 (점심 13:00 ~ 14:00) / 수요일 10:00 ~ 20:30 (점심 13:00 ~ 14:00) / 목요일 10:00 ~ 20:30 (점심 13:00 ~ 14:00) / 금요일 10:00 ~ 20:30 (점심 13:00 ~ 14:00) / 토요일 10:00 ~ 16:00 / 일요일 휴진,0508-0354-0339
리프팅,레이저리프팅,볼뉴머리프팅,https://www.yeoshin.co.kr/event/mobile/27535,볼뉴머,https://d3gurpvil0se70.cloudfront.net/upfiles/images/product/fHRPgWX8W9XYdivAkBvyrJTCUog8.png?q=90&f=webp&w=1024,"#리프팅레이저
#타이트닝",,,"603,900원",VAT 포함,"볼뉴머
시술시간
30분
마취여부
마취없음
회복시간
당일
시술효과
3달 후",모리프한의원,여의사 진료 / 여의사 진료,광주광역시 서구 상무중앙로 43 (치평동) 212호,크림마취,화요일 08:00 ~ 21:00 (점심 13:00 ~ 14:00) / 수요일 08:00 ~ 21:00 (점심 13:00 ~ 14:00) / 목요일 08:00 ~ 21:00 (점심 13:00 ~ 14:00) / 금요일 08:00 ~ 21:00 (점심 13:00 ~ 14:00) / 토요일 08:00 ~ 18:00 (점심 13:00 ~ 14:00) / 일요일 08:00 ~ 18:00 (점심 13:00 ~ 14:00),050803543438
리프팅,레이저리프팅,볼뉴머리프팅,https://www.yeoshin.co.kr/event/mobile/7874,볼뉴머 100샷,https://d3gurpvil0se70.cloudfront.net/upfiles/images/product/2335047680.jpg?q=90&f=webp&w=1024,"#리프팅레이저
#타이트닝",,,"220,000원",VAT 포함,"볼뉴머
시술시간
50분
마취여부
마취없음
회복시간
3일
시술효과
2~3달 후",스무살의원,전문의 1명 / 전문의 1명 / 여의사 진료 / 여의사 진료,경기도 고양시 일산동구 정발산로 24 스무살의원,"크림마취
수면마취
비수면 무통마취
국소마취",화요일 10:30 ~ 21:00 (점심 13:00 ~ 14:00) / 수요일 10:30 ~ 21:00 (점심 13:00 ~ 14:00) / 목요일 10:30 ~ 19:00 (점심 13:00 ~ 14:00) / 금요일 10:30 ~ 21:00 (점심 13:00 ~ 14:00) / 토요일 10:30 ~ 17:00 (점심 13:00 ~ 14:00) / 일요일 휴진,0508-0354-0755
리프팅,레이저리프팅,볼뉴머리프팅,https://www.yeoshin.co.kr/event/mobile/17224,고주파 볼뉴머 리프팅,https://d3gurpvil0se70.cloudfront.net/upfiles/images/product/tSimON9ku7xjGTdbmt8qZyDR5ME7.jpg?q=90&f=webp&w=1024,"#리프팅레이저
#타이트닝",,,"594,000원",VAT 포함,"볼뉴머
시술시간
30분
마취여부
마취없음
회복시간
당일
시술효과
3달 후",톡스앤필(제주점),,제주특별자치도 제주시 노형로 378 (노형동) 청담빌딩 2층,,화요일 10:00 ~ 19:00 (점심 13:00 ~ 14:00) / 수요일 10:00 ~ 19:00 (점심 13:00 ~ 14:00) / 목요일 10:00 ~ 20:00 (점심 13:00 ~ 14:00) / 금요일 10:00 ~ 19:30 (점심 13:00 ~ 14:00) / 토요일 09:30 ~ 15:30 / 일요일 휴진,0508-0354-2777
리프팅,레이저리프팅,볼뉴머리프팅,https://www.yeoshin.co.kr/event/mobile/20092,강한 고주파 에너지 볼뉴머 여의사 꼼꼼시술,https://d3gurpvil0se70.cloudfront.net/upfiles/images/product/CAPjyKYepebNxiAI7BEkjOz0FKS9.png?q=90&f=webp&w=1024,"#리프팅레이저
#타이트닝",10,후기 1,"385,000원",VAT 포함,"볼뉴머
시술시간
30분
마취여부
크림마취
회복시간
당일
시술효과
한달 후",아라의원,,인천광역시 서구 청마로167번길 24 아라의원,,화요일 10:00 ~ 19:00 / 수요일 10:00 ~ 21:00 / 목요일 10:00 ~ 19:00 / 금요일 10:00 ~ 21:00 / 토요일 10:00 ~ 15:00 / 일요일 휴진,0508-0354-1561
리프팅,레이저리프팅,볼뉴머리프팅,https://www.yeoshin.co.kr/event/mobile/17262,New 리프팅 볼뉴머,https://d3gurpvil0se70.cloudfront.net/upfiles/images/product/ZFSbk1dd2Iq5PhNWbJvwtjDvVGy.jpg?q=90&f=webp&w=1024,"#리프팅레이저
#타이트닝",,,"462,000원",VAT 포함,"볼뉴머
시술시간
30분
마취여부
마취없음
회복시간
당일
시술효과
3달 후",연세더나은의원,전문의 2명 / 전문의 2명,경기도 고양시 일산동구 일산로 219 (마두동) 5층 연세더나은의원,,"화요일 09:00 ~ 18:30 (점심 13:00 ~ 14:00) / 수요일 09:00 ~ 18:30 (점심 13:00 ~ 14:00) / 목요일 휴진 / 금요일 09:00 ~ 18:30 (점심 13:00 ~ 14:00) / 토요일 09:00 ~ 13:00 / 일요일 휴진 / 목요일, 일요일, 공휴일 휴무",0508-0354-0850
리프팅,레이저리프팅,볼뉴머리프팅,https://www.yeoshin.co.kr/event/mobile/19912,[땡큐] 볼뉴머 리프팅,https://d3gurpvil0se70.cloudfront.net/upfiles/images/product/XAoDyWMZkduuBCmaD5RQRwRWYAg1.jpg?q=90&f=webp&w=1024,"#피부과 전문의
#리프팅레이저
#타이트닝",10,후기 1,"165,000원",VAT 포함,"볼뉴머
시술시간
30분
마취여부
마취없음
회복시간
당일
시술효과
1달 후",땡큐성형외과의원,전문의 7명 / 전문의 7명 / 영어 응대 / 영어 응대 / 중국어 응대 / 중국어 응대 / 일본어 응대 / 일본어 응대,서울특별시 강남구 강남대로 446 땡큐성형외과의원,,화요일 10:00 ~ 19:00 / 수요일 10:00 ~ 19:00 / 목요일 10:00 ~ 19:00 / 금요일 10:00 ~ 19:00 / 토요일 10:00 ~ 16:00 / 일요일 휴진,0508-0353-6942
리프팅,레이저리프팅,볼뉴머리프팅,https://www.yeoshin.co.kr/event/mobile/17030,[대표원장 시술] 고주파 볼뉴머 300샷,https://d3gurpvil0se70.cloudfront.net/upfiles/images/product/cSsEmrLdWTDbzIqkZcV1GqpZYc43.png?q=90&f=webp&w=1024,"#리프팅레이저
#타이트닝",10,후기 2,"319,000원",VAT 포함,"볼뉴머
시술시간
30분
마취여부
마취있음
회복시간
당일
시술효과
3달 후",뷰티스카이의원,,서울특별시 강동구 올림픽로 653 뷰티스카이의원,,화요일 10:30 ~ 20:30 / 수요일 10:00 ~ 20:00 / 목요일 10:00 ~ 20:00 / 금요일 10:30 ~ 20:30 / 토요일 09:30 ~ 16:30 / 일요일 휴진,0508-0353-3433
리프팅,레이저리프팅,볼뉴머리프팅,https://www.yeoshin.co.kr/event/mobile/16638,강력한 탄력 고주파! 볼뉴머,https://d3gurpvil0se70.cloudfront.net/upfiles/images/product/AijKs0KcXCQwiBnSd3ionVkLIIG4.jpg?q=90&f=webp&w=1024,"#리프팅레이저
#타이트닝",,,"110,000원",VAT 포함,"볼뉴머
시술시간
30분
마취여부
마취없음
회복시간
당일
시술효과
3달 후",용인미하나의원,전문의 1명 / 전문의 1명,경기도 용인시 처인구 금령로 86 용인미하나의원,,화요일 10:00 ~ 20:30 (점심 13:00 ~ 14:00) / 수요일 10:00 ~ 20:30 (점심 13:00 ~ 14:00) / 목요일 10:00 ~ 20:30 (점심 13:00 ~ 14:00) / 금요일 10:00 ~ 20:30 (점심 13:00 ~ 14:00) / 토요일 10:00 ~ 16:30 / 일요일 휴진,0508-0353-9926
리프팅,레이저리프팅,볼뉴머리프팅,https://www.yeoshin.co.kr/event/mobile/24307,볼뉴머리프팅 저통증 고주파 탄력레이저,https://d3gurpvil0se70.cloudfront.net/upfiles/images/product/yHv3VqvODTy0QGUX8moCOY7CJ4x5.jpg?q=90&f=webp&w=1024,"#리프팅레이저
#타이트닝",10,후기 2,"165,000원",VAT 포함,"볼뉴머
시술시간
20분
마취여부
필요시 마취
회복시간
당일
시술효과
3일",와우성형외과의원,전문의 2명 / 전문의 2명 / 일본어 응대 / 일본어 응대,서울시 강남구 테헤란로 101 와우성형외과의원,,화요일 10:00 ~ 19:00 / 수요일 10:00 ~ 19:00 / 목요일 10:00 ~ 19:00 / 금요일 10:00 ~ 19:00 / 토요일 10:00 ~ 15:00 / 일요일 휴진,0508-0353-5175
리프팅,레이저리프팅,볼뉴머리프팅,https://www.yeoshin.co.kr/event/mobile/26433,일공공 맞춤형 볼뉴머,https://d3gurpvil0se70.cloudfront.net/upfiles/images/product/opZJPqv9MAxFXiR35MFNlNhIWmC5.jpg?q=90&f=webp&w=1024,"#리프팅레이저
#타이트닝",,,"149,000원",VAT 포함,"볼뉴머
시술시간
30분
마취여부
마취없음
회복시간
당일
시술효과
3달 후",일공공성형외과의원,전문의 1명 / 전문의 1명 / 수술실 CCTV / 수술실 CCTV / 응급처치 시스템 / 응급처치 시스템 / 전담회복실 / 전담회복실 / 사후관리 / 사후관리 / 영어 응대 / 영어 응대 / 일본어 응대 / 일본어 응대,서울특별시 강남구 논현로175길 6 (신사동) 2층,"크림마취
수면마취",화요일 09:30 ~ 19:00 / 수요일 09:30 ~ 19:00 / 목요일 09:30 ~ 19:00 / 금요일 09:30 ~ 21:00 / 토요일 09:30 ~ 15:00 / 일요일 휴진,050803534989
리프팅,레이저리프팅,덴서티리프팅,https://www.yeoshin.co.kr/event/mobile/16175,덴서티 리프팅,https://d3gurpvil0se70.cloudfront.net/upfiles/images/product/JweoARmTUBu9YBaB1JU2fu3pcPhA.jpg?q=90&f=webp&w=1024,"#리프팅레이저
#타이트닝",10,후기 2,"319,000원",VAT 포함,"덴서티
시술시간
40분
마취여부
크림마취
회복시간
3일
시술효과
2~3달 후",제너리스의원(연신내점),,"서울특별시 은평구 연서로 216 (대조동, 대조동아트캐슬주상복합) 3층 제너리스의원",,화요일 10:30 ~ 20:00 (점심 13:00 ~ 14:00) / 수요일 10:30 ~ 20:00 (점심 13:00 ~ 14:00) / 목요일 10:30 ~ 20:00 (점심 13:00 ~ 14:00) / 금요일 10:30 ~ 20:00 (점심 13:00 ~ 14:00) / 토요일 10:00 ~ 17:00 (점심 13:00 ~ 14:00) / 일요일 휴진,0508-0353-9732
리프팅,레이저리프팅,덴서티리프팅,https://www.yeoshin.co.kr/event/mobile/26465,리앤영 덴서티 리프팅,https://d3gurpvil0se70.cloudfront.net/upfiles/images/product/GpGuB8v6hxoyHuuQK7hI2eE2Uyb3.jpg?q=90&f=webp&w=1024,"#리프팅레이저
#타이트닝",,,"1,089,000원",VAT 포함,"덴서티
시술시간
40분
마취여부
크림마취
회복시간
약 3일
시술효과
2~3달 후",리앤영의원(강남점),전문의 3명 / 전문의 3명,서울특별시 서초구 강남대로 415 대동빌딩 6층,,화요일 10:00 ~ 19:00 (점심 13:00 ~ 14:00) / 수요일 14:00 ~ 21:00 / 목요일 10:00 ~ 19:00 (점심 13:00 ~ 14:00) / 금요일 10:00 ~ 21:00 (점심 13:00 ~ 14:00) / 토요일 10:00 ~ 16:00 (점심 13:00 ~ 14:00) / 일요일 휴진,0508-0354-0401
리프팅,레이저리프팅,덴서티리프팅,https://www.yeoshin.co.kr/event/mobile/27569,덴서티400샷＋리투오5cc＋스킨보톡스（얼굴전체）,https://d3gurpvil0se70.cloudfront.net/upfiles/images/product/WDVO4Cgz45q9vqUHNJbD7vIWODz4.jpg?q=90&f=webp&w=1024,"#리프팅레이저
#타이트닝",,,"1,590,000원",VAT 포함,"덴서티
시술시간
40분
마취여부
크림마취
회복시간
약 3일
시술효과
2~3달 후",리젠의원,,서울특별시 강남구 강남대로 528 (논현동) 원앤원 63.5빌딩 7층,"크림마취
수면마취",화요일 11:00 ~ 21:00 (점심 13:00 ~ 14:00) / 수요일 10:00 ~ 19:00 (점심 13:00 ~ 14:00) / 목요일 휴진 / 금요일 11:00 ~ 21:00 (점심 13:00 ~ 14:00) / 토요일 10:00 ~ 16:00 (점심 13:00 ~ 14:00) / 일요일 휴진,0508-0353-5231
리프팅,레이저리프팅,덴서티리프팅,https://www.yeoshin.co.kr/event/mobile/27568,목전체 덴서티200샷＋목주름 필러(수입)1cc＋목전체 스킨보톡스,https://d3gurpvil0se70.cloudfront.net/upfiles/images/product/wC5AeyxwMum6CW69MCxEwZTm1rI9.jpg?q=90&f=webp&w=1024,"#리프팅레이저
#타이트닝",,,"1,000,000원",VAT 포함,"덴서티
시술시간
40분
마취여부
크림마취
회복시간
약 3일
시술효과
2~3달 후",리젠의원,,서울특별시 강남구 강남대로 528 (논현동) 원앤원 63.5빌딩 7층,"크림마취
수면마취",화요일 11:00 ~ 21:00 (점심 13:00 ~ 14:00) / 수요일 10:00 ~ 19:00 (점심 13:00 ~ 14:00) / 목요일 휴진 / 금요일 11:00 ~ 21:00 (점심 13:00 ~ 14:00) / 토요일 10:00 ~ 16:00 (점심 13:00 ~ 14:00) / 일요일 휴진,0508-0353-5231
리프팅,레이저리프팅,덴서티리프팅,https://www.yeoshin.co.kr/event/mobile/22354,신사역 덴서티 리프팅 신사역 덴서티 리프팅,https://d3gurpvil0se70.cloudfront.net/upfiles/images/product/4eAlZJ3COTQDhtHYbSgtWdaLJTi5.png?q=90&f=webp&w=1024,"#리프팅레이저
#타이트닝",,,"825,000원",VAT 포함,"덴서티
시술시간
40분
마취여부
크림마취
회복시간
약 3일
시술효과
2~3달 후",신사에그의원,여의사 진료 / 여의사 진료 / 영어 응대 / 영어 응대 / 중국어 응대 / 중국어 응대 / 일본어 응대 / 일본어 응대,서울특별시 서초구 강남대로 613 (잠원동) 성락빌딩 5~7층,"크림마취
수면마취
국소마취",화요일 11:00 ~ 20:30 (점심 14:00 ~ 15:00) / 수요일 11:00 ~ 20:30 (점심 14:00 ~ 15:00) / 목요일 11:00 ~ 20:30 (점심 14:00 ~ 15:00) / 금요일 11:00 ~ 20:30 (점심 14:00 ~ 15:00) / 토요일 11:00 ~ 17:00 / 일요일 11:00 ~ 17:00,0508-0353-5368
리프팅,레이저리프팅,덴서티리프팅,https://www.yeoshin.co.kr/event/mobile/26827,덴서티하이+브이로,https://d3gurpvil0se70.cloudfront.net/upfiles/images/product/biaMkKxcsNuNfNvtEBjcMl5F4Xb3.jpg?q=90&f=webp&w=1024,"#리프팅레이저
#타이트닝",,,"1,990,000원",VAT 포함,"덴서티
시술시간
40분
마취여부
크림마취
회복시간
약 3일
시술효과
2~3달 후",유니성형외과의원,전문의 1명 / 전문의 1명 / 수술실 CCTV / 수술실 CCTV / 응급처치 시스템 / 응급처치 시스템,서울특별시 강남구 논현로 836 (신사동) 5층,"크림마취
수면마취
전신마취
국소마취",화요일 10:00 ~ 19:00 / 수요일 10:00 ~ 19:00 / 목요일 10:00 ~ 19:00 / 금요일 10:00 ~ 21:00 / 토요일 10:00 ~ 16:00 / 일요일 휴진,050803543086
리프팅,레이저리프팅,덴서티리프팅,https://www.yeoshin.co.kr/event/mobile/15448,명동루비_덴서티,https://d3gurpvil0se70.cloudfront.net/upfiles/images/product/rizOJYjTwF9ScpUwvQTeCo4SMrc3.jpg?q=90&f=webp&w=1024,"#리프팅레이저
#타이트닝",8.8,후기 139,"531,000원",VAT 포함,"덴서티
시술시간
40분
마취여부
크림마취
회복시간
3일
시술효과
2~3달 후",루비의원(명동점),,서울특별시 중구 명동길 65 루비의원(명동점),,화요일 10:30 ~ 20:30 (점심 13:30 ~ 15:00) / 수요일 10:30 ~ 20:30 (점심 13:30 ~ 15:00) / 목요일 10:30 ~ 20:30 (점심 13:30 ~ 15:00) / 금요일 10:30 ~ 20:30 (점심 13:30 ~ 15:00) / 토요일 10:00 ~ 16:00 / 일요일 12:00 ~ 17:00,0508-0353-8508
리프팅,레이저리프팅,덴서티리프팅,https://www.yeoshin.co.kr/event/mobile/27612,덴서티 클래식 300샷,https://d3gurpvil0se70.cloudfront.net/upfiles/images/product/G81GplxaDlR1BJUxPXkmCMJVvSK7.jpg?q=90&f=webp&w=1024,"#리프팅레이저
#타이트닝",,,"660,000원",VAT 포함,"덴서티
시술시간
40분
마취여부
수면마취
회복시간
약 3일
시술효과
2~3달 후",메리성형외과의원,전문의 2명 / 전문의 2명 / 여의사 진료 / 여의사 진료 / 마취과의 진료 / 마취과의 진료 / 수술실 CCTV / 수술실 CCTV / 응급처치 시스템 / 응급처치 시스템 / 분야별 협진 / 분야별 협진 / 기본 입원실 / 기본 입원실 / 사후관리 / 사후관리,서울특별시 강남구 논현로175길 6 4층 A호 (신사동),"크림마취
수면마취
비수면 무통마취
국소마취",화요일 09:30 ~ 18:00 / 수요일 휴진 / 목요일 09:30 ~ 18:00 / 금요일 09:30 ~ 18:00 / 토요일 09:30 ~ 16:00 / 일요일 휴진,0508-0353-7546
리프팅,레이저리프팅,덴서티리프팅,https://www.yeoshin.co.kr/event/mobile/26447,"유니_레이저 리프팅, 덴서티 하이",https://d3gurpvil0se70.cloudfront.net/upfiles/images/product/06Losh8JVGkVWZPFFAdRav049HR9.jpg?q=90&f=webp&w=1024,"#리프팅레이저
#타이트닝",,,"1,780,000원",VAT 포함,"덴서티
시술시간
40분
마취여부
크림마취
회복시간
약 3일
시술효과
2~3달 후",유니성형외과의원,전문의 1명 / 전문의 1명 / 수술실 CCTV / 수술실 CCTV / 응급처치 시스템 / 응급처치 시스템,서울특별시 강남구 논현로 836 (신사동) 5층,"크림마취
수면마취
전신마취
국소마취",화요일 10:00 ~ 19:00 / 수요일 10:00 ~ 19:00 / 목요일 10:00 ~ 19:00 / 금요일 10:00 ~ 21:00 / 토요일 10:00 ~ 16:00 / 일요일 휴진,050803543086
리프팅,레이저리프팅,덴서티리프팅,https://www.yeoshin.co.kr/event/mobile/27348,정품 덴서티 600샷 (신규 입고 이벤트),https://d3gurpvil0se70.cloudfront.net/upfiles/images/product/Fru2emIFAs5OrjgAmsgdQSYGK0q5.jpg?q=90&f=webp&w=1024,"#리프팅레이저
#타이트닝",,,"1,100,000원",VAT 포함,"덴서티
시술시간
40분
마취여부
마취타입 선택
회복시간
약 3일
시술효과
2~3달 후",에르네의원,여의사 진료 / 여의사 진료 / 영어 응대 / 영어 응대 / 중국어 응대 / 중국어 응대 / 일본어 응대 / 일본어 응대,서울시 서초구 서초대로 77길 59 에르네의원,,화요일 10:00 ~ 21:00 / 수요일 10:00 ~ 21:00 / 목요일 10:00 ~ 21:00 / 금요일 10:00 ~ 21:00 / 토요일 10:00 ~ 17:00 / 일요일 10:00 ~ 17:00,0508-0354-2964
리프팅,레이저리프팅,덴서티리프팅,https://www.yeoshin.co.kr/event/mobile/24432,덴서티,https://d3gurpvil0se70.cloudfront.net/upfiles/images/product/wa7ozwE87uZ5SF3lwyS3vIfwzEV6.png?q=90&f=webp&w=1024,"#피부과 전문의
#리프팅레이저
#타이트닝",,,"1,290,000원",VAT 포함,"덴서티
시술시간
40분
마취여부
크림마취
회복시간
약 3일
시술효과
2~3달 후",휴먼피부과의원(평택점),전문의 5명 / 전문의 5명 / 여의사 진료 / 여의사 진료 / 사후관리 / 사후관리 / 영어 응대 / 영어 응대,경기도 평택시 중앙2로 13 (평택동) 센텀스카이 빌딩 10층,"크림마취
수면마취",화요일 10:00 ~ 21:00 (점심 13:00 ~ 14:30) / 수요일 10:00 ~ 21:00 (점심 13:00 ~ 14:30) / 목요일 10:00 ~ 21:00 (점심 13:00 ~ 14:30) / 금요일 10:00 ~ 21:00 (점심 13:00 ~ 14:30) / 토요일 10:00 ~ 17:00 / 일요일 휴진 / 평일) 접수마감 8시 30분 / 토요일) 점수마감 4시,0508-0353-0418
리프팅,레이저리프팅,덴서티리프팅,https://www.yeoshin.co.kr/event/mobile/24973,덴서티 리프팅 특가,https://d3gurpvil0se70.cloudfront.net/upfiles/images/product/9laForiKlPl7rSPnb4qwnSXCANA5.jpg?q=90&f=webp&w=1024,"#리프팅레이저
#타이트닝",,,"218,900원",VAT 포함,"덴서티
시술시간
40분
마취여부
크림마취
회복시간
약 3일
시술효과
2~3달 후",유앤아이의원(대전점),,대전광역시 서구 대덕대로 189 (둔산동) 5~6층,,화요일 10:30 ~ 20:30 / 수요일 10:30 ~ 20:30 / 목요일 10:30 ~ 20:30 / 금요일 10:30 ~ 20:30 / 토요일 10:30 ~ 17:00 / 일요일 휴진,0508-0354-1943
리프팅,레이저리프팅,덴서티리프팅,https://www.yeoshin.co.kr/event/mobile/18427,덴서티 리프팅 정품인증,https://d3gurpvil0se70.cloudfront.net/upfiles/images/product/uklNl1WRa8N2Z0xwSMCIzFMsgXj.jpg?q=90&f=webp&w=1024,"#리프팅레이저
#타이트닝",9.8,후기 158,"2,178,000원",VAT 포함,"덴서티
시술시간
40분
마취여부
크림마취
회복시간
약 3일
시술효과
2~3달 후",우아성형외과의원,전문의 7명 / 전문의 7명 / 여의사 진료 / 여의사 진료 / 마취과의 진료 / 마취과의 진료 / 수술실 CCTV / 수술실 CCTV / 응급처치 시스템 / 응급처치 시스템 / 분야별 협진 / 분야별 협진 / 기본 입원실 / 기본 입원실 / 전담회복실 / 전담회복실 / 사후관리 / 사후관리 / 영어 응대 / 영어 응대 / 중국어 응대 / 중국어 응대 / 일본어 응대 / 일본어 응대,"서울특별시 강남구 강남대로 492 (논현동) 지하 1층, 3층, 4층, 5층, 6층, 10층,12층 각 전체(논현동, HM타워)","크림마취
수면마취
전신마취
국소마취",화요일 10:00 ~ 19:00 / 수요일 10:00 ~ 19:00 / 목요일 10:00 ~ 19:00 / 금요일 10:00 ~ 20:30 / 토요일 10:00 ~ 17:00 / 일요일 휴진,0508-0353-5445
리프팅,레이저리프팅,덴서티리프팅,https://www.yeoshin.co.kr/event/mobile/24324,대표원장 1:1 상담/시술 덴서티하이리프팅,https://d3gurpvil0se70.cloudfront.net/upfiles/images/product/7eQs4AY0XionrlJIT34HsOV5iCA5.jpg?q=90&f=webp&w=1024,"#리프팅레이저
#타이트닝",10,후기 30,"935,000원",VAT 포함,"덴서티
시술시간
40분
마취여부
크림마취
회복시간
약 3일
시술효과
2~3달 후",르웰의원,전문의 1명 / 전문의 1명 / 여의사 진료 / 여의사 진료 / 사후관리 / 사후관리 / 영어 응대 / 영어 응대,서울특별시 서초구 신반포로 213 (잠원동) 1층 르웰의원,"크림마취
비수면 무통마취
국소마취",화요일 10:00 ~ 20:00 (점심 14:00 ~ 15:00) / 수요일 10:00 ~ 20:00 (점심 14:00 ~ 15:00) / 목요일 10:00 ~ 20:00 (점심 14:00 ~ 15:00) / 금요일 10:00 ~ 20:00 (점심 14:00 ~ 15:00) / 토요일 10:00 ~ 16:00 / 일요일 휴진,0508-0353-7099
리프팅,레이저리프팅,덴서티리프팅,https://www.yeoshin.co.kr/event/mobile/16299,덴서티300샷 (vat포함가),https://d3gurpvil0se70.cloudfront.net/upfiles/images/product/yPCMIeMMgxPSCJKQAK4vON9uc6x.jpg?q=90&f=webp&w=1024,"#리프팅레이저
#타이트닝",7.5,후기 2,"700,000원",VAT 포함,"덴서티
시술시간
40~60분
마취여부
크림마취
회복시간
3일
시술효과
2~3달 후",시온뷰티의원,,서울특별시 송파구 마천로 311 시온뷰티의원,크림마취,"화요일 10:00 ~ 20:00 (점심 13:00 ~ 14:00) / 수요일 휴진 / 목요일 10:00 ~ 20:00 (점심 13:00 ~ 14:00) / 금요일 10:00 ~ 19:00 (점심 13:00 ~ 14:00) / 토요일 10:00 ~ 17:00 (점심 13:00 ~ 14:00) / 일요일 휴진 / 매주 수요일 휴진,공휴일시 공휴일휴진",0508-0353-3030
리프팅,레이저리프팅,덴서티리프팅,https://www.yeoshin.co.kr/event/mobile/26125,덴서티 하이(300~600샷),https://d3gurpvil0se70.cloudfront.net/upfiles/images/product/g5pQSGL6ahsWmCTYxCkT48US4P28.jpg?q=90&f=webp&w=1024,"#피부과 전문의
#리프팅레이저
#타이트닝",,,"850,000원",VAT 포함,"덴서티
시술시간
60분
마취여부
크림마취
회복시간
약 3일
시술효과
2~3주 후",베스트웰피부과의원,전문의 1명 / 전문의 1명 / 여의사 진료 / 여의사 진료 / 수술실 CCTV / 수술실 CCTV / 사후관리 / 사후관리,서울특별시 강남구 압구정로 310 (신사동) 고려빌딩3층,"크림마취
국소마취",화요일 10:00 ~ 17:00 / 수요일 10:00 ~ 17:00 / 목요일 10:00 ~ 17:00 / 금요일 10:00 ~ 17:00 / 토요일 10:00 ~ 14:00 / 일요일 휴진,050803530432
리프팅,레이저리프팅,덴서티리프팅,https://www.yeoshin.co.kr/event/mobile/24108,"고품격 고밀도 탄력 리프팅, 덴서티",https://d3gurpvil0se70.cloudfront.net/upfiles/images/product/BLXMfAD8FpqmJyCSjNFdRH5fgU6.jpg?q=90&f=webp&w=1024,"#리프팅레이저
#타이트닝",,,"968,000원",VAT 포함,"덴서티
시술시간
40분
마취여부
크림마취
회복시간
약 3일
시술효과
2~3달 후",피어봄의원(송도점),,"인천광역시 연수구 센트럴로 160 (송도동, 송도센트럴파크푸르지오) A동 2층 201호~207호",,화요일 10:00 ~ 19:00 (점심 13:00 ~ 14:00) / 수요일 10:00 ~ 21:00 (점심 13:00 ~ 14:00) / 목요일 휴진 / 금요일 10:00 ~ 21:00 (점심 13:00 ~ 14:00) / 토요일 09:00 ~ 15:00 / 일요일 휴진,0508-0353-0869
리프팅,레이저리프팅,덴서티리프팅,https://www.yeoshin.co.kr/event/mobile/18054,"덴서티, 피부과전문의5인 시술",https://d3gurpvil0se70.cloudfront.net/upfiles/images/product/HAoaIjQfFH05QdONrFHtG8P0bhI.jpg?q=90&f=webp&w=1024,"#피부과 전문의
#리프팅레이저
#타이트닝",1,후기 1,"240,000원",VAT 포함,"덴서티
시술시간
40분
마취여부
크림마취
회복시간
약 3일
시술효과
2~3달 후",휴먼피부과의원(청라점),전문의 4명 / 전문의 4명 / 여의사 진료 / 여의사 진료,인천광역시 서구 중봉대로 594 비전프라자 4층 휴먼피부과의원(청라점),"크림마취
수면마취
비수면 무통마취",화요일 10:00 ~ 19:00 (점심 12:00 ~ 14:00) / 수요일 10:00 ~ 20:30 (점심 12:00 ~ 14:00) / 목요일 10:00 ~ 19:00 (점심 12:00 ~ 14:00) / 금요일 10:00 ~ 20:30 (점심 12:00 ~ 14:00) / 토요일 10:00 ~ 16:00 / 일요일 휴진 / 진료마감 : 월수금 19:30 / 화목 18:00 / 토 15:00,0508-0354-1088
리프팅,레이저리프팅,덴서티리프팅,https://www.yeoshin.co.kr/event/mobile/20005,빈틈없이 채워주는 덴서티하이,https://d3gurpvil0se70.cloudfront.net/upfiles/images/product/RBUOlHPxiFMk48TJVZPKdO3D9uA7.jpg?q=90&f=webp&w=1024,"#리프팅레이저
#타이트닝",9.8,후기 67,"319,000원",VAT 포함,"덴서티
시술시간
40분
마취여부
크림마취
회복시간
약 3일
시술효과
2~3달 후",용인미하나의원,전문의 1명 / 전문의 1명,경기도 용인시 처인구 금령로 86 용인미하나의원,,화요일 10:00 ~ 20:30 (점심 13:00 ~ 14:00) / 수요일 10:00 ~ 20:30 (점심 13:00 ~ 14:00) / 목요일 10:00 ~ 20:30 (점심 13:00 ~ 14:00) / 금요일 10:00 ~ 20:30 (점심 13:00 ~ 14:00) / 토요일 10:00 ~ 16:30 / 일요일 휴진,0508-0353-9926
리프팅,레이저리프팅,튠페이스리프팅,https://www.yeoshin.co.kr/event/mobile/27573,튠페이스60kj+튠라이너1회,https://d3gurpvil0se70.cloudfront.net/upfiles/images/product/txeSSztknkdujP5VWiGJM12iMtx4.jpg?q=90&f=webp&w=1024,"#타이트닝
#리프팅레이저",,,"450,000원",VAT 포함,"튠페이스
시술시간
30~60분
마취여부
크림마취
회복시간
약 3일
시술효과
2~4주 후",리젠의원,,서울특별시 강남구 강남대로 528 (논현동) 원앤원 63.5빌딩 7층,"크림마취
수면마취",화요일 11:00 ~ 21:00 (점심 13:00 ~ 14:00) / 수요일 10:00 ~ 19:00 (점심 13:00 ~ 14:00) / 목요일 휴진 / 금요일 11:00 ~ 21:00 (점심 13:00 ~ 14:00) / 토요일 10:00 ~ 16:00 (점심 13:00 ~ 14:00) / 일요일 휴진,0508-0353-5231
리프팅,레이저리프팅,튠페이스리프팅,https://www.yeoshin.co.kr/event/mobile/18798,고강도 튠페이스 + LDM6분,https://d3gurpvil0se70.cloudfront.net/upfiles/images/product/QqajcbAgfXEiCzHwcpIMP8LKgEW4.jpg?q=90&f=webp&w=1024,"#타이트닝
#리프팅레이저",9,후기 37,"319,000원",VAT 포함,"튠페이스
시술시간
20분
마취여부
마취없음
회복시간
1주
시술효과
개인별 상이",뷰티앤디지털치과병원,전문의 9명 / 전문의 9명 / 피부진단기 F-RAY 촬영 > / 피부진단기 F-RAY 촬영 > / 피부진단기 F-RAY 촬영 >,"경기도 파주시 경의로1240번길 19 (와동동) 월드타워15차 7층, 8층",,화요일 10:00 ~ 20:00 / 수요일 10:00 ~ 20:00 / 목요일 10:00 ~ 20:00 / 금요일 10:00 ~ 18:00 / 토요일 10:00 ~ 16:00 / 일요일 휴진 / 월~금 점심시간은 2시~3시 입니다,0508-0353-9799
리프팅,레이저리프팅,튠페이스리프팅,https://www.yeoshin.co.kr/event/mobile/17954,피부과전문의_튠페이스,https://d3gurpvil0se70.cloudfront.net/upfiles/images/product/oPnxNMY1zhQU3DyovQTmzyWE4uU9.png?q=90&f=webp&w=1024,"#피부과 전문의
#타이트닝
#리프팅레이저",10,후기 3,"330,000원",VAT 포함,"튠페이스
시술시간
30~60분
마취여부
크림마취
회복시간
약 3일
시술효과
2~4주 후",페이브피부과의원(용산),전문의 1명 / 전문의 1명 / 여의사 진료 / 여의사 진료 / 수술실 CCTV / 수술실 CCTV / 사후관리 / 사후관리 / 영어 응대 / 영어 응대 / 중국어 응대 / 중국어 응대 / 일본어 응대 / 일본어 응대,"서울특별시 용산구 한강대로 69 (한강로2가, 용산푸르지오써밋) 페이브피부과의원",,화요일 10:00 ~ 20:00 (점심 13:00 ~ 14:00) / 수요일 휴진 / 목요일 10:00 ~ 20:00 (점심 13:00 ~ 14:00) / 금요일 10:00 ~ 20:00 (점심 13:00 ~ 14:00) / 토요일 09:30 ~ 15:00 / 일요일 휴진 / (공휴일이 있는 주는 수요일 정상진료),0508-0353-1618
리프팅,레이저리프팅,튠페이스리프팅,https://www.yeoshin.co.kr/event/mobile/13987,신사역 섬세한 튠페이스 시술!,https://d3gurpvil0se70.cloudfront.net/upfiles/images/product/u7zzykAE5bqKeCWrSl7FcePcV448.png?q=90&f=webp&w=1024,"#타이트닝
#리프팅레이저",9.8,후기 4,"495,000원",VAT 포함,"튠페이스
시술시간
30~60분
마취여부
마취없음
회복시간
3일
시술효과
2~4주 후",신사에그의원,여의사 진료 / 여의사 진료 / 영어 응대 / 영어 응대 / 중국어 응대 / 중국어 응대 / 일본어 응대 / 일본어 응대,서울특별시 서초구 강남대로 613 (잠원동) 성락빌딩 5~7층,"크림마취
수면마취
국소마취",화요일 11:00 ~ 20:30 (점심 14:00 ~ 15:00) / 수요일 11:00 ~ 20:30 (점심 14:00 ~ 15:00) / 목요일 11:00 ~ 20:30 (점심 14:00 ~ 15:00) / 금요일 11:00 ~ 20:30 (점심 14:00 ~ 15:00) / 토요일 11:00 ~ 17:00 / 일요일 11:00 ~ 17:00,0508-0353-5368
리프팅,레이저리프팅,튠페이스리프팅,https://www.yeoshin.co.kr/event/mobile/23582,튠페이스+BBL 빠르고 통증 없는 리프팅,https://d3gurpvil0se70.cloudfront.net/upfiles/images/product/fPZgkiWBqLu2T2MmKqk8ZeaNkMAA.png?q=90&f=webp&w=1024,"#타이트닝
#리프팅레이저",,,"490,000원",VAT 포함,"튠페이스
시술시간
30~60분
마취여부
크림마취
회복시간
약 3일
시술효과
2~4주 후",신사에그의원,여의사 진료 / 여의사 진료 / 영어 응대 / 영어 응대 / 중국어 응대 / 중국어 응대 / 일본어 응대 / 일본어 응대,서울특별시 서초구 강남대로 613 (잠원동) 성락빌딩 5~7층,"크림마취
수면마취
국소마취",화요일 11:00 ~ 20:30 (점심 14:00 ~ 15:00) / 수요일 11:00 ~ 20:30 (점심 14:00 ~ 15:00) / 목요일 11:00 ~ 20:30 (점심 14:00 ~ 15:00) / 금요일 11:00 ~ 20:30 (점심 14:00 ~ 15:00) / 토요일 11:00 ~ 17:00 / 일요일 11:00 ~ 17:00,0508-0353-5368
리프팅,레이저리프팅,튠페이스리프팅,https://www.yeoshin.co.kr/event/mobile/26701,"튠페이스,튠라이너 V라인 리프팅",https://d3gurpvil0se70.cloudfront.net/upfiles/images/product/HRsBFWRJRuyGgsNOxi8NRgJaATj.jpg?q=90&f=webp&w=1024,"#목/턱
#얼굴지방개선
#리프팅레이저",9.5,후기 2,"253,000원",VAT 포함,"튠라이너
시술시간
30~50분
마취여부
마취없음
회복시간
3일
시술효과
2~4주 후",제이필의원(홍대점),전문의 1명 / 전문의 1명 / 여의사 진료 / 여의사 진료 / 수술실 CCTV / 수술실 CCTV / 분야별 협진 / 분야별 협진 / 사후관리 / 사후관리,서울특별시 마포구 양화로 166 (동교동) 제이필의원,"크림마취
수면마취
비수면 무통마취",화요일 10:00 ~ 20:00 / 수요일 10:00 ~ 20:00 / 목요일 10:00 ~ 20:00 / 금요일 10:00 ~ 20:00 / 토요일 10:00 ~ 17:00 / 일요일 휴진,050803543270
리프팅,레이저리프팅,튠페이스리프팅,https://www.yeoshin.co.kr/event/mobile/8659,피부과전문의(설명 영상O) _ 튠유니페이스,https://d3gurpvil0se70.cloudfront.net/upfiles/images/product/WiUAW2guQcL6jBh7qPy1rQGNTCkA.jpg?q=90&f=webp&w=1024,"#피부과 전문의
#타이트닝
#리프팅레이저",10,후기 2,"330,000원",VAT 포함,"튠페이스
시술시간
30~60분
마취여부
크림마취
회복시간
3일
시술효과
2~4주 후",페이브피부과의원(용산),전문의 1명 / 전문의 1명 / 여의사 진료 / 여의사 진료 / 수술실 CCTV / 수술실 CCTV / 사후관리 / 사후관리 / 영어 응대 / 영어 응대 / 중국어 응대 / 중국어 응대 / 일본어 응대 / 일본어 응대,"서울특별시 용산구 한강대로 69 (한강로2가, 용산푸르지오써밋) 페이브피부과의원",,화요일 10:00 ~ 20:00 (점심 13:00 ~ 14:00) / 수요일 휴진 / 목요일 10:00 ~ 20:00 (점심 13:00 ~ 14:00) / 금요일 10:00 ~ 20:00 (점심 13:00 ~ 14:00) / 토요일 09:30 ~ 15:00 / 일요일 휴진 / (공휴일이 있는 주는 수요일 정상진료),0508-0353-1618
리프팅,레이저리프팅,튠페이스리프팅,https://www.yeoshin.co.kr/event/mobile/27321,에르네의원 튠페이스(마취선택),https://d3gurpvil0se70.cloudfront.net/upfiles/images/product/KFrBOK6qZo56tQ0GNL907LS4OOj8.jpg?q=90&f=webp&w=1024,"#타이트닝
#리프팅레이저",,,"220,000원",VAT 포함,"튠페이스
시술시간
30~60분
마취여부
마취타입 선택
회복시간
약 3일
시술효과
2~4주 후",에르네의원,여의사 진료 / 여의사 진료 / 영어 응대 / 영어 응대 / 중국어 응대 / 중국어 응대 / 일본어 응대 / 일본어 응대,서울시 서초구 서초대로 77길 59 에르네의원,,화요일 10:00 ~ 21:00 / 수요일 10:00 ~ 21:00 / 목요일 10:00 ~ 21:00 / 금요일 10:00 ~ 21:00 / 토요일 10:00 ~ 17:00 / 일요일 10:00 ~ 17:00,0508-0354-2964
리프팅,레이저리프팅,튠페이스리프팅,https://www.yeoshin.co.kr/event/mobile/24430,튠페이스,https://d3gurpvil0se70.cloudfront.net/upfiles/images/product/CD4cyJUYeUZUkvseBy8MevOx40CA.png?q=90&f=webp&w=1024,"#피부과 전문의
#타이트닝
#리프팅레이저",,,"590,000원",VAT 포함,"튠페이스
시술시간
30~60분
마취여부
크림마취
회복시간
약 3일
시술효과
2~4주 후",휴먼피부과의원(평택점),전문의 5명 / 전문의 5명 / 여의사 진료 / 여의사 진료 / 사후관리 / 사후관리 / 영어 응대 / 영어 응대,경기도 평택시 중앙2로 13 (평택동) 센텀스카이 빌딩 10층,"크림마취
수면마취",화요일 10:00 ~ 21:00 (점심 13:00 ~ 14:30) / 수요일 10:00 ~ 21:00 (점심 13:00 ~ 14:30) / 목요일 10:00 ~ 21:00 (점심 13:00 ~ 14:30) / 금요일 10:00 ~ 21:00 (점심 13:00 ~ 14:30) / 토요일 10:00 ~ 17:00 / 일요일 휴진 / 평일) 접수마감 8시 30분 / 토요일) 점수마감 4시,0508-0353-0418
리프팅,레이저리프팅,튠페이스리프팅,https://www.yeoshin.co.kr/event/mobile/5715,명동루비_튠아이,https://d3gurpvil0se70.cloudfront.net/upfiles/images/product/LpSEezcQv1bPQes9IWRCunOSlrg3.jpg?q=90&f=webp&w=1024,"#타이트닝
#리프팅레이저",9,후기 73,"190,000원",VAT 포함,"튠페이스
시술시간
30분
마취여부
냉각마취
회복시간
3일
시술효과
2~4주 후",루비의원(명동점),,서울특별시 중구 명동길 65 루비의원(명동점),,화요일 10:30 ~ 20:30 (점심 13:30 ~ 15:00) / 수요일 10:30 ~ 20:30 (점심 13:30 ~ 15:00) / 목요일 10:30 ~ 20:30 (점심 13:30 ~ 15:00) / 금요일 10:30 ~ 20:30 (점심 13:30 ~ 15:00) / 토요일 10:00 ~ 16:00 / 일요일 12:00 ~ 17:00,0508-0353-8508
리프팅,레이저리프팅,튠페이스리프팅,https://www.yeoshin.co.kr/event/mobile/22358,[플래티넘] 튠페이스 리프팅 이벤트,https://d3gurpvil0se70.cloudfront.net/upfiles/images/product/vvrr7n8j5FWSlPlb7oAiRiRPqJh1.jpg?q=90&f=webp&w=1024,"#타이트닝
#리프팅레이저",9.3,후기 32,"120,000원",VAT 포함,"튠페이스
시술시간
30분
마취여부
마취없음
회복시간
약 3일
시술효과
2~4주 후",플래티넘의원,,"서울특별시 서초구 강남대로 589 (잠원동) 5층 (잠원동, 멀버리힐스 메디컬타워)","크림마취
비수면 무통마취","화요일 10:00 ~ 19:00 (점심 13:00 ~ 14:00) / 수요일 10:00 ~ 19:00 (점심 13:00 ~ 14:00) / 목요일 10:00 ~ 19:00 (점심 13:00 ~ 14:00) / 금요일 10:00 ~ 19:00 (점심 13:00 ~ 14:00) / 토요일 10:00 ~ 16:00 (점심 13:00 ~ 14:00) / 일요일 휴진 / 매주 수요일, 일요일 휴진입니다.",0508-0353-4211
리프팅,레이저리프팅,튠페이스리프팅,https://www.yeoshin.co.kr/event/mobile/6950,피부과전문의_팔자+튠페이스+실+필러,https://d3gurpvil0se70.cloudfront.net/upfiles/images/product/ucCXsZnVmDcmsJwEMPdQ4YhJhU1.jpg?q=90&f=webp&w=1024,"#피부과 전문의
#실리프팅
#탄력관리",10,후기 1,"275,000원",VAT 포함,"실리프팅
시술시간
40분
마취여부
국소마취
회복시간
7일
시술효과
2~3주 후",페이브피부과의원(용산),전문의 1명 / 전문의 1명 / 여의사 진료 / 여의사 진료 / 수술실 CCTV / 수술실 CCTV / 사후관리 / 사후관리 / 영어 응대 / 영어 응대 / 중국어 응대 / 중국어 응대 / 일본어 응대 / 일본어 응대,"서울특별시 용산구 한강대로 69 (한강로2가, 용산푸르지오써밋) 페이브피부과의원",,화요일 10:00 ~ 20:00 (점심 13:00 ~ 14:00) / 수요일 휴진 / 목요일 10:00 ~ 20:00 (점심 13:00 ~ 14:00) / 금요일 10:00 ~ 20:00 (점심 13:00 ~ 14:00) / 토요일 09:30 ~ 15:00 / 일요일 휴진 / (공휴일이 있는 주는 수요일 정상진료),0508-0353-1618
리프팅,레이저리프팅,튠페이스리프팅,https://www.yeoshin.co.kr/event/mobile/13125,튠페이스블루+레드40KJ,https://d3gurpvil0se70.cloudfront.net/upfiles/images/product/CTT4TqNkalIw7lrKGnwuNGiqwI45.jpg?q=90&f=webp&w=1024,"#타이트닝
#리프팅레이저",9,후기 6,,,"튠페이스
시술시간
30~60분
마취여부
크림마취
회복시간
약 3일
시술효과
2~4주 후",닥터고운선의원,수술실 CCTV / 수술실 CCTV / 응급처치 시스템 / 응급처치 시스템 / 전담회복실 / 전담회복실 / 사후관리 / 사후관리 / 중국어 응대 / 중국어 응대,서울특별시 강남구 언주로174길 29 (신사동) 3층,"크림마취
수면마취
국소마취",화요일 10:00 ~ 19:00 (점심 13:00 ~ 14:00) / 수요일 휴진 / 목요일 10:00 ~ 19:00 (점심 13:00 ~ 14:00) / 금요일 10:00 ~ 21:00 (점심 13:00 ~ 14:00) / 토요일 10:00 ~ 17:00 (점심 13:00 ~ 14:00) / 일요일 휴진,0508-0353-3733
리프팅,레이저리프팅,튠페이스리프팅,https://www.yeoshin.co.kr/event/mobile/15406,탄력/리프팅/이중턱/심부볼 튠페이스,https://d3gurpvil0se70.cloudfront.net/upfiles/images/product/dGWBpozXGxqyvVks54GF3jwNrWj5.jpg?q=90&f=webp&w=1024,"#타이트닝
#리프팅레이저",,,"490,000원",VAT 포함,"튠페이스
시술시간
30~60분
마취여부
크림마취
회복시간
3일
시술효과
2~4주 후",르네상스의원(부산),,부산광역시 동래구 충렬대로 244 르네상스의원,,화요일 13:00 ~ 23:00 / 수요일 13:00 ~ 23:00 / 목요일 13:00 ~ 23:00 / 금요일 13:00 ~ 23:00 / 토요일 10:00 ~ 20:00 / 일요일 휴진,0508-0354-2029
리프팅,레이저리프팅,튠페이스리프팅,https://www.yeoshin.co.kr/event/mobile/7290,튠페이스&컷주사 튠앤컷,https://d3gurpvil0se70.cloudfront.net/upfiles/images/product/BklNwT1JL2hvGJXBrPToT22ovgy2.jpg?q=90&f=webp&w=1024,"#타이트닝
#리프팅레이저",10,후기 6,"825,000원",VAT 포함,"튠페이스
시술시간
30~60분
마취여부
마취없음
회복시간
3일
시술효과
2~4주 후",유라인의원,전문의 1명 / 전문의 1명,서울특별시 강남구 선릉로160길 7 유라인의원,,화요일 10:00 ~ 19:00 / 수요일 휴진 / 목요일 10:00 ~ 20:00 / 금요일 10:00 ~ 20:00 / 토요일 10:00 ~ 16:00 / 일요일 휴진,0508-0353-4222
리프팅,레이저리프팅,튠페이스리프팅,https://www.yeoshin.co.kr/event/mobile/21394,튠페이스 리프팅,https://d3gurpvil0se70.cloudfront.net/upfiles/images/product/TnYOzVBcB6vFGt5YkFsxsWw4cYy5.jpg?q=90&f=webp&w=1024,"#타이트닝
#리프팅레이저",10,후기 2,"308,000원",VAT 포함,"튠페이스
시술시간
30~60분
마취여부
크림마취
회복시간
약 3일
시술효과
2~4주 후",우아성형외과의원,전문의 7명 / 전문의 7명 / 여의사 진료 / 여의사 진료 / 마취과의 진료 / 마취과의 진료 / 수술실 CCTV / 수술실 CCTV / 응급처치 시스템 / 응급처치 시스템 / 분야별 협진 / 분야별 협진 / 기본 입원실 / 기본 입원실 / 전담회복실 / 전담회복실 / 사후관리 / 사후관리 / 영어 응대 / 영어 응대 / 중국어 응대 / 중국어 응대 / 일본어 응대 / 일본어 응대,"서울특별시 강남구 강남대로 492 (논현동) 지하 1층, 3층, 4층, 5층, 6층, 10층,12층 각 전체(논현동, HM타워)","크림마취
수면마취
전신마취
국소마취",화요일 10:00 ~ 19:00 / 수요일 10:00 ~ 19:00 / 목요일 10:00 ~ 19:00 / 금요일 10:00 ~ 20:30 / 토요일 10:00 ~ 17:00 / 일요일 휴진,0508-0353-5445
리프팅,레이저리프팅,튠페이스리프팅,https://www.yeoshin.co.kr/event/mobile/26160,(원장상담후 시술)튠페이스 40KJ,https://d3gurpvil0se70.cloudfront.net/upfiles/images/product/pDYUw4Amnj1J4atXskNeGGzIpADA.jpg?q=90&f=webp&w=1024,"#타이트닝
#리프팅레이저",,,"539,000원",VAT 포함,"튠페이스
시술시간
30~60분
마취여부
크림마취
회복시간
약 3일
시술효과
2~4주 후",오운의원(삼성점),,"서울특별시 강남구 테헤란로87길 36 (삼성동) 301~303호(삼성동, 도심공항타워)",,화요일 10:30 ~ 20:30 / 수요일 10:30 ~ 20:30 / 목요일 10:30 ~ 20:30 / 금요일 10:30 ~ 20:30 / 토요일 10:30 ~ 16:30 / 일요일 10:30 ~ 16:30 / 접수마감 (평일 19:30/ 주말 15:30),050803531550
리프팅,레이저리프팅,튠페이스리프팅,https://www.yeoshin.co.kr/event/mobile/17186,여자대표원장 시술 꼼꼼 튠페이스,https://d3gurpvil0se70.cloudfront.net/upfiles/images/product/aWGRRxmJrrPTKtWtxGiOEvJ4IeI9.png?q=90&f=webp&w=1024,"#타이트닝
#리프팅레이저",9.3,후기 4,"550,000원",VAT 포함,"튠페이스
시술시간
30~60분
마취여부
크림마취
회복시간
3일
시술효과
2~4주 후",아라의원,,인천광역시 서구 청마로167번길 24 아라의원,,화요일 10:00 ~ 19:00 / 수요일 10:00 ~ 21:00 / 목요일 10:00 ~ 19:00 / 금요일 10:00 ~ 21:00 / 토요일 10:00 ~ 15:00 / 일요일 휴진,0508-0354-1561
리프팅,레이저리프팅,튠페이스리프팅,https://www.yeoshin.co.kr/event/mobile/5726,튠3 모아 끌어 올려,https://d3gurpvil0se70.cloudfront.net/upfiles/images/product/1638432464.jpg?q=90&f=webp&w=1024,"#타이트닝
#리프팅레이저",,,"979,000원",VAT 포함,"튠페이스
시술시간
60분
마취여부
냉각마취
회복시간
3일
시술효과
2~4주 후",센텀릴리의원,전문의 1명 / 전문의 1명,부산광역시 해운대구 센텀2로 15 센텀릴리의원,,화요일 11:00 ~ 20:00 (점심 13:00 ~ 14:00) / 수요일 11:00 ~ 20:00 (점심 13:00 ~ 14:00) / 목요일 11:00 ~ 20:00 (점심 13:00 ~ 14:00) / 금요일 11:00 ~ 20:00 (점심 13:00 ~ 14:00) / 토요일 11:00 ~ 16:00 / 일요일 휴진,0508-0354-2054
리프팅,레이저리프팅,튠페이스리프팅,https://www.yeoshin.co.kr/event/mobile/20669,[NIKS] 튠페이스 리프팅,https://d3gurpvil0se70.cloudfront.net/upfiles/images/product/F8Fvpd4eeLAGE8okFmmYCdD6g4H4.jpg?q=90&f=webp&w=1024,"#타이트닝
#리프팅레이저",,,"880,000원",VAT 포함,"튠페이스
시술시간
30~60분
마취여부
크림마취
회복시간
약 3일
시술효과
2~4주 후",닉스의원(천안점),,충청남도 천안시 서북구 불당21로 67-8 (불당동) 정석프라자4차 3층 (닉스의원),"크림마취
수면마취
비수면 무통마취
국소마취",화요일 10:00 ~ 20:00 (점심 14:00 ~ 15:00) / 수요일 10:00 ~ 20:00 (점심 14:00 ~ 15:00) / 목요일 10:00 ~ 20:00 (점심 14:00 ~ 15:00) / 금요일 10:00 ~ 20:00 (점심 14:00 ~ 15:00) / 토요일 10:00 ~ 16:00 / 일요일 휴진 / [일요일/공휴일 휴진],0508-0354-2993
리프팅,레이저리프팅,튠페이스리프팅,https://www.yeoshin.co.kr/event/mobile/18053,튠페이스,https://d3gurpvil0se70.cloudfront.net/upfiles/images/product/gows3XPY3Bve1QWCQAaScG35h4q5.jpg?q=90&f=webp&w=1024,"#피부과 전문의
#타이트닝
#리프팅레이저",,,"1,980,000원",VAT 포함,"튠페이스
시술시간
30~60분
마취여부
크림마취
회복시간
약 3일
시술효과
2~4주 후",휴먼피부과의원(청라점),전문의 4명 / 전문의 4명 / 여의사 진료 / 여의사 진료,인천광역시 서구 중봉대로 594 비전프라자 4층 휴먼피부과의원(청라점),"크림마취
수면마취
비수면 무통마취",화요일 10:00 ~ 19:00 (점심 12:00 ~ 14:00) / 수요일 10:00 ~ 20:30 (점심 12:00 ~ 14:00) / 목요일 10:00 ~ 19:00 (점심 12:00 ~ 14:00) / 금요일 10:00 ~ 20:30 (점심 12:00 ~ 14:00) / 토요일 10:00 ~ 16:00 / 일요일 휴진 / 진료마감 : 월수금 19:30 / 화목 18:00 / 토 15:00,0508-0354-1088
리프팅,레이저리프팅,튠페이스리프팅,https://www.yeoshin.co.kr/event/mobile/17187,여자대표원장 시술 꼼꼼 튠아이즈,https://d3gurpvil0se70.cloudfront.net/upfiles/images/product/X1NchEvdGc3C95z7zcpAYsKziZ7.png?q=90&f=webp&w=1024,"#타이트닝
#리프팅레이저",9.7,후기 3,"253,000원",VAT 포함,"튠페이스
시술시간
20~30분
마취여부
크림마취
회복시간
3일
시술효과
2~4주 후",아라의원,,인천광역시 서구 청마로167번길 24 아라의원,,화요일 10:00 ~ 19:00 / 수요일 10:00 ~ 21:00 / 목요일 10:00 ~ 19:00 / 금요일 10:00 ~ 21:00 / 토요일 10:00 ~ 15:00 / 일요일 휴진,0508-0354-1561
리프팅,레이저리프팅,튠페이스리프팅,https://www.yeoshin.co.kr/event/mobile/20602,[NIKS] 튠페이스 60kJ,https://d3gurpvil0se70.cloudfront.net/upfiles/images/product/RdbrlmpWvu7CppwZpyopINq1Ibj8.png?q=90&f=webp&w=1024,"#타이트닝
#리프팅레이저",,,"880,000원",VAT 포함,"튠페이스
시술시간
30~60분
마취여부
크림마취
회복시간
약 3일
시술효과
2~4주 후",닉스의원(대전점),,대전광역시 서구 대덕대로 194 (둔산동) 2층 (닉스의원),"크림마취
수면마취
국소마취","화요일 10:00 ~ 20:00 (점심 14:00 ~ 15:00) / 수요일 10:00 ~ 20:00 (점심 14:00 ~ 15:00) / 목요일 10:00 ~ 20:00 (점심 14:00 ~ 15:00) / 금요일 10:00 ~ 20:00 (점심 14:00 ~ 15:00) / 토요일 10:00 ~ 16:00 / 일요일 휴진 / [일요일, 공휴일 휴진]",0508-0354-2955
리프팅,레이저리프팅,튠페이스리프팅,https://www.yeoshin.co.kr/event/mobile/5783,튠페이스 리프팅,https://d3gurpvil0se70.cloudfront.net/upfiles/images/product/4085016301.jpg?q=90&f=webp&w=1024,"#타이트닝
#리프팅레이저",,,"825,000원",VAT 포함,"튠페이스
시술시간
30~60분
마취여부
마취없음
회복시간
3~4일
시술효과
2~4주 후",파크뷰의원(운정점),,경기도 파주시 와석순환로 507 파크뷰의원(운정점),,화요일 10:00 ~ 20:30 (점심 13:00 ~ 14:00) / 수요일 10:00 ~ 19:30 (점심 13:00 ~ 14:00) / 목요일 10:00 ~ 19:30 (점심 13:00 ~ 14:00) / 금요일 10:00 ~ 20:30 (점심 13:00 ~ 14:00) / 토요일 09:30 ~ 15:00 / 일요일 휴진,0508-0354-0762
리프팅,레이저리프팅,튠페이스리프팅,https://www.yeoshin.co.kr/event/mobile/15956,튠페이스,https://d3gurpvil0se70.cloudfront.net/upfiles/images/product/TjZAkqwMw7AM0d7QIttL4bazoK45.jpg?q=90&f=webp&w=1024,"#타이트닝
#리프팅레이저",,,"110,000원",VAT 포함,"튠페이스
시술시간
40분
마취여부
크림마취
회복시간
당일
시술효과
3~4주 후",제이린의원(서면점),,부산광역시 부산진구 중앙대로 672 (부전동) 삼정타워 4층 제이린의원,,화요일 10:30 ~ 20:00 (점심 13:00 ~ 14:30) / 수요일 10:30 ~ 19:00 (점심 13:00 ~ 14:30) / 목요일 10:30 ~ 19:00 (점심 13:00 ~ 14:30) / 금요일 10:30 ~ 20:00 (점심 13:00 ~ 14:30) / 토요일 10:30 ~ 14:30 / 일요일 휴진,0508-0354-2276
리프팅,레이저리프팅,튠페이스리프팅,https://www.yeoshin.co.kr/event/mobile/11474,튠아이리프팅,https://d3gurpvil0se70.cloudfront.net/upfiles/images/product/3TdxqBAQhukVPVV4LHlEQYxUqIg1.jpeg?q=90&f=webp&w=1024,"#타이트닝
#리프팅레이저",9.5,후기 2,"132,000원",VAT 포함,"튠페이스
시술시간
30~60분
마취여부
크림마취
회복시간
약 3일
시술효과
2~4주 후",오운의원(구리점),여의사 진료 / 여의사 진료,"경기도 구리시 산마루로 5 대방디엠시티 3층, 오운의원(구리점)",,화요일 10:00 ~ 20:00 (점심 13:00 ~ 14:00) / 수요일 10:00 ~ 20:00 (점심 13:00 ~ 14:00) / 목요일 10:00 ~ 20:00 (점심 13:00 ~ 14:00) / 금요일 10:00 ~ 20:00 (점심 13:00 ~ 14:00) / 토요일 10:00 ~ 16:00 / 일요일 휴진,0508-0353-9945
리프팅,레이저리프팅,튠페이스리프팅,https://www.yeoshin.co.kr/event/mobile/16576,튠페이스,https://d3gurpvil0se70.cloudfront.net/upfiles/images/product/fTtiDqb8uLkNgjBw15z5mKfRG935.jpg?q=90&f=webp&w=1024,"#타이트닝
#리프팅레이저",9.8,후기 343,,,"튠페이스
시술시간
30~60분
마취여부
크림마취
회복시간
3일
시술효과
2~4주 후",메이드유의원(강남점),전문의 1명 / 전문의 1명,서울시 강남구 강남대로 516 메이드유의원(강남점),,화요일 10:00 ~ 20:00 (점심 14:00 ~ 15:00) / 수요일 10:00 ~ 19:00 (점심 14:00 ~ 15:00) / 목요일 10:00 ~ 20:00 (점심 14:00 ~ 15:00) / 금요일 10:00 ~ 19:00 (점심 14:00 ~ 15:00) / 토요일 10:00 ~ 16:00 / 일요일 휴진,0508-0353-5966
리프팅,레이저리프팅,아이써마지,https://www.yeoshin.co.kr/event/mobile/20419,신사역 아이써마지 225샷 이벤트,https://d3gurpvil0se70.cloudfront.net/upfiles/images/product/XgwrTuITvP4y9ZrT1Lc8lfLqtJa6.png?q=90&f=webp&w=1024,"#눈
#타이트닝
#리프팅레이저",10,후기 2,"869,000원",VAT 포함,"아이써마지
시술시간
30분
마취여부
크림마취
회복시간
당일
시술효과
3개월 후",신사에그의원,여의사 진료 / 여의사 진료 / 영어 응대 / 영어 응대 / 중국어 응대 / 중국어 응대 / 일본어 응대 / 일본어 응대,서울특별시 서초구 강남대로 613 (잠원동) 성락빌딩 5~7층,"크림마취
수면마취
국소마취",화요일 11:00 ~ 20:30 (점심 14:00 ~ 15:00) / 수요일 11:00 ~ 20:30 (점심 14:00 ~ 15:00) / 목요일 11:00 ~ 20:30 (점심 14:00 ~ 15:00) / 금요일 11:00 ~ 20:30 (점심 14:00 ~ 15:00) / 토요일 11:00 ~ 17:00 / 일요일 11:00 ~ 17:00,0508-0353-5368
리프팅,레이저리프팅,아이써마지,https://www.yeoshin.co.kr/event/mobile/10544,"정품팁,1회사용! 아이써마지 FLX",https://d3gurpvil0se70.cloudfront.net/upfiles/images/product/RjgR2ekisxMWOGNuYB7gPDiuprm8.jpg?q=90&f=webp&w=1024,"#타이트닝
#리프팅레이저
#눈가시술",9.4,후기 25,"1,166,000원",VAT 포함,"아이써마지
시술시간
30분
마취여부
냉각마취
회복시간
당일
시술효과
3달 후",우아성형외과의원,전문의 7명 / 전문의 7명 / 여의사 진료 / 여의사 진료 / 마취과의 진료 / 마취과의 진료 / 수술실 CCTV / 수술실 CCTV / 응급처치 시스템 / 응급처치 시스템 / 분야별 협진 / 분야별 협진 / 기본 입원실 / 기본 입원실 / 전담회복실 / 전담회복실 / 사후관리 / 사후관리 / 영어 응대 / 영어 응대 / 중국어 응대 / 중국어 응대 / 일본어 응대 / 일본어 응대,"서울특별시 강남구 강남대로 492 (논현동) 지하 1층, 3층, 4층, 5층, 6층, 10층,12층 각 전체(논현동, HM타워)","크림마취
수면마취
전신마취
국소마취",화요일 10:00 ~ 19:00 / 수요일 10:00 ~ 19:00 / 목요일 10:00 ~ 19:00 / 금요일 10:00 ~ 20:30 / 토요일 10:00 ~ 17:00 / 일요일 휴진,0508-0353-5445
리프팅,레이저리프팅,아이써마지,https://www.yeoshin.co.kr/event/mobile/26859,"피부과전문의, 아이써마지FLX 225샷",https://d3gurpvil0se70.cloudfront.net/upfiles/images/product/ZWWKDbg65KtHB0jpPv3ojgRWSbs7.jpg?q=90&f=webp&w=1024,"#피부과 전문의
#타이트닝
#리프팅레이저",,,"1,100,000원",VAT 포함,"아이써마지
시술시간
60분
마취여부
크림마취
회복시간
당일
시술효과
1~3개월 후",청담더오피부과의원,전문의 1명 / 전문의 1명 / 사후관리 / 사후관리,서울특별시 강남구 선릉로 602 (삼성동) 2층,,화요일 10:00 ~ 19:00 (점심 13:00 ~ 14:00) / 수요일 10:00 ~ 19:00 (점심 13:00 ~ 14:00) / 목요일 10:00 ~ 19:00 (점심 13:00 ~ 14:00) / 금요일 10:00 ~ 19:00 (점심 13:00 ~ 14:00) / 토요일 10:00 ~ 17:00 (점심 13:00 ~ 14:00) / 일요일 휴진,050803531528
리프팅,레이저리프팅,아이써마지,https://www.yeoshin.co.kr/event/mobile/19263,"아이써마지 225샷, 99만원",https://d3gurpvil0se70.cloudfront.net/upfiles/images/product/GUSURRUVwb6vaKrybs7TAjCYiCV6.jpg?q=90&f=webp&w=1024,"#눈
#타이트닝
#리프팅레이저",10,후기 2,"990,000원",VAT 포함,"아이써마지
시술시간
30분
마취여부
크림마취
회복시간
당일
시술효과
2주 후",메이필클리닉,전문의 1명 / 전문의 1명 / 여의사 진료 / 여의사 진료 / 수술실 CCTV / 수술실 CCTV / 분야별 협진 / 분야별 협진 / 전담회복실 / 전담회복실 / 중국어 응대 / 중국어 응대 / 일본어 응대 / 일본어 응대,서울특별시 서초구 강남대로 423 메이필클리닉,"크림마취
수면마취
국소마취",화요일 10:00 ~ 19:00 / 수요일 10:00 ~ 19:00 / 목요일 10:00 ~ 19:00 / 금요일 10:00 ~ 19:00 / 토요일 10:00 ~ 16:00 / 일요일 휴진,0508-0353-7137
리프팅,레이저리프팅,아이써마지,https://www.yeoshin.co.kr/event/mobile/23744,정품 아이써마지 FLX 225샷 특가,https://d3gurpvil0se70.cloudfront.net/upfiles/images/product/2LXnVXEaJSR49GIJonWKHT4rOnI9.jpg?q=90&f=webp&w=1024,"#타이트닝
#리프팅레이저
#눈가시술",10,후기 2,,,"아이써마지
시술시간
60분
마취여부
크림마취
회복시간
당일
시술효과
3개월 후",비티에프의원,,서울 강남구 언주로 869 비티에프의원,"크림마취
수면마취
국소마취",화요일 10:00 ~ 19:00 / 수요일 10:00 ~ 19:00 / 목요일 10:00 ~ 19:00 / 금요일 10:00 ~ 19:00 / 토요일 10:00 ~ 16:00 / 일요일 휴진,0508-0353-5339
리프팅,레이저리프팅,아이써마지,https://www.yeoshin.co.kr/event/mobile/19800,땡큐 써마지FLX & 아이써마지,https://d3gurpvil0se70.cloudfront.net/upfiles/images/product/sXFCDdx4RGxcLuwcnq47eNgDIUo5.jpg?q=90&f=webp&w=1024,"#피부과 전문의
#타이트닝
#리프팅레이저",,,"990,000원",VAT 포함,"아이써마지
시술시간
60분
마취여부
크림마취
회복시간
당일
시술효과
3개월 후",땡큐성형외과의원,전문의 7명 / 전문의 7명 / 영어 응대 / 영어 응대 / 중국어 응대 / 중국어 응대 / 일본어 응대 / 일본어 응대,서울특별시 강남구 강남대로 446 땡큐성형외과의원,,화요일 10:00 ~ 19:00 / 수요일 10:00 ~ 19:00 / 목요일 10:00 ~ 19:00 / 금요일 10:00 ~ 19:00 / 토요일 10:00 ~ 16:00 / 일요일 휴진,0508-0353-6942
리프팅,레이저리프팅,아이써마지,https://www.yeoshin.co.kr/event/mobile/25283,반니 울쎄라/써마지/리쥬란/아이써마지_정품,https://d3gurpvil0se70.cloudfront.net/upfiles/images/product/BqyxH28yLfAgnD77mydH4b33et2.jpg?q=90&f=webp&w=1024,"#리프팅레이저
#타이트닝",10,후기 62,"319,000원",VAT 포함,"울쎄라
시술시간
30~60분
마취여부
크림마취
회복시간
약 1주
시술효과
4~8주 후",반니성형외과의원,전문의 2명 / 전문의 2명 / 여의사 진료 / 여의사 진료 / 수술실 CCTV / 수술실 CCTV / 전담회복실 / 전담회복실 / 사후관리 / 사후관리 / 중국어 응대 / 중국어 응대 / 일본어 응대 / 일본어 응대,"서울특별시 강남구 테헤란로 107 (역삼동) 8층 (역삼동, 메디타워)",,화요일 10:00 ~ 19:00 / 수요일 10:00 ~ 19:00 / 목요일 10:00 ~ 19:00 / 금요일 10:00 ~ 21:00 / 토요일 10:00 ~ 17:00 / 일요일 휴진,0508-0353-6588
리프팅,레이저리프팅,아이써마지,https://www.yeoshin.co.kr/event/mobile/16088,아이써마지+아이리쥬란,https://d3gurpvil0se70.cloudfront.net/upfiles/images/product/opyFJiiEC61sqvfSg6LlhWPt1R82.jpg?q=90&f=webp&w=1024,"#눈
#타이트닝
#리프팅레이저",,,"1,520,000원",VAT 포함,"아이써마지
시술시간
60분
마취여부
크림마취
회복시간
당일
시술효과
3달 후",동안중심의원,전문의 2명 / 전문의 2명,서울특별시 강남구 압구정로48길 26 (신사동) 동안중심의원,,화요일 10:00 ~ 19:00 (점심 13:00 ~ 14:00) / 수요일 10:00 ~ 19:00 (점심 13:00 ~ 14:00) / 목요일 10:00 ~ 19:00 (점심 13:00 ~ 14:00) / 금요일 12:00 ~ 21:00 / 토요일 10:00 ~ 16:00 / 일요일 휴진,0508-0353-9614
리프팅,레이저리프팅,아이써마지,https://www.yeoshin.co.kr/event/mobile/16086,아이써마지,https://d3gurpvil0se70.cloudfront.net/upfiles/images/product/FTNXCMeVwKp9EOYZGYQ9wwVyBc01.jpg?q=90&f=webp&w=1024,"#눈
#타이트닝
#리프팅레이저",,,"1,320,000원",VAT 포함,"아이써마지
시술시간
60분
마취여부
크림마취
회복시간
당일
시술효과
3달 후",동안중심의원,전문의 2명 / 전문의 2명,서울특별시 강남구 압구정로48길 26 (신사동) 동안중심의원,,화요일 10:00 ~ 19:00 (점심 13:00 ~ 14:00) / 수요일 10:00 ~ 19:00 (점심 13:00 ~ 14:00) / 목요일 10:00 ~ 19:00 (점심 13:00 ~ 14:00) / 금요일 12:00 ~ 21:00 / 토요일 10:00 ~ 16:00 / 일요일 휴진,0508-0353-9614
리프팅,레이저리프팅,아이써마지,https://www.yeoshin.co.kr/event/mobile/26888,아이써마지 225샷 눈가주름케어 다크써클,https://d3gurpvil0se70.cloudfront.net/upfiles/images/product/rcJ1S087r0pjRRYgKQm8uYg5sCx9.jpg?q=90&f=webp&w=1024,"#타이트닝
#리프팅레이저
#눈가시술",10,후기 1,"1,100,000원",VAT 포함,"아이써마지
시술시간
60분
마취여부
크림마취
회복시간
당일
시술효과
3개월 후",르모아의원,전문의 1명 / 전문의 1명 / 여의사 진료 / 여의사 진료 / 전담회복실 / 전담회복실 / 사후관리 / 사후관리,서울특별시 강남구 선릉로 301 (역삼동) 2층 르모아의원 (역삼동 765-3),"크림마취
수면마취
비수면 무통마취
국소마취",화요일 10:00 ~ 20:00 (점심 14:00 ~ 15:00) / 수요일 10:00 ~ 20:00 (점심 14:00 ~ 15:00) / 목요일 10:00 ~ 20:00 (점심 14:00 ~ 15:00) / 금요일 10:00 ~ 20:00 (점심 14:00 ~ 15:00) / 토요일 10:00 ~ 16:00 / 일요일 휴진,0508-0353-6869
리프팅,레이저리프팅,아이써마지,https://www.yeoshin.co.kr/event/mobile/26882,써마지600+아이써마지225+울쎄라300,https://d3gurpvil0se70.cloudfront.net/upfiles/images/product/mifInnEbvobOdn1II9JKPMp4sCn8.jpg?q=90&f=webp&w=1024,"#타이트닝
#리프팅레이저",,,"3,400,000원",VAT 포함,"써마지
시술시간
60분
마취여부
크림마취
회복시간
당일
시술효과
3개월 후",르모아의원,전문의 1명 / 전문의 1명 / 여의사 진료 / 여의사 진료 / 전담회복실 / 전담회복실 / 사후관리 / 사후관리,서울특별시 강남구 선릉로 301 (역삼동) 2층 르모아의원 (역삼동 765-3),"크림마취
수면마취
비수면 무통마취
국소마취",화요일 10:00 ~ 20:00 (점심 14:00 ~ 15:00) / 수요일 10:00 ~ 20:00 (점심 14:00 ~ 15:00) / 목요일 10:00 ~ 20:00 (점심 14:00 ~ 15:00) / 금요일 10:00 ~ 20:00 (점심 14:00 ~ 15:00) / 토요일 10:00 ~ 16:00 / 일요일 휴진,0508-0353-6869
리프팅,레이저리프팅,아이슈링크,https://www.yeoshin.co.kr/event/mobile/21215,눈주름 지우개 아이슈링크 100샷,https://d3gurpvil0se70.cloudfront.net/upfiles/images/product/4ENX7LdDvoAe1AQUJ70ss3jwqNt.jpg?q=90&f=webp&w=1024,"#리프팅레이저
#타이트닝
#눈가시술",,,"99,000원",VAT 포함,"아이슈링크
시술시간
40분
마취여부
크림마취
회복시간
약 3일
시술효과
2개월 후",가산시그니처정형외과의원,전문의 1명 / 전문의 1명 / 분야별 협진 / 분야별 협진 / 전담회복실 / 전담회복실,서울특별시 금천구 가산디지털2로 144 (가산동) 현대테라타워 가산DK 2층 가산시그니처정형외과의원,"크림마취
수면마취
비수면 무통마취
국소마취",화요일 09:00 ~ 20:00 (점심 14:00 ~ 15:00) / 수요일 09:00 ~ 20:00 (점심 14:00 ~ 15:00) / 목요일 09:00 ~ 20:00 (점심 14:00 ~ 15:00) / 금요일 09:00 ~ 20:00 (점심 14:00 ~ 15:00) / 토요일 09:00 ~ 14:00 / 일요일 휴진,0508-0353-8080
리프팅,레이저리프팅,아이슈링크,https://www.yeoshin.co.kr/event/mobile/26178,아이슈링크 유니버스 300샷,https://d3gurpvil0se70.cloudfront.net/upfiles/images/product/bPZzB2fcSFG0zdoDxJQbEwQCaF23.jpg?q=90&f=webp&w=1024,"#리프팅레이저
#타이트닝
#눈가시술",10,후기 1,"99,000원",VAT 포함,"아이슈링크
시술시간
40분
마취여부
크림마취
회복시간
약 3일
시술효과
2개월 후",더리즈의원(강남),전문의 1명 / 전문의 1명 / 여의사 진료 / 여의사 진료 / 수술실 CCTV / 수술실 CCTV / 사후관리 / 사후관리 / 피부진단기 F-RAY 촬영 > / 피부진단기 F-RAY 촬영 > / 피부진단기 F-RAY 촬영 >,서울특별시 강남구 테헤란로 337 (역삼동) 11층,"크림마취
수면마취
국소마취",화요일 10:00 ~ 19:00 (점심 13:00 ~ 14:00) / 수요일 휴진 / 목요일 10:00 ~ 19:00 (점심 13:00 ~ 14:00) / 금요일 10:00 ~ 20:00 (점심 13:00 ~ 14:00) / 토요일 10:00 ~ 16:00 / 일요일 휴진,050803531297
리프팅,레이저리프팅,아이슈링크,https://www.yeoshin.co.kr/event/mobile/25772,아이슈링크 200샷,https://d3gurpvil0se70.cloudfront.net/upfiles/images/product/w65O07dvQcrRuxMB6MZjIhOAL3U9.jpg?q=90&f=webp&w=1024,"#리프팅레이저
#타이트닝
#눈가시술",9.2,후기 36,"55,000원",VAT 포함,"아이슈링크
시술시간
30분
마취여부
마취있음
회복시간
약 3일
시술효과
1개월 후",시안의원,여의사 진료 / 여의사 진료 / 마취과의 진료 / 마취과의 진료 / 수술실 CCTV / 수술실 CCTV / 기본 입원실 / 기본 입원실 / 사후관리 / 사후관리,서울특별시 서초구 강남대로 439 (서초동) 8층,"크림마취
수면마취
국소마취",화요일 10:30 ~ 20:00 / 수요일 10:30 ~ 20:00 / 목요일 10:30 ~ 20:00 / 금요일 10:30 ~ 20:00 / 토요일 10:00 ~ 17:00 / 일요일 휴진,050803533980
리프팅,레이저리프팅,아이슈링크,https://www.yeoshin.co.kr/event/mobile/15949,아이(EYE) 리프팅 모음,https://d3gurpvil0se70.cloudfront.net/upfiles/images/product/93lKGwKebxCCY2823TOR3YQg4moA.jpg?q=90&f=webp&w=1024,"#리프팅레이저
#타이트닝
#눈가시술",8.5,후기 2,"55,000원",VAT 포함,"아이슈링크
시술시간
30분
마취여부
크림마취
회복시간
당일
시술효과
2~3주 후",제이린의원(서면점),,부산광역시 부산진구 중앙대로 672 (부전동) 삼정타워 4층 제이린의원,,화요일 10:30 ~ 20:00 (점심 13:00 ~ 14:30) / 수요일 10:30 ~ 19:00 (점심 13:00 ~ 14:30) / 목요일 10:30 ~ 19:00 (점심 13:00 ~ 14:30) / 금요일 10:30 ~ 20:00 (점심 13:00 ~ 14:30) / 토요일 10:30 ~ 14:30 / 일요일 휴진,0508-0354-2276
리프팅,레이저리프팅,아이슈링크,https://www.yeoshin.co.kr/event/mobile/2034,슈링크 유니버스 리프팅,https://d3gurpvil0se70.cloudfront.net/upfiles/images/product/fueEWFqtwDtMUgqMtnRv2G7IeWgA.jpg?q=90&f=webp&w=1024,"#리프팅레이저
#타이트닝
#눈가시술",9.3,후기 161,"55,000원",VAT 포함,"아이슈링크
시술시간
30분
마취여부
크림마취
회복시간
3일
시술효과
2달 후",데이원의원(강남역점),전문의 1명 / 전문의 1명,서울시 서초구 강남대로 423 데이원의원(강남역점),,화요일 10:30 ~ 20:30 (점심 13:00 ~ 14:00) / 수요일 10:30 ~ 20:30 (점심 13:00 ~ 14:00) / 목요일 10:30 ~ 20:30 (점심 13:00 ~ 14:00) / 금요일 10:30 ~ 20:30 (점심 13:00 ~ 14:00) / 토요일 10:30 ~ 16:00 / 일요일 휴진,0508-0353-7131
리프팅,레이저리프팅,아이슈링크,https://www.yeoshin.co.kr/event/mobile/27518,"아이슈링크 - 눈가 처짐, 다크서클 개선",https://d3gurpvil0se70.cloudfront.net/upfiles/images/product/iQPao0O82jxukjSZyEmqOtnbTLX1.jpg?q=90&f=webp&w=1024,"#리프팅레이저
#타이트닝
#눈가시술",,,"50,000원",VAT 포함,"아이슈링크
시술시간
40분
마취여부
크림마취
회복시간
약 3일
시술효과
2개월 후",한가온한방병원(남양주점),기본 입원실 / 기본 입원실 / 사후관리 / 사후관리,경기도 남양주시 호평로46번길 14 (호평동) 5층,크림마취,화요일 09:00 ~ 20:30 (점심 13:00 ~ 14:00) / 수요일 09:00 ~ 20:30 (점심 13:00 ~ 14:00) / 목요일 09:00 ~ 20:30 (점심 13:00 ~ 14:00) / 금요일 09:00 ~ 20:30 (점심 13:00 ~ 14:00) / 토요일 09:00 ~ 15:00 / 일요일 09:00 ~ 15:00,050803541797
리프팅,레이저리프팅,튠라이너,https://www.yeoshin.co.kr/event/mobile/27573,튠페이스60kj+튠라이너1회,https://d3gurpvil0se70.cloudfront.net/upfiles/images/product/txeSSztknkdujP5VWiGJM12iMtx4.jpg?q=90&f=webp&w=1024,"#타이트닝
#리프팅레이저",,,"450,000원",VAT 포함,"튠페이스
시술시간
30~60분
마취여부
크림마취
회복시간
약 3일
시술효과
2~4주 후",리젠의원,,서울특별시 강남구 강남대로 528 (논현동) 원앤원 63.5빌딩 7층,"크림마취
수면마취",화요일 11:00 ~ 21:00 (점심 13:00 ~ 14:00) / 수요일 10:00 ~ 19:00 (점심 13:00 ~ 14:00) / 목요일 휴진 / 금요일 11:00 ~ 21:00 (점심 13:00 ~ 14:00) / 토요일 10:00 ~ 16:00 (점심 13:00 ~ 14:00) / 일요일 휴진,0508-0353-5231
리프팅,레이저리프팅,튠라이너,https://www.yeoshin.co.kr/event/mobile/18784,고강도 튠라이너,https://d3gurpvil0se70.cloudfront.net/upfiles/images/product/rqkddE0LvbvKXJd60QT01m9SWdH9.jpg?q=90&f=webp&w=1024,"#목/턱
#얼굴지방개선
#리프팅레이저",9.6,후기 76,"110,000원",VAT 포함,"튠라이너
시술시간
10분
마취여부
마취없음
회복시간
당일
시술효과
-",뷰티앤디지털치과병원,전문의 9명 / 전문의 9명 / 피부진단기 F-RAY 촬영 > / 피부진단기 F-RAY 촬영 > / 피부진단기 F-RAY 촬영 >,"경기도 파주시 경의로1240번길 19 (와동동) 월드타워15차 7층, 8층",,화요일 10:00 ~ 20:00 / 수요일 10:00 ~ 20:00 / 목요일 10:00 ~ 20:00 / 금요일 10:00 ~ 18:00 / 토요일 10:00 ~ 16:00 / 일요일 휴진 / 월~금 점심시간은 2시~3시 입니다,0508-0353-9799
리프팅,레이저리프팅,튠라이너,https://www.yeoshin.co.kr/event/mobile/27570,튠라이너1회＋지방분해주사 벨라콜린2cc,https://d3gurpvil0se70.cloudfront.net/upfiles/images/product/hSpCtY1Z5QCaGVdlDQRX5fYoYvb8.jpg?q=90&f=webp&w=1024,"#목/턱
#얼굴지방개선
#리프팅레이저",,,"450,000원",VAT 포함,"튠라이너
시술시간
30~50분
마취여부
마취없음
회복시간
약 3일
시술효과
2~4주 후",리젠의원,,서울특별시 강남구 강남대로 528 (논현동) 원앤원 63.5빌딩 7층,"크림마취
수면마취",화요일 11:00 ~ 21:00 (점심 13:00 ~ 14:00) / 수요일 10:00 ~ 19:00 (점심 13:00 ~ 14:00) / 목요일 휴진 / 금요일 11:00 ~ 21:00 (점심 13:00 ~ 14:00) / 토요일 10:00 ~ 16:00 (점심 13:00 ~ 14:00) / 일요일 휴진,0508-0353-5231
리프팅,레이저리프팅,튠라이너,https://www.yeoshin.co.kr/event/mobile/26701,"튠페이스,튠라이너 V라인 리프팅",https://d3gurpvil0se70.cloudfront.net/upfiles/images/product/HRsBFWRJRuyGgsNOxi8NRgJaATj.jpg?q=90&f=webp&w=1024,"#목/턱
#얼굴지방개선
#리프팅레이저",9.5,후기 2,"253,000원",VAT 포함,"튠라이너
시술시간
30~50분
마취여부
마취없음
회복시간
3일
시술효과
2~4주 후",제이필의원(홍대점),전문의 1명 / 전문의 1명 / 여의사 진료 / 여의사 진료 / 수술실 CCTV / 수술실 CCTV / 분야별 협진 / 분야별 협진 / 사후관리 / 사후관리,서울특별시 마포구 양화로 166 (동교동) 제이필의원,"크림마취
수면마취
비수면 무통마취",화요일 10:00 ~ 20:00 / 수요일 10:00 ~ 20:00 / 목요일 10:00 ~ 20:00 / 금요일 10:00 ~ 20:00 / 토요일 10:00 ~ 17:00 / 일요일 휴진,050803543270
리프팅,레이저리프팅,튠라이너,https://www.yeoshin.co.kr/event/mobile/6040,피부과전문의_포인트 바디 튠라이너,https://d3gurpvil0se70.cloudfront.net/upfiles/images/product/SnYEpje68zCedQnEeNFvzSFrpLX1.jpg?q=90&f=webp&w=1024,"#피부과 전문의
#목/턱
#얼굴지방개선",,,"440,000원",VAT 포함,"튠라이너
시술시간
30~50분
마취여부
마취없음
회복시간
3일
시술효과
2~4주 후",페이브피부과의원(용산),전문의 1명 / 전문의 1명 / 여의사 진료 / 여의사 진료 / 수술실 CCTV / 수술실 CCTV / 사후관리 / 사후관리 / 영어 응대 / 영어 응대 / 중국어 응대 / 중국어 응대 / 일본어 응대 / 일본어 응대,"서울특별시 용산구 한강대로 69 (한강로2가, 용산푸르지오써밋) 페이브피부과의원",,화요일 10:00 ~ 20:00 (점심 13:00 ~ 14:00) / 수요일 휴진 / 목요일 10:00 ~ 20:00 (점심 13:00 ~ 14:00) / 금요일 10:00 ~ 20:00 (점심 13:00 ~ 14:00) / 토요일 09:30 ~ 15:00 / 일요일 휴진 / (공휴일이 있는 주는 수요일 정상진료),0508-0353-1618
리프팅,레이저리프팅,튠라이너,https://www.yeoshin.co.kr/event/mobile/7733,명동루비_튠라이너,https://d3gurpvil0se70.cloudfront.net/upfiles/images/product/1993320315.jpg?q=90&f=webp&w=1024,"#목/턱
#얼굴지방개선
#리프팅레이저",9,후기 611,"60,000원",VAT 포함,"튠라이너
시술시간
30분
마취여부
마취없음
회복시간
3일
시술효과
2~4주 후",루비의원(명동점),,서울특별시 중구 명동길 65 루비의원(명동점),,화요일 10:30 ~ 20:30 (점심 13:30 ~ 15:00) / 수요일 10:30 ~ 20:30 (점심 13:30 ~ 15:00) / 목요일 10:30 ~ 20:30 (점심 13:30 ~ 15:00) / 금요일 10:30 ~ 20:30 (점심 13:30 ~ 15:00) / 토요일 10:00 ~ 16:00 / 일요일 12:00 ~ 17:00,0508-0353-8508
리프팅,레이저리프팅,튠라이너,https://www.yeoshin.co.kr/event/mobile/17505,튠라이너 인모드로 지방파괴 V핏,https://d3gurpvil0se70.cloudfront.net/upfiles/images/product/Z3nWhfjZGTqgbUAhfJ0mP7Yy2Sr7.jpg?q=90&f=webp&w=1024,"#리프팅레이저
#얼굴지방개선
#타이트닝",9.1,후기 7,"165,000원",VAT 포함,"인모드
시술시간
30~60분
마취여부
크림마취
회복시간
약 3일
시술효과
약 2주 후",제이필의원(강남점),영어 응대 / 영어 응대 / 중국어 응대 / 중국어 응대 / 일본어 응대 / 일본어 응대,서울특별시 강남구 강남대로 438 (역삼동) 스타플렉스 B1,,화요일 10:00 ~ 20:00 / 수요일 10:00 ~ 20:00 / 목요일 10:00 ~ 20:00 / 금요일 10:00 ~ 20:00 / 토요일 10:00 ~ 17:00 / 일요일 휴진,0508-0353-4730
리프팅,레이저리프팅,튠라이너,https://www.yeoshin.co.kr/event/mobile/8320,피부과전문의/튠라이너효도패키지,https://d3gurpvil0se70.cloudfront.net/upfiles/images/product/CJubgBr2LiNEZPazswcxbRIKqR5A.jpg?q=90&f=webp&w=1024,"#피부과 전문의
#목/턱
#얼굴지방개선",,,"440,000원",VAT 포함,"튠라이너
시술시간
30~50분
마취여부
마취없음
회복시간
3일
시술효과
2~4주 후",페이브피부과의원(용산),전문의 1명 / 전문의 1명 / 여의사 진료 / 여의사 진료 / 수술실 CCTV / 수술실 CCTV / 사후관리 / 사후관리 / 영어 응대 / 영어 응대 / 중국어 응대 / 중국어 응대 / 일본어 응대 / 일본어 응대,"서울특별시 용산구 한강대로 69 (한강로2가, 용산푸르지오써밋) 페이브피부과의원",,화요일 10:00 ~ 20:00 (점심 13:00 ~ 14:00) / 수요일 휴진 / 목요일 10:00 ~ 20:00 (점심 13:00 ~ 14:00) / 금요일 10:00 ~ 20:00 (점심 13:00 ~ 14:00) / 토요일 09:30 ~ 15:00 / 일요일 휴진 / (공휴일이 있는 주는 수요일 정상진료),0508-0353-1618
리프팅,레이저리프팅,튠라이너,https://www.yeoshin.co.kr/event/mobile/26708,튠라이너 인모드로 지방파괴 V핏,https://d3gurpvil0se70.cloudfront.net/upfiles/images/product/AM4T2RqsrqSEgCs6iCg2kRcXSSr2.jpg?q=90&f=webp&w=1024,"#리프팅레이저
#얼굴지방개선
#타이트닝",,,"165,000원",VAT 포함,"인모드
시술시간
30~60분
마취여부
크림마취
회복시간
약 3일
시술효과
약 2주 후",제이필의원(홍대점),전문의 1명 / 전문의 1명 / 여의사 진료 / 여의사 진료 / 수술실 CCTV / 수술실 CCTV / 분야별 협진 / 분야별 협진 / 사후관리 / 사후관리,서울특별시 마포구 양화로 166 (동교동) 제이필의원,"크림마취
수면마취
비수면 무통마취",화요일 10:00 ~ 20:00 / 수요일 10:00 ~ 20:00 / 목요일 10:00 ~ 20:00 / 금요일 10:00 ~ 20:00 / 토요일 10:00 ~ 17:00 / 일요일 휴진,050803543270
리프팅,레이저리프팅,튠라이너,https://www.yeoshin.co.kr/event/mobile/15143,피부과전문의 티타늄(80kj)+튠라이너 외,https://d3gurpvil0se70.cloudfront.net/upfiles/images/product/IDJnc5cu96ir9Ob7vMv4G8ST8BrA.jpg?q=90&f=webp&w=1024,"#피부과 전문의
#리프팅레이저
#타이트닝",,,"1,540,000원",VAT 포함,"티타늄
시술시간
20분
마취여부
마취없음
회복시간
당일
시술효과
2~4주 후",페이브피부과의원(용산),전문의 1명 / 전문의 1명 / 여의사 진료 / 여의사 진료 / 수술실 CCTV / 수술실 CCTV / 사후관리 / 사후관리 / 영어 응대 / 영어 응대 / 중국어 응대 / 중국어 응대 / 일본어 응대 / 일본어 응대,"서울특별시 용산구 한강대로 69 (한강로2가, 용산푸르지오써밋) 페이브피부과의원",,화요일 10:00 ~ 20:00 (점심 13:00 ~ 14:00) / 수요일 휴진 / 목요일 10:00 ~ 20:00 (점심 13:00 ~ 14:00) / 금요일 10:00 ~ 20:00 (점심 13:00 ~ 14:00) / 토요일 09:30 ~ 15:00 / 일요일 휴진 / (공휴일이 있는 주는 수요일 정상진료),0508-0353-1618
리프팅,레이저리프팅,튠라이너,https://www.yeoshin.co.kr/event/mobile/10817,내 눈가는 소중하니까,https://d3gurpvil0se70.cloudfront.net/upfiles/images/product/95507058.jpg?q=90&f=webp&w=1024,"#목/턱
#얼굴지방개선
#리프팅레이저",,,"1,199,000원",VAT 포함,"튠라이너
시술시간
60분
마취여부
마취없음
회복시간
3일
시술효과
2~4주 후",센텀릴리의원,전문의 1명 / 전문의 1명,부산광역시 해운대구 센텀2로 15 센텀릴리의원,,화요일 11:00 ~ 20:00 (점심 13:00 ~ 14:00) / 수요일 11:00 ~ 20:00 (점심 13:00 ~ 14:00) / 목요일 11:00 ~ 20:00 (점심 13:00 ~ 14:00) / 금요일 11:00 ~ 20:00 (점심 13:00 ~ 14:00) / 토요일 11:00 ~ 16:00 / 일요일 휴진,0508-0354-2054
리프팅,레이저리프팅,튠라이너,https://www.yeoshin.co.kr/event/mobile/7261,튠쎄라,https://d3gurpvil0se70.cloudfront.net/upfiles/images/product/2397550130.jpg?q=90&f=webp&w=1024,"#목/턱
#얼굴지방개선
#리프팅레이저",,,"1,529,000원",VAT 포함,"튠라이너
시술시간
60분
마취여부
크림마취
회복시간
3일
시술효과
2~4주 후",센텀릴리의원,전문의 1명 / 전문의 1명,부산광역시 해운대구 센텀2로 15 센텀릴리의원,,화요일 11:00 ~ 20:00 (점심 13:00 ~ 14:00) / 수요일 11:00 ~ 20:00 (점심 13:00 ~ 14:00) / 목요일 11:00 ~ 20:00 (점심 13:00 ~ 14:00) / 금요일 11:00 ~ 20:00 (점심 13:00 ~ 14:00) / 토요일 11:00 ~ 16:00 / 일요일 휴진,0508-0354-2054
리프팅,레이저리프팅,튠라이너,https://www.yeoshin.co.kr/event/mobile/5267,3D 입체 지방분해 리프팅,https://d3gurpvil0se70.cloudfront.net/upfiles/images/product/4045202581.jpg?q=90&f=webp&w=1024,"#목/턱
#얼굴지방개선
#리프팅레이저",,,"847,000원",VAT 포함,"튠라이너
시술시간
5~60분
마취여부
크림마취
회복시간
3일
시술효과
2~4주 후",센텀릴리의원,전문의 1명 / 전문의 1명,부산광역시 해운대구 센텀2로 15 센텀릴리의원,,화요일 11:00 ~ 20:00 (점심 13:00 ~ 14:00) / 수요일 11:00 ~ 20:00 (점심 13:00 ~ 14:00) / 목요일 11:00 ~ 20:00 (점심 13:00 ~ 14:00) / 금요일 11:00 ~ 20:00 (점심 13:00 ~ 14:00) / 토요일 11:00 ~ 16:00 / 일요일 휴진,0508-0354-2054
리프팅,레이저리프팅,튠라이너,https://www.yeoshin.co.kr/event/mobile/15951,튠라이너,https://d3gurpvil0se70.cloudfront.net/upfiles/images/product/WdI4EFCLeaukcbpI5XxiXJqdNW6.jpg?q=90&f=webp&w=1024,"#목/턱
#얼굴지방개선
#리프팅레이저",10,후기 2,"165,000원",VAT 포함,"튠라이너
시술시간
10분
마취여부
마취없음
회복시간
당일
시술효과
1~2주 후",제이린의원(서면점),,부산광역시 부산진구 중앙대로 672 (부전동) 삼정타워 4층 제이린의원,,화요일 10:30 ~ 20:00 (점심 13:00 ~ 14:30) / 수요일 10:30 ~ 19:00 (점심 13:00 ~ 14:30) / 목요일 10:30 ~ 19:00 (점심 13:00 ~ 14:30) / 금요일 10:30 ~ 20:00 (점심 13:00 ~ 14:30) / 토요일 10:30 ~ 14:30 / 일요일 휴진,0508-0354-2276
리프팅,레이저리프팅,튠라이너,https://www.yeoshin.co.kr/event/mobile/17223,V라인 튠라이너,https://d3gurpvil0se70.cloudfront.net/upfiles/images/product/6W9U6OSIGVwVH3hA6h1nx9AtQKF2.jpg?q=90&f=webp&w=1024,"#목/턱
#얼굴지방개선
#리프팅레이저",,,"330,000원",VAT 포함,"튠라이너
시술시간
30~50분
마취여부
마취없음
회복시간
약 3일
시술효과
2~4주 후",톡스앤필(제주점),,제주특별자치도 제주시 노형로 378 (노형동) 청담빌딩 2층,,화요일 10:00 ~ 19:00 (점심 13:00 ~ 14:00) / 수요일 10:00 ~ 19:00 (점심 13:00 ~ 14:00) / 목요일 10:00 ~ 20:00 (점심 13:00 ~ 14:00) / 금요일 10:00 ~ 19:30 (점심 13:00 ~ 14:00) / 토요일 09:30 ~ 15:30 / 일요일 휴진,0508-0354-2777
리프팅,레이저리프팅,리프테라,https://www.yeoshin.co.kr/event/mobile/9005,리프테라2 펜,https://d3gurpvil0se70.cloudfront.net/upfiles/images/product/HRXFyI56zdTFh5yzvA3DRxaQPuD5.png?q=90&f=webp&w=1024,"#피부과 전문의
#리프팅레이저
#타이트닝",8.6,후기 361,"42,900원",VAT 포함,"리프테라
시술시간
20~40분
마취여부
크림마취
회복시간
약 5일
시술효과
약 8주 후",리엔장성형외과의원(본점),전문의 7명 / 전문의 7명 / 영어 응대 / 영어 응대 / 중국어 응대 / 중국어 응대 / 일본어 응대 / 일본어 응대,서울특별시 서초구 강남대로 403 (서초동) 14~18층(서초동),,화요일 10:00 ~ 20:00 / 수요일 10:00 ~ 20:00 / 목요일 10:00 ~ 20:00 / 금요일 10:00 ~ 20:00 / 토요일 09:30 ~ 17:00 / 일요일 11:00 ~ 17:00 / 일요일 : 휴진(글로벌센터만 운영),0508-0353-7084
리프팅,레이저리프팅,리프테라,https://www.yeoshin.co.kr/event/mobile/15471,피부과전문의_리프테라2,https://d3gurpvil0se70.cloudfront.net/upfiles/images/product/VK7KugWsWMqHwYYs0ovFZE2OPpd1.jpg?q=90&f=webp&w=1024,"#피부과 전문의
#리프팅레이저
#타이트닝",10,후기 2,"77,000원",VAT 포함,"리프테라
시술시간
20~40분
마취여부
크림마취
회복시간
5일
시술효과
8주 후",페이브피부과의원(용산),전문의 1명 / 전문의 1명 / 여의사 진료 / 여의사 진료 / 수술실 CCTV / 수술실 CCTV / 사후관리 / 사후관리 / 영어 응대 / 영어 응대 / 중국어 응대 / 중국어 응대 / 일본어 응대 / 일본어 응대,"서울특별시 용산구 한강대로 69 (한강로2가, 용산푸르지오써밋) 페이브피부과의원",,화요일 10:00 ~ 20:00 (점심 13:00 ~ 14:00) / 수요일 휴진 / 목요일 10:00 ~ 20:00 (점심 13:00 ~ 14:00) / 금요일 10:00 ~ 20:00 (점심 13:00 ~ 14:00) / 토요일 09:30 ~ 15:00 / 일요일 휴진 / (공휴일이 있는 주는 수요일 정상진료),0508-0353-1618
리프팅,레이저리프팅,리프테라,https://www.yeoshin.co.kr/event/mobile/3260,피부과전문의_원데이 아이리프팅,https://d3gurpvil0se70.cloudfront.net/upfiles/images/product/diUuc1BvoYUxOkot5TKKlvsfmDq7.jpg?q=90&f=webp&w=1024,"#피부과 전문의
#리프팅레이저
#타이트닝",,,"220,000원",VAT 포함,"리프테라
시술시간
20~40분
마취여부
크림마취
회복시간
5일
시술효과
8주 후",페이브피부과의원(용산),전문의 1명 / 전문의 1명 / 여의사 진료 / 여의사 진료 / 수술실 CCTV / 수술실 CCTV / 사후관리 / 사후관리 / 영어 응대 / 영어 응대 / 중국어 응대 / 중국어 응대 / 일본어 응대 / 일본어 응대,"서울특별시 용산구 한강대로 69 (한강로2가, 용산푸르지오써밋) 페이브피부과의원",,화요일 10:00 ~ 20:00 (점심 13:00 ~ 14:00) / 수요일 휴진 / 목요일 10:00 ~ 20:00 (점심 13:00 ~ 14:00) / 금요일 10:00 ~ 20:00 (점심 13:00 ~ 14:00) / 토요일 09:30 ~ 15:00 / 일요일 휴진 / (공휴일이 있는 주는 수요일 정상진료),0508-0353-1618
리프팅,레이저리프팅,리프테라,https://www.yeoshin.co.kr/event/mobile/24300,피부과전문의 남성 맨즈케어 4주패키지,https://d3gurpvil0se70.cloudfront.net/upfiles/images/product/1xyOvDmviRpKiy5H2PquYT3JvLG4.jpg?q=90&f=webp&w=1024,"#피부과 전문의
#리프팅레이저
#타이트닝",,,"1,320,000원",VAT 포함,"리프테라
시술시간
20~40분
마취여부
크림마취
회복시간
약 5일
시술효과
약 8주 후",페이브피부과의원(용산),전문의 1명 / 전문의 1명 / 여의사 진료 / 여의사 진료 / 수술실 CCTV / 수술실 CCTV / 사후관리 / 사후관리 / 영어 응대 / 영어 응대 / 중국어 응대 / 중국어 응대 / 일본어 응대 / 일본어 응대,"서울특별시 용산구 한강대로 69 (한강로2가, 용산푸르지오써밋) 페이브피부과의원",,화요일 10:00 ~ 20:00 (점심 13:00 ~ 14:00) / 수요일 휴진 / 목요일 10:00 ~ 20:00 (점심 13:00 ~ 14:00) / 금요일 10:00 ~ 20:00 (점심 13:00 ~ 14:00) / 토요일 09:30 ~ 15:00 / 일요일 휴진 / (공휴일이 있는 주는 수요일 정상진료),0508-0353-1618
리프팅,레이저리프팅,리프테라,https://www.yeoshin.co.kr/event/mobile/11773,리프테라 리프팅 3000샷,https://d3gurpvil0se70.cloudfront.net/upfiles/images/product/yI568SZ9rk2a9o5n3nCAGfRWVfS1.jpg?q=90&f=webp&w=1024,"#리프팅레이저
#타이트닝",9.3,후기 30,"99,000원",VAT 포함,"리프테라
시술시간
30분
마취여부
냉각마취
회복시간
5일
시술효과
8주 후",뷰티크의원(방배이수점),,서울시 서초구 동작대로 114 유문빌딩 6층 톡스앤필(방배이수점),,화요일 11:00 ~ 20:00 / 수요일 11:00 ~ 20:00 / 목요일 11:00 ~ 20:00 / 금요일 11:00 ~ 20:00 / 토요일 10:00 ~ 16:30 / 일요일 휴진 / 공휴일은 휴진입니다.,0507-0094-5649
리프팅,레이저리프팅,리프테라,https://www.yeoshin.co.kr/event/mobile/7236,[대표원장님 시술]리프테라3000샷 9만,https://d3gurpvil0se70.cloudfront.net/upfiles/images/product/sw9vWxNjcbZIn9PBqOQxtXKIpfz2.jpg?q=90&f=webp&w=1024,"#리프팅레이저
#타이트닝",10,후기 6,"90,000원",VAT 포함,"리프테라
시술시간
20~40분
마취여부
마취연고
회복시간
약 5일
시술효과
약 8주 후",수지의원,전문의 1명 / 전문의 1명,"서울특별시 송파구 가락로 99, 3층 301호 (석촌동) 수지의원",,화요일 10:00 ~ 19:00 (점심 13:00 ~ 14:00) / 수요일 14:00 ~ 21:00 / 목요일 10:00 ~ 19:00 (점심 13:00 ~ 14:00) / 금요일 10:00 ~ 19:00 (점심 13:00 ~ 14:00) / 토요일 10:00 ~ 14:00 / 일요일 휴진,0508-0353-3111
리프팅,레이저리프팅,리프테라,https://www.yeoshin.co.kr/event/mobile/8979,빈틈없이 탄력UP! 리프테라,https://d3gurpvil0se70.cloudfront.net/upfiles/images/product/tvOJycZ9cvjXYhDsIAW0Lbyo1nT4.png?q=90&f=webp&w=1024,"#리프팅레이저
#타이트닝",9.5,후기 19,"31,900원",VAT 포함,"리프테라
시술시간
20~40분
마취여부
크림마취
회복시간
약 5일
시술효과
약 8주 후",리엔장의원(목동점),전문의 1명 / 전문의 1명 / 중국어 응대 / 중국어 응대,서울시 양천구 오목로 325 리엔장의원(목동점),,화요일 10:00 ~ 20:00 (점심 13:00 ~ 14:00) / 수요일 10:00 ~ 20:00 (점심 13:00 ~ 14:00) / 목요일 10:00 ~ 20:00 (점심 13:00 ~ 14:00) / 금요일 10:00 ~ 20:00 (점심 13:00 ~ 14:00) / 토요일 09:00 ~ 16:00 / 일요일 휴진,0508-0353-1953
리프팅,레이저리프팅,리프테라,https://www.yeoshin.co.kr/event/mobile/26040,대구 리프테라+조각주사,https://d3gurpvil0se70.cloudfront.net/upfiles/images/product/eOjs68n4iAsU8OlZB2Mn67Sp1WR9.jpg?q=90&f=webp&w=1024,"#리프팅레이저
#타이트닝",,,"297,000원",VAT 포함,"리프테라
시술시간
20~40분
마취여부
크림마취
회복시간
약 5일
시술효과
약 8주 후",에디트의원,,"대구광역시 수성구 달구벌대로 2442 (범어동) 7층, 702호","크림마취
국소마취",화요일 10:00 ~ 20:00 (점심 13:00 ~ 14:30) / 수요일 10:00 ~ 20:00 (점심 13:00 ~ 14:30) / 목요일 10:00 ~ 20:00 (점심 13:00 ~ 14:30) / 금요일 10:00 ~ 20:00 (점심 13:00 ~ 14:30) / 토요일 10:00 ~ 17:00 (점심 13:00 ~ 14:00) / 일요일 휴진,"대구광역시 수성구 달구벌대로 2442, ,동소 189-34, 7층 702호(범어 동)"
리프팅,레이저리프팅,리프테라,https://www.yeoshin.co.kr/event/mobile/26877,리프팅 레이저 : 리프테라,https://d3gurpvil0se70.cloudfront.net/upfiles/images/product/rd626RdlyajAMEAuRQS9Oll8J1F5.jpg?q=90&f=webp&w=1024,"#리프팅레이저
#타이트닝",,,"41,800원",VAT 포함,"리프테라
시술시간
20~40분
마취여부
크림마취
회복시간
약 5일
시술효과
약 8주 후",벨로아의원,전문의 1명 / 전문의 1명 / 여의사 진료 / 여의사 진료 / 사후관리 / 사후관리,"서울특별시 강동구 양재대로89가길 29 (성내동) 3층 301호(성내동, 치탑빌딩)",크림마취,화요일 10:00 ~ 20:30 (점심 13:00 ~ 14:00) / 수요일 10:00 ~ 19:00 (점심 13:00 ~ 14:00) / 목요일 10:00 ~ 20:30 (점심 13:00 ~ 14:00) / 금요일 10:00 ~ 19:00 (점심 13:00 ~ 14:00) / 토요일 09:30 ~ 14:30 / 일요일 휴진,050803543291
리프팅,레이저리프팅,리프테라,https://www.yeoshin.co.kr/event/mobile/15953,리프테라,https://d3gurpvil0se70.cloudfront.net/upfiles/images/product/Nd8ymKdiqVPDUcE98HBJvJf9cQW6.jpg?q=90&f=webp&w=1024,"#리프팅레이저
#타이트닝",9.8,후기 4,"27,500원",VAT 포함,"리프테라
시술시간
10분
마취여부
크림마취
회복시간
당일
시술효과
3~4주 후",제이린의원(서면점),,부산광역시 부산진구 중앙대로 672 (부전동) 삼정타워 4층 제이린의원,,화요일 10:30 ~ 20:00 (점심 13:00 ~ 14:30) / 수요일 10:30 ~ 19:00 (점심 13:00 ~ 14:30) / 목요일 10:30 ~ 19:00 (점심 13:00 ~ 14:30) / 금요일 10:30 ~ 20:00 (점심 13:00 ~ 14:30) / 토요일 10:30 ~ 14:30 / 일요일 휴진,0508-0354-2276
리프팅,레이저리프팅,리프테라,https://www.yeoshin.co.kr/event/mobile/14626,리프테라1000샷,https://d3gurpvil0se70.cloudfront.net/upfiles/images/product/zbilMndaxwlfIRG0eJiDOVbGcPp.jpg?q=90&f=webp&w=1024,"#리프팅레이저
#타이트닝",9.2,후기 31,"49,500원",VAT 포함,"리프테라
시술시간
30분
마취여부
냉각마취
회복시간
5일
시술효과
8주 후",비오페이스의원,수술실 CCTV / 수술실 CCTV / 응급처치 시스템 / 응급처치 시스템 / 영어 응대 / 영어 응대 / 중국어 응대 / 중국어 응대 / 일본어 응대 / 일본어 응대,서울시 서초구 강남대로 605 비오페이스의원,"크림마취
수면마취
비수면 무통마취
국소마취",화요일 10:00 ~ 20:00 (점심 13:00 ~ 14:00) / 수요일 10:00 ~ 20:00 (점심 13:00 ~ 14:00) / 목요일 10:00 ~ 19:00 (점심 13:00 ~ 14:00) / 금요일 10:00 ~ 20:00 (점심 13:00 ~ 14:00) / 토요일 10:00 ~ 16:00 / 일요일 휴진,0508-0353-7263
리프팅,레이저리프팅,리프테라,https://www.yeoshin.co.kr/event/mobile/24763,촘촘하게 땡겨주는 리프테라 리프팅,https://d3gurpvil0se70.cloudfront.net/upfiles/images/product/lCEERtfZwXGa3vHW9xZFItCmG5i3.jpg?q=90&f=webp&w=1024,"#리프팅레이저
#타이트닝",,,"99,000원",VAT 포함,"리프테라
시술시간
20~40분
마취여부
마취없음
회복시간
약 5일
시술효과
약 2~4주",용인미하나의원,전문의 1명 / 전문의 1명,경기도 용인시 처인구 금령로 86 용인미하나의원,,화요일 10:00 ~ 20:30 (점심 13:00 ~ 14:00) / 수요일 10:00 ~ 20:30 (점심 13:00 ~ 14:00) / 목요일 10:00 ~ 20:30 (점심 13:00 ~ 14:00) / 금요일 10:00 ~ 20:30 (점심 13:00 ~ 14:00) / 토요일 10:00 ~ 16:30 / 일요일 휴진,0508-0353-9926
리프팅,레이저리프팅,세르프리프팅,https://www.yeoshin.co.kr/event/mobile/26742,리프팅 끝판왕! 세르프 탄력 개선 풀페이스,https://d3gurpvil0se70.cloudfront.net/upfiles/images/product/EIaaCqRkpmOlCXIzu07DpvqhfTs2.jpg?q=90&f=webp&w=1024,"#리프팅레이저
#타이트닝",10,후기 1,,,"세르프
시술시간
20~30분
마취여부
연고마취
회복시간
약 1~3일
시술효과
1개월 후",청담엔샤인의원,전문의 1명 / 전문의 1명 / 여의사 진료 / 여의사 진료 / 수술실 CCTV / 수술실 CCTV / 중국어 응대 / 중국어 응대,"서울특별시 강남구 도산대로 333 (신사동) 9층(신사동, K+메디칼타워)","크림마취
국소마취",화요일 10:00 ~ 20:00 / 수요일 휴진 / 목요일 10:00 ~ 19:00 / 금요일 10:00 ~ 20:00 / 토요일 10:00 ~ 15:00 / 일요일 휴진,0508-0353-5899
리프팅,레이저리프팅,세르프리프팅,https://www.yeoshin.co.kr/event/mobile/26607,BTQ 세르프 (최고 출력 시술),https://d3gurpvil0se70.cloudfront.net/upfiles/images/product/TVMeTrDvOCqcIf2wyCM0Vs8FpN23.jpg?q=90&f=webp&w=1024,"#리프팅레이저
#타이트닝",10,후기 6,"1,210,000원",VAT 포함,"세르프
시술시간
20~30분
마취여부
마취없음
회복시간
약 1~3일
시술효과
1개월 후",비티큐의원,전문의 1명 / 전문의 1명 / 여의사 진료 / 여의사 진료 / 전담회복실 / 전담회복실 / 중국어 응대 / 중국어 응대 / 피부진단기 F-RAY 촬영 > / 피부진단기 F-RAY 촬영 > / 피부진단기 F-RAY 촬영 >,"서울특별시 강남구 선릉로90길 48 (대치동) 2,3,4층","크림마취
가글마취
비수면 무통마취
국소마취",화요일 10:00 ~ 20:00 / 수요일 10:00 ~ 20:00 / 목요일 10:00 ~ 20:00 / 금요일 10:00 ~ 20:00 / 토요일 10:00 ~ 16:00 / 일요일 휴진 / 공휴일 : 10:00 ~ 16:00,050803542323
리프팅,레이저리프팅,세르프리프팅,https://www.yeoshin.co.kr/event/mobile/24322,저통증 세르프리프팅_원장지정가능,https://d3gurpvil0se70.cloudfront.net/upfiles/images/product/7A7kWyTjwuMPlHurTE0B3fpNISM9.jpg?q=90&f=webp&w=1024,"#리프팅레이저
#타이트닝",9.8,후기 18,"870,000원",VAT 포함,"세르프
시술시간
20~30분
마취여부
마취없음
회복시간
약 1~3일
시술효과
1개월 후",네스트의원(강남),전문의 1명 / 전문의 1명 / 여의사 진료 / 여의사 진료 / 영어 응대 / 영어 응대,"서울특별시 서초구 강남대로 453 (서초동) 서초빌딩 4층, 5층",,화요일 10:30 ~ 20:00 / 수요일 10:30 ~ 20:00 / 목요일 10:30 ~ 20:00 / 금요일 10:30 ~ 20:00 / 토요일 10:00 ~ 17:00 / 일요일 휴진,0508-0353-4665
리프팅,레이저리프팅,세르프리프팅,https://www.yeoshin.co.kr/event/mobile/27558,대표원장 커스텀 디자인 세르프 특가,https://d3gurpvil0se70.cloudfront.net/upfiles/images/product/Z0hT4z6ag0ajN3VDg7bM8cOwrs57.jpg?q=90&f=webp&w=1024,"#리프팅레이저
#타이트닝",,,"858,000원",VAT 포함,"세르프
시술시간
20~30분
마취여부
크림마취
회복시간
약 1~3일
시술효과
1개월 후",비욘드의원,여의사 진료 / 여의사 진료 / 응급처치 시스템 / 응급처치 시스템 / 분야별 협진 / 분야별 협진 / 사후관리 / 사후관리 / 피부진단기 F-RAY 촬영 > / 피부진단기 F-RAY 촬영 > / 피부진단기 F-RAY 촬영 >,서울특별시 강남구 논현로 826 (신사동) 6층,"크림마취
수면마취",화요일 10:00 ~ 19:00 (점심 14:00 ~ 15:00) / 수요일 휴진 / 목요일 10:00 ~ 19:00 (점심 14:00 ~ 15:00) / 금요일 10:00 ~ 20:00 (점심 14:00 ~ 15:00) / 토요일 10:00 ~ 16:00 / 일요일 휴진,050803543468
리프팅,레이저리프팅,세르프리프팅,https://www.yeoshin.co.kr/event/mobile/26414,세르프 맛집 300샷 단독 특가,https://d3gurpvil0se70.cloudfront.net/upfiles/images/product/gTlo2KHVsfKFHL7tWCwHhAYg5Ej8.jpg?q=90&f=webp&w=1024,"#리프팅레이저
#타이트닝",9.8,후기 6,"790,000원",VAT 포함,"세르프
시술시간
30분~50분
마취여부
마취없음
회복시간
약 1~3일
시술효과
1개월 후",퀸스유피에스의원,전문의 1명 / 전문의 1명 / 여의사 진료 / 여의사 진료 / 분야별 협진 / 분야별 협진 / 사후관리 / 사후관리,서울특별시 서초구 강남대로 509 (반포동) 하늘안과빌딩 B동 8층,크림마취,화요일 10:00 ~ 20:00 (점심 13:00 ~ 14:00) / 수요일 10:00 ~ 19:00 (점심 13:00 ~ 14:00) / 목요일 10:00 ~ 19:00 (점심 13:00 ~ 14:00) / 금요일 10:00 ~ 20:00 (점심 13:00 ~ 14:00) / 토요일 10:00 ~ 16:00 / 일요일 휴진,0508-0353-8045
리프팅,레이저리프팅,세르프리프팅,https://www.yeoshin.co.kr/event/mobile/21011,통증 거의 없이예뻐지자! 엔샤인 온다쎄르프,https://d3gurpvil0se70.cloudfront.net/upfiles/images/product/Vvfhg5RjiLfJdYj4xBohif9yR49.png?q=90&f=webp&w=1024,"#리프팅레이저
#타이트닝",,,,,"리프팅레이저
시술시간
40~60분
마취여부
크림마취
회복시간
약 3일
시술효과
1달 후",청담엔샤인의원,전문의 1명 / 전문의 1명 / 여의사 진료 / 여의사 진료 / 수술실 CCTV / 수술실 CCTV / 중국어 응대 / 중국어 응대,"서울특별시 강남구 도산대로 333 (신사동) 9층(신사동, K+메디칼타워)","크림마취
국소마취",화요일 10:00 ~ 20:00 / 수요일 휴진 / 목요일 10:00 ~ 19:00 / 금요일 10:00 ~ 20:00 / 토요일 10:00 ~ 15:00 / 일요일 휴진,0508-0353-5899
리프팅,레이저리프팅,세르프리프팅,https://www.yeoshin.co.kr/event/mobile/20757,명동루비_세르프리프팅,https://d3gurpvil0se70.cloudfront.net/upfiles/images/product/vA4k4kVMPbI9UR9dHaGqTdQt7WD7.jpg?q=90&f=webp&w=1024,"#리프팅레이저
#타이트닝",8.9,후기 9,"121,000원",VAT 포함,"리프팅레이저
시술시간
40~60분
마취여부
크림마취
회복시간
약 3일
시술효과
2~3달 후",루비의원(명동점),,서울특별시 중구 명동길 65 루비의원(명동점),,화요일 10:30 ~ 20:30 (점심 13:30 ~ 15:00) / 수요일 10:30 ~ 20:30 (점심 13:30 ~ 15:00) / 목요일 10:30 ~ 20:30 (점심 13:30 ~ 15:00) / 금요일 10:30 ~ 20:30 (점심 13:30 ~ 15:00) / 토요일 10:00 ~ 16:00 / 일요일 12:00 ~ 17:00,0508-0353-8508
리프팅,레이저리프팅,세르프리프팅,https://www.yeoshin.co.kr/event/mobile/26771,반하다 세르프리프팅,https://d3gurpvil0se70.cloudfront.net/upfiles/images/product/Zcu4ec6zrFzoJHBFJc5IOFZsVyj5.jpg?q=90&f=webp&w=1024,"#리프팅레이저
#타이트닝",,,"330,000원",VAT 포함,"세르프
시술시간
20~30분
마취여부
마취없음
회복시간
약 1~3일
시술효과
1개월 후",반하다의원,수술실 CCTV / 수술실 CCTV / 응급처치 시스템 / 응급처치 시스템 / 기본 입원실 / 기본 입원실 / 사후관리 / 사후관리,"서울 강남구 논현로 822 3층(신사동, 로뎀빌딩)",,화요일 10:00 ~ 19:00 (점심 13:00 ~ 14:00) / 수요일 10:00 ~ 19:00 (점심 13:00 ~ 14:00) / 목요일 10:00 ~ 19:00 (점심 13:00 ~ 14:00) / 금요일 10:00 ~ 19:00 (점심 13:00 ~ 14:00) / 토요일 10:00 ~ 16:00 (점심 13:00 ~ 14:00) / 일요일 휴진 / 공휴일 진료시간 : 10시~7시 (유동적/ 점심시간 동일),0508-0353-3640
리프팅,레이저리프팅,세르프리프팅,https://www.yeoshin.co.kr/event/mobile/25074,통증 적은 세르프리프팅,https://d3gurpvil0se70.cloudfront.net/upfiles/images/product/hscyfESpgo3cdoBmrHVg1YmksT9A.jpg?q=90&f=webp&w=1024,"#리프팅레이저
#타이트닝",,,"429,000원",VAT 포함,"세르프
시술시간
30분
마취여부
마취없음
회복시간
약 1일
시술효과
1개월 후",한나이브성형외과의원,전문의 10명 / 전문의 10명 / 여의사 진료 / 여의사 진료 / 수술실 CCTV / 수술실 CCTV / 응급처치 시스템 / 응급처치 시스템 / 분야별 협진 / 분야별 협진 / 기본 입원실 / 기본 입원실 / 환자전용숙소 / 환자전용숙소 / 전담회복실 / 전담회복실 / 사후관리 / 사후관리 / 영어 응대 / 영어 응대 / 일본어 응대 / 일본어 응대,경기도 안양시 만안구 안양로 330-1 (안양동) (안양동) 다니엘빌딩 B1~7F,,화요일 10:00 ~ 21:00 / 수요일 10:00 ~ 19:00 / 목요일 10:00 ~ 19:00 / 금요일 10:00 ~ 21:00 / 토요일 10:00 ~ 17:00 / 일요일 휴진,0508-0354-0082
리프팅,레이저리프팅,세르프리프팅,https://www.yeoshin.co.kr/event/mobile/20797,[저통증 고주파리프팅] 1인원장 세르프,https://d3gurpvil0se70.cloudfront.net/upfiles/images/product/5G6hifiWDF8c8QRKwXKXXKka3uD5.png?q=90&f=webp&w=1024,"#리프팅레이저
#타이트닝",10,후기 6,"266,000원",VAT 포함,"리프팅레이저
시술시간
40~60분
마취여부
크림마취
회복시간
약 3일
시술효과
2~3달 후",세린의원,영어 응대 / 영어 응대 / 중국어 응대 / 중국어 응대,서울특별시 성동구 아차산로 122 (성수동2가) 백석빌딩 4층,"크림마취
비수면 무통마취",화요일 11:00 ~ 20:00 / 수요일 휴진 / 목요일 11:00 ~ 20:00 / 금요일 11:00 ~ 20:00 / 토요일 11:00 ~ 16:00 / 일요일 휴진,0508-0353-3518
리프팅,레이저리프팅,세르프리프팅,https://www.yeoshin.co.kr/event/mobile/25575,세르프 연예인 리프팅,https://d3gurpvil0se70.cloudfront.net/upfiles/images/product/z4JEe8tnqwTHFQV7M17aFs3EWya1.jpg?q=90&f=webp&w=1024,"#리프팅레이저
#타이트닝",,,"946,000원",VAT 포함,"세르프
시술시간
40~60분
마취여부
마취없음
회복시간
약 1~3일
시술효과
1개월 후",웰니스365의원(강서),수술실 CCTV / 수술실 CCTV / 응급처치 시스템 / 응급처치 시스템 / 사후관리 / 사후관리 / 영어 응대 / 영어 응대,서울특별시 강서구 양천로 34 (방화동) 양서빌딩 2층,"크림마취
국소마취",화요일 10:00 ~ 22:00 (점심 14:00 ~ 15:00) / 수요일 10:00 ~ 22:00 (점심 14:00 ~ 15:00) / 목요일 10:00 ~ 22:00 (점심 14:00 ~ 15:00) / 금요일 10:00 ~ 22:00 (점심 14:00 ~ 15:00) / 토요일 10:00 ~ 22:00 (점심 14:00 ~ 15:00) / 일요일 10:00 ~ 19:00 (점심 14:00 ~ 15:00),050803531375
리프팅,레이저리프팅,세르프리프팅,https://www.yeoshin.co.kr/event/mobile/23865,빈틈적은 고주파 세르프리프팅,https://d3gurpvil0se70.cloudfront.net/upfiles/images/product/UcyE0tbhzEv6c2YlT3Z0hA78YTO7.jpg?q=90&f=webp&w=1024,"#리프팅레이저
#타이트닝",,,"935,000원",VAT 포함,"세르프
시술시간
20~30분
마취여부
크림마취
회복시간
약 1~3일
시술효과
1개월 후",루미에버의원,여의사 진료 / 여의사 진료 / 사후관리 / 사후관리 / 피부진단기 F-RAY 촬영 > / 피부진단기 F-RAY 촬영 > / 피부진단기 F-RAY 촬영 >,경기도 성남시 수정구 수정로 285 (신흥동) 2층,"크림마취
국소마취",화요일 10:00 ~ 20:00 (점심 13:00 ~ 14:00) / 수요일 휴진 / 목요일 10:00 ~ 20:00 (점심 13:00 ~ 14:00) / 금요일 10:00 ~ 20:00 (점심 13:00 ~ 14:00) / 토요일 10:00 ~ 14:00 / 일요일 휴진,0508-0353-0396
리프팅,레이저리프팅,세르프리프팅,https://www.yeoshin.co.kr/event/mobile/26566,세르프 이벤트 특가 300샷,https://d3gurpvil0se70.cloudfront.net/upfiles/images/product/lFgxMvleLAsmH6M5oWbJd0br2tP4.jpg?q=90&f=webp&w=1024,"#리프팅레이저
#타이트닝",,,"890,000원",VAT 포함,"세르프
시술시간
20~30분
마취여부
마취없음
회복시간
약 1~3일
시술효과
1개월 후",닥터쁘띠의원(왕십리점),전문의 1명 / 전문의 1명,서울특별시 성동구 왕십리로 320 (도선동) 2층 닥터쁘띠의원 왕십리점,"크림마취
국소마취",화요일 10:00 ~ 20:00 (점심 13:00 ~ 14:00) / 수요일 휴진 / 목요일 10:00 ~ 20:00 (점심 13:00 ~ 14:00) / 금요일 10:00 ~ 20:00 (점심 13:00 ~ 14:00) / 토요일 10:00 ~ 16:00 / 일요일 휴진,0508-0353-1857
리프팅,레이저리프팅,세르프리프팅,https://www.yeoshin.co.kr/event/mobile/23483,세르프(XERF) X 토르RF,https://d3gurpvil0se70.cloudfront.net/upfiles/images/product/zSBpzPurUaXeSH4syea3NIyBBps2.jpg?q=90&f=webp&w=1024,"#리프팅레이저
#타이트닝",,,"3,100,000원",VAT 포함,"세르프
시술시간
20~30분
마취여부
마취없음
회복시간
약 1~3일
시술효과
1개월 후",청담르벨의원,전문의 1명 / 전문의 1명,서울특별시 강남구 선릉로 756 (청담동) 대성빌딩 3층,,화요일 10:00 ~ 19:30 (점심 13:00 ~ 14:00) / 수요일 휴진 / 목요일 10:00 ~ 19:30 (점심 13:00 ~ 14:00) / 금요일 10:00 ~ 19:30 (점심 13:00 ~ 14:00) / 토요일 09:30 ~ 15:30 / 일요일 휴진,0508-0353-1257
리프팅,레이저리프팅,세르프리프팅,https://www.yeoshin.co.kr/event/mobile/23004,세르프 저통증 차세대 리프팅 600샷,https://d3gurpvil0se70.cloudfront.net/upfiles/images/product/Tkd3UHslFT2TggAr1nTIgiwrkDF9.jpg?q=90&f=webp&w=1024,"#리프팅레이저
#타이트닝",10,후기 2,"1,590,000원",VAT 포함,"리프팅레이저
시술시간
40~60분
마취여부
크림마취
회복시간
약 3일
시술효과
2~3달 후",르모아의원,전문의 1명 / 전문의 1명 / 여의사 진료 / 여의사 진료 / 전담회복실 / 전담회복실 / 사후관리 / 사후관리,서울특별시 강남구 선릉로 301 (역삼동) 2층 르모아의원 (역삼동 765-3),"크림마취
수면마취
비수면 무통마취
국소마취",화요일 10:00 ~ 20:00 (점심 14:00 ~ 15:00) / 수요일 10:00 ~ 20:00 (점심 14:00 ~ 15:00) / 목요일 10:00 ~ 20:00 (점심 14:00 ~ 15:00) / 금요일 10:00 ~ 20:00 (점심 14:00 ~ 15:00) / 토요일 10:00 ~ 16:00 / 일요일 휴진,0508-0353-6869
리프팅,레이저리프팅,세르프리프팅,https://www.yeoshin.co.kr/event/mobile/25914,대표원장시술 세르프 300샷 특가,https://d3gurpvil0se70.cloudfront.net/upfiles/images/product/Qy0QAKNlTawXzrVvuv1o7bPc73i.png?q=90&f=webp&w=1024,"#리프팅레이저
#타이트닝",10,후기 1,"880,000원",VAT 포함,"세르프
시술시간
20~30분
마취여부
마취없음
회복시간
약 1~3일
시술효과
1개월 후",유넬의원,여의사 진료 / 여의사 진료,서울특별시 강남구 테헤란로 115 (역삼동) 8층,"크림마취
수면마취",화요일 10:30 ~ 20:00 / 수요일 10:30 ~ 20:00 / 목요일 10:30 ~ 20:00 / 금요일 10:30 ~ 20:00 / 토요일 10:30 ~ 17:00 / 일요일 휴진,050803534023
리프팅,레이저리프팅,텐써마,https://www.yeoshin.co.kr/event/mobile/20941,피부재생과 탄력을 한번에! 텐써마,https://d3gurpvil0se70.cloudfront.net/upfiles/images/product/3WGnDu9wkmC5zoJwHLvRZK7XYqv9.jpg?q=90&f=webp&w=1024,"#리프팅레이저
#타이트닝",,,"770,000원",VAT 포함,"텐써마
시술시간
30~60분
마취여부
크림마취
회복시간
당일
시술효과
3개월 후",송도비앤미의원,전문의 1명 / 전문의 1명 / 분야별 협진 / 분야별 협진 / 기본 입원실 / 기본 입원실 / 전담회복실 / 전담회복실 / 사후관리 / 사후관리,인천광역시 연수구 센트럴로 160 송도비앤미의원,"크림마취
수면마취
비수면 무통마취
국소마취",화요일 10:00 ~ 21:00 (점심 13:00 ~ 14:00) / 수요일 10:00 ~ 19:00 (점심 13:00 ~ 14:00) / 목요일 10:00 ~ 21:00 (점심 13:00 ~ 14:00) / 금요일 10:00 ~ 19:00 (점심 13:00 ~ 14:00) / 토요일 09:00 ~ 16:00 (점심 12:00 ~ 13:00) / 일요일 휴진,0508-0354-1703
리프팅,레이저리프팅,텐써마,https://www.yeoshin.co.kr/event/mobile/25681,더올림 텐써마 리프팅 300샷,https://d3gurpvil0se70.cloudfront.net/upfiles/images/product/v3ItFUmWXSHQv616cGhmf65fdW55.jpg?q=90&f=webp&w=1024,"#리프팅레이저
#타이트닝",,,"660,000원",VAT 포함,"텐써마
시술시간
30~60분
마취여부
크림마취
회복시간
당일
시술효과
3개월 후",더올림성형외과의원,전문의 1명 / 전문의 1명 / 여의사 진료 / 여의사 진료 / 사후관리 / 사후관리,대구광역시 중구 달구벌대로 2095 (덕산동) 삼성생명 3층 더올림성형외과의원,"크림마취
수면마취",화요일 10:00 ~ 19:00 / 수요일 10:00 ~ 19:00 / 목요일 10:00 ~ 19:00 / 금요일 10:00 ~ 19:00 / 토요일 10:00 ~ 16:00 / 일요일 휴진,050803531308
리프팅,레이저리프팅,텐써마,https://www.yeoshin.co.kr/event/mobile/20880,대전 텐써마 리프팅 300샷,https://d3gurpvil0se70.cloudfront.net/upfiles/images/product/lVgQiCaTOGMMudzuWILJqtp8Tsl8.jpg?q=90&f=webp&w=1024,"#리프팅레이저
#타이트닝",10,후기 2,"1,350,000원",VAT 포함,"텐써마
시술시간
30~60분
마취여부
크림마취
회복시간
당일
시술효과
3개월 후",신아웰니스의원,응급처치 시스템 / 응급처치 시스템 / 사후관리 / 사후관리,대전광역시 서구 대덕대로 226 (둔산동) 명동프라자 5층,"크림마취
비수면 무통마취
국소마취",화요일 09:30 ~ 18:00 (점심 13:00 ~ 14:00) / 수요일 09:30 ~ 18:00 (점심 13:00 ~ 14:00) / 목요일 휴진 / 금요일 09:30 ~ 18:00 (점심 13:00 ~ 14:00) / 토요일 09:30 ~ 16:00 / 일요일 휴진,0508-0353-0932
리프팅,레이저리프팅,텐써마,https://www.yeoshin.co.kr/event/mobile/16989,텐써마 100샷,https://d3gurpvil0se70.cloudfront.net/upfiles/images/product/ypWRpPZvAMjKLP4LrVoTqFnvr3i3.jpg?q=90&f=webp&w=1024,"#리프팅레이저
#타이트닝",9,후기 2,"207,900원",VAT 포함,"텐써마
시술시간
30~60분
마취여부
크림마취
회복시간
당일
시술효과
3달 후",롤리팝성형외과의원,전문의 6명 / 전문의 6명 / 여의사 진료 / 여의사 진료 / 수술실 CCTV / 수술실 CCTV / 영어 응대 / 영어 응대 / 일본어 응대 / 일본어 응대 / 피부진단기 F-RAY 촬영 > / 피부진단기 F-RAY 촬영 > / 피부진단기 F-RAY 촬영 >,서울특별시 강남구 도산대로 119 (신사동) 2층,"크림마취
수면마취
국소마취",화요일 10:00 ~ 19:00 / 수요일 10:00 ~ 19:00 / 목요일 10:00 ~ 19:00 / 금요일 10:00 ~ 19:00 / 토요일 10:00 ~ 19:00 / 일요일 13:00 ~ 19:00,0508-0353-5502
리프팅,레이저리프팅,텐써마,https://www.yeoshin.co.kr/event/mobile/24437,텐써마 리프팅,https://d3gurpvil0se70.cloudfront.net/upfiles/images/product/L0qLlrfcBFa6mFqiohsob6ltlZj.png?q=90&f=webp&w=1024,"#피부과 전문의
#리프팅레이저
#타이트닝",,,"1,190,000원",VAT 포함,"텐써마
시술시간
30~60분
마취여부
크림마취
회복시간
당일
시술효과
3개월 후",휴먼피부과의원(평택점),전문의 5명 / 전문의 5명 / 여의사 진료 / 여의사 진료 / 사후관리 / 사후관리 / 영어 응대 / 영어 응대,경기도 평택시 중앙2로 13 (평택동) 센텀스카이 빌딩 10층,"크림마취
수면마취",화요일 10:00 ~ 21:00 (점심 13:00 ~ 14:30) / 수요일 10:00 ~ 21:00 (점심 13:00 ~ 14:30) / 목요일 10:00 ~ 21:00 (점심 13:00 ~ 14:30) / 금요일 10:00 ~ 21:00 (점심 13:00 ~ 14:30) / 토요일 10:00 ~ 17:00 / 일요일 휴진 / 평일) 접수마감 8시 30분 / 토요일) 점수마감 4시,0508-0353-0418
리프팅,레이저리프팅,텐써마,https://www.yeoshin.co.kr/event/mobile/26240,탄력 리프팅 텐써마 600샷,https://d3gurpvil0se70.cloudfront.net/upfiles/images/product/uC8YEoIMzyRjZ7eW7NnC87pyyg4A.png?q=90&f=webp&w=1024,"#리프팅레이저
#타이트닝",,,"1,309,000원",VAT 포함,"텐써마
시술시간
30~60분
마취여부
크림마취
회복시간
당일
시술효과
3개월 후",셀이즈연세메디컬의원,기본 입원실 / 기본 입원실 / 환자전용숙소 / 환자전용숙소 / 전담회복실 / 전담회복실 / 영어 응대 / 영어 응대 / 중국어 응대 / 중국어 응대,서울특별시 서초구 효령로 244 (서초동) 셀이즈연세메디컬의원,,화요일 10:00 ~ 19:00 (점심 13:00 ~ 14:00) / 수요일 휴진 / 목요일 10:00 ~ 19:00 (점심 13:00 ~ 14:00) / 금요일 10:00 ~ 19:00 (점심 13:00 ~ 14:00) / 토요일 10:00 ~ 15:00 (점심 13:00 ~ 14:00) / 일요일 휴진,050803531526
리프팅,레이저리프팅,텐써마,https://www.yeoshin.co.kr/event/mobile/11330,명동루비_텐써마,https://d3gurpvil0se70.cloudfront.net/upfiles/images/product/ryfmJsAsrJZye0J8hlLaSCtFOwl8.jpg?q=90&f=webp&w=1024,"#리프팅레이저
#타이트닝",8.6,후기 172,"72,000원",VAT 포함,"텐써마
시술시간
30분
마취여부
냉각마취
회복시간
당일
시술효과
3달 후",루비의원(명동점),,서울특별시 중구 명동길 65 루비의원(명동점),,화요일 10:30 ~ 20:30 (점심 13:30 ~ 15:00) / 수요일 10:30 ~ 20:30 (점심 13:30 ~ 15:00) / 목요일 10:30 ~ 20:30 (점심 13:30 ~ 15:00) / 금요일 10:30 ~ 20:30 (점심 13:30 ~ 15:00) / 토요일 10:00 ~ 16:00 / 일요일 12:00 ~ 17:00,0508-0353-8508
리프팅,레이저리프팅,텐써마,https://www.yeoshin.co.kr/event/mobile/26798,잠실온 피부과전문의_ 텐써마,https://d3gurpvil0se70.cloudfront.net/upfiles/images/product/OV0cTeycWMdI5AW4HMNu8n2cMCs.png?q=90&f=webp&w=1024,"#피부과 전문의
#리프팅레이저
#타이트닝",10,후기 1,,,"텐써마
시술시간
60분
마취여부
크림/신경마취
회복시간
당일
시술효과
3개월 후",잠실온피부과의원,전문의 2명 / 전문의 2명 / 여의사 진료 / 여의사 진료 / 사후관리 / 사후관리,"서울특별시 송파구 송파대로 562 (신천동, 웰리스타워,삼성웰리스아파트) 잠실온피부과의원","크림마취
국소마취",화요일 10:00 ~ 20:00 (점심 13:00 ~ 14:00) / 수요일 10:00 ~ 20:00 (점심 13:00 ~ 14:00) / 목요일 10:00 ~ 20:00 (점심 13:00 ~ 14:00) / 금요일 10:00 ~ 20:00 (점심 13:00 ~ 14:00) / 토요일 10:00 ~ 16:00 / 일요일 휴진,050803543275
리프팅,레이저리프팅,텐써마,https://www.yeoshin.co.kr/event/mobile/11202,텐써마,https://d3gurpvil0se70.cloudfront.net/upfiles/images/product/iCFflKatq5TMBk8A8wNWypocfMZ3.jpg?q=90&f=webp&w=1024,"#리프팅레이저
#타이트닝",10,후기 1,"1,309,000원",VAT 포함,"텐써마
시술시간
40분
마취여부
크림마취
회복시간
당일
시술효과
3달 후",다이아의원,영어 응대 / 영어 응대 / 중국어 응대 / 중국어 응대 / 일본어 응대 / 일본어 응대,서울시 서초구 강남대로 411 다이아의원,"크림마취
국소마취",화요일 10:00 ~ 20:00 / 수요일 10:00 ~ 20:00 / 목요일 10:00 ~ 20:00 / 금요일 10:00 ~ 20:00 / 토요일 10:00 ~ 16:00 / 일요일 휴진,0508-0353-7788
리프팅,레이저리프팅,텐써마,https://www.yeoshin.co.kr/event/mobile/25515,탄력리프팅에는 텐써마,https://d3gurpvil0se70.cloudfront.net/upfiles/images/product/6TDKsHtOobDGFqaMx8H5mfGDu8F.jpg?q=90&f=webp&w=1024,"#리프팅레이저
#타이트닝",,,,,"텐써마
시술시간
20~30분
마취여부
크림마취
회복시간
당일
시술효과
2~4주 후",더제이의원,영어 응대 / 영어 응대 / 중국어 응대 / 중국어 응대,서울특별시 강남구 학동로 337 (논현동) H타워 8층,,화요일 10:30 ~ 20:00 (점심 13:00 ~ 14:00) / 수요일 10:30 ~ 20:00 (점심 13:00 ~ 14:00) / 목요일 10:30 ~ 20:00 (점심 13:00 ~ 14:00) / 금요일 10:30 ~ 20:00 (점심 13:00 ~ 14:00) / 토요일 10:00 ~ 16:00 / 일요일 휴진 / 공휴일 휴진/5.14일 화요일 휴진,0508-0354-3021
리프팅,레이저리프팅,텐써마,https://www.yeoshin.co.kr/event/mobile/23585,텐써마,https://d3gurpvil0se70.cloudfront.net/upfiles/images/product/VOeeVsyM4bAPcd7MEMMDhSMG8Xk3.jpg?q=90&f=webp&w=1024,"#리프팅레이저
#타이트닝",,,"649,000원",VAT 포함,"텐써마
시술시간
30~60분
마취여부
크림마취
회복시간
당일
시술효과
3개월 후",닥터스팟여성의원,전문의 1명 / 전문의 1명 / 여의사 진료 / 여의사 진료 / 수술실 CCTV / 수술실 CCTV / 기본 입원실 / 기본 입원실 / 전담회복실 / 전담회복실 / 사후관리 / 사후관리 / 피부진단기 F-RAY 촬영 > / 피부진단기 F-RAY 촬영 > / 피부진단기 F-RAY 촬영 >,경기도 성남시 수정구 위례동로 147 (창곡동) 건아타워 2층 202호,"크림마취
수면마취
국소마취",화요일 10:00 ~ 20:00 (점심 13:00 ~ 14:00) / 수요일 10:00 ~ 19:00 (점심 13:00 ~ 14:00) / 목요일 10:00 ~ 19:00 (점심 13:00 ~ 14:00) / 금요일 10:00 ~ 20:00 (점심 13:00 ~ 14:00) / 토요일 09:30 ~ 15:30 (점심 13:00 ~ 14:00) / 일요일 휴진,0508-0353-0338
리프팅,레이저리프팅,텐써마,https://www.yeoshin.co.kr/event/mobile/25971,"피부과 전문의, 맞춤 텐써마 600샷",https://d3gurpvil0se70.cloudfront.net/upfiles/images/product/elTPPSWK68KgzCrMYAu4RVxHJkY1.jpg?q=90&f=webp&w=1024,"#피부과 전문의
#리프팅레이저
#타이트닝",,,"1,200,000원",VAT 포함,"텐써마
시술시간
50~60분
마취여부
크림마취
회복시간
당일
시술효과
1~3개월 후",청담더오피부과의원,전문의 1명 / 전문의 1명 / 사후관리 / 사후관리,서울특별시 강남구 선릉로 602 (삼성동) 2층,,화요일 10:00 ~ 19:00 (점심 13:00 ~ 14:00) / 수요일 10:00 ~ 19:00 (점심 13:00 ~ 14:00) / 목요일 10:00 ~ 19:00 (점심 13:00 ~ 14:00) / 금요일 10:00 ~ 19:00 (점심 13:00 ~ 14:00) / 토요일 10:00 ~ 17:00 (점심 13:00 ~ 14:00) / 일요일 휴진,050803531528
리프팅,레이저리프팅,텐써마,https://www.yeoshin.co.kr/event/mobile/17109,화이트닝 &샤이닝 리프팅 레이저,https://d3gurpvil0se70.cloudfront.net/upfiles/images/product/ouHM09RVYjnvbaku7gNNIcCC3RE7.png?q=90&f=webp&w=1024,"#리프팅레이저
#타이트닝",,,"1,650,000원",VAT 포함,"텐써마
시술시간
30~60분
마취여부
크림마취
회복시간
당일
시술효과
3달 후",연세라인의원(강남점),전문의 2명 / 전문의 2명,서울특별시 강남구 테헤란로 101 연세라인의원,,화요일 10:00 ~ 19:00 / 수요일 10:00 ~ 19:00 / 목요일 휴진 / 금요일 10:00 ~ 19:00 / 토요일 10:00 ~ 16:00 / 일요일 휴진 / 목요일 및 공휴일 휴진,0508-0353-6786
리프팅,레이저리프팅,텐써마,https://www.yeoshin.co.kr/event/mobile/17037,텐써마 리프팅,https://d3gurpvil0se70.cloudfront.net/upfiles/images/product/VaaqP5hjh8AptbP0W722qUNykOa6.jpg?q=90&f=webp&w=1024,"#리프팅레이저
#타이트닝",9.3,후기 3,"240,000원",VAT 포함,"텐써마
시술시간
30~60분
마취여부
크림마취
회복시간
당일
시술효과
3달 후",유니풀의원,중국어 응대 / 중국어 응대,경기도 수원시 팔달구 권광로 204 (인계동) 202~205호 유니풀의원,,화요일 10:30 ~ 20:30 (점심 13:00 ~ 14:00) / 수요일 10:30 ~ 20:30 (점심 13:00 ~ 14:00) / 목요일 10:30 ~ 20:30 (점심 13:00 ~ 14:00) / 금요일 10:30 ~ 20:30 (점심 13:00 ~ 14:00) / 토요일 10:30 ~ 16:30 / 일요일 10:30 ~ 16:30 / 일요일 진료 일정 홈페이지 참조,0508-0353-9918
리프팅,레이저리프팅,텐써마,https://www.yeoshin.co.kr/event/mobile/22334,대표원장 리프팅 텐써마 600샷,https://d3gurpvil0se70.cloudfront.net/upfiles/images/product/skXjesktlnMOCabB5PK7G0VAk3S4.jpg?q=90&f=webp&w=1024,"#리프팅레이저
#타이트닝",,,"979,000원",VAT 포함,"텐써마
시술시간
30~60분
마취여부
크림마취
회복시간
당일
시술효과
3개월 후",르웰의원,전문의 1명 / 전문의 1명 / 여의사 진료 / 여의사 진료 / 사후관리 / 사후관리 / 영어 응대 / 영어 응대,서울특별시 서초구 신반포로 213 (잠원동) 1층 르웰의원,"크림마취
비수면 무통마취
국소마취",화요일 10:00 ~ 20:00 (점심 14:00 ~ 15:00) / 수요일 10:00 ~ 20:00 (점심 14:00 ~ 15:00) / 목요일 10:00 ~ 20:00 (점심 14:00 ~ 15:00) / 금요일 10:00 ~ 20:00 (점심 14:00 ~ 15:00) / 토요일 10:00 ~ 16:00 / 일요일 휴진,0508-0353-7099
리프팅,레이저리프팅,텐써마,https://www.yeoshin.co.kr/event/mobile/18182,5세대 리프팅 텐써마 300샷,https://d3gurpvil0se70.cloudfront.net/upfiles/images/product/bsO9pNWVNsR8QXY6X06ispT8sMG.jpg?q=90&f=webp&w=1024,"#리프팅레이저
#타이트닝",,,"500,000원",VAT 포함,"텐써마
시술시간
30~60분
마취여부
크림마취
회복시간
당일
시술효과
3개월 후",푸른의원,전문의 1명 / 전문의 1명,경기도 김포시 풍무로 76 푸른의원,,화요일 10:00 ~ 20:00 (점심 13:00 ~ 14:00) / 수요일 10:00 ~ 19:00 (점심 13:00 ~ 14:00) / 목요일 10:00 ~ 20:00 (점심 13:00 ~ 14:00) / 금요일 10:00 ~ 19:00 (점심 13:00 ~ 14:00) / 토요일 10:00 ~ 15:00 / 일요일 휴진,0508-0354-0803
리프팅,레이저리프팅,텐써마,https://www.yeoshin.co.kr/event/mobile/20326,리드 텐써마,https://d3gurpvil0se70.cloudfront.net/upfiles/images/product/RuWu8EBjER4WZIs5L8eoHtHZuGi1.jpg?q=90&f=webp&w=1024,"#리프팅레이저
#타이트닝",10,후기 1,"675,000원",VAT 포함,"텐써마
시술시간
30~60분
마취여부
크림마취
회복시간
당일
시술효과
3개월 후",리드성형외과의원,전문의 1명 / 전문의 1명 / 응급처치 시스템 / 응급처치 시스템 / 전담회복실 / 전담회복실 / 사후관리 / 사후관리 / 영어 응대 / 영어 응대,"서울특별시 강남구 언주로30길 21 (도곡동, 아카데미스위트) 지하1층 B101-31-1호","크림마취
수면마취
비수면 무통마취
국소마취",화요일 10:00 ~ 18:00 (점심 13:00 ~ 14:00) / 수요일 10:00 ~ 20:30 (점심 13:00 ~ 14:00) / 목요일 10:00 ~ 20:30 (점심 13:00 ~ 14:00) / 금요일 10:00 ~ 18:00 (점심 13:00 ~ 14:00) / 토요일 09:00 ~ 16:00 / 일요일 휴진,0508-0353-7926
리프팅,레이저리프팅,텐써마,https://www.yeoshin.co.kr/event/mobile/25465,텐써마 리프팅 600샷 [피부과전문의],https://d3gurpvil0se70.cloudfront.net/upfiles/images/product/ejAITLLKBAI9VjuwPFQ4KTUqYse1.jpg?q=90&f=webp&w=1024,"#피부과 전문의
#리프팅레이저
#타이트닝",,,"1,090,000원",VAT 포함,"텐써마
시술시간
30~60분
마취여부
크림마취
회복시간
당일
시술효과
3개월 후",파스텔휴먼피부과의원(왕십리),전문의 1명 / 전문의 1명 / 여의사 진료 / 여의사 진료,"서울특별시 성동구 왕십리로 410 L동 224,225,226호 (하왕십리동, 센트라스)","크림마취
비수면 무통마취
국소마취",화요일 10:00 ~ 20:00 (점심 13:00 ~ 14:00) / 수요일 10:00 ~ 19:00 (점심 13:00 ~ 14:00) / 목요일 10:00 ~ 19:00 (점심 13:00 ~ 14:00) / 금요일 10:00 ~ 20:00 (점심 13:00 ~ 14:00) / 토요일 09:30 ~ 15:00 / 일요일 휴진,0508-0353-7815
리프팅,레이저리프팅,텐써마,https://www.yeoshin.co.kr/event/mobile/16654,텐써마 리프팅 300샷,https://d3gurpvil0se70.cloudfront.net/upfiles/images/product/vdGgpTAF3FLK2So6KXfw4TZkvWg6.jpg?q=90&f=webp&w=1024,"#리프팅레이저
#타이트닝",,,"770,000원",VAT 포함,"텐써마
시술시간
30~60분
마취여부
크림마취
회복시간
당일
시술효과
3달 후",동안중심의원,전문의 2명 / 전문의 2명,서울특별시 강남구 압구정로48길 26 (신사동) 동안중심의원,,화요일 10:00 ~ 19:00 (점심 13:00 ~ 14:00) / 수요일 10:00 ~ 19:00 (점심 13:00 ~ 14:00) / 목요일 10:00 ~ 19:00 (점심 13:00 ~ 14:00) / 금요일 12:00 ~ 21:00 / 토요일 10:00 ~ 16:00 / 일요일 휴진,0508-0353-9614
리프팅,레이저리프팅,텐써마,https://www.yeoshin.co.kr/event/mobile/24993,텐써마,https://d3gurpvil0se70.cloudfront.net/upfiles/images/product/jpZeO9fb9NBSt2LE0lNqZh4VGai1.jpg?q=90&f=webp&w=1024,"#리프팅레이저
#타이트닝",,,"1,089,000원",VAT 포함,"텐써마
시술시간
30~60분
마취여부
크림마취
회복시간
당일
시술효과
3개월 후",휴먼피부과의원(광명철산점),분야별 협진 / 분야별 협진 / 전담회복실 / 전담회복실 / 사후관리 / 사후관리 / 피부진단기 F-RAY 촬영 > / 피부진단기 F-RAY 촬영 > / 피부진단기 F-RAY 촬영 >,경기도 광명시 철산로 24 다인빌딩 301호 (철산동),,화요일 10:30 ~ 20:30 (점심 13:00 ~ 14:00) / 수요일 10:30 ~ 20:30 (점심 13:00 ~ 14:00) / 목요일 10:30 ~ 20:30 (점심 13:00 ~ 14:00) / 금요일 10:30 ~ 21:00 (점심 13:00 ~ 14:00) / 토요일 10:00 ~ 17:00 (점심 13:00 ~ 14:00) / 일요일 휴진,0508-0355-6373
리프팅,레이저리프팅,텐써마,https://www.yeoshin.co.kr/event/mobile/15318,5세대 고주파 리프팅 텐써마,https://d3gurpvil0se70.cloudfront.net/upfiles/images/product/v7aYh13r8Pgz1QwDXDPSfMMWRgo5.jpg?q=90&f=webp&w=1024,"#리프팅레이저
#타이트닝",9.1,후기 11,"300,000원",VAT 포함,"텐써마
시술시간
30~60분
마취여부
크림마취
회복시간
당일
시술효과
3달 후",어뉴의원,전문의 1명 / 전문의 1명,서울시 중구 무교로 12 어뉴의원,,화요일 10:00 ~ 20:00 (점심 13:30 ~ 14:30) / 수요일 14:00 ~ 20:00 / 목요일 10:00 ~ 19:00 (점심 13:30 ~ 14:30) / 금요일 10:00 ~ 20:00 (점심 13:30 ~ 14:30) / 토요일 10:00 ~ 15:00 / 일요일 휴진,0508-0353-8433
리프팅,레이저리프팅,텐써마,https://www.yeoshin.co.kr/event/mobile/22503,텐써마 키닥터 최대출력 400W의 결과,https://d3gurpvil0se70.cloudfront.net/upfiles/images/product/othLx2zljnOZ2aD2FDxgQ370HG8A.jpg?q=90&f=webp&w=1024,"#리프팅레이저
#타이트닝",9.6,후기 142,"440,000원",VAT 포함,"텐써마
시술시간
30~60분
마취여부
크림마취
회복시간
당일
시술효과
당일",라클라쎄의원,,서울특별시 강남구 테헤란로 101 (역삼동) 라클라쎄의원,,화요일 10:00 ~ 20:00 (점심 13:00 ~ 14:00) / 수요일 10:00 ~ 20:00 (점심 13:00 ~ 14:00) / 목요일 10:00 ~ 20:00 (점심 13:00 ~ 14:00) / 금요일 10:00 ~ 20:00 (점심 13:00 ~ 14:00) / 토요일 10:00 ~ 16:00 / 일요일 10:00 ~ 16:00,0508-0353-6793
리프팅,레이저리프팅,텐써마,https://www.yeoshin.co.kr/event/mobile/26205,텐써마블랙 키닥터 강력하고 안전성 있게,https://d3gurpvil0se70.cloudfront.net/upfiles/images/product/4oy0oYZgRaxjHLbpnF94PeFuy6m5.jpg?q=90&f=webp&w=1024,"#리프팅레이저
#타이트닝",9,후기 2,"495,000원",VAT 포함,"텐써마
시술시간
30~60분
마취여부
크림마취
회복시간
당일
시술효과
3개월 후",라클라쎄의원,,서울특별시 강남구 테헤란로 101 (역삼동) 라클라쎄의원,,화요일 10:00 ~ 20:00 (점심 13:00 ~ 14:00) / 수요일 10:00 ~ 20:00 (점심 13:00 ~ 14:00) / 목요일 10:00 ~ 20:00 (점심 13:00 ~ 14:00) / 금요일 10:00 ~ 20:00 (점심 13:00 ~ 14:00) / 토요일 10:00 ~ 16:00 / 일요일 10:00 ~ 16:00,0508-0353-6793
리프팅,레이저리프팅,텐써마,https://www.yeoshin.co.kr/event/mobile/27510,텐써마 리프팅,https://d3gurpvil0se70.cloudfront.net/upfiles/images/product/vSwkFmjma0G5R3HbpSkCSqe5eJH.jpg?q=90&f=webp&w=1024,"#리프팅레이저
#타이트닝",,,"715,000원",VAT 포함,"텐써마
시술시간
30~60분
마취여부
크림마취
회복시간
당일
시술효과
3개월 후",데이원의원(강남역점),전문의 1명 / 전문의 1명,서울시 서초구 강남대로 423 데이원의원(강남역점),,화요일 10:30 ~ 20:30 (점심 13:00 ~ 14:00) / 수요일 10:30 ~ 20:30 (점심 13:00 ~ 14:00) / 목요일 10:30 ~ 20:30 (점심 13:00 ~ 14:00) / 금요일 10:30 ~ 20:30 (점심 13:00 ~ 14:00) / 토요일 10:30 ~ 16:00 / 일요일 휴진,0508-0353-7131
리프팅,레이저리프팅,텐쎄라,https://www.yeoshin.co.kr/event/mobile/16990,텐쎄라 100라인,https://d3gurpvil0se70.cloudfront.net/upfiles/images/product/e46YF4n8YxfjElZg8oDpmbAmZDQ9.jpg?q=90&f=webp&w=1024,"#리프팅레이저
#타이트닝",10,후기 2,"97,900원",VAT 포함,"텐쎄라
시술시간
30분
마취여부
크림마취
회복시간
당일
시술효과
1달 후",롤리팝성형외과의원,전문의 6명 / 전문의 6명 / 여의사 진료 / 여의사 진료 / 수술실 CCTV / 수술실 CCTV / 영어 응대 / 영어 응대 / 일본어 응대 / 일본어 응대 / 피부진단기 F-RAY 촬영 > / 피부진단기 F-RAY 촬영 > / 피부진단기 F-RAY 촬영 >,서울특별시 강남구 도산대로 119 (신사동) 2층,"크림마취
수면마취
국소마취",화요일 10:00 ~ 19:00 / 수요일 10:00 ~ 19:00 / 목요일 10:00 ~ 19:00 / 금요일 10:00 ~ 19:00 / 토요일 10:00 ~ 19:00 / 일요일 13:00 ~ 19:00,0508-0353-5502
리프팅,레이저리프팅,텐쎄라,https://www.yeoshin.co.kr/event/mobile/3437,명동루비_텐쎄라,https://d3gurpvil0se70.cloudfront.net/upfiles/images/product/HM3lqQ0CzKntH09NxH5TgcSwBAx5.jpg?q=90&f=webp&w=1024,"#리프팅레이저
#타이트닝",9,후기 246,"82,500원",VAT 포함,"텐쎄라
시술시간
30분
마취여부
냉각마취
회복시간
당일
시술효과
3달 후",루비의원(명동점),,서울특별시 중구 명동길 65 루비의원(명동점),,화요일 10:30 ~ 20:30 (점심 13:30 ~ 15:00) / 수요일 10:30 ~ 20:30 (점심 13:30 ~ 15:00) / 목요일 10:30 ~ 20:30 (점심 13:30 ~ 15:00) / 금요일 10:30 ~ 20:30 (점심 13:30 ~ 15:00) / 토요일 10:00 ~ 16:00 / 일요일 12:00 ~ 17:00,0508-0353-8508
리프팅,레이저리프팅,텐쎄라,https://www.yeoshin.co.kr/event/mobile/20268,고강도 초음파 리프팅 텐쎄라,https://d3gurpvil0se70.cloudfront.net/upfiles/images/product/ZQD2b2xRlelZUWIDMVzn4AmTw6D7.jpg?q=90&f=webp&w=1024,"#리프팅레이저
#타이트닝",10,후기 2,"176,000원",VAT 포함,"텐쎄라
시술시간
45분
마취여부
크림마취
회복시간
당일
시술효과
3개월 후",송도비앤미의원,전문의 1명 / 전문의 1명 / 분야별 협진 / 분야별 협진 / 기본 입원실 / 기본 입원실 / 전담회복실 / 전담회복실 / 사후관리 / 사후관리,인천광역시 연수구 센트럴로 160 송도비앤미의원,"크림마취
수면마취
비수면 무통마취
국소마취",화요일 10:00 ~ 21:00 (점심 13:00 ~ 14:00) / 수요일 10:00 ~ 19:00 (점심 13:00 ~ 14:00) / 목요일 10:00 ~ 21:00 (점심 13:00 ~ 14:00) / 금요일 10:00 ~ 19:00 (점심 13:00 ~ 14:00) / 토요일 09:00 ~ 16:00 (점심 12:00 ~ 13:00) / 일요일 휴진,0508-0354-1703
리프팅,레이저리프팅,텐쎄라,https://www.yeoshin.co.kr/event/mobile/20951,대전 텐쎄라 리프팅 600샷,https://d3gurpvil0se70.cloudfront.net/upfiles/images/product/MvHZZrGrht5jmeViKEkTbDOIqgg8.jpg?q=90&f=webp&w=1024,"#리프팅레이저
#타이트닝",,,"500,000원",VAT 포함,"텐쎄라
시술시간
45분
마취여부
크림마취
회복시간
당일
시술효과
3개월 후",신아웰니스의원,응급처치 시스템 / 응급처치 시스템 / 사후관리 / 사후관리,대전광역시 서구 대덕대로 226 (둔산동) 명동프라자 5층,"크림마취
비수면 무통마취
국소마취",화요일 09:30 ~ 18:00 (점심 13:00 ~ 14:00) / 수요일 09:30 ~ 18:00 (점심 13:00 ~ 14:00) / 목요일 휴진 / 금요일 09:30 ~ 18:00 (점심 13:00 ~ 14:00) / 토요일 09:30 ~ 16:00 / 일요일 휴진,0508-0353-0932
리프팅,레이저리프팅,텐쎄라,https://www.yeoshin.co.kr/event/mobile/25972,"피부과 전문의, 디자인 텐쎄라 200샷",https://d3gurpvil0se70.cloudfront.net/upfiles/images/product/QrkqpyAnSmFPEqgnMZzH3fU0NcnA.jpg?q=90&f=webp&w=1024,"#피부과 전문의
#리프팅레이저
#타이트닝",,,"400,000원",VAT 포함,"텐쎄라
시술시간
20~40분
마취여부
크림/주사
회복시간
당일
시술효과
1~3달 후",청담더오피부과의원,전문의 1명 / 전문의 1명 / 사후관리 / 사후관리,서울특별시 강남구 선릉로 602 (삼성동) 2층,,화요일 10:00 ~ 19:00 (점심 13:00 ~ 14:00) / 수요일 10:00 ~ 19:00 (점심 13:00 ~ 14:00) / 목요일 10:00 ~ 19:00 (점심 13:00 ~ 14:00) / 금요일 10:00 ~ 19:00 (점심 13:00 ~ 14:00) / 토요일 10:00 ~ 17:00 (점심 13:00 ~ 14:00) / 일요일 휴진,050803531528
리프팅,레이저리프팅,텐쎄라,https://www.yeoshin.co.kr/event/mobile/26239,초음파 리프팅 텐쎄라 600샷,https://d3gurpvil0se70.cloudfront.net/upfiles/images/product/JQWY65mXFLlqU5pIISmv9avNIRR9.png?q=90&f=webp&w=1024,"#리프팅레이저
#타이트닝",,,"869,000원",VAT 포함,"텐쎄라
시술시간
45분
마취여부
크림마취
회복시간
당일
시술효과
3개월 후",셀이즈연세메디컬의원,기본 입원실 / 기본 입원실 / 환자전용숙소 / 환자전용숙소 / 전담회복실 / 전담회복실 / 영어 응대 / 영어 응대 / 중국어 응대 / 중국어 응대,서울특별시 서초구 효령로 244 (서초동) 셀이즈연세메디컬의원,,화요일 10:00 ~ 19:00 (점심 13:00 ~ 14:00) / 수요일 휴진 / 목요일 10:00 ~ 19:00 (점심 13:00 ~ 14:00) / 금요일 10:00 ~ 19:00 (점심 13:00 ~ 14:00) / 토요일 10:00 ~ 15:00 (점심 13:00 ~ 14:00) / 일요일 휴진,050803531526
리프팅,레이저리프팅,텐쎄라,https://www.yeoshin.co.kr/event/mobile/27712,탄력리프팅 패키지,https://d3gurpvil0se70.cloudfront.net/upfiles/images/product/EKFKk94injuRZ8pevshDEavV7Mn5.jpg?q=90&f=webp&w=1024,"#리프팅레이저
#타이트닝",,,"797,000원",VAT 포함,"텐쎄라
시술시간
45분
마취여부
크림마취
회복시간
당일
시술효과
3개월 후",헤라성형외과의원,전문의 1명 / 전문의 1명 / 수술실 CCTV / 수술실 CCTV / 응급처치 시스템 / 응급처치 시스템 / 기본 입원실 / 기본 입원실,경기도 성남시 분당구 서현로210번길 20 (서현동) 코코프라자 4층,"크림마취
수면마취
비수면 무통마취
국소마취",화요일 10:00 ~ 18:00 (점심 12:30 ~ 13:30) / 수요일 휴진 / 목요일 10:00 ~ 18:00 (점심 12:30 ~ 13:30) / 금요일 10:00 ~ 18:00 (점심 12:30 ~ 13:30) / 토요일 10:00 ~ 14:00 / 일요일 휴진,050803543501
리프팅,레이저리프팅,텐쎄라,https://www.yeoshin.co.kr/event/mobile/27709,탄력 리프팅 텐쎄라,https://d3gurpvil0se70.cloudfront.net/upfiles/images/product/vlHLSWHGqLWw4tfDerl9BGXpyTs2.jpg?q=90&f=webp&w=1024,"#리프팅레이저
#타이트닝",,,"330,000원",VAT 포함,"텐쎄라
시술시간
45분
마취여부
크림마취
회복시간
당일
시술효과
3개월 후",헤라성형외과의원,전문의 1명 / 전문의 1명 / 수술실 CCTV / 수술실 CCTV / 응급처치 시스템 / 응급처치 시스템 / 기본 입원실 / 기본 입원실,경기도 성남시 분당구 서현로210번길 20 (서현동) 코코프라자 4층,"크림마취
수면마취
비수면 무통마취
국소마취",화요일 10:00 ~ 18:00 (점심 12:30 ~ 13:30) / 수요일 휴진 / 목요일 10:00 ~ 18:00 (점심 12:30 ~ 13:30) / 금요일 10:00 ~ 18:00 (점심 12:30 ~ 13:30) / 토요일 10:00 ~ 14:00 / 일요일 휴진,050803543501
리프팅,레이저리프팅,텐쎄라,https://www.yeoshin.co.kr/event/mobile/184,텐쎄라리프팅,https://d3gurpvil0se70.cloudfront.net/upfiles/images/product/1304512710.jpg?q=90&f=webp&w=1024,"#리프팅레이저
#타이트닝",7,후기 1,"300,000원",VAT 포함,"텐쎄라
시술시간
60분
마취여부
크림마취
회복시간
당일
시술효과
3달 후",엘병원,전문의 1명 / 전문의 1명,경기 남양주시 퇴계원읍 퇴계원로 20,,,0508-0354-0272
리프팅,레이저리프팅,텐쎄라,https://www.yeoshin.co.kr/event/mobile/22347,대표원장 초음파 리프팅 텐쎄라,https://d3gurpvil0se70.cloudfront.net/upfiles/images/product/syKTCxBCPNKYXhzhursC277Zk9r2.jpg?q=90&f=webp&w=1024,"#리프팅레이저
#타이트닝",,,"539,000원",VAT 포함,"텐쎄라
시술시간
45분
마취여부
크림마취
회복시간
당일
시술효과
3개월 후",르웰의원,전문의 1명 / 전문의 1명 / 여의사 진료 / 여의사 진료 / 사후관리 / 사후관리 / 영어 응대 / 영어 응대,서울특별시 서초구 신반포로 213 (잠원동) 1층 르웰의원,"크림마취
비수면 무통마취
국소마취",화요일 10:00 ~ 20:00 (점심 14:00 ~ 15:00) / 수요일 10:00 ~ 20:00 (점심 14:00 ~ 15:00) / 목요일 10:00 ~ 20:00 (점심 14:00 ~ 15:00) / 금요일 10:00 ~ 20:00 (점심 14:00 ~ 15:00) / 토요일 10:00 ~ 16:00 / 일요일 휴진,0508-0353-7099
리프팅,레이저리프팅,텐쎄라,https://www.yeoshin.co.kr/event/mobile/16964,텐쎄라 리프팅,https://d3gurpvil0se70.cloudfront.net/upfiles/images/product/i4CgVgCDvRZUliF2juprorLlslD5.jpg?q=90&f=webp&w=1024,"#피부과 전문의
#리프팅레이저
#타이트닝",,,"550,000원",VAT 포함,"텐쎄라
시술시간
45분
마취여부
크림마취
회복시간
당일
시술효과
3달 후",셀린피부과의원,전문의 1명 / 전문의 1명 / 여의사 진료 / 여의사 진료 / 영어 응대 / 영어 응대,서울특별시 강남구 학동로 215 셀린피부과의원,"크림마취
수면마취
비수면 무통마취
국소마취",화요일 10:00 ~ 19:00 (점심 13:00 ~ 14:00) / 수요일 10:00 ~ 19:00 (점심 13:00 ~ 14:00) / 목요일 10:00 ~ 19:00 (점심 13:00 ~ 14:00) / 금요일 10:00 ~ 20:00 (점심 13:00 ~ 14:00) / 토요일 10:00 ~ 14:00 / 일요일 휴진 / 토요일 격주 휴진 (홀수주 휴진),0508-0353-4201
리프팅,레이저리프팅,텐쎄라,https://www.yeoshin.co.kr/event/mobile/15957,텐쎄라,https://d3gurpvil0se70.cloudfront.net/upfiles/images/product/A7MkccuKIGPA5hIGqjAiGw2SyGt5.jpg?q=90&f=webp&w=1024,"#리프팅레이저
#타이트닝",,,"209,000원",VAT 포함,"텐쎄라
시술시간
30분
마취여부
크림마취
회복시간
당일
시술효과
1달 후",제이린의원(서면점),,부산광역시 부산진구 중앙대로 672 (부전동) 삼정타워 4층 제이린의원,,화요일 10:30 ~ 20:00 (점심 13:00 ~ 14:30) / 수요일 10:30 ~ 19:00 (점심 13:00 ~ 14:30) / 목요일 10:30 ~ 19:00 (점심 13:00 ~ 14:30) / 금요일 10:30 ~ 20:00 (점심 13:00 ~ 14:30) / 토요일 10:30 ~ 14:30 / 일요일 휴진,0508-0354-2276
리프팅,레이저리프팅,텐쎄라,https://www.yeoshin.co.kr/event/mobile/27283,대표원장 직접 시술 텐쎄라 400라인,https://d3gurpvil0se70.cloudfront.net/upfiles/images/product/k39XUlCUSNJ6UsfN0F5HPWTWx2pA.jpg?q=90&f=webp&w=1024,"#리프팅레이저
#타이트닝",,,"330,000원",VAT 포함,"텐쎄라
시술시간
45분
마취여부
크림마취
회복시간
당일
시술효과
3개월 후",연세팜스의원(은평),,"서울특별시 은평구 통일로 767 (대조동, 베르디움STAY1) 2층 226호","크림마취
비수면 무통마취
국소마취",화요일 10:00 ~ 20:00 / 수요일 휴진 / 목요일 10:00 ~ 19:00 / 금요일 10:00 ~ 20:00 / 토요일 10:00 ~ 15:00 / 일요일 휴진,050803532856
리프팅,레이저리프팅,텐쎄라,https://www.yeoshin.co.kr/event/mobile/14344,고강도HIFU 텐쎄라 업그레이드 텐트리플,https://d3gurpvil0se70.cloudfront.net/upfiles/images/product/NMbhNqOEWNBOouJ8o254SJzBXPi8.jpg?q=90&f=webp&w=1024,"#타이트닝
#탄력관리",9.9,후기 9,"100,000원",VAT 포함,"타이트닝레이저
시술시간
60분
마취여부
크림마취
회복시간
당일
시술효과
3개월 후",데이원의원(강남역점),전문의 1명 / 전문의 1명,서울시 서초구 강남대로 423 데이원의원(강남역점),,화요일 10:30 ~ 20:30 (점심 13:00 ~ 14:00) / 수요일 10:30 ~ 20:30 (점심 13:00 ~ 14:00) / 목요일 10:30 ~ 20:30 (점심 13:00 ~ 14:00) / 금요일 10:30 ~ 20:30 (점심 13:00 ~ 14:00) / 토요일 10:30 ~ 16:00 / 일요일 휴진,0508-0353-7131
리프팅,레이저리프팅,텐쎄라,https://www.yeoshin.co.kr/event/mobile/7824,비수술적 안면거상 2라인 텐쎄라리프팅,https://d3gurpvil0se70.cloudfront.net/upfiles/images/product/1650262332.jpg?q=90&f=webp&w=1024,"#리프팅레이저
#타이트닝",10,후기 2,"150,000원",VAT 포함,"텐쎄라
시술시간
30분
마취여부
크림마취
회복시간
당일
시술효과
3달 후",어뉴의원,전문의 1명 / 전문의 1명,서울시 중구 무교로 12 어뉴의원,,화요일 10:00 ~ 20:00 (점심 13:30 ~ 14:30) / 수요일 14:00 ~ 20:00 / 목요일 10:00 ~ 19:00 (점심 13:30 ~ 14:30) / 금요일 10:00 ~ 20:00 (점심 13:30 ~ 14:30) / 토요일 10:00 ~ 15:00 / 일요일 휴진,0508-0353-8433
리프팅,레이저리프팅,텐쎄라,https://www.yeoshin.co.kr/event/mobile/14466,1샷에 2라인 텐쎄라,https://d3gurpvil0se70.cloudfront.net/upfiles/images/product/08Z7y1YMlcxiTOE1Xh7uHLYD6B23.jpg?q=90&f=webp&w=1024,"#리프팅레이저
#타이트닝",9.5,후기 37,"130,000원",VAT 포함,"텐쎄라
시술시간
30분
마취여부
크림마취
회복시간
당일
시술효과
3달 후",더비비성형외과의원,전문의 1명 / 전문의 1명,서울시 강남구 강남대로 402 더비비성형외과의원,,화요일 10:00 ~ 19:00 / 수요일 10:00 ~ 19:00 / 목요일 14:00 ~ 19:00 / 금요일 10:00 ~ 21:00 / 토요일 10:00 ~ 16:00 / 일요일 휴진,0508-0353-7737
리프팅,레이저리프팅,올타이트리프팅,https://www.yeoshin.co.kr/event/mobile/20409,쥴 BBL 스킨타이트,https://d3gurpvil0se70.cloudfront.net/upfiles/images/product/gqhterUuVK0JgfgjYR7etT7sl6w2.png?q=90&f=webp&w=1024,"#리프팅레이저
#타이트닝",,,"220,000원",VAT 포함,"리프팅레이저
시술시간
20분
마취여부
없음
회복시간
약 1일
시술효과
2~3달 후",신사에그의원,여의사 진료 / 여의사 진료 / 영어 응대 / 영어 응대 / 중국어 응대 / 중국어 응대 / 일본어 응대 / 일본어 응대,서울특별시 서초구 강남대로 613 (잠원동) 성락빌딩 5~7층,"크림마취
수면마취
국소마취",화요일 11:00 ~ 20:30 (점심 14:00 ~ 15:00) / 수요일 11:00 ~ 20:30 (점심 14:00 ~ 15:00) / 목요일 11:00 ~ 20:30 (점심 14:00 ~ 15:00) / 금요일 11:00 ~ 20:30 (점심 14:00 ~ 15:00) / 토요일 11:00 ~ 17:00 / 일요일 11:00 ~ 17:00,0508-0353-5368
리프팅,레이저리프팅,올타이트리프팅,https://www.yeoshin.co.kr/event/mobile/22480,5세대 레이저 올타이트 리프팅 공식 키닥터,https://d3gurpvil0se70.cloudfront.net/upfiles/images/product/Rk88f0Ex7nXby7GdqV4DITU0Ze2.jpg?q=90&f=webp&w=1024,"#리프팅레이저
#타이트닝",8.9,후기 23,"195,900원",VAT 포함,"올타이트
시술시간
20~40분
마취여부
크림마취
회복시간
약 3일
시술효과
2~3달 후",온리프성형외과,전문의 1명 / 전문의 1명 / 영어 응대 / 영어 응대 / 중국어 응대 / 중국어 응대 / 일본어 응대 / 일본어 응대 / 피부진단기 F-RAY 촬영 > / 피부진단기 F-RAY 촬영 > / 피부진단기 F-RAY 촬영 >,서울특별시 서초구 강남대로 399 온리프성형외과,,화요일 11:00 ~ 20:00 / 수요일 11:00 ~ 20:00 / 목요일 11:00 ~ 20:00 / 금요일 11:00 ~ 21:00 / 토요일 10:00 ~ 17:00 / 일요일 휴진,0508-0353-1273
리프팅,레이저리프팅,올타이트리프팅,https://www.yeoshin.co.kr/event/mobile/23342,통증 적은 5세대리프팅 올타이트 공식키닥터,https://d3gurpvil0se70.cloudfront.net/upfiles/images/product/fcgRZyn81Ikqfv60n0HUW36aY5o3.jpg?q=90&f=webp&w=1024,"#리프팅레이저
#타이트닝",8.8,후기 13,"749,000원",VAT 포함,"리프팅레이저
시술시간
40~60분
마취여부
크림마취
회복시간
약 3일
시술효과
2~3달 후",르샤인의원,여의사 진료 / 여의사 진료 / 분야별 협진 / 분야별 협진 / 영어 응대 / 영어 응대 / 중국어 응대 / 중국어 응대 / 일본어 응대 / 일본어 응대,"서울특별시 서초구 강남대로61길 17 (서초동, 밀라텔 쉐르빌) 1층 102호, 2층 201호, 지하1층 B101호, B102호, 지하2층 B201호, B202호","크림마취
수면마취
국소마취",화요일 10:00 ~ 21:00 (점심 13:00 ~ 14:00) / 수요일 10:00 ~ 21:00 (점심 13:00 ~ 14:00) / 목요일 10:00 ~ 21:00 (점심 13:00 ~ 14:00) / 금요일 10:00 ~ 21:00 (점심 13:00 ~ 14:00) / 토요일 10:00 ~ 19:00 (점심 13:00 ~ 14:00) / 일요일 10:00 ~ 19:00 (점심 13:00 ~ 14:00) / 공휴일 am10:00 ~ pm5:00,0508-0353-7665
리프팅,레이저리프팅,올타이트리프팅,https://www.yeoshin.co.kr/event/mobile/24127,올타이트리프팅.공식키닥터.대표원장직접시술,https://d3gurpvil0se70.cloudfront.net/upfiles/images/product/0EKeMILqxFFrRcUcMFiYNdd0XNX1.jpg?q=90&f=webp&w=1024,"#리프팅레이저
#타이트닝",9.5,후기 10,"750,000원",VAT 포함,"올타이트
시술시간
25분
마취여부
마취없음
회복시간
당일
시술효과
당일",올리미의원,,서울특별시 강남구 압구정로28길 28 (신사동) 2층,,화요일 10:00 ~ 19:00 / 수요일 10:00 ~ 19:00 / 목요일 10:00 ~ 19:00 / 금요일 10:00 ~ 19:00 / 토요일 10:00 ~ 15:00 / 일요일 휴진,050803530072
리프팅,레이저리프팅,올타이트리프팅,https://www.yeoshin.co.kr/event/mobile/25898,넥타이트 패키지,https://d3gurpvil0se70.cloudfront.net/upfiles/images/product/3dqcgiX8shRj2zwWe3RJUWolrOS1.png?q=90&f=webp&w=1024,"#리프팅레이저
#타이트닝
#목/턱",,,,,"소프웨이브
시술시간
30~40분
마취여부
크림마취
회복시간
약 3일
시술효과
2개월 후",유넬의원,여의사 진료 / 여의사 진료,서울특별시 강남구 테헤란로 115 (역삼동) 8층,"크림마취
수면마취",화요일 10:30 ~ 20:00 / 수요일 10:30 ~ 20:00 / 목요일 10:30 ~ 20:00 / 금요일 10:30 ~ 20:00 / 토요일 10:30 ~ 17:00 / 일요일 휴진,050803534023
리프팅,레이저리프팅,리니어지,https://www.yeoshin.co.kr/event/mobile/20408,신사역 리니어지 커스텀 디자인 리프팅,https://d3gurpvil0se70.cloudfront.net/upfiles/images/product/aTtZChsUS4uMndvXUYVNiib92xI9.png?q=90&f=webp&w=1024,"#리프팅레이저
#타이트닝",,,"88,000원",VAT 포함,"리니어지
시술시간
20~40분
마취여부
마취없음
회복시간
약 3일
시술효과
약 1주 후",신사에그의원,여의사 진료 / 여의사 진료 / 영어 응대 / 영어 응대 / 중국어 응대 / 중국어 응대 / 일본어 응대 / 일본어 응대,서울특별시 서초구 강남대로 613 (잠원동) 성락빌딩 5~7층,"크림마취
수면마취
국소마취",화요일 11:00 ~ 20:30 (점심 14:00 ~ 15:00) / 수요일 11:00 ~ 20:30 (점심 14:00 ~ 15:00) / 목요일 11:00 ~ 20:30 (점심 14:00 ~ 15:00) / 금요일 11:00 ~ 20:30 (점심 14:00 ~ 15:00) / 토요일 11:00 ~ 17:00 / 일요일 11:00 ~ 17:00,0508-0353-5368
리프팅,레이저리프팅,리니어지,https://www.yeoshin.co.kr/event/mobile/26793,잠실온 피부과 전문의_ 리니어지 리프팅,https://d3gurpvil0se70.cloudfront.net/upfiles/images/product/ZPyWd8O3zbyWh9YvHkJRZf7oD0T6.png?q=90&f=webp&w=1024,"#피부과 전문의
#리프팅레이저
#타이트닝",10,후기 1,,,"리니어지
시술시간
20~40분
마취여부
마취없음
회복시간
약 3일
시술효과
약 1주 후",잠실온피부과의원,전문의 2명 / 전문의 2명 / 여의사 진료 / 여의사 진료 / 사후관리 / 사후관리,"서울특별시 송파구 송파대로 562 (신천동, 웰리스타워,삼성웰리스아파트) 잠실온피부과의원","크림마취
국소마취",화요일 10:00 ~ 20:00 (점심 13:00 ~ 14:00) / 수요일 10:00 ~ 20:00 (점심 13:00 ~ 14:00) / 목요일 10:00 ~ 20:00 (점심 13:00 ~ 14:00) / 금요일 10:00 ~ 20:00 (점심 13:00 ~ 14:00) / 토요일 10:00 ~ 16:00 / 일요일 휴진,050803543275
리프팅,레이저리프팅,리니어지,https://www.yeoshin.co.kr/event/mobile/13422,통증이 거의 없는 초음파진단 리니어지,https://d3gurpvil0se70.cloudfront.net/upfiles/images/product/eTeYo2FpBw6u6Z62kqB2QYShx02A.jpg?q=90&f=webp&w=1024,"#리프팅레이저
#타이트닝",,,"330,000원",VAT 포함,"리니어지
시술시간
20~40분
마취여부
마취없음
회복시간
약 3일
시술효과
약 1주 후",청아연의원,전문의 1명 / 전문의 1명,서울시 강남구 강남대로 584 성일빌딩 2층 청아연의원,"크림마취
수면마취",화요일 10:30 ~ 21:00 (점심 13:30 ~ 14:30) / 수요일 휴진 / 목요일 10:30 ~ 19:00 (점심 13:30 ~ 14:30) / 금요일 10:30 ~ 21:00 (점심 13:30 ~ 14:30) / 토요일 10:30 ~ 16:00 / 일요일 휴진,0508-0353-7866
리프팅,레이저리프팅,리니어지,https://www.yeoshin.co.kr/event/mobile/15690,리니어지 조각술,https://d3gurpvil0se70.cloudfront.net/upfiles/images/product/Z3IcwR87logIXJCMMKLLeCvHz7P2.jpg?q=90&f=webp&w=1024,"#리프팅레이저
#타이트닝",10,후기 1,"110,000원",VAT 포함,"리니어지
시술시간
20~40분
마취여부
마취없음
회복시간
3일
시술효과
1주 후",니와미즈의원(울산),전문의 1명 / 전문의 1명,울산광역시 중구 종가6길 32 (우정동) KL빌딩 9층,,화요일 10:00 ~ 19:30 (점심 12:30 ~ 14:00) / 수요일 휴진 / 목요일 10:00 ~ 19:30 (점심 12:30 ~ 14:00) / 금요일 10:00 ~ 18:00 (점심 12:30 ~ 14:00) / 토요일 10:00 ~ 14:00 / 일요일 휴진,0508-0354-2312
리프팅,레이저리프팅,리니어지,https://www.yeoshin.co.kr/event/mobile/22815,"얼굴턱선, 바디라인 슬림 리니어지",https://d3gurpvil0se70.cloudfront.net/upfiles/images/product/Zjjfk5cGn21eSy4zDeY3Peqljwy7.png?q=90&f=webp&w=1024,"#리프팅레이저
#타이트닝",,,"161,700원",VAT 포함,"리니어지
시술시간
20~40분
마취여부
마취없음
회복시간
약 3일
시술효과
약 1주 후",셀린의원(삼성점),사후관리 / 사후관리,"서울특별시 강남구 테헤란로 443 (삼성동) 2층(삼성동, 애플트리타워)","크림마취
수면마취
비수면 무통마취
국소마취",화요일 10:30 ~ 20:30 (점심 13:00 ~ 14:00) / 수요일 10:30 ~ 20:30 (점심 13:00 ~ 14:00) / 목요일 10:30 ~ 20:30 (점심 13:00 ~ 14:00) / 금요일 10:30 ~ 20:30 (점심 13:00 ~ 14:00) / 토요일 10:00 ~ 17:00 / 일요일 휴진,0508-0353-9455
리프팅,레이저리프팅,리니어지,https://www.yeoshin.co.kr/event/mobile/3621,탄력리프팅 리니어Z,https://d3gurpvil0se70.cloudfront.net/upfiles/images/product/zVVVhrT5gLcR9D2zxh9sXgYeHWv.jpg?q=90&f=webp&w=1024,"#리프팅레이저
#타이트닝",9.7,후기 3,"220,000원",VAT 포함,"리니어지
시술시간
10~20분
마취여부
마취없음
회복시간
없음
시술효과
즉시~2주정도",티아라의원,,대구광역시 중구 동성로5길 26 티아라의원,,화요일 10:00 ~ 20:00 (점심 13:00 ~ 14:00) / 수요일 10:00 ~ 20:00 (점심 13:00 ~ 14:00) / 목요일 10:00 ~ 20:00 (점심 13:00 ~ 14:00) / 금요일 10:00 ~ 21:00 (점심 13:00 ~ 14:00) / 토요일 10:00 ~ 17:00 (점심 13:00 ~ 14:00) / 일요일 휴진,0508-0354-2410
리프팅,레이저리프팅,리니어지,https://www.yeoshin.co.kr/event/mobile/6542,리니어지 리프팅,https://d3gurpvil0se70.cloudfront.net/upfiles/images/product/2081924904.jpg?q=90&f=webp&w=1024,"#리프팅레이저
#타이트닝",10,후기 1,"87,000원",VAT 포함,"리니어지
시술시간
30분
마취여부
마취없음
회복시간
3일
시술효과
1주 후",케이톡스의원(인천구월점),전문의 1명 / 전문의 1명,인천광역시 남동구 인하로507번길 4 (구월동) 한성빌딩 3층 301호(구월동),,화요일 10:00 ~ 20:00 (점심 14:00 ~ 15:00) / 수요일 10:00 ~ 20:00 (점심 14:00 ~ 15:00) / 목요일 10:00 ~ 20:00 (점심 14:00 ~ 15:00) / 금요일 10:00 ~ 20:00 (점심 14:00 ~ 15:00) / 토요일 10:30 ~ 16:30 / 일요일 휴진,0508-0354-1668
리프팅,레이저리프팅,리니어지,https://www.yeoshin.co.kr/event/mobile/4739,리니어지 리프팅,https://d3gurpvil0se70.cloudfront.net/upfiles/images/product/RUF2Czc8yT9L2FKccwFPzRqYB3h5.jpg?q=90&f=webp&w=1024,"#리프팅레이저
#타이트닝",9,후기 31,"66,000원",VAT 포함,"리니어지
시술시간
20분
마취여부
마취없음
회복시간
3일
시술효과
1주 후",데이원의원(강남역점),전문의 1명 / 전문의 1명,서울시 서초구 강남대로 423 데이원의원(강남역점),,화요일 10:30 ~ 20:30 (점심 13:00 ~ 14:00) / 수요일 10:30 ~ 20:30 (점심 13:00 ~ 14:00) / 목요일 10:30 ~ 20:30 (점심 13:00 ~ 14:00) / 금요일 10:30 ~ 20:30 (점심 13:00 ~ 14:00) / 토요일 10:30 ~ 16:00 / 일요일 휴진,0508-0353-7131
리프팅,레이저리프팅,리니어지,https://www.yeoshin.co.kr/event/mobile/20006,"리니어지, 피부 맞춤 레이저 리프팅",https://d3gurpvil0se70.cloudfront.net/upfiles/images/product/x8lrlTiRXdvMABPkmpnhKPYhqyJ9.jpg?q=90&f=webp&w=1024,"#리프팅레이저
#타이트닝",,,"75,900원",VAT 포함,"리니어지
시술시간
5분~10분
마취여부
마취없음
회복시간
약 3일
시술효과
약 1주 후",용인미하나의원,전문의 1명 / 전문의 1명,경기도 용인시 처인구 금령로 86 용인미하나의원,,화요일 10:00 ~ 20:30 (점심 13:00 ~ 14:00) / 수요일 10:00 ~ 20:30 (점심 13:00 ~ 14:00) / 목요일 10:00 ~ 20:30 (점심 13:00 ~ 14:00) / 금요일 10:00 ~ 20:30 (점심 13:00 ~ 14:00) / 토요일 10:00 ~ 16:30 / 일요일 휴진,0508-0353-9926
리프팅,레이저리프팅,리니어지,https://www.yeoshin.co.kr/event/mobile/25989,리니어지 리프팅 턱라인/이중턱/눈가/바디,https://d3gurpvil0se70.cloudfront.net/upfiles/images/product/W2xQLGQDjnOcRSIGvGEJpRfDOnk8.jpg?q=90&f=webp&w=1024,"#리프팅레이저
#타이트닝",8,후기 1,,,"리니어지
시술시간
20~40분
마취여부
마취없음
회복시간
약 3일
시술효과
약 1주 후",메이린의원(성수점),여의사 진료 / 여의사 진료 / 분야별 협진 / 분야별 협진 / 사후관리 / 사후관리 / 영어 응대 / 영어 응대 / 중국어 응대 / 중국어 응대,서울특별시 성동구 아차산로 74 (성수동2가) 쉬엔비 타워 3층,"크림마취
수면마취",화요일 10:00 ~ 19:00 (점심 13:00 ~ 14:00) / 수요일 10:00 ~ 19:00 (점심 13:00 ~ 14:00) / 목요일 10:00 ~ 19:00 (점심 13:00 ~ 14:00) / 금요일 10:00 ~ 20:00 (점심 13:00 ~ 14:00) / 토요일 10:00 ~ 17:00 / 일요일 휴진,050803534978
리프팅,레이저리프팅,리니어지,https://www.yeoshin.co.kr/event/mobile/25913,대표원장시술 리니어지 300샷 특가,https://d3gurpvil0se70.cloudfront.net/upfiles/images/product/H74DGuCuM1gxBisFUQhpVJPflMC7.png?q=90&f=webp&w=1024,"#리프팅레이저
#타이트닝",,,"270,000원",VAT 포함,"리니어지
시술시간
20~40분
마취여부
크림마취
회복시간
약 3일
시술효과
약 1주 후",유넬의원,여의사 진료 / 여의사 진료,서울특별시 강남구 테헤란로 115 (역삼동) 8층,"크림마취
수면마취",화요일 10:30 ~ 20:00 / 수요일 10:30 ~ 20:00 / 목요일 10:30 ~ 20:00 / 금요일 10:30 ~ 20:00 / 토요일 10:30 ~ 17:00 / 일요일 휴진,050803534023
리프팅,레이저리프팅,브이로리프팅,https://www.yeoshin.co.kr/event/mobile/27580,브이로 키닥터의 리프팅 #브이라인,https://d3gurpvil0se70.cloudfront.net/upfiles/images/product/SbWHkp3Bab4lhQ8krhQOk177z3L9.jpg?q=90&f=webp&w=1024,"#리프팅레이저
#타이트닝",,,"231,000원",VAT 포함,"브이로
시술시간
60분
마취여부
크림마취
회복시간
약 3일
시술효과
60일 후",리베리의원(마포점),사후관리 / 사후관리,서울특별시 마포구 월드컵로 200 (성산동) SJ라벨라 11층,"크림마취
국소마취",화요일 10:30 ~ 20:30 (점심 14:00 ~ 15:00) / 수요일 10:30 ~ 20:30 (점심 14:00 ~ 15:00) / 목요일 10:30 ~ 20:30 (점심 14:00 ~ 15:00) / 금요일 10:30 ~ 20:30 (점심 14:00 ~ 15:00) / 토요일 10:30 ~ 15:30 / 일요일 휴진,"서울특별시 마포구 월드컵로 200, 11층 1101,1102호(성산동, SJ라벨라 상암)"
리프팅,레이저리프팅,브이로리프팅,https://www.yeoshin.co.kr/event/mobile/26448,"유니_레이저 리프팅, 브이로",https://d3gurpvil0se70.cloudfront.net/upfiles/images/product/D8T0e7zVSpTgyyRva4HqdOnfspz2.jpg?q=90&f=webp&w=1024,"#리프팅레이저
#타이트닝",,,"70,000원",VAT 포함,"브이로
시술시간
60분
마취여부
크림마취
회복시간
약 3일
시술효과
60일 후",유니성형외과의원,전문의 1명 / 전문의 1명 / 수술실 CCTV / 수술실 CCTV / 응급처치 시스템 / 응급처치 시스템,서울특별시 강남구 논현로 836 (신사동) 5층,"크림마취
수면마취
전신마취
국소마취",화요일 10:00 ~ 19:00 / 수요일 10:00 ~ 19:00 / 목요일 10:00 ~ 19:00 / 금요일 10:00 ~ 21:00 / 토요일 10:00 ~ 16:00 / 일요일 휴진,050803543086
리프팅,레이저리프팅,브이로리프팅,https://www.yeoshin.co.kr/event/mobile/22858,탄방동 V라인 브이로 RF 1000샷,https://d3gurpvil0se70.cloudfront.net/upfiles/images/product/vnHMHu7yFOn3zPifvDnshrFc9GQ1.png?q=90&f=webp&w=1024,"#리프팅레이저
#타이트닝",,,"185,900원",VAT 포함,"브이로
시술시간
60분
마취여부
크림마취
회복시간
약 3일
시술효과
60일 후",닥터쁘띠의원(대전점),여의사 진료 / 여의사 진료,대전광역시 서구 문정로48번길 70 (탄방동) 우리병원건물 2층 닥터쁘띠의원 대전점,,화요일 10:00 ~ 20:00 (점심 13:00 ~ 14:00) / 수요일 10:00 ~ 20:00 (점심 13:00 ~ 14:00) / 목요일 10:00 ~ 20:00 (점심 13:00 ~ 14:00) / 금요일 10:00 ~ 20:00 (점심 13:00 ~ 14:00) / 토요일 10:00 ~ 16:30 / 일요일 휴진 / *공휴일 : 10:00 ~ 17:00,0508-0353-0924
리프팅,레이저리프팅,브이로리프팅,https://www.yeoshin.co.kr/event/mobile/26354,브이로 리프팅,https://d3gurpvil0se70.cloudfront.net/upfiles/images/product/hi7MK9p1jdCGznlQVjkJwyDLT2n.png?q=90&f=webp&w=1024,"#리프팅레이저
#타이트닝",,,"176,000원",VAT 포함,"브이로
시술시간
60분
마취여부
크림마취
회복시간
약 3일
시술효과
60일 후",예뻐지는의원(부산),여의사 진료 / 여의사 진료,부산광역시 남구 수영로 300 (대연동) 비전프라자 4층 예뻐지는의원,크림마취,화요일 13:00 ~ 19:00 / 수요일 11:00 ~ 19:00 (점심 13:00 ~ 14:00) / 목요일 11:00 ~ 19:00 (점심 13:00 ~ 14:00) / 금요일 11:00 ~ 19:00 (점심 13:00 ~ 14:00) / 토요일 11:00 ~ 15:00 / 일요일 휴진,050803531368
리프팅,레이저리프팅,브이로리프팅,https://www.yeoshin.co.kr/event/mobile/26827,덴서티하이+브이로,https://d3gurpvil0se70.cloudfront.net/upfiles/images/product/biaMkKxcsNuNfNvtEBjcMl5F4Xb3.jpg?q=90&f=webp&w=1024,"#리프팅레이저
#타이트닝",,,"1,990,000원",VAT 포함,"덴서티
시술시간
40분
마취여부
크림마취
회복시간
약 3일
시술효과
2~3달 후",유니성형외과의원,전문의 1명 / 전문의 1명 / 수술실 CCTV / 수술실 CCTV / 응급처치 시스템 / 응급처치 시스템,서울특별시 강남구 논현로 836 (신사동) 5층,"크림마취
수면마취
전신마취
국소마취",화요일 10:00 ~ 19:00 / 수요일 10:00 ~ 19:00 / 목요일 10:00 ~ 19:00 / 금요일 10:00 ~ 21:00 / 토요일 10:00 ~ 16:00 / 일요일 휴진,050803543086
리프팅,레이저리프팅,브이로리프팅,https://www.yeoshin.co.kr/event/mobile/4655,브이로 리프팅,https://d3gurpvil0se70.cloudfront.net/upfiles/images/product/4070639728.png?q=90&f=webp&w=1024,"#리프팅레이저
#타이트닝",,,"350,000원",VAT 포함,"브이로
시술시간
30분
마취여부
크림마취
회복시간
3일
시술효과
2달 후",삼성리한여성의원,전문의 1명 / 전문의 1명,부산광역시 해운대구 해운대로 802 삼성리한여성의원,,화요일 09:30 ~ 20:00 (점심 13:00 ~ 14:00) / 수요일 09:30 ~ 18:00 (점심 13:00 ~ 14:00) / 목요일 09:30 ~ 20:00 (점심 13:00 ~ 14:00) / 금요일 09:30 ~ 18:00 (점심 13:00 ~ 14:00) / 토요일 09:30 ~ 13:30 / 일요일 휴진 / 법정 공휴일은 휴진입니다.,0508-0354-2239
리프팅,레이저리프팅,브이로리프팅,https://www.yeoshin.co.kr/event/mobile/20354,꿈꿔왔던 V라인 브이로가 이뤄줄게,https://d3gurpvil0se70.cloudfront.net/upfiles/images/product/AoC2o7VZMkNkkPUjWpnZ2ua4ckT1.jpg?q=90&f=webp&w=1024,"#리프팅레이저
#타이트닝",,,"385,000원",VAT 포함,"브이로
시술시간
30분
마취여부
크림마취
회복시간
약 3일
시술효과
10일 후",디에스타의원,여의사 진료 / 여의사 진료,경기도 수원시 영통구 도청로18번길 26 (이의동) 힐스테이트 광교중앙역 326호,"크림마취
수면마취
비수면 무통마취
국소마취",화요일 10:00 ~ 20:30 / 수요일 10:00 ~ 20:30 / 목요일 10:00 ~ 20:30 / 금요일 10:00 ~ 20:30 / 토요일 09:30 ~ 16:30 / 일요일 휴진 / 공휴일은 사전공지(진료/휴진),0508-0353-9908
리프팅,레이저리프팅,브이로리프팅,https://www.yeoshin.co.kr/event/mobile/24544,V라인은 브이로 (초음파+고주파),https://d3gurpvil0se70.cloudfront.net/upfiles/images/product/J8vSqT3mcRTdr9r9YFQRjRQjJrq5.jpg?q=90&f=webp&w=1024,"#리프팅레이저
#타이트닝",,,"440,000원",VAT 포함,"브이로
시술시간
60분
마취여부
크림마취
회복시간
약 3일
시술효과
60일 후",연세미초롬의원,전문의 1명 / 전문의 1명 / 분야별 협진 / 분야별 협진 / 전담회복실 / 전담회복실 / 사후관리 / 사후관리,서울특별시 광진구 자양로13길 47 2층 (자양동),"크림마취
국소마취",화요일 09:00 ~ 18:00 (점심 12:30 ~ 13:30) / 수요일 09:00 ~ 18:00 (점심 12:30 ~ 13:30) / 목요일 09:00 ~ 18:00 (점심 12:30 ~ 13:30) / 금요일 09:00 ~ 18:00 (점심 12:30 ~ 13:30) / 토요일 09:00 ~ 14:00 / 일요일 휴진,0508-0353-0725
리프팅,레이저리프팅,브이로리프팅,https://www.yeoshin.co.kr/event/mobile/25536,고주파3000샷+초음파300샷 한번에!,https://d3gurpvil0se70.cloudfront.net/upfiles/images/product/uJHvg1WorhemjJ8A6Z3X1GT5C6d3.jpg?q=90&f=webp&w=1024,"#리프팅레이저
#타이트닝",,,"330,000원",VAT 포함,"브이로
시술시간
60분
마취여부
크림마취
회복시간
약 3일
시술효과
60일 후",예스성형외과의원(부천),전문의 1명 / 전문의 1명 / 수술실 CCTV / 수술실 CCTV / 사후관리 / 사후관리 / 영어 응대 / 영어 응대,"경기도 부천시 원미구 부일로205번길 26 (상동) 대명앤스빌(1차) 302,303호 (상동)","크림마취
수면마취
비수면 무통마취
국소마취",화요일 09:30 ~ 19:00 / 수요일 09:30 ~ 19:00 / 목요일 09:30 ~ 19:00 / 금요일 09:30 ~ 19:00 / 토요일 09:30 ~ 15:00 / 일요일 휴진,050803556275
리프팅,레이저리프팅,브이로리프팅,https://www.yeoshin.co.kr/event/mobile/18107,"브이로, 초음파와고주파가 동시에",https://d3gurpvil0se70.cloudfront.net/upfiles/images/product/hiMuKzD81jW4TlhrMyV6MW8x2NA5.png?q=90&f=webp&w=1024,"#피부과 전문의
#리프팅레이저
#타이트닝",,,"440,000원",VAT 포함,"브이로
시술시간
60분
마취여부
크림마취
회복시간
약 3일
시술효과
60일 후",휴먼피부과의원(청라점),전문의 4명 / 전문의 4명 / 여의사 진료 / 여의사 진료,인천광역시 서구 중봉대로 594 비전프라자 4층 휴먼피부과의원(청라점),"크림마취
수면마취
비수면 무통마취",화요일 10:00 ~ 19:00 (점심 12:00 ~ 14:00) / 수요일 10:00 ~ 20:30 (점심 12:00 ~ 14:00) / 목요일 10:00 ~ 19:00 (점심 12:00 ~ 14:00) / 금요일 10:00 ~ 20:30 (점심 12:00 ~ 14:00) / 토요일 10:00 ~ 16:00 / 일요일 휴진 / 진료마감 : 월수금 19:30 / 화목 18:00 / 토 15:00,0508-0354-1088
리프팅,레이저리프팅,브이로리프팅,https://www.yeoshin.co.kr/event/mobile/26086,리쥬란힐러 2cc+브이로 레이저리프팅,https://d3gurpvil0se70.cloudfront.net/upfiles/images/product/0hkhB9YMGGFtDeQv6x9uQFSLHPK2.png?q=90&f=webp&w=1024,"#스킨부스터
#탄력관리",,,"343,000원",VAT 포함,"리쥬란힐러
시술시간
20분
마취여부
국소/수면
회복시간
당일
시술효과
1~2주 후",리참성형외과의원,전문의 1명 / 전문의 1명,서울특별시 서초구 서초대로77길 5 (서초동) 리참성형외과,"크림마취
수면마취
국소마취",화요일 11:00 ~ 20:00 / 수요일 11:00 ~ 20:00 / 목요일 11:00 ~ 20:00 / 금요일 11:00 ~ 20:00 / 토요일 10:00 ~ 17:00 / 일요일 휴진,0508-0353-7447
리프팅,레이저리프팅,브이슈링크,https://www.yeoshin.co.kr/event/mobile/25794,V슈링크 200샷,https://d3gurpvil0se70.cloudfront.net/upfiles/images/product/YbEANb4rVusiYA5fsCTAEPswF92A.jpg?q=90&f=webp&w=1024,"#리프팅레이저
#타이트닝",9.8,후기 12,"55,000원",VAT 포함,"브이슈링크
시술시간
20~40분
마취여부
크림마취
회복시간
약 3일
시술효과
2개월 후",시안의원,여의사 진료 / 여의사 진료 / 마취과의 진료 / 마취과의 진료 / 수술실 CCTV / 수술실 CCTV / 기본 입원실 / 기본 입원실 / 사후관리 / 사후관리,서울특별시 서초구 강남대로 439 (서초동) 8층,"크림마취
수면마취
국소마취",화요일 10:30 ~ 20:00 / 수요일 10:30 ~ 20:00 / 목요일 10:30 ~ 20:00 / 금요일 10:30 ~ 20:00 / 토요일 10:00 ~ 17:00 / 일요일 휴진,050803533980
리프팅,레이저리프팅,브이슈링크,https://www.yeoshin.co.kr/event/mobile/874,V스킨보톡스와 탄력주사로 만드는 V라인,https://d3gurpvil0se70.cloudfront.net/upfiles/images/product/Nkdq1ndzfcVUlax8YyRwrkJOGh4A.jpg?q=90&f=webp&w=1024,"#피부과 전문의
#리프팅레이저
#타이트닝",,,"77,000원",VAT 포함,"브이슈링크
시술시간
30분
마취여부
냉각마취
회복시간
3일
시술효과
2달 후",JK위드미의원,전문의 3명 / 전문의 3명 / 수술실 CCTV / 수술실 CCTV / 응급처치 시스템 / 응급처치 시스템 / 분야별 협진 / 분야별 협진 / 기본 입원실 / 기본 입원실 / 전담회복실 / 전담회복실 / 사후관리 / 사후관리 / 영어 응대 / 영어 응대 / 중국어 응대 / 중국어 응대,인천광역시 연수구 컨벤시아대로 165 JK위드미의원,"크림마취
수면마취
비수면 무통마취
전신마취
국소마취",화요일 09:30 ~ 20:30 (점심 12:30 ~ 13:30) / 수요일 10:00 ~ 19:00 (점심 12:30 ~ 13:30) / 목요일 09:30 ~ 20:30 (점심 12:30 ~ 13:30) / 금요일 10:00 ~ 19:00 (점심 12:30 ~ 13:30) / 토요일 09:00 ~ 15:00 / 일요일 휴진,0508-0354-1635
리프팅,레이저리프팅,소노케어,https://www.yeoshin.co.kr/event/mobile/19857,소노케어,https://d3gurpvil0se70.cloudfront.net/upfiles/images/product/qRdvBr4Rh1tRM88onViF49Ax3TR9.png?q=90&f=webp&w=1024,#여성시술,,,"200,000원",VAT 포함,"질소노케어
시술시간
60분
마취여부
마취없음
회복시간
개인별 상이
시술효과
3개월 후",애플산부인과의원(천안점),전문의 1명 / 전문의 1명,충청남도 천안시 동남구 만남로 42 (신부동) 6층,,화요일 11:00 ~ 19:00 / 수요일 11:00 ~ 19:00 / 목요일 11:00 ~ 19:00 / 금요일 11:00 ~ 19:00 / 토요일 10:00 ~ 14:00 / 일요일 휴진 / 공휴일 : 오전11시-오후4시,0508-0353-0902
리프팅,레이저리프팅,소노케어,https://www.yeoshin.co.kr/event/mobile/19704,소노케어,https://d3gurpvil0se70.cloudfront.net/upfiles/images/product/Osl87D8ZG0AMmUr5ThvLy9W1lq57.png?q=90&f=webp&w=1024,#여성시술,,,"150,000원",VAT 포함,"질소노케어
시술시간
60분
마취여부
마취없음
회복시간
개인별 상이
시술효과
3개월 후",애플산부인과의원(부산서면점),전문의 1명 / 전문의 1명,부산광역시 부산진구 서면로 62-1 (부전동) 2층 (부전동 에이스메디칼타워),,화요일 10:00 ~ 20:00 / 수요일 10:00 ~ 20:00 / 목요일 10:00 ~ 20:00 / 금요일 10:00 ~ 20:00 / 토요일 10:00 ~ 16:00 / 일요일 휴진 / 공휴일 : 오전10시-오후2시,0508-0353-1062
리프팅,레이저리프팅,소노케어,https://www.yeoshin.co.kr/event/mobile/22755,질타이트닝 소노케어,https://d3gurpvil0se70.cloudfront.net/upfiles/images/product/D7culik38KimdGG13v6L401P6KI4.jpg?q=90&f=webp&w=1024,#여성시술,10,후기 4,"110,000원",VAT 포함,"질소노케어
시술시간
60분
마취여부
마취없음
회복시간
개인별 상이
시술효과
3개월 후",애플산부인과의원(천호점),전문의 2명 / 전문의 2명 / 여의사 진료 / 여의사 진료 / 전담회복실 / 전담회복실 / 사후관리 / 사후관리,"서울특별시 강동구 천호대로 1024 (성내동) 2층 (성내동 610, 힐스테이트천호역젠트리스)",,화요일 10:00 ~ 21:00 / 수요일 10:00 ~ 21:00 / 목요일 10:00 ~ 21:00 / 금요일 10:00 ~ 21:00 / 토요일 10:00 ~ 17:00 / 일요일 휴진 / 공휴일 10:00- 16:00,0508-0353-3491
리프팅,레이저리프팅,소노케어,https://www.yeoshin.co.kr/event/mobile/16474,"미케이 피부재생, 여드름흉터_LDM",https://d3gurpvil0se70.cloudfront.net/upfiles/images/product/fQriQYaMbR6es6CtC8rAGqGVKHO6.jpg?q=90&f=webp&w=1024,"#수분관리
#탄력관리",10,후기 1,"110,000원",VAT 포함,"소노케어
시술시간
30분
마취여부
마취없음
회복시간
당일
시술효과
1~2주 후",미케이의원,전문의 1명 / 전문의 1명 / 분야별 협진 / 분야별 협진 / 일본어 응대 / 일본어 응대,서울특별시 서초구 서초대로 77길 24 미케이의원,"크림마취
국소마취",화요일 10:00 ~ 19:00 / 수요일 10:00 ~ 19:00 / 목요일 10:00 ~ 19:00 / 금요일 10:00 ~ 19:00 / 토요일 10:00 ~ 17:00 / 일요일 10:00 ~ 17:00,0508-0353-1137
리프팅,레이저리프팅,소노케어,https://www.yeoshin.co.kr/event/mobile/20306,리블룸 베이직 케어,https://d3gurpvil0se70.cloudfront.net/upfiles/images/product/H5p1W3SU9PoLeFcoOZlG9DJ60En5.png?q=90&f=webp&w=1024,"#수분관리
#탄력관리",,,"44,000원",VAT 포함,"소노케어
시술시간
60분
마취여부
마취없음
회복시간
당일
시술효과
1~2주 후",리블룸의원(원주),영어 응대 / 영어 응대 / 중국어 응대 / 중국어 응대 / 일본어 응대 / 일본어 응대,강원특별자치도 원주시 능라동길 73 (무실동) 리블룸의원,,화요일 10:30 ~ 20:00 (점심 13:00 ~ 14:00) / 수요일 10:30 ~ 20:00 (점심 13:00 ~ 14:00) / 목요일 10:30 ~ 20:00 (점심 13:00 ~ 14:00) / 금요일 10:30 ~ 20:00 (점심 13:00 ~ 14:00) / 토요일 10:00 ~ 15:00 / 일요일 휴진,0508-0353-0877
리프팅,레이저리프팅,엠페이스,https://www.yeoshin.co.kr/event/mobile/24848,피부과전문의 엠페이스 특가 런칭이벤트,https://d3gurpvil0se70.cloudfront.net/upfiles/images/product/OWaqZZmVyzVxTsCEqDLdsHGbcGwA.jpg?q=90&f=webp&w=1024,"#피부과 전문의
#리프팅레이저
#타이트닝",,,"660,000원",VAT 포함,"엠페이스
시술시간
20~45분
마취여부
마취없음
회복시간
당일
시술효과
2주 후",페이브피부과의원(용산),전문의 1명 / 전문의 1명 / 여의사 진료 / 여의사 진료 / 수술실 CCTV / 수술실 CCTV / 사후관리 / 사후관리 / 영어 응대 / 영어 응대 / 중국어 응대 / 중국어 응대 / 일본어 응대 / 일본어 응대,"서울특별시 용산구 한강대로 69 (한강로2가, 용산푸르지오써밋) 페이브피부과의원",,화요일 10:00 ~ 20:00 (점심 13:00 ~ 14:00) / 수요일 휴진 / 목요일 10:00 ~ 20:00 (점심 13:00 ~ 14:00) / 금요일 10:00 ~ 20:00 (점심 13:00 ~ 14:00) / 토요일 09:30 ~ 15:00 / 일요일 휴진 / (공휴일이 있는 주는 수요일 정상진료),0508-0353-1618
리프팅,레이저리프팅,엠페이스,https://www.yeoshin.co.kr/event/mobile/25441,유이 엠페이스 플럼프핏 1회,https://d3gurpvil0se70.cloudfront.net/upfiles/images/product/V93GBngcjDIwaDkQnzW3OVGnl5vA.jpg?q=90&f=webp&w=1024,"#리프팅레이저
#타이트닝",,,"929,000원",VAT 포함,"엠페이스
시술시간
20~45분
마취여부
마취없음
회복시간
당일
시술효과
2주 후",유이성형외과의원,전문의 1명 / 전문의 1명 / 여의사 진료 / 여의사 진료 / 전담회복실 / 전담회복실 / 사후관리 / 사후관리,서울특별시 강남구 강남대로 616 (신사동) 신사미타워 16층,"크림마취
수면마취
비수면 무통마취
전신마취
국소마취",화요일 10:00 ~ 19:00 / 수요일 10:00 ~ 19:00 / 목요일 10:00 ~ 19:00 / 금요일 10:00 ~ 19:00 / 토요일 09:30 ~ 15:30 / 일요일 휴진,"서울특별시 강남구 강남대로 616, 16층 1601,1602호 B518, B519호(신 사동, 외 1필지 신사미타워)"
리프팅,레이저리프팅,엠페이스,https://www.yeoshin.co.kr/event/mobile/26873,리프팅 레이저 : 엠페이스,https://d3gurpvil0se70.cloudfront.net/upfiles/images/product/t8VWYZnsMNH84XTVvc8uuOkLxPi8.jpg?q=90&f=webp&w=1024,"#리프팅레이저
#타이트닝",,,"1,320,000원",VAT 포함,"엠페이스
시술시간
20~45분
마취여부
마취없음
회복시간
당일
시술효과
2주 후",벨로아의원,전문의 1명 / 전문의 1명 / 여의사 진료 / 여의사 진료 / 사후관리 / 사후관리,"서울특별시 강동구 양재대로89가길 29 (성내동) 3층 301호(성내동, 치탑빌딩)",크림마취,화요일 10:00 ~ 20:30 (점심 13:00 ~ 14:00) / 수요일 10:00 ~ 19:00 (점심 13:00 ~ 14:00) / 목요일 10:00 ~ 20:30 (점심 13:00 ~ 14:00) / 금요일 10:00 ~ 19:00 (점심 13:00 ~ 14:00) / 토요일 09:30 ~ 14:30 / 일요일 휴진,050803543291
리프팅,레이저리프팅,엠페이스,https://www.yeoshin.co.kr/event/mobile/27295,런칭 특가) 엠페이스,https://d3gurpvil0se70.cloudfront.net/upfiles/images/product/kQBy5GDohcwS5DmwjQuiDH4b0UW6.jpg?q=90&f=webp&w=1024,"#리프팅레이저
#타이트닝",,,"825,000원",VAT 포함,"엠페이스
시술시간
20~45분
마취여부
마취없음
회복시간
당일
시술효과
2주 후",더마스터의원(청담점),,"서울특별시 강남구 도산대로 55길 29, 대창빌딩 3층 더마스터의원(청담점)",,화요일 10:00 ~ 20:00 / 수요일 10:00 ~ 20:00 / 목요일 10:00 ~ 20:00 / 금요일 10:00 ~ 19:00 / 토요일 휴진 / 일요일 휴진,0508-0353-6799
리프팅,레이저리프팅,튠아이,https://www.yeoshin.co.kr/event/mobile/5715,명동루비_튠아이,https://d3gurpvil0se70.cloudfront.net/upfiles/images/product/LpSEezcQv1bPQes9IWRCunOSlrg3.jpg?q=90&f=webp&w=1024,"#타이트닝
#리프팅레이저",9,후기 73,"190,000원",VAT 포함,"튠페이스
시술시간
30분
마취여부
냉각마취
회복시간
3일
시술효과
2~4주 후",루비의원(명동점),,서울특별시 중구 명동길 65 루비의원(명동점),,화요일 10:30 ~ 20:30 (점심 13:30 ~ 15:00) / 수요일 10:30 ~ 20:30 (점심 13:30 ~ 15:00) / 목요일 10:30 ~ 20:30 (점심 13:30 ~ 15:00) / 금요일 10:30 ~ 20:30 (점심 13:30 ~ 15:00) / 토요일 10:00 ~ 16:00 / 일요일 12:00 ~ 17:00,0508-0353-8508
리프팅,레이저리프팅,튠아이,https://www.yeoshin.co.kr/event/mobile/17187,여자대표원장 시술 꼼꼼 튠아이즈,https://d3gurpvil0se70.cloudfront.net/upfiles/images/product/X1NchEvdGc3C95z7zcpAYsKziZ7.png?q=90&f=webp&w=1024,"#타이트닝
#리프팅레이저",9.7,후기 3,"253,000원",VAT 포함,"튠페이스
시술시간
20~30분
마취여부
크림마취
회복시간
3일
시술효과
2~4주 후",아라의원,,인천광역시 서구 청마로167번길 24 아라의원,,화요일 10:00 ~ 19:00 / 수요일 10:00 ~ 21:00 / 목요일 10:00 ~ 19:00 / 금요일 10:00 ~ 21:00 / 토요일 10:00 ~ 15:00 / 일요일 휴진,0508-0354-1561
리프팅,레이저리프팅,튠아이,https://www.yeoshin.co.kr/event/mobile/11474,튠아이리프팅,https://d3gurpvil0se70.cloudfront.net/upfiles/images/product/3TdxqBAQhukVPVV4LHlEQYxUqIg1.jpeg?q=90&f=webp&w=1024,"#타이트닝
#리프팅레이저",9.5,후기 2,"132,000원",VAT 포함,"튠페이스
시술시간
30~60분
마취여부
크림마취
회복시간
약 3일
시술효과
2~4주 후",오운의원(구리점),여의사 진료 / 여의사 진료,"경기도 구리시 산마루로 5 대방디엠시티 3층, 오운의원(구리점)",,화요일 10:00 ~ 20:00 (점심 13:00 ~ 14:00) / 수요일 10:00 ~ 20:00 (점심 13:00 ~ 14:00) / 목요일 10:00 ~ 20:00 (점심 13:00 ~ 14:00) / 금요일 10:00 ~ 20:00 (점심 13:00 ~ 14:00) / 토요일 10:00 ~ 16:00 / 일요일 휴진,0508-0353-9945
리프팅,레이저리프팅,버츄RF,https://www.yeoshin.co.kr/event/mobile/26428,리앤영 버츄RF 리프팅,https://d3gurpvil0se70.cloudfront.net/upfiles/images/product/6w8ssV74uZSFeOlVFp2IwE0jGo01.jpg?q=90&f=webp&w=1024,"#흉터개선
#여드름개선",,,"429,000원",VAT 포함,"버츄RF
시술시간
30분
마취여부
크림마취
회복시간
약 3일
시술효과
1~2주 후",리앤영의원(강남점),전문의 3명 / 전문의 3명,서울특별시 서초구 강남대로 415 대동빌딩 6층,,화요일 10:00 ~ 19:00 (점심 13:00 ~ 14:00) / 수요일 14:00 ~ 21:00 / 목요일 10:00 ~ 19:00 (점심 13:00 ~ 14:00) / 금요일 10:00 ~ 21:00 (점심 13:00 ~ 14:00) / 토요일 10:00 ~ 16:00 (점심 13:00 ~ 14:00) / 일요일 휴진,0508-0354-0401
리프팅,레이저리프팅,버츄RF,https://www.yeoshin.co.kr/event/mobile/21360,(팁개봉)얼굴 눈가 리프팅버츄RF,https://d3gurpvil0se70.cloudfront.net/upfiles/images/product/30UyoDSUhCKD1y5jg6czLW4r9YBA.jpg?q=90&f=webp&w=1024,"#흉터개선
#여드름개선",8.7,후기 6,"220,000원",VAT 포함,"버츄RF
시술시간
30분
마취여부
크림마취
회복시간
약 3일
시술효과
1~2주 후",청담란셀의원,전문의 1명 / 전문의 1명 / 여의사 진료 / 여의사 진료,서울특별시 강남구 봉은사로 325 (논현동) 라임타워 2층,,화요일 휴진 / 수요일 10:00 ~ 16:00 / 목요일 10:00 ~ 19:00 / 금요일 10:00 ~ 19:00 / 토요일 10:00 ~ 16:00 / 일요일 휴진,0508-0353-5927
리프팅,레이저리프팅,버츄RF,https://www.yeoshin.co.kr/event/mobile/17049,[안양] 모공주름개선 버츄RF,https://d3gurpvil0se70.cloudfront.net/upfiles/images/product/ZUvcFaKhwOmoMiUD5Lx22BsYjnO4.jpg?q=90&f=webp&w=1024,"#흉터개선
#여드름개선",,,"440,000원",VAT 포함,"버츄RF
시술시간
30분
마취여부
크림마취
회복시간
3일
시술효과
1~2주 후",한나이브성형외과의원,전문의 10명 / 전문의 10명 / 여의사 진료 / 여의사 진료 / 수술실 CCTV / 수술실 CCTV / 응급처치 시스템 / 응급처치 시스템 / 분야별 협진 / 분야별 협진 / 기본 입원실 / 기본 입원실 / 환자전용숙소 / 환자전용숙소 / 전담회복실 / 전담회복실 / 사후관리 / 사후관리 / 영어 응대 / 영어 응대 / 일본어 응대 / 일본어 응대,경기도 안양시 만안구 안양로 330-1 (안양동) (안양동) 다니엘빌딩 B1~7F,,화요일 10:00 ~ 21:00 / 수요일 10:00 ~ 19:00 / 목요일 10:00 ~ 19:00 / 금요일 10:00 ~ 21:00 / 토요일 10:00 ~ 17:00 / 일요일 휴진,0508-0354-0082
리프팅,레이저리프팅,버츄RF,https://www.yeoshin.co.kr/event/mobile/25003,순플러스_버츄RF 눈꺼풀 모공 주름 목주름,https://d3gurpvil0se70.cloudfront.net/upfiles/images/product/hCSjNU7hwF4YaI9IToIDaUlJWvv.jpg?q=90&f=webp&w=1024,"#흉터개선
#여드름개선",10,후기 3,"220,000원",VAT 포함,"버츄RF
시술시간
30분
마취여부
크림마취
회복시간
약 1일
시술효과
1~2주 후",순플러스성형외과의원,전문의 3명 / 전문의 3명 / 여의사 진료 / 여의사 진료 / 수술실 CCTV / 수술실 CCTV / 응급처치 시스템 / 응급처치 시스템 / 전담회복실 / 전담회복실 / 사후관리 / 사후관리 / 영어 응대 / 영어 응대 / 중국어 응대 / 중국어 응대,"서울특별시 서초구 강남대로 589 (잠원동) 멀버리힐스 메디컬동 12F, 13F","크림마취
수면마취
국소마취",화요일 10:00 ~ 19:00 / 수요일 10:00 ~ 19:00 / 목요일 10:00 ~ 19:00 / 금요일 10:00 ~ 19:00 / 토요일 10:00 ~ 16:00 / 일요일 휴진,050803533332
리프팅,레이저리프팅,버츄RF,https://www.yeoshin.co.kr/event/mobile/18533,명동루비_버츄RF,https://d3gurpvil0se70.cloudfront.net/upfiles/images/product/sbI0AUoKm7P89IA12zLSJzL2bmX6.jpg?q=90&f=webp&w=1024,"#흉터개선
#여드름개선",8.8,후기 339,"149,000원",VAT 포함,"버츄RF
시술시간
30분
마취여부
크림마취
회복시간
약 3일
시술효과
1~2주 후",루비의원(명동점),,서울특별시 중구 명동길 65 루비의원(명동점),,화요일 10:30 ~ 20:30 (점심 13:30 ~ 15:00) / 수요일 10:30 ~ 20:30 (점심 13:30 ~ 15:00) / 목요일 10:30 ~ 20:30 (점심 13:30 ~ 15:00) / 금요일 10:30 ~ 20:30 (점심 13:30 ~ 15:00) / 토요일 10:00 ~ 16:00 / 일요일 12:00 ~ 17:00,0508-0353-8508
리프팅,레이저리프팅,버츄RF,https://www.yeoshin.co.kr/event/mobile/7323,눈꺼풀 눈매 윤곽 개선 버츄RF,https://d3gurpvil0se70.cloudfront.net/upfiles/images/product/fJVPAEFnU0YOD2l3pohI84ij7b55.png?q=90&f=webp&w=1024,"#흉터개선
#여드름개선",9.2,후기 26,"327,800원",VAT 포함,"버츄RF
시술시간
30분
마취여부
크림마취
회복시간
3일
시술효과
1~2주 후",다이아의원,영어 응대 / 영어 응대 / 중국어 응대 / 중국어 응대 / 일본어 응대 / 일본어 응대,서울시 서초구 강남대로 411 다이아의원,"크림마취
국소마취",화요일 10:00 ~ 20:00 / 수요일 10:00 ~ 20:00 / 목요일 10:00 ~ 20:00 / 금요일 10:00 ~ 20:00 / 토요일 10:00 ~ 16:00 / 일요일 휴진,0508-0353-7788
리프팅,레이저리프팅,버츄RF,https://www.yeoshin.co.kr/event/mobile/26512,버츄 RF,https://d3gurpvil0se70.cloudfront.net/upfiles/images/product/AjewIFJ57uty8W504PCbo1kSksC2.jpg?q=90&f=webp&w=1024,"#흉터개선
#여드름개선",,,"209,000원",VAT 포함,"버츄RF
시술시간
30분
마취여부
크림마취
회복시간
약 3일
시술효과
1~2주 후",당산센트럴내과의원,전문의 1명 / 전문의 1명 / 응급처치 시스템 / 응급처치 시스템 / 사후관리 / 사후관리,서울특별시 영등포구 선유동2로 74 (당산동5가) 3층,"크림마취
수면마취
국소마취",화요일 09:00 ~ 19:00 (점심 13:00 ~ 14:00) / 수요일 09:00 ~ 19:00 (점심 13:00 ~ 14:00) / 목요일 09:00 ~ 19:00 (점심 13:00 ~ 14:00) / 금요일 09:00 ~ 19:00 (점심 13:00 ~ 14:00) / 토요일 09:00 ~ 14:00 / 일요일 휴진,050803543093
리프팅,레이저리프팅,버츄RF,https://www.yeoshin.co.kr/event/mobile/25377,아이버츄 대표원장 시술,https://d3gurpvil0se70.cloudfront.net/upfiles/images/product/JMna83w0Mqe6JAjjZ0EdECQ4sYiA.jpg?q=90&f=webp&w=1024,"#흉터개선
#여드름개선",9.7,후기 50,"217,800원",VAT 포함,"버츄RF
시술시간
30분
마취여부
크림마취
회복시간
약 3일
시술효과
1~2주 후",더리즈의원(강남),전문의 1명 / 전문의 1명 / 여의사 진료 / 여의사 진료 / 수술실 CCTV / 수술실 CCTV / 사후관리 / 사후관리 / 피부진단기 F-RAY 촬영 > / 피부진단기 F-RAY 촬영 > / 피부진단기 F-RAY 촬영 >,서울특별시 강남구 테헤란로 337 (역삼동) 11층,"크림마취
수면마취
국소마취",화요일 10:00 ~ 19:00 (점심 13:00 ~ 14:00) / 수요일 휴진 / 목요일 10:00 ~ 19:00 (점심 13:00 ~ 14:00) / 금요일 10:00 ~ 20:00 (점심 13:00 ~ 14:00) / 토요일 10:00 ~ 16:00 / 일요일 휴진,050803531297
리프팅,레이저리프팅,버츄RF,https://www.yeoshin.co.kr/event/mobile/26111,버츄RF 리프팅(얼굴전체),https://d3gurpvil0se70.cloudfront.net/upfiles/images/product/lcKsAbsA29zMbfZww17mtAVEFwe6.jpg?q=90&f=webp&w=1024,"#흉터개선
#여드름개선",10,후기 4,"418,000원",VAT 포함,"버츄RF
시술시간
30분
마취여부
크림마취
회복시간
약 3일
시술효과
1~2주 후",더리즈의원(강남),전문의 1명 / 전문의 1명 / 여의사 진료 / 여의사 진료 / 수술실 CCTV / 수술실 CCTV / 사후관리 / 사후관리 / 피부진단기 F-RAY 촬영 > / 피부진단기 F-RAY 촬영 > / 피부진단기 F-RAY 촬영 >,서울특별시 강남구 테헤란로 337 (역삼동) 11층,"크림마취
수면마취
국소마취",화요일 10:00 ~ 19:00 (점심 13:00 ~ 14:00) / 수요일 휴진 / 목요일 10:00 ~ 19:00 (점심 13:00 ~ 14:00) / 금요일 10:00 ~ 20:00 (점심 13:00 ~ 14:00) / 토요일 10:00 ~ 16:00 / 일요일 휴진,050803531297
리프팅,레이저리프팅,버츄RF,https://www.yeoshin.co.kr/event/mobile/811,버츄RF레이저,https://d3gurpvil0se70.cloudfront.net/upfiles/images/product/N6moJsDj5ewK6gS32UoVinCxBDb6.jpg?q=90&f=webp&w=1024,"#흉터개선
#여드름개선",,,"396,000원",VAT 포함,"버츄RF
시술시간
1시간
마취여부
크림마취
회복시간
3일
시술효과
1~2주 후",시온뷰티의원,,서울특별시 송파구 마천로 311 시온뷰티의원,크림마취,"화요일 10:00 ~ 20:00 (점심 13:00 ~ 14:00) / 수요일 휴진 / 목요일 10:00 ~ 20:00 (점심 13:00 ~ 14:00) / 금요일 10:00 ~ 19:00 (점심 13:00 ~ 14:00) / 토요일 10:00 ~ 17:00 (점심 13:00 ~ 14:00) / 일요일 휴진 / 매주 수요일 휴진,공휴일시 공휴일휴진",0508-0353-3030
리프팅,레이저리프팅,버츄RF,https://www.yeoshin.co.kr/event/mobile/6739,버츄RF +쥬베룩흡수포함,https://d3gurpvil0se70.cloudfront.net/upfiles/images/product/2167762332.jpg?q=90&f=webp&w=1024,"#피부과 전문의
#스킨부스터
#물광볼륨",,,"660,000원",VAT 포함,"쥬베룩
시술시간
90분
마취여부
크림마취
회복시간
3일
시술효과
1~2주 후",차앤박피부과의원(신촌점),전문의 2명 / 전문의 2명,서울특별시 서대문구 신촌로 99 차앤박피부과의원(신촌점),,,0508-0353-2112
리프팅,레이저리프팅,버츄RF,https://www.yeoshin.co.kr/event/mobile/16257,염증성 여드름치료,https://d3gurpvil0se70.cloudfront.net/upfiles/images/product/WErIl3VwCtYxfCffgBG5r47DyHz.jpg?q=90&f=webp&w=1024,"#흉터개선
#여드름개선",,,"132,000원",VAT 포함,"버츄RF
시술시간
30분
마취여부
크림마취
회복시간
3일
시술효과
1~2주 후",시온뷰티의원,,서울특별시 송파구 마천로 311 시온뷰티의원,크림마취,"화요일 10:00 ~ 20:00 (점심 13:00 ~ 14:00) / 수요일 휴진 / 목요일 10:00 ~ 20:00 (점심 13:00 ~ 14:00) / 금요일 10:00 ~ 19:00 (점심 13:00 ~ 14:00) / 토요일 10:00 ~ 17:00 (점심 13:00 ~ 14:00) / 일요일 휴진 / 매주 수요일 휴진,공휴일시 공휴일휴진",0508-0353-3030
리프팅,레이저리프팅,버츄RF,https://www.yeoshin.co.kr/event/mobile/17266,버츄RF,https://d3gurpvil0se70.cloudfront.net/upfiles/images/product/0jn6JvOI5RdUhvSmjVmX5sUSUSF2.jpg?q=90&f=webp&w=1024,"#흉터개선
#여드름개선",9.4,후기 17,"209,000원",VAT 포함,"버츄RF
시술시간
30분
마취여부
크림마취
회복시간
3일
시술효과
1~2주 후",연세더나은의원,전문의 2명 / 전문의 2명,경기도 고양시 일산동구 일산로 219 (마두동) 5층 연세더나은의원,,"화요일 09:00 ~ 18:30 (점심 13:00 ~ 14:00) / 수요일 09:00 ~ 18:30 (점심 13:00 ~ 14:00) / 목요일 휴진 / 금요일 09:00 ~ 18:30 (점심 13:00 ~ 14:00) / 토요일 09:00 ~ 13:00 / 일요일 휴진 / 목요일, 일요일, 공휴일 휴무",0508-0354-0850
리프팅,레이저리프팅,버츄RF,https://www.yeoshin.co.kr/event/mobile/15955,버츄RF,https://d3gurpvil0se70.cloudfront.net/upfiles/images/product/UbJEZCRXleMCDqpHfdJG80kqLlBA.jpg?q=90&f=webp&w=1024,"#흉터개선
#여드름개선",,,"108,900원",VAT 포함,"버츄RF
시술시간
30분
마취여부
크림마취
회복시간
1~2주
시술효과
1주 후",제이린의원(서면점),,부산광역시 부산진구 중앙대로 672 (부전동) 삼정타워 4층 제이린의원,,화요일 10:30 ~ 20:00 (점심 13:00 ~ 14:30) / 수요일 10:30 ~ 19:00 (점심 13:00 ~ 14:30) / 목요일 10:30 ~ 19:00 (점심 13:00 ~ 14:30) / 금요일 10:30 ~ 20:00 (점심 13:00 ~ 14:30) / 토요일 10:30 ~ 14:30 / 일요일 휴진,0508-0354-2276
리프팅,레이저리프팅,버츄RF,https://www.yeoshin.co.kr/event/mobile/23140,"""셀럽들의 선택!"" 버츄RF",https://d3gurpvil0se70.cloudfront.net/upfiles/images/product/sLyAIniee0aHcetTRhvoxuEuemd6.jpg?q=90&f=webp&w=1024,"#흉터개선
#여드름개선",,,"490,000원",VAT 포함,"버츄RF
시술시간
30분
마취여부
크림마취
회복시간
약 3일
시술효과
1~2주 후",청담르벨의원,전문의 1명 / 전문의 1명,서울특별시 강남구 선릉로 756 (청담동) 대성빌딩 3층,,화요일 10:00 ~ 19:30 (점심 13:00 ~ 14:00) / 수요일 휴진 / 목요일 10:00 ~ 19:30 (점심 13:00 ~ 14:00) / 금요일 10:00 ~ 19:30 (점심 13:00 ~ 14:00) / 토요일 09:30 ~ 15:30 / 일요일 휴진,0508-0353-1257
리프팅,레이저리프팅,버츄RF,https://www.yeoshin.co.kr/event/mobile/1923,"고주파 에너지로 효과up 통증down 버츄,원츄,버츄RF",https://d3gurpvil0se70.cloudfront.net/upfiles/images/product/952617431.png?q=90&f=webp&w=1024,"#흉터개선
#여드름개선",,,"539,000원",VAT 포함,"버츄RF
시술시간
30분
마취여부
크림마취
회복시간
3일
시술효과
1~2주 후",넬의원,,부산광역시 부산진구 서면로60 넬의원,,화요일 10:00 ~ 21:00 (점심 13:00 ~ 14:00) / 수요일 10:00 ~ 19:00 (점심 13:00 ~ 14:00) / 목요일 10:00 ~ 19:00 (점심 13:00 ~ 14:00) / 금요일 10:00 ~ 21:00 (점심 13:00 ~ 14:00) / 토요일 10:00 ~ 15:00 / 일요일 휴진,0508-0354-2100
리프팅,레이저리프팅,버츄RF,https://www.yeoshin.co.kr/event/mobile/27036,눈가 버츄/처진눈꺼풀/탄력/1:1의사상담,https://d3gurpvil0se70.cloudfront.net/upfiles/images/product/oyNK3Lj3w7IVK7K4vd9yHkongii1.jpg?q=90&f=webp&w=1024,"#흉터개선
#여드름개선",10,후기 1,,,"버츄RF
시술시간
30분
마취여부
크림마취
회복시간
약 3일
시술효과
1~2주 후",메이린의원(성수점),여의사 진료 / 여의사 진료 / 분야별 협진 / 분야별 협진 / 사후관리 / 사후관리 / 영어 응대 / 영어 응대 / 중국어 응대 / 중국어 응대,서울특별시 성동구 아차산로 74 (성수동2가) 쉬엔비 타워 3층,"크림마취
수면마취",화요일 10:00 ~ 19:00 (점심 13:00 ~ 14:00) / 수요일 10:00 ~ 19:00 (점심 13:00 ~ 14:00) / 목요일 10:00 ~ 19:00 (점심 13:00 ~ 14:00) / 금요일 10:00 ~ 20:00 (점심 13:00 ~ 14:00) / 토요일 10:00 ~ 17:00 / 일요일 휴진,050803534978
리프팅,레이저리프팅,버츄RF,https://www.yeoshin.co.kr/event/mobile/23980,버츄RF 바늘고주파로 모공주름개선,https://d3gurpvil0se70.cloudfront.net/upfiles/images/product/Y3YMnaZe3RW9nyC6RaxjVLzR3gmA.jpg?q=90&f=webp&w=1024,"#흉터개선
#여드름개선",10,후기 2,"297,000원",VAT 포함,"버츄RF
시술시간
30분
마취여부
크림마취
회복시간
약 3일
시술효과
1-2주 후",라클라쎄의원,,서울특별시 강남구 테헤란로 101 (역삼동) 라클라쎄의원,,화요일 10:00 ~ 20:00 (점심 13:00 ~ 14:00) / 수요일 10:00 ~ 20:00 (점심 13:00 ~ 14:00) / 목요일 10:00 ~ 20:00 (점심 13:00 ~ 14:00) / 금요일 10:00 ~ 20:00 (점심 13:00 ~ 14:00) / 토요일 10:00 ~ 16:00 / 일요일 10:00 ~ 16:00,0508-0353-6793
리프팅,레이저리프팅,인텐스울트라,https://www.yeoshin.co.kr/event/mobile/11993,신사역 LDM 인텐스울트라,https://d3gurpvil0se70.cloudfront.net/upfiles/images/product/eYtvz29P16vPmGgbZLF3viSuznAA.png?q=90&f=webp&w=1024,"#피부관리
#수분관리
#탄력관리",9.3,후기 6,"88,000원",VAT 포함,"인텐스울트라
시술시간
30분
마취여부
마취없음
회복시간
3일
시술효과
2달 후",신사에그의원,여의사 진료 / 여의사 진료 / 영어 응대 / 영어 응대 / 중국어 응대 / 중국어 응대 / 일본어 응대 / 일본어 응대,서울특별시 서초구 강남대로 613 (잠원동) 성락빌딩 5~7층,"크림마취
수면마취
국소마취",화요일 11:00 ~ 20:30 (점심 14:00 ~ 15:00) / 수요일 11:00 ~ 20:30 (점심 14:00 ~ 15:00) / 목요일 11:00 ~ 20:30 (점심 14:00 ~ 15:00) / 금요일 11:00 ~ 20:30 (점심 14:00 ~ 15:00) / 토요일 11:00 ~ 17:00 / 일요일 11:00 ~ 17:00,0508-0353-5368
리프팅,레이저리프팅,인텐스울트라,https://www.yeoshin.co.kr/event/mobile/20312,LDM(인텐스울트라)15분+LED+모델링팩,https://d3gurpvil0se70.cloudfront.net/upfiles/images/product/tR88kLxMSEPlGhzZmrDlYKvPntN6.jpg?q=90&f=webp&w=1024,"#피부관리
#수분관리
#염증진정관리",8.9,후기 38,,,"LDM
시술시간
20~30분
마취여부
마취없음
회복시간
당일
시술효과
1~2주 후",닥터고운선의원,수술실 CCTV / 수술실 CCTV / 응급처치 시스템 / 응급처치 시스템 / 전담회복실 / 전담회복실 / 사후관리 / 사후관리 / 중국어 응대 / 중국어 응대,서울특별시 강남구 언주로174길 29 (신사동) 3층,"크림마취
수면마취
국소마취",화요일 10:00 ~ 19:00 (점심 13:00 ~ 14:00) / 수요일 휴진 / 목요일 10:00 ~ 19:00 (점심 13:00 ~ 14:00) / 금요일 10:00 ~ 21:00 (점심 13:00 ~ 14:00) / 토요일 10:00 ~ 17:00 (점심 13:00 ~ 14:00) / 일요일 휴진,0508-0353-3733
리프팅,레이저리프팅,인텐스울트라,https://www.yeoshin.co.kr/event/mobile/13615,스킨리뉴얼,https://d3gurpvil0se70.cloudfront.net/upfiles/images/product/3127828839.jpg?q=90&f=webp&w=1024,"#피부과 전문의
#피부관리
#수분관리",10,후기 3,"759,000원",VAT 포함,"인텐스울트라
시술시간
40분
마취여부
마취없음
회복시간
1일
시술효과
직후",삼성화이트피부과,전문의 1명 / 전문의 1명,서울시 강남구 남부순환로 2917 삼성화이트피부과,,화요일 10:00 ~ 19:30 (점심 13:00 ~ 14:00) / 수요일 10:00 ~ 19:30 (점심 13:00 ~ 14:00) / 목요일 10:00 ~ 14:00 / 금요일 10:00 ~ 19:30 (점심 13:00 ~ 14:00) / 토요일 10:00 ~ 16:00 / 일요일 휴진,0508-0353-7025
리프팅,레이저리프팅,인텐스울트라,https://www.yeoshin.co.kr/event/mobile/26342,LDM(인텐스울트라),https://d3gurpvil0se70.cloudfront.net/upfiles/images/product/ibhduX6eTqySXcrgOH9vWddsB3b1.jpg?q=90&f=webp&w=1024,"#피부관리
#수분관리
#탄력관리",10,후기 1,"90,000원",VAT 포함,"인텐스울트라
시술시간
30분
마취여부
마취없음
회복시간
당일
시술효과
1~2주 후",미본한의원,,대구광역시 동구 율하서로 22 (율하동) 2층,,화요일 09:00 ~ 18:00 (점심 13:00 ~ 14:00) / 수요일 09:00 ~ 18:00 (점심 13:00 ~ 14:00) / 목요일 09:00 ~ 18:00 (점심 13:00 ~ 14:00) / 금요일 09:00 ~ 18:00 (점심 13:00 ~ 14:00) / 토요일 09:00 ~ 15:00 / 일요일 휴진,050803543087
리프팅,레이저리프팅,인텐스울트라,https://www.yeoshin.co.kr/event/mobile/26878,스킨케어,https://d3gurpvil0se70.cloudfront.net/upfiles/images/product/TkoX8QgeOC5QcOVUELs7ng8j2bt2.jpg?q=90&f=webp&w=1024,"#피부관리
#수분관리
#탄력관리",,,"66,000원",VAT 포함,"인텐스울트라
시술시간
30분
마취여부
마취없음
회복시간
약 3일
시술효과
60일 후",벨로아의원,전문의 1명 / 전문의 1명 / 여의사 진료 / 여의사 진료 / 사후관리 / 사후관리,"서울특별시 강동구 양재대로89가길 29 (성내동) 3층 301호(성내동, 치탑빌딩)",크림마취,화요일 10:00 ~ 20:30 (점심 13:00 ~ 14:00) / 수요일 10:00 ~ 19:00 (점심 13:00 ~ 14:00) / 목요일 10:00 ~ 20:30 (점심 13:00 ~ 14:00) / 금요일 10:00 ~ 19:00 (점심 13:00 ~ 14:00) / 토요일 09:30 ~ 14:30 / 일요일 휴진,050803543291
리프팅,레이저리프팅,인텐스울트라,https://www.yeoshin.co.kr/event/mobile/23870,프리미엄 인텐스울트라,https://d3gurpvil0se70.cloudfront.net/upfiles/images/product/flhRP7lsXGm0Goqp18gjLbkJOAZ6.jpg?q=90&f=webp&w=1024,"#피부관리
#수분관리
#탄력관리",,,"88,000원",VAT 포함,"인텐스울트라
시술시간
30분
마취여부
마취없음
회복시간
약 3일
시술효과
60일 후",루미에버의원,여의사 진료 / 여의사 진료 / 사후관리 / 사후관리 / 피부진단기 F-RAY 촬영 > / 피부진단기 F-RAY 촬영 > / 피부진단기 F-RAY 촬영 >,경기도 성남시 수정구 수정로 285 (신흥동) 2층,"크림마취
국소마취",화요일 10:00 ~ 20:00 (점심 13:00 ~ 14:00) / 수요일 휴진 / 목요일 10:00 ~ 20:00 (점심 13:00 ~ 14:00) / 금요일 10:00 ~ 20:00 (점심 13:00 ~ 14:00) / 토요일 10:00 ~ 14:00 / 일요일 휴진,0508-0353-0396
리프팅,레이저리프팅,에어젯리프팅,https://www.yeoshin.co.kr/event/mobile/11159,명동루비_에어젯2,https://d3gurpvil0se70.cloudfront.net/upfiles/images/product/SiEazDiq0rAXwS7BmTDs63wUUpI9.jpg?q=90&f=webp&w=1024,"#리프팅레이저
#타이트닝",9.1,후기 788,"180,000원",VAT 포함,"에어젯
시술시간
30분
마취여부
냉각마취
회복시간
7일
시술효과
1주 후",루비의원(명동점),,서울특별시 중구 명동길 65 루비의원(명동점),,화요일 10:30 ~ 20:30 (점심 13:30 ~ 15:00) / 수요일 10:30 ~ 20:30 (점심 13:30 ~ 15:00) / 목요일 10:30 ~ 20:30 (점심 13:30 ~ 15:00) / 금요일 10:30 ~ 20:30 (점심 13:30 ~ 15:00) / 토요일 10:00 ~ 16:00 / 일요일 12:00 ~ 17:00,0508-0353-8508
리프팅,레이저리프팅,에어젯리프팅,https://www.yeoshin.co.kr/event/mobile/442,에어젯 리프팅 100샷,https://d3gurpvil0se70.cloudfront.net/upfiles/images/product/oJKrttfGvsLI7fRjEMbpXl8w6e01.jpg?q=90&f=webp&w=1024,"#리프팅레이저
#타이트닝",8.8,후기 13,"110,000원",VAT 포함,"에어젯
시술시간
20분
마취여부
냉각마취
회복시간
1주
시술효과
1주 후",VS라인의원(인천구월점),피부진단기 F-RAY 촬영 > / 피부진단기 F-RAY 촬영 > / 피부진단기 F-RAY 촬영 >,인천광역시 남동구 인하로489번길 10 VS라인의원(인천구월점),,화요일 10:00 ~ 20:00 / 수요일 10:00 ~ 20:00 / 목요일 10:00 ~ 20:00 / 금요일 10:00 ~ 20:00 / 토요일 10:00 ~ 17:00 / 일요일 휴진,0508-0354-1766
리프팅,레이저리프팅,에어젯리프팅,https://www.yeoshin.co.kr/event/mobile/21626,대전 에어젯 #리프팅 #이마 #눈꼬리,https://d3gurpvil0se70.cloudfront.net/upfiles/images/product/TjyIwG8LXeU2thRPFRnqwY4t2WG9.png?q=90&f=webp&w=1024,"#리프팅레이저
#타이트닝",,,"300,000원",VAT 포함,"에어젯
시술시간
30분
마취여부
크림마취
회복시간
약 7일
시술효과
약 1주 후",신아웰니스의원,응급처치 시스템 / 응급처치 시스템 / 사후관리 / 사후관리,대전광역시 서구 대덕대로 226 (둔산동) 명동프라자 5층,"크림마취
비수면 무통마취
국소마취",화요일 09:30 ~ 18:00 (점심 13:00 ~ 14:00) / 수요일 09:30 ~ 18:00 (점심 13:00 ~ 14:00) / 목요일 휴진 / 금요일 09:30 ~ 18:00 (점심 13:00 ~ 14:00) / 토요일 09:30 ~ 16:00 / 일요일 휴진,0508-0353-0932
리프팅,레이저리프팅,에어젯리프팅,https://www.yeoshin.co.kr/event/mobile/4437,에어젯 리프팅,https://d3gurpvil0se70.cloudfront.net/upfiles/images/product/tGSgFQRcIyEpmaKlfXWX7DX6EhB2.jpg?q=90&f=webp&w=1024,"#리프팅레이저
#타이트닝",9.4,후기 138,"132,000원",VAT 포함,"에어젯
시술시간
30분
마취여부
마취없음
회복시간
7일
시술효과
1주 후",데이원의원(강남역점),전문의 1명 / 전문의 1명,서울시 서초구 강남대로 423 데이원의원(강남역점),,화요일 10:30 ~ 20:30 (점심 13:00 ~ 14:00) / 수요일 10:30 ~ 20:30 (점심 13:00 ~ 14:00) / 목요일 10:30 ~ 20:30 (점심 13:00 ~ 14:00) / 금요일 10:30 ~ 20:30 (점심 13:00 ~ 14:00) / 토요일 10:30 ~ 16:00 / 일요일 휴진,0508-0353-7131
리프팅,레이저리프팅,에어젯리프팅,https://www.yeoshin.co.kr/event/mobile/12003,공기압파워리프팅 에어젯,https://d3gurpvil0se70.cloudfront.net/upfiles/images/product/1699003246.jpg?q=90&f=webp&w=1024,"#리프팅레이저
#타이트닝",9.1,후기 7,"110,000원",VAT 포함,"에어젯
시술시간
30분
마취여부
마취없음
회복시간
7일
시술효과
1주 후",넬의원,,부산광역시 부산진구 서면로60 넬의원,,화요일 10:00 ~ 21:00 (점심 13:00 ~ 14:00) / 수요일 10:00 ~ 19:00 (점심 13:00 ~ 14:00) / 목요일 10:00 ~ 19:00 (점심 13:00 ~ 14:00) / 금요일 10:00 ~ 21:00 (점심 13:00 ~ 14:00) / 토요일 10:00 ~ 15:00 / 일요일 휴진,0508-0354-2100
리프팅,레이저리프팅,에어젯리프팅,https://www.yeoshin.co.kr/event/mobile/8850,에어젯 100샷,https://d3gurpvil0se70.cloudfront.net/upfiles/images/product/3108762797.jpg?q=90&f=webp&w=1024,"#리프팅레이저
#타이트닝",,,"170,000원",VAT 포함,"에어젯
시술시간
30분
마취여부
크림마취
회복시간
1주
시술효과
1주 후",365SY연세의원,전문의 1명 / 전문의 1명,경기도 성남시 분당구 서현로210번길 20 365SY연세의원,,화요일 09:00 ~ 16:30 (점심 13:00 ~ 14:00) / 수요일 09:00 ~ 16:30 (점심 13:00 ~ 14:00) / 목요일 09:00 ~ 16:30 (점심 13:00 ~ 14:00) / 금요일 09:00 ~ 16:30 (점심 13:00 ~ 14:00) / 토요일 휴진 / 일요일 휴진 / 일요일 변동있어요/전화문의바랍니다,0508-0354-0422
리프팅,레이저리프팅,에어젯리프팅,https://www.yeoshin.co.kr/event/mobile/8495,슈링크+에어젯+아기레이저,https://d3gurpvil0se70.cloudfront.net/upfiles/images/product/3499330615.jpg?q=90&f=webp&w=1024,"#리프팅레이저
#타이트닝",,,"249,000원",VAT 포함,"에어젯
시술시간
40분
마취여부
크림마취
회복시간
3일
시술효과
2달 후",365SY연세의원,전문의 1명 / 전문의 1명,경기도 성남시 분당구 서현로210번길 20 365SY연세의원,,화요일 09:00 ~ 16:30 (점심 13:00 ~ 14:00) / 수요일 09:00 ~ 16:30 (점심 13:00 ~ 14:00) / 목요일 09:00 ~ 16:30 (점심 13:00 ~ 14:00) / 금요일 09:00 ~ 16:30 (점심 13:00 ~ 14:00) / 토요일 휴진 / 일요일 휴진 / 일요일 변동있어요/전화문의바랍니다,0508-0354-0422
리프팅,레이저리프팅,아큐스컬프,https://www.yeoshin.co.kr/event/mobile/26803,아큐스컬프V민트리프팅,https://d3gurpvil0se70.cloudfront.net/upfiles/images/product/QdBd8kYCJKMIKUdSCUaGoTEs4up2.jpg?q=90&f=webp&w=1024,"#실리프팅
#탄력관리",,,"616,000원",VAT 포함,"민트실
시술시간
40분
마취여부
국소마취
회복시간
약 7일
시술효과
2~3주 후",반하다의원,수술실 CCTV / 수술실 CCTV / 응급처치 시스템 / 응급처치 시스템 / 기본 입원실 / 기본 입원실 / 사후관리 / 사후관리,"서울 강남구 논현로 822 3층(신사동, 로뎀빌딩)",,화요일 10:00 ~ 19:00 (점심 13:00 ~ 14:00) / 수요일 10:00 ~ 19:00 (점심 13:00 ~ 14:00) / 목요일 10:00 ~ 19:00 (점심 13:00 ~ 14:00) / 금요일 10:00 ~ 19:00 (점심 13:00 ~ 14:00) / 토요일 10:00 ~ 16:00 (점심 13:00 ~ 14:00) / 일요일 휴진 / 공휴일 진료시간 : 10시~7시 (유동적/ 점심시간 동일),0508-0353-3640
리프팅,레이저리프팅,프라임레이즈,https://www.yeoshin.co.kr/event/mobile/22348,프라임레이즈 쫀쫀한 즉각효과 리프팅,https://d3gurpvil0se70.cloudfront.net/upfiles/images/product/xtWRzlfQ1IYYcYkx0WnEpVofEj83.jpg?q=90&f=webp&w=1024,"#리프팅레이저
#타이트닝",,,"770,000원",VAT 포함,"리프팅레이저
시술시간
40~60분
마취여부
마취없음
회복시간
당일
시술효과
2-4주",가산시그니처정형외과의원,전문의 1명 / 전문의 1명 / 분야별 협진 / 분야별 협진 / 전담회복실 / 전담회복실,서울특별시 금천구 가산디지털2로 144 (가산동) 현대테라타워 가산DK 2층 가산시그니처정형외과의원,"크림마취
수면마취
비수면 무통마취
국소마취",화요일 09:00 ~ 20:00 (점심 14:00 ~ 15:00) / 수요일 09:00 ~ 20:00 (점심 14:00 ~ 15:00) / 목요일 09:00 ~ 20:00 (점심 14:00 ~ 15:00) / 금요일 09:00 ~ 20:00 (점심 14:00 ~ 15:00) / 토요일 09:00 ~ 14:00 / 일요일 휴진,0508-0353-8080
리프팅,레이저리프팅,프라임레이즈,https://www.yeoshin.co.kr/event/mobile/23254,프라임레이즈 통증적은 삼파장 리프팅,https://d3gurpvil0se70.cloudfront.net/upfiles/images/product/aeborSkPtqVD0xwSp61EsM0goF92.jpg?q=90&f=webp&w=1024,"#리프팅레이저
#타이트닝",10,후기 1,"396,000원",VAT 포함,"프라임레이즈
시술시간
40~60분
마취여부
크림마취
회복시간
약 3일
시술효과
2~3달 후",와우성형외과의원,전문의 2명 / 전문의 2명 / 일본어 응대 / 일본어 응대,서울시 강남구 테헤란로 101 와우성형외과의원,,화요일 10:00 ~ 19:00 / 수요일 10:00 ~ 19:00 / 목요일 10:00 ~ 19:00 / 금요일 10:00 ~ 19:00 / 토요일 10:00 ~ 15:00 / 일요일 휴진,0508-0353-5175
리프팅,레이저리프팅,리니어펌,https://www.yeoshin.co.kr/event/mobile/2214,청담 리프팅 명가 실속라인 리니어펌,https://d3gurpvil0se70.cloudfront.net/upfiles/images/product/rGocOQ8ZiSL6ZBBBLqdcCXdiL245.png?q=90&f=webp&w=1024,"#리프팅레이저
#타이트닝",9.7,후기 23,"275,000원",VAT 포함,"리니어펌
시술시간
20~40분
마취여부
크림마취
회복시간
약 3일
시술효과
약 1주 후",로렐의원,전문의 1명 / 전문의 1명 / 영어 응대 / 영어 응대 / 중국어 응대 / 중국어 응대 / 일본어 응대 / 일본어 응대,서울특별시 강남구 선릉로152길 17 (청담동) 7층,,화요일 10:00 ~ 19:00 (점심 13:00 ~ 14:00) / 수요일 10:00 ~ 19:00 (점심 13:00 ~ 14:00) / 목요일 10:00 ~ 20:30 (점심 13:00 ~ 14:00) / 금요일 10:00 ~ 20:30 (점심 13:00 ~ 14:00) / 토요일 10:00 ~ 17:00 / 일요일 휴진,0508-0353-5495
리프팅,레이저리프팅,리니어펌,https://www.yeoshin.co.kr/event/mobile/26322,리니어펌 HIFU 리프팅,https://d3gurpvil0se70.cloudfront.net/upfiles/images/product/rad4MFR44RZWTndepCAUFxaCkLT4.jpg?q=90&f=webp&w=1024,"#리프팅레이저
#타이트닝",,,"80,000원",VAT 포함,"리니어펌
시술시간
20~40분
마취여부
크림마취
회복시간
약 3일
시술효과
약 1주 후",비오한의원,사후관리 / 사후관리,경기도 성남시 수정구 위례서일로 46 (창곡동) 308호 비오한의원,"크림마취
수면마취
국소마취",화요일 10:00 ~ 20:00 (점심 13:00 ~ 14:00) / 수요일 10:00 ~ 20:00 (점심 13:00 ~ 14:00) / 목요일 10:00 ~ 20:00 (점심 13:00 ~ 14:00) / 금요일 10:00 ~ 20:00 (점심 13:00 ~ 14:00) / 토요일 10:00 ~ 15:00 / 일요일 휴진 / 공휴일: 오전 10:00 - 오후 16 : 00 (점심시간 별도 없음),050803535030
리프팅,레이저리프팅,리니어펌,https://www.yeoshin.co.kr/event/mobile/1887,리니어펌,https://d3gurpvil0se70.cloudfront.net/upfiles/images/product/bIHS4SkcZj6YpN6jzvZW99qI5R82.png?q=90&f=webp&w=1024,"#리프팅레이저
#타이트닝",9.8,후기 4,"132,000원",VAT 포함,"리니어펌
시술시간
40분
마취여부
크림마취
회복시간
3일
시술효과
1주 후",시온뷰티의원,,서울특별시 송파구 마천로 311 시온뷰티의원,크림마취,"화요일 10:00 ~ 20:00 (점심 13:00 ~ 14:00) / 수요일 휴진 / 목요일 10:00 ~ 20:00 (점심 13:00 ~ 14:00) / 금요일 10:00 ~ 19:00 (점심 13:00 ~ 14:00) / 토요일 10:00 ~ 17:00 (점심 13:00 ~ 14:00) / 일요일 휴진 / 매주 수요일 휴진,공휴일시 공휴일휴진",0508-0353-3030
리프팅,레이저리프팅,리니어펌,https://www.yeoshin.co.kr/event/mobile/8879,리니어펌,https://d3gurpvil0se70.cloudfront.net/upfiles/images/product/1316076228.jpg?q=90&f=webp&w=1024,"#리프팅레이저
#타이트닝",,,"99,000원",VAT 포함,"리니어펌
시술시간
40분
마취여부
크림마취
회복시간
3일
시술효과
2달 후",뷰티제이의원,,경상남도 창원시 마산회원구 양덕로 190 뷰티제이의원,,화요일 10:00 ~ 20:00 (점심 13:00 ~ 14:00) / 수요일 14:00 ~ 21:00 / 목요일 10:00 ~ 20:00 (점심 13:00 ~ 14:00) / 금요일 10:00 ~ 20:00 (점심 13:00 ~ 14:00) / 토요일 10:00 ~ 16:00 / 일요일 휴진,0508-0354-2500
리프팅,레이저리프팅,리니어펌,https://www.yeoshin.co.kr/event/mobile/11900,여드름 모공 여자피부과전문의,https://d3gurpvil0se70.cloudfront.net/upfiles/images/product/865955174.jpg?q=90&f=webp&w=1024,"#피부과 전문의
#리프팅레이저
#타이트닝",8,후기 1,,,"리니어펌
시술시간
20분
마취여부
냉각마취
회복시간
3일
시술효과
1주 후",글래시피부과의원,전문의 1명 / 전문의 1명,서울시 강남구 도산대로81길 51 -,,화요일 10:00 ~ 20:00 / 수요일 휴진 / 목요일 10:00 ~ 20:00 / 금요일 10:00 ~ 20:00 / 토요일 10:00 ~ 15:30 / 일요일 휴진,0508-0353-4138
리프팅,레이저리프팅,더블로리프팅,https://www.yeoshin.co.kr/event/mobile/13106,더블로골드,https://d3gurpvil0se70.cloudfront.net/upfiles/images/product/2167219410.jpg?q=90&f=webp&w=1024,"#리프팅레이저
#타이트닝",9.7,후기 141,"59,000원",VAT 포함,"더블로
시술시간
10분
마취여부
크림마취
회복시간
3일
시술효과
2~4주 후",라르떼의원(선릉점),,서울시 강남구 삼성동 141-35 라르떼의원(선릉점),,화요일 10:00 ~ 20:00 (점심 13:00 ~ 14:00) / 수요일 14:00 ~ 20:00 / 목요일 10:00 ~ 20:00 (점심 13:00 ~ 14:00) / 금요일 10:00 ~ 20:00 (점심 13:00 ~ 14:00) / 토요일 10:00 ~ 15:00 / 일요일 휴진,0508-0353-2227
리프팅,레이저리프팅,더블로리프팅,https://www.yeoshin.co.kr/event/mobile/16047,저통증 고탄력 더블로 골드 500샷,https://d3gurpvil0se70.cloudfront.net/upfiles/images/product/x0BnKzfcOx5haJcZwD644au5zD8A.jpg?q=90&f=webp&w=1024,"#리프팅레이저
#타이트닝",,,"440,000원",VAT 포함,"더블로
시술시간
30분
마취여부
크림마취
회복시간
3일
시술효과
2~4주 후",연세제이의원,,경기도 성남시 분당구 성남대로 168 연세제이의원,,화요일 10:00 ~ 20:00 (점심 13:00 ~ 14:00) / 수요일 10:00 ~ 18:00 (점심 13:00 ~ 14:00) / 목요일 10:00 ~ 19:00 (점심 13:00 ~ 14:00) / 금요일 10:00 ~ 20:00 (점심 13:00 ~ 14:00) / 토요일 09:00 ~ 13:00 / 일요일 휴진,0508-0354-0929
리프팅,레이저리프팅,더블로리프팅,https://www.yeoshin.co.kr/event/mobile/13224,더블로골드리프팅,https://d3gurpvil0se70.cloudfront.net/upfiles/images/product/4259821417.jpg?q=90&f=webp&w=1024,"#리프팅레이저
#타이트닝",,,"198,000원",VAT 포함,"더블로
시술시간
60분
마취여부
크림마취
회복시간
3일
시술효과
2~4주 후",더청담의원,,서울특별시 마포구 서강로 106 (신수동) 2층 더청담의원,크림마취,화요일 09:00 ~ 19:00 / 수요일 09:00 ~ 19:00 / 목요일 09:00 ~ 19:00 / 금요일 09:00 ~ 19:00 / 토요일 09:00 ~ 15:00 / 일요일 휴진,0508-0354-0492
리프팅,레이저리프팅,써펙트리프팅,https://www.yeoshin.co.kr/event/mobile/25669,리프팅(써펙트)+필링(쎄라필)+관리,https://d3gurpvil0se70.cloudfront.net/upfiles/images/product/060Zsdp0yAvVFxqIQIAj7uvNzRe3.jpg?q=90&f=webp&w=1024,"#리프팅레이저
#타이트닝",,,"450,000원",VAT 포함,"써펙트
시술시간
20분
마취여부
마취없음
회복시간
당일
시술효과
2~3달 후",지우의원,전문의 1명 / 전문의 1명 / 여의사 진료 / 여의사 진료 / 중국어 응대 / 중국어 응대 / 일본어 응대 / 일본어 응대,"서울시 강남구 테헤란로 107, 메디타워 14층 지우의원",,화요일 10:00 ~ 19:00 (점심 13:30 ~ 14:30) / 수요일 10:00 ~ 19:00 (점심 13:00 ~ 14:30) / 목요일 10:00 ~ 19:00 (점심 13:30 ~ 14:30) / 금요일 10:00 ~ 20:00 (점심 13:30 ~ 14:30) / 토요일 09:30 ~ 16:30 / 일요일 휴진,0508-0353-6852
리프팅,레이저리프팅,써펙트리프팅,https://www.yeoshin.co.kr/event/mobile/23549,써펙트 온리프 새살리프팅,https://d3gurpvil0se70.cloudfront.net/upfiles/images/product/LGFyhc0kZMthL5xywbbzrIWkCJz9.jpg?q=90&f=webp&w=1024,"#리프팅레이저
#타이트닝",10,후기 3,"119,900원",VAT 포함,"써펙트
시술시간
20분
마취여부
마취없음
회복시간
당일
시술효과
2~3달 후",온리프성형외과,전문의 1명 / 전문의 1명 / 영어 응대 / 영어 응대 / 중국어 응대 / 중국어 응대 / 일본어 응대 / 일본어 응대 / 피부진단기 F-RAY 촬영 > / 피부진단기 F-RAY 촬영 > / 피부진단기 F-RAY 촬영 >,서울특별시 서초구 강남대로 399 온리프성형외과,,화요일 11:00 ~ 20:00 / 수요일 11:00 ~ 20:00 / 목요일 11:00 ~ 20:00 / 금요일 11:00 ~ 21:00 / 토요일 10:00 ~ 17:00 / 일요일 휴진,0508-0353-1273
리프팅,레이저리프팅,써펙트리프팅,https://www.yeoshin.co.kr/event/mobile/15542,써펙트 탄력 리프팅,https://d3gurpvil0se70.cloudfront.net/upfiles/images/product/sQxn9UwkciEbxk79wuCKakVbDMM9.jpg?q=90&f=webp&w=1024,"#리프팅레이저
#타이트닝",10,후기 1,"200,000원",VAT 포함,"써펙트
시술시간
20분
마취여부
마취없음
회복시간
당일
시술효과
2~3달 후",더라인의원,전문의 1명 / 전문의 1명,경기도 평택시 소사5길 24 더라인의원,,화요일 09:30 ~ 19:00 (점심 12:30 ~ 13:00) / 수요일 09:00 ~ 13:00 / 목요일 09:30 ~ 19:00 (점심 13:00 ~ 14:00) / 금요일 09:30 ~ 19:00 (점심 13:00 ~ 14:00) / 토요일 09:00 ~ 13:00 / 일요일 휴진,0508-0354-0354
리프팅,레이저리프팅,써펙트리프팅,https://www.yeoshin.co.kr/event/mobile/17128,써펙트 리프팅,https://d3gurpvil0se70.cloudfront.net/upfiles/images/product/E4UrAmx1BdOEOa8OiExzEDAdKP05.png?q=90&f=webp&w=1024,"#리프팅레이저
#타이트닝",9.9,후기 10,"200,000원",VAT 포함,"써펙트
시술시간
20분
마취여부
마취없음
회복시간
당일
시술효과
2~3달 후",브라운아이의원,영어 응대 / 영어 응대,서울특별시 서초구 서초대로 310 (서초동) 소망빌딩 7층 (서초동 1673-10),"크림마취
국소마취",화요일 10:00 ~ 17:00 (점심 12:30 ~ 13:30) / 수요일 10:00 ~ 17:00 (점심 12:30 ~ 13:30) / 목요일 10:00 ~ 17:00 (점심 12:30 ~ 13:30) / 금요일 10:00 ~ 17:00 (점심 12:30 ~ 13:30) / 토요일 10:00 ~ 14:00 / 일요일 휴진,0508-0353-2675
리프팅,레이저리프팅,써펙트리프팅,https://www.yeoshin.co.kr/event/mobile/15889,아르의원_김해점) 써펙트,https://d3gurpvil0se70.cloudfront.net/upfiles/images/product/5YkHf5kXqJNQixmLFBjg18dZAkD.jpg?q=90&f=webp&w=1024,"#리프팅레이저
#타이트닝",,,"495,000원",VAT 포함,"써펙트
시술시간
20분
마취여부
마취없음
회복시간
당일
시술효과
2~3달 후",아르의원(김해점),,경상남도 김해시 가락로 19 (부원동) 아름다운 뉴욕 메디컬센터 3층,,화요일 10:00 ~ 21:00 (점심 13:00 ~ 14:00) / 수요일 10:00 ~ 19:00 (점심 13:00 ~ 14:00) / 목요일 10:00 ~ 19:00 (점심 13:00 ~ 14:00) / 금요일 10:00 ~ 21:00 (점심 13:00 ~ 14:00) / 토요일 10:00 ~ 15:00 / 일요일 휴진,0508-0354-2573
리프팅,레이저리프팅,써펙트리프팅,https://www.yeoshin.co.kr/event/mobile/15638,3단계올인원 리프팅 써펙트,https://d3gurpvil0se70.cloudfront.net/upfiles/images/product/lwbAgxCKfT1KxxEMGehiMa9DfBz.jpg?q=90&f=webp&w=1024,"#리프팅레이저
#타이트닝",9.6,후기 8,"430,000원",VAT 포함,"써펙트
시술시간
20분
마취여부
마취없음
회복시간
당일
시술효과
2~3달 후",동안중심의원,전문의 2명 / 전문의 2명,서울특별시 강남구 압구정로48길 26 (신사동) 동안중심의원,,화요일 10:00 ~ 19:00 (점심 13:00 ~ 14:00) / 수요일 10:00 ~ 19:00 (점심 13:00 ~ 14:00) / 목요일 10:00 ~ 19:00 (점심 13:00 ~ 14:00) / 금요일 12:00 ~ 21:00 / 토요일 10:00 ~ 16:00 / 일요일 휴진,0508-0353-9614
리프팅,레이저리프팅,피팅,https://www.yeoshin.co.kr/event/mobile/22162,피팅_팔뚝지방흡입,https://d3gurpvil0se70.cloudfront.net/upfiles/images/product/Y5E2QmQfuPnoDCbY9UfXLCWIYtS6.png?q=90&f=webp&w=1024,"#바디지방개선
#바디라인개선",,,,,"지방흡입
시술시간
1~2시간
마취여부
수면
회복시간
1~2주
시술효과
유동적",피팅의원,전문의 1명 / 전문의 1명 / 수술실 CCTV / 수술실 CCTV / 응급처치 시스템 / 응급처치 시스템 / 기본 입원실 / 기본 입원실 / 사후관리 / 사후관리,서울특별시 강남구 도산대로 124 (논현동) 대영빌딩 2층(피팅의원),"수면마취
전신마취",화요일 10:30 ~ 19:30 / 수요일 10:30 ~ 19:30 / 목요일 10:30 ~ 19:30 / 금요일 10:30 ~ 19:30 / 토요일 10:00 ~ 16:00 / 일요일 휴진,0508-0353-6133
리프팅,레이저리프팅,피팅,https://www.yeoshin.co.kr/event/mobile/22161,피팅_복부지방흡입,https://d3gurpvil0se70.cloudfront.net/upfiles/images/product/RVQewb0JQqY0qZsoeKIlYprV0613.png?q=90&f=webp&w=1024,"#바디지방개선
#바디라인개선",,,,,"지방흡입
시술시간
1~2시간
마취여부
수면마취
회복시간
1~2주
시술효과
유동적",피팅의원,전문의 1명 / 전문의 1명 / 수술실 CCTV / 수술실 CCTV / 응급처치 시스템 / 응급처치 시스템 / 기본 입원실 / 기본 입원실 / 사후관리 / 사후관리,서울특별시 강남구 도산대로 124 (논현동) 대영빌딩 2층(피팅의원),"수면마취
전신마취",화요일 10:30 ~ 19:30 / 수요일 10:30 ~ 19:30 / 목요일 10:30 ~ 19:30 / 금요일 10:30 ~ 19:30 / 토요일 10:00 ~ 16:00 / 일요일 휴진,0508-0353-6133
리프팅,레이저리프팅,피팅,https://www.yeoshin.co.kr/event/mobile/26874,리프팅 레이저 : 피팅,https://d3gurpvil0se70.cloudfront.net/upfiles/images/product/BCSsY7dCaOQRIgyIx6F86Sc22cF7.jpg?q=90&f=webp&w=1024,"#리프팅레이저
#얼굴지방개선
#바디지방개선",10,후기 1,"495,000원",VAT 포함,"피팅
시술시간
10분
마취여부
마취없음
회복시간
당일
시술효과
당일",벨로아의원,전문의 1명 / 전문의 1명 / 여의사 진료 / 여의사 진료 / 사후관리 / 사후관리,"서울특별시 강동구 양재대로89가길 29 (성내동) 3층 301호(성내동, 치탑빌딩)",크림마취,화요일 10:00 ~ 20:30 (점심 13:00 ~ 14:00) / 수요일 10:00 ~ 19:00 (점심 13:00 ~ 14:00) / 목요일 10:00 ~ 20:30 (점심 13:00 ~ 14:00) / 금요일 10:00 ~ 19:00 (점심 13:00 ~ 14:00) / 토요일 09:30 ~ 14:30 / 일요일 휴진,050803543291
리프팅,레이저리프팅,피팅,https://www.yeoshin.co.kr/event/mobile/20478,피팅리프팅,https://d3gurpvil0se70.cloudfront.net/upfiles/images/product/ywyiMveLxDtcweEaXB7xKN006GW1.jpg?q=90&f=webp&w=1024,"#리프팅레이저
#얼굴지방개선
#바디지방개선",,,"385,000원",VAT 포함,"피팅
시술시간
10분
마취여부
마취없음
회복시간
당일
시술효과
당일",마노필의원,전문의 1명 / 전문의 1명,"부산광역시 부산진구 가야대로784번길 29 (부전동) 4,5층",,화요일 10:00 ~ 20:00 (점심 13:00 ~ 14:00) / 수요일 10:00 ~ 20:00 (점심 13:00 ~ 14:00) / 목요일 10:00 ~ 20:00 (점심 13:00 ~ 14:00) / 금요일 10:00 ~ 20:00 (점심 13:00 ~ 14:00) / 토요일 10:00 ~ 15:30 / 일요일 휴진,0508-0353-1040
리프팅,레이저리프팅,피팅,https://www.yeoshin.co.kr/event/mobile/27532,"저자극,저통증 피팅리프팅",https://d3gurpvil0se70.cloudfront.net/upfiles/images/product/yFmZBI57ZwBvXbQnul7JHkxn6pF7.png?q=90&f=webp&w=1024,"#리프팅레이저
#얼굴지방개선
#바디지방개선",,,"323,400원",VAT 포함,"피팅
시술시간
10분
마취여부
마취없음
회복시간
당일
시술효과
당일",모리프한의원,여의사 진료 / 여의사 진료,광주광역시 서구 상무중앙로 43 (치평동) 212호,크림마취,화요일 08:00 ~ 21:00 (점심 13:00 ~ 14:00) / 수요일 08:00 ~ 21:00 (점심 13:00 ~ 14:00) / 목요일 08:00 ~ 21:00 (점심 13:00 ~ 14:00) / 금요일 08:00 ~ 21:00 (점심 13:00 ~ 14:00) / 토요일 08:00 ~ 18:00 (점심 13:00 ~ 14:00) / 일요일 08:00 ~ 18:00 (점심 13:00 ~ 14:00),050803543438
리프팅,레이저리프팅,피팅,https://www.yeoshin.co.kr/event/mobile/27028,저통증 리프팅 피팅,https://d3gurpvil0se70.cloudfront.net/upfiles/images/product/VYx2QhnQbcammPsSORpOP6VmlAW4.jpg?q=90&f=webp&w=1024,"#리프팅레이저
#얼굴지방개선
#바디지방개선",,,"250,000원",VAT 포함,"피팅
시술시간
10분
마취여부
마취없음
회복시간
당일
시술효과
당일",핑슬림의원,영어 응대 / 영어 응대,서울특별시 서초구 강남대로 212 (양재동) 보은빌딩 8층,,화요일 10:00 ~ 19:00 (점심 13:00 ~ 14:00) / 수요일 10:00 ~ 19:00 (점심 13:00 ~ 14:00) / 목요일 10:00 ~ 19:00 (점심 13:00 ~ 14:00) / 금요일 10:00 ~ 21:00 (점심 13:00 ~ 14:00) / 토요일 10:00 ~ 16:00 (점심 13:00 ~ 14:00) / 일요일 휴진,0508-0353-6230
리프팅,레이저리프팅,쿨페이즈,https://www.yeoshin.co.kr/event/mobile/26606,BTQ 쿨페이즈 특가,https://d3gurpvil0se70.cloudfront.net/upfiles/images/product/JDNpXOgL395Frus88j7rcD3gd877.jpg?q=90&f=webp&w=1024,"#리프팅레이저
#타이트닝",9.9,후기 8,"690,000원",VAT 포함,"쿨페이즈
시술시간
20~30분
마취여부
마취없음
회복시간
약 1~3일
시술효과
1개월 후",비티큐의원,전문의 1명 / 전문의 1명 / 여의사 진료 / 여의사 진료 / 전담회복실 / 전담회복실 / 중국어 응대 / 중국어 응대 / 피부진단기 F-RAY 촬영 > / 피부진단기 F-RAY 촬영 > / 피부진단기 F-RAY 촬영 >,"서울특별시 강남구 선릉로90길 48 (대치동) 2,3,4층","크림마취
가글마취
비수면 무통마취
국소마취",화요일 10:00 ~ 20:00 / 수요일 10:00 ~ 20:00 / 목요일 10:00 ~ 20:00 / 금요일 10:00 ~ 20:00 / 토요일 10:00 ~ 16:00 / 일요일 휴진 / 공휴일 : 10:00 ~ 16:00,050803542323
리프팅,레이저리프팅,쿨페이즈,https://www.yeoshin.co.kr/event/mobile/22268,쿨페이즈 300샷 & 쿨테라 프로그램,https://d3gurpvil0se70.cloudfront.net/upfiles/images/product/lKkG17QsQj5u2oufzDSEVtn3DXo.jpg?q=90&f=webp&w=1024,"#리프팅레이저
#타이트닝",10,후기 1,"700,000원",VAT 포함,"쿨페이즈
시술시간
20~30분
마취여부
마취없음
회복시간
약 1~3일
시술효과
1개월 후",허쉬성형외과의원,전문의 2명 / 전문의 2명 / 수술실 CCTV / 수술실 CCTV / 응급처치 시스템 / 응급처치 시스템 / 분야별 협진 / 분야별 협진 / 기본 입원실 / 기본 입원실 / 전담회복실 / 전담회복실 / 사후관리 / 사후관리 / 영어 응대 / 영어 응대 / 중국어 응대 / 중국어 응대 / 일본어 응대 / 일본어 응대,"서울특별시 강남구 삼성로 730, 2~4층 (청담동) 허쉬성형외과",,화요일 10:00 ~ 19:00 / 수요일 10:00 ~ 19:00 / 목요일 10:00 ~ 19:00 / 금요일 10:00 ~ 19:00 / 토요일 10:00 ~ 16:00 / 일요일 휴진 / 공휴일 휴진,0508-0353-9471
리프팅,레이저리프팅,쿨페이즈,https://www.yeoshin.co.kr/event/mobile/23112,통증DOWN 리프팅 효과 쿨페이즈,https://d3gurpvil0se70.cloudfront.net/upfiles/images/product/CB32BPjVB9rwVUT0KMFHPhircZb6.png?q=90&f=webp&w=1024,"#리프팅레이저
#타이트닝",,,"407,000원",VAT 포함,"쿨페이즈
시술시간
20~30분
마취여부
마취없음
회복시간
약 1~3일
시술효과
1개월 후",뷰티젠의원(하남),사후관리 / 사후관리,경기도 하남시 위례대로 256 (학암동) 3층 302호,,화요일 10:00 ~ 19:00 (점심 13:00 ~ 14:00) / 수요일 휴진 / 목요일 10:00 ~ 19:00 (점심 13:00 ~ 14:00) / 금요일 10:00 ~ 20:00 (점심 13:00 ~ 14:00) / 토요일 10:00 ~ 16:00 / 일요일 휴진,0508-0353-7520
리프팅,레이저리프팅,HIFU,https://www.yeoshin.co.kr/event/mobile/25704,오푸스 HIFU 타이트닝 리프팅,https://d3gurpvil0se70.cloudfront.net/upfiles/images/product/k4JNs96i6xOzxUGpWcGzpwvgkjG7.png?q=90&f=webp&w=1024,"#리프팅레이저
#타이트닝",,,"150,000원",VAT 포함,"리프팅레이저
시술시간
40~60분
마취여부
크림마취
회복시간
약 3일
시술효과
2~3달 후",강녕한의원,피부진단기 F-RAY 촬영 > / 피부진단기 F-RAY 촬영 > / 피부진단기 F-RAY 촬영 >,경기도 안양시 동안구 관악대로 387 (관양동) 3층,,화요일 09:00 ~ 20:30 (점심 13:00 ~ 14:00) / 수요일 09:00 ~ 20:30 (점심 13:00 ~ 14:00) / 목요일 09:00 ~ 20:30 (점심 13:00 ~ 14:00) / 금요일 09:00 ~ 20:30 (점심 13:00 ~ 14:00) / 토요일 09:00 ~ 16:00 / 일요일 09:00 ~ 14:00 / 공휴일: 오전9시~ 오후6시 (점심시간1~2시),050803557121
리프팅,레이저리프팅,HIFU,https://www.yeoshin.co.kr/event/mobile/26322,리니어펌 HIFU 리프팅,https://d3gurpvil0se70.cloudfront.net/upfiles/images/product/rad4MFR44RZWTndepCAUFxaCkLT4.jpg?q=90&f=webp&w=1024,"#리프팅레이저
#타이트닝",,,"80,000원",VAT 포함,"리니어펌
시술시간
20~40분
마취여부
크림마취
회복시간
약 3일
시술효과
약 1주 후",비오한의원,사후관리 / 사후관리,경기도 성남시 수정구 위례서일로 46 (창곡동) 308호 비오한의원,"크림마취
수면마취
국소마취",화요일 10:00 ~ 20:00 (점심 13:00 ~ 14:00) / 수요일 10:00 ~ 20:00 (점심 13:00 ~ 14:00) / 목요일 10:00 ~ 20:00 (점심 13:00 ~ 14:00) / 금요일 10:00 ~ 20:00 (점심 13:00 ~ 14:00) / 토요일 10:00 ~ 15:00 / 일요일 휴진 / 공휴일: 오전 10:00 - 오후 16 : 00 (점심시간 별도 없음),050803535030
