event_url,대분류,중분류,소분류,treatment_name,treatment_hashtags,main_image_url,rating,review_count,original_price,selling_price,vat_info,hospital_name,hospital_address,hospital_info,treatment_description,option_info,target_group,procedure_info,procedure_qna,downtime_info,side_effect_info,anesthesia_info,opening_hours,병원_연락처(안심번호)
https://www.yeoshin.co.kr/event/mobile/16693,,,,울쎄라 리프팅 편안한 케어,"#리프팅레이저
#타이트닝",https://d3gurpvil0se70.cloudfront.net/upfiles/images/product/IHI7Jba1PF5BnV3lyDxqKhHWwpc6.jpg?q=90&f=webp&w=1024,9.8,6.0,790000.0,783000,VAT 포함,세가지소원의원(압구정),서울특별시 강남구 논현로 824 세가지소원의원(압구정)주소복사,영어 응대 중국어 응대 일본어 응대,,VAT 포함,,,,울쎄라 시술시간 30~60분 마취여부 수면마취 회복시간 약 1주 시술효과 4~8주 후,,,수요일 10:00 ~ 19:00 / 목요일 10:00 ~ 20:00 / 금요일 10:00 ~ 19:00 / 토요일 10:00 ~ 17:00 / 일요일 휴진 / 월요일 10:00 ~ 19:00,0508-0353-5028
https://www.yeoshin.co.kr/event/mobile/25183,,,,대구 더올림 울쎄라 300샷,"#리프팅레이저
#타이트닝",https://d3gurpvil0se70.cloudfront.net/upfiles/images/product/0DHERngeEgdKrwz81QdyeyKkQi5A.jpg?q=90&f=webp&w=1024,9.5,2.0,770000.0,763000,VAT 포함,더올림성형외과의원,크림마취,전문의 1명 여의사 진료 사후관리,울쎄라 #고강도초음파 #리프팅레이저 고강도의 초음파 에너지를 피부 근막층에 도달시켜 늘어진 피부 조직을 수축하는 리프팅 시술입니다 #탄력개선 늘어진 피부에 강한 열 응고점을 만들어 수축시켜 강력한 리프팅 효과를 기대할 수 있습니다 #실시간피부영상 #정밀시술 의료인이 직접 초음파 영상기술을 통해 피부 구조를 눈으로 확인하며 한땀한땀 정밀하게 시술합니다 권장주기 6~12개월 / 3회 시술,VAT 포함,처진 피부와 팔자주름이 고민인 분 / 강력한 리프팅 효과를 원하는 분 / 피부의 전체적인 탄력 개선을 원하는 분 / 두툼한 이중턱이 고민인 분,,,울쎄라 시술시간 30~60분 마취여부 크림마취 회복시간 약 1주 시술효과 4~8주 후,,크림마취 수면마취,수요일 10:00 ~ 19:00 / 목요일 10:00 ~ 19:00 / 금요일 10:00 ~ 19:00 / 토요일 10:00 ~ 16:00 / 일요일 휴진 / 월요일 10:00 ~ 19:00,050803531308
https://www.yeoshin.co.kr/event/mobile/27687,,,,프라임 온쎄라_울쎄라피 프라임 & 온다,"#리프팅레이저
#타이트닝",https://d3gurpvil0se70.cloudfront.net/upfiles/images/product/BN86sckuu5LOqn7DsT1zqd5rLGmA.png?q=90&f=webp&w=1024,,,1419000.0,1412000,VAT 포함,뷰티블라썸의원,"서울특별시 마포구 양화로 66 (서교동) 5층,6층주소복사",여의사 진료 사후관리 영어 응대 중국어 응대 일본어 응대,,VAT 포함,,,,울쎄라피프라임 시술시간 30~60분 마취여부 크림마취 회복시간 약 1~3일 시술효과 1~2개월,,,수요일 10:00 ~ 20:00 / 목요일 10:00 ~ 20:00 / 금요일 10:00 ~ 20:00 / 토요일 10:00 ~ 16:30 / 일요일 10:00 ~ 16:30 / 월요일 10:00 ~ 20:00 / 대체 공휴일 진료,0508-0353-9342
https://www.yeoshin.co.kr/event/mobile/5421,,,,정품정량 울쎄라피 프라임 리프팅 100샷,"#리프팅레이저
#타이트닝",https://d3gurpvil0se70.cloudfront.net/upfiles/images/product/WddrJAlUmxmP9KpT3AHJVrxrZtE.jpg?q=90&f=webp&w=1024,9.1,54.0,,378000,,온리프성형외과,서울특별시 서초구 강남대로 399 온리프성형외과주소복사,전문의 1명 영어 응대 중국어 응대 일본어 응대 피부진단기 F-RAY 촬영 >,,,,,,울쎄라피프라임 시술시간 30~60분 마취여부 크림마취 회복시간 약 1~3일 시술효과 1~2개월,,,수요일 11:00 ~ 20:00 / 목요일 11:00 ~ 20:00 / 금요일 11:00 ~ 21:00 / 토요일 10:00 ~ 17:00 / 일요일 휴진 / 월요일 11:00 ~ 20:00,0508-0353-1273
https://www.yeoshin.co.kr/event/mobile/26604,,,,BTQ 울쎄라 리프팅 특가,"#리프팅레이저
#타이트닝",https://d3gurpvil0se70.cloudfront.net/upfiles/images/product/xBnoWqgZNAmqePfFLFAHxUmvXyW8.png?q=90&f=webp&w=1024,10.0,7.0,1250000.0,1243000,VAT 포함,비티큐의원,크림마취,전문의 1명 여의사 진료 전담회복실 중국어 응대 피부진단기 F-RAY 촬영 >,울쎄라 #고강도초음파 #피부깊은곳까지 고강도의 초음파 에너지를 피부 근막층에 도달시켜 늘어진 피부 조직을 수축 #강력한리프팅 #탄력개선 노화로 늘어진 피부에 강한 열 응고점을 만들어 수축시켜 강력한 리프팅 효과 #실시간확인 #정밀시술 초음파 영상기술을 통해 피부 깊이 및 구조를 눈으로 확인해 정밀한 시술 가능,VAT 포함,강력한 리프팅 효과를 원하는 분 / 늘어지고 처진 피부의 리프팅을 원하는 분 / 피부의 전체적인 탄력 개선을 원하는 분 / 피부탄력 효과를 길게 느끼고 싶은 분,,"기존 리프팅 시술과 다른 점이 무엇인가요? 울쎄라는 초음파 영상으로 시술부위를 보여주고, 동시에 치료도 할 수 있는 장비로 비교적 안전하고 만족스러운 결과를 기대할 수 있습니다. 시술이 아프지 않나요? 적은 에너지로 충분한 치료가 가능하며 효과를 낼 수 있기 때문에 통증이 줄어들어 편안하게 시술을 받으실수 있습니다.",울쎄라 시술시간 30~60분 마취여부 크림마취 회복시간 약 1주 시술효과 4~8주 후,"주의사항 1 일시적으로 턱 주변이 붓거나 입 움직임이 불편할 수 있습니다. 2 시술 후 시술 부위를 강하게 마사지하거나 누르지 말아주세요. 3 시술 후 붉은 기, 붓기가 일시적으로 나타날 수 있습니다.",크림마취 가글마취 비수면 무통마취 국소마취,수요일 10:00 ~ 20:00 / 목요일 10:00 ~ 20:00 / 금요일 10:00 ~ 20:00 / 토요일 10:00 ~ 16:00 / 일요일 휴진 / 월요일 10:00 ~ 20:00 / 공휴일 : 10:00 ~ 16:00,050803542323
https://www.yeoshin.co.kr/event/mobile/20567,,,,탄방동 프리미엄 리프팅 울쎄라 100샷,"#리프팅레이저
#타이트닝",https://d3gurpvil0se70.cloudfront.net/upfiles/images/product/rYbt89JyzYtmsmAbC6tRrPQ9sTe8.png?q=90&f=webp&w=1024,,,363000.0,356000,VAT 포함,닥터쁘띠의원(대전점),대전광역시 서구 문정로48번길 70 (탄방동) 우리병원건물 2층 닥터쁘띠의원 대전점 주소복사,여의사 진료,울쎄라 #고강도초음파 #피부깊은곳까지 고강도의 초음파 에너지를 피부 근막층에 도달시켜 늘어진 피부 조직을 수축 #강력한리프팅 #탄력개선 노화로 늘어진 피부에 강한 열 응고점을 만들어 수축시켜 강력한 리프팅 효과 #실시간확인 #정밀시술 초음파 영상기술을 통해 피부 깊이 및 구조를 눈으로 확인해 정밀한 시술 가능 권장주기 6~12개월 / 3회 시술,VAT 포함,처진 피부와 팔자주름이 고민인 분 / 강력한 리프팅 효과를 원하는 분 / 피부의 전체적인 탄력 개선을 원하는 분 / 두툼한 이중턱이 고민인 분,시술 특장점 피부 속 깊이 초음파 에너지 전달 피부 속 깊이 SMAS층에만 초음파 에너지를 집중 전달합니다. 피부 조직 리모델링 촉진 장기간 조직 리모델링을 촉진하고 탄력 개선 지속 효과가 있습니다. 초음파 영상기술으로 정밀한 시술 실시간 초음파 영상기술을 통해 피부 깊이 및 구조를 확인하며 시술이 가능합니다.,"기존 리프팅 시술과 다른 점이 무엇인가요? 울쎄라는 초음파 영상으로 시술부위를 보여주고, 동시에 치료도 할 수 있는 장비로 비교적 안전하고 만족스러운 결과를 기대할 수 있습니다. 시술이 아프지 않나요? 적은 에너지로 충분한 치료가 가능하며 효과를 낼 수 있기 때문에 통증이 줄어들어 편안하게 시술을 받으실수 있습니다.",울쎄라 시술시간 30~60분 마취여부 크림마취 회복시간 약 1주 시술효과 4~8주 후,"주의사항 1 일시적으로 턱 주변이 붓거나 입 움직임이 불편할 수 있습니다. 2 시술 후 시술 부위를 강하게 마사지하거나 누르지 말아주세요. 3 시술 후 붉은 기, 붓기가 일시적으로 나타날 수 있습니다.",,수요일 10:00 ~ 20:00 (점심 13:00 ~ 14:00) / 목요일 10:00 ~ 20:00 (점심 13:00 ~ 14:00) / 금요일 10:00 ~ 20:00 (점심 13:00 ~ 14:00) / 토요일 10:00 ~ 16:30 / 일요일 휴진 / 월요일 10:00 ~ 20:00 (점심 13:00 ~ 14:00) / *공휴일 : 10:00 ~ 17:00,0508-0353-0924
https://www.yeoshin.co.kr/event/mobile/18540,,,,여배우리프팅 상륙! 울쎄라써마지티타늄리프팅,"#리프팅레이저
#타이트닝",https://d3gurpvil0se70.cloudfront.net/upfiles/images/product/cKYp59v7ZkbxxphS8ToUUVBOJvB7.jpg?q=90&f=webp&w=1024,9.6,73.0,590000.0,583000,VAT 포함,로렐의원,서울특별시 강남구 선릉로152길 17 (청담동) 7층주소복사,전문의 1명 영어 응대 중국어 응대 일본어 응대,,VAT 포함,,,,티타늄 시술시간 20분 마취여부 마취없음 회복시간 당일 시술효과 2~4주 후,,,수요일 10:00 ~ 19:00 (점심 13:00 ~ 14:00) / 목요일 10:00 ~ 20:30 (점심 13:00 ~ 14:00) / 금요일 10:00 ~ 20:30 (점심 13:00 ~ 14:00) / 토요일 10:00 ~ 17:00 / 일요일 휴진 / 월요일 10:00 ~ 19:00 (점심 13:00 ~ 14:00),0508-0353-5495
https://www.yeoshin.co.kr/event/mobile/21364,,,,"정품정샷울쎄라(전문의,정품인증)","#리프팅레이저
#타이트닝",https://d3gurpvil0se70.cloudfront.net/upfiles/images/product/MCu44DXkivi4OOEdjr57mCGSiBl5.jpg?q=90&f=webp&w=1024,9.7,20.0,335000.0,328000,VAT 포함,청담란셀의원,서울특별시 강남구 봉은사로 325 (논현동) 라임타워 2층주소복사,전문의 1명 여의사 진료,울쎄라 #리프팅#강남리프팅#강남울쎄라 고강도의 초음파 에너지를 피부 근막층에 도달시켜 늘어진 피부 조직을 수축 #강력한리프팅 #탄력개선#강남리프팅 노화로 늘어진 피부에 강한 열 응고점을 만들어 수축시켜 강력한 리프팅 효과 #실시간확인 #정밀시술#강남울쎄라 초음파 영상기술을 통해 피부 깊이 및 구조를 눈으로 확인해 정밀한 시술 가능 권장주기 6~12개월 / 3회 시술,VAT 포함,처진 피부와 팔자주름이 고민인 분 / 강력한 리프팅 효과를 원하는 분 / 피부의 전체적인 탄력 개선을 원하는 분 / 두툼한 이중턱이 고민인 분,,,울쎄라 시술시간 30~60분 마취여부 크림마취 회복시간 약 1주 시술효과 4~8주 후,,,수요일 10:00 ~ 16:00 / 목요일 10:00 ~ 19:00 / 금요일 10:00 ~ 19:00 / 토요일 10:00 ~ 16:00 / 일요일 휴진 / 월요일 10:00 ~ 19:00,0508-0353-5927
https://www.yeoshin.co.kr/event/mobile/23106,,,,UP! 강력 초음파 리프팅_울쎄라피 프라임,"#리프팅레이저
#타이트닝",https://d3gurpvil0se70.cloudfront.net/upfiles/images/product/pOzeEtnQr0WgZyJa5HoqrpKN0mU9.png?q=90&f=webp&w=1024,10.0,3.0,1199000.0,1192000,VAT 포함,뷰티블라썸의원,"서울특별시 마포구 양화로 66 (서교동) 5층,6층주소복사",여의사 진료 사후관리 영어 응대 중국어 응대 일본어 응대,,VAT 포함,,,,울쎄라피프라임 시술시간 30~60분 마취여부 크림마취 회복시간 약 1~3일 시술효과 1~2개월,,,수요일 10:00 ~ 20:00 / 목요일 10:00 ~ 20:00 / 금요일 10:00 ~ 20:00 / 토요일 10:00 ~ 16:30 / 일요일 10:00 ~ 16:30 / 월요일 10:00 ~ 20:00 / 대체 공휴일 진료,0508-0353-9342
https://www.yeoshin.co.kr/event/mobile/26166,,,,신상 울쎄라피 프라임,"#피부과 전문의
#리프팅레이저
#타이트닝",https://d3gurpvil0se70.cloudfront.net/upfiles/images/product/KNMj6n6Dphe82yibXw2FiKDW4BrA.jpg?q=90&f=webp&w=1024,,,1290000.0,1283000,VAT 포함,신상성형외과의원,"서울특별시 강남구 도산대로 150 (논현동) 5층,6층 신상성형외과의원주소복사",전문의 6명,,VAT 포함,,,,울쎄라피프라임 시술시간 30~60분 마취여부 크림마취 회복시간 약 1~3일 시술효과 1~2개월,,,수요일 10:00 ~ 19:00 / 목요일 10:00 ~ 19:00 / 금요일 10:00 ~ 21:00 / 토요일 10:00 ~ 17:00 / 일요일 휴진 / 월요일 10:00 ~ 19:00 / [접수마감] 월~목 : 18시 / 금 : 20시 / 토 16시,0508-0353-5883
https://www.yeoshin.co.kr/event/mobile/25842,,,,대표원장 1:1 디자인 리프팅 울쎄라,"#리프팅레이저
#타이트닝",https://d3gurpvil0se70.cloudfront.net/upfiles/images/product/Ci9jU3Zr0iJoY8DLuzdhid2Y3st2.png?q=90&f=webp&w=1024,5.0,2.0,,278000,,베르미의원/한의원,서울특별시 강남구 영동대로 722 (청담동) 풍양빌딩 2층 (청담동) 주소복사,수술실 CCTV 분야별 협진 일본어 응대,울쎄라 #고강도초음파 #피부깊은곳까지 고강도의 초음파 에너지를 피부 근막층에 도달시켜 늘어진 피부 조직을 수축 #강력한리프팅 #탄력개선 노화로 늘어진 피부에 강한 열 응고점을 만들어 수축시켜 강력한 리프팅 효과 #실시간확인 #정밀시술 초음파 영상기술을 통해 피부 깊이 및 구조를 눈으로 확인해 정밀한 시술 가능 권장주기 6~12개월 / 3회 시술,,처진 피부와 팔자주름이 고민인 분 / 강력한 리프팅 효과를 원하는 분 / 피부의 전체적인 탄력 개선을 원하는 분 / 두툼한 이중턱이 고민인 분,시술 특장점 피부 속 깊이 초음파 에너지 전달 피부 속 깊이 SMAS층에만 초음파 에너지를 집중 전달합니다. 피부 조직 리모델링 촉진 장기간 조직 리모델링을 촉진하고 탄력 개선 지속 효과가 있습니다. 초음파 영상기술으로 정밀한 시술 실시간 초음파 영상기술을 통해 피부 깊이 및 구조를 확인하며 시술이 가능합니다.,"기존 리프팅 시술과 다른 점이 무엇인가요? 울쎄라는 초음파 영상으로 시술부위를 보여주고, 동시에 치료도 할 수 있는 장비로 비교적 안전하고 만족스러운 결과를 기대할 수 있습니다. 시술이 아프지 않나요? 적은 에너지로 충분한 치료가 가능하며 효과를 낼 수 있기 때문에 통증이 줄어들어 편안하게 시술을 받으실수 있습니다.",울쎄라 시술시간 30~60분 마취여부 크림마취 회복시간 약 1주 시술효과 4~8주 후,"주의사항 1 일시적으로 턱 주변이 붓거나 입 움직임이 불편할 수 있습니다. 2 시술 후 시술 부위를 강하게 마사지하거나 누르지 말아주세요. 3 시술 후 붉은 기, 붓기가 일시적으로 나타날 수 있습니다.",,수요일 10:00 ~ 19:00 (점심 13:00 ~ 14:00) / 목요일 10:00 ~ 19:00 (점심 13:00 ~ 14:00) / 금요일 10:00 ~ 20:00 (점심 13:00 ~ 14:00) / 토요일 10:00 ~ 16:00 / 일요일 휴진 / 월요일 10:00 ~ 19:00 (점심 13:00 ~ 14:00),0508-0353-7622
https://www.yeoshin.co.kr/event/mobile/21917,,,,인천 구월동 프리미엄 울쎄라 100샷,"#리프팅레이저
#타이트닝",https://d3gurpvil0se70.cloudfront.net/upfiles/images/product/p9wCaKODqebb5iGR561lEQYrpZl3.png?q=90&f=webp&w=1024,,,319000.0,312000,VAT 포함,닥터쁘띠의원(인천구월점),크림마취,여의사 진료 사후관리,울쎄라 #고강도초음파 #피부깊은곳까지 고강도의 초음파 에너지를 피부 근막층에 도달시켜 늘어진 피부 조직을 수축 #강력한리프팅 #탄력개선 노화로 늘어진 피부에 강한 열 응고점을 만들어 수축시켜 강력한 리프팅 효과 #실시간확인 #정밀시술 초음파 영상기술을 통해 피부 깊이 및 구조를 눈으로 확인해 정밀한 시술 가능 권장주기 6~12개월 / 3회 시술,VAT 포함,처진 피부와 팔자주름이 고민인 분 / 강력한 리프팅 효과를 원하는 분 / 피부의 전체적인 탄력 개선을 원하는 분 / 두툼한 이중턱이 고민인 분,,,울쎄라 시술시간 30~60분 마취여부 크림마취 회복시간 약 1주 시술효과 4~8주 후,,크림마취 비수면 무통마취 국소마취,수요일 10:30 ~ 20:30 / 목요일 10:30 ~ 20:30 / 금요일 10:30 ~ 20:30 / 토요일 10:30 ~ 17:00 / 일요일 10:30 ~ 17:00 / 월요일 10:30 ~ 20:30,0508-0353-0764
https://www.yeoshin.co.kr/event/mobile/27778,,,,뉴엘라인 울쎄라 리프팅,"#리프팅레이저
#타이트닝",https://d3gurpvil0se70.cloudfront.net/upfiles/images/product/XNc1yJPea8DYohAvlJSxlO52bwG7.jpg?q=90&f=webp&w=1024,,,363000.0,356000,VAT 포함,뉴엘라인의원,크림마취,전문의 1명 여의사 진료 마취과의 진료 수술실 CCTV,울쎄라 #고강도초음파 #피부깊은곳까지 고강도의 초음파 에너지를 피부 근막층에 도달시켜 늘어진 피부 조직을 수축 #강력한리프팅 #탄력개선 노화로 늘어진 피부에 강한 열 응고점을 만들어 수축시켜 강력한 리프팅 효과 #실시간확인 #정밀시술 초음파 영상기술을 통해 피부 깊이 및 구조를 눈으로 확인해 정밀한 시술 가능 권장주기 6~12개월 / 3회 시술,VAT 포함,처진 피부와 팔자주름이 고민인 분 / 강력한 리프팅 효과를 원하는 분 / 피부의 전체적인 탄력 개선을 원하는 분 / 두툼한 이중턱이 고민인 분,,,울쎄라 시술시간 30~60분 마취여부 크림마취 회복시간 약 1주 시술효과 4~8주 후,,크림마취 수면마취,수요일 11:00 ~ 20:00 (점심 14:00 ~ 15:00) / 목요일 11:00 ~ 20:00 (점심 14:00 ~ 15:00) / 금요일 11:00 ~ 21:00 (점심 14:00 ~ 15:00) / 토요일 11:00 ~ 16:00 / 일요일 휴진 / 월요일 11:00 ~ 20:00 (점심 14:00 ~ 15:00),0508-0353-1719
https://www.yeoshin.co.kr/event/mobile/27652,,,,리앤영 울쎄라피 프라임 300샷,"#리프팅레이저
#타이트닝",https://d3gurpvil0se70.cloudfront.net/upfiles/images/product/gyIjoTlpaSKLfBxzYZA7qv6hSB95.jpg?q=90&f=webp&w=1024,,,1199000.0,1192000,VAT 포함,리앤영의원(강남점),서울특별시 서초구 강남대로 415 대동빌딩 6층주소복사,전문의 3명,,VAT 포함,,,,울쎄라피프라임 시술시간 30~60분 마취여부 크림마취 회복시간 약 1~3일 시술효과 1~2개월,,,수요일 14:00 ~ 21:00 / 목요일 10:00 ~ 19:00 (점심 13:00 ~ 14:00) / 금요일 10:00 ~ 21:00 (점심 13:00 ~ 14:00) / 토요일 10:00 ~ 16:00 (점심 13:00 ~ 14:00) / 일요일 휴진 / 월요일 10:00 ~ 19:00 (점심 13:00 ~ 14:00),0508-0354-0401
https://www.yeoshin.co.kr/event/mobile/27353,,,,브이올렛+울쎄라피 프라임 300샷 1회,"#피부과 전문의
#목/턱
#얼굴지방개선",https://d3gurpvil0se70.cloudfront.net/upfiles/images/product/DgGEHTkoSCZNaTHFPArBNxNAbNsA.jpg?q=90&f=webp&w=1024,,,1309000.0,1302000,VAT 포함,리뉴미피부과의원(홍제점),크림마취,전문의 3명 여의사 진료 수술실 CCTV 응급처치 시스템 전담회복실 사후관리 피부진단기 F-RAY 촬영 >,"브이올렛 #지방세포파괴 #살처짐예방 턱밑 지방에 직접 주사하여 지방세포를 파괴를 유도해 턱 라인 개선에 효과적이며, 콜라겐 합성을 유도하여 탄력 유지와 살처짐 방지에 도움 슈링크,울쎄라 #고강도초음파 #근막층도달 #강력한리프팅 피부 속 일정 깊이에 고강도 초음파를 이용하여 열 응고점을 만들어 피부 수축 피부 속 깊은 근막층까지 에너지를 도달시켜 피부를 강하게 당겨주는 리프팅 울쎄라피 프라임의 장점 #실시간확인 #정밀시술 초음파 영상기술을 통해 피부 깊이 및 구조를 눈으로 확인해 정밀한 시술 가능 + 피부 속 깊이 SMAS층에만 초음파 에너지를 집중 전달합니다. 권장주기 2~3주 / 3회 시술",VAT 포함,이중턱으로 인해 살쪄보이고 둔해 보이는 분 / 늘어난 이중턱을 주사시술로 개선하고싶은 분 / 시술 결과가 비교적 오래 유지되길 원하는 분 / 수술적 방법은 부담스러운 분,,,브이올렛 시술시간 10~20분 마취여부 크림마취 회복시간 약 3일 시술효과 1개월 후,,크림마취 수면마취 비수면 무통마취 국소마취,수요일 10:00 ~ 19:00 (점심 13:00 ~ 14:00) / 목요일 10:00 ~ 19:00 (점심 13:00 ~ 14:00) / 금요일 10:00 ~ 20:00 (점심 13:00 ~ 14:00) / 토요일 09:30 ~ 16:30 (점심 13:00 ~ 14:00) / 일요일 휴진 / 월요일 10:00 ~ 20:00 (점심 13:00 ~ 14:00),050803534854
https://www.yeoshin.co.kr/event/mobile/26176,,,,블리비 울쎄라피 프라임 리프팅,"#리프팅레이저
#타이트닝",https://d3gurpvil0se70.cloudfront.net/upfiles/images/product/IuqIvWmTNZAzxtLM18qok8bMV8K2.jpg?q=90&f=webp&w=1024,,,429000.0,422000,VAT 포함,블리비의원(명동점),,,울쎄라피프라임 #강력한초음파 #울쎄라업그레이드 강력한 초음파가 피부 깊숙이 도달해 피부를 탄력있게 리프팅하는 울쎄라의 업그레이드 버전 #실시간확인 #비침습리프팅 비침습 비절개 방식으로 피부를 실시간으로 확인하며 정밀하게 시술 #섬세하고 #정교하게 기존 울쎄라보다 더 깊이 관찰해 더욱 섬세하고 빠른 시술이 가능 권장주기 6~12개월 / 1회 시술,VAT 포함,처진 피부와 팔자주름이 고민인 분 / 강력한 리프팅 효과를 원하는 분 / 피부의 전체적인 탄력 개선을 원하는 분 / 두툼한 이중턱이 고민인 분,시술 특장점 더욱 정밀해진 기술 최대 8mm 깊이까지 초음파 관찰이 가능해 더욱 정밀한 타겟팅이 가능합니다. 부작용이 최소화된 빠른 시술 터치 반응 속도 향상으로 더 빠른 시술이 가능하며 부작용을 최소화합니다. 얇은 피부에도 효과적 피부 얕은 층을 안정적으로 시술할 수 있어 눈밑이나 팔자라인 등 얇은 피부에도 섬세하게 시술할 수 있습니다.,"울쎄라피 프라임은 일반 울쎄라와 무엇이 다른가요? 울쎄라피 프라임은 기존 울쎄라보다 초음파를 더 깊이 관찰 가능하여 더욱 정밀한 초음파 분석이 가능한 업그레이드 버전입니다. 효과는 언제부터 느낄 수 있나요? 시술 직후부터 리프팅 효과를 느낄 수 있으며, 약 1~2개월에 걸쳐 콜라겐이 재생되며 효과를 보실 수 있습니다.",울쎄라피프라임 시술시간 30~60분 마취여부 크림마취 회복시간 약 1~3일 시술효과 1~2개월,"주의사항 1 시술 후 일시적으로 붉어짐이나 약간의 부기가 발생할 수 있으나 수일 내 완화됩니다. 2 고온의 사우나, 찜질방 이용은 최소 1주일간 피하는 것이 좋습니다. 3 콜라겐 재생을 돕기 위해 시술 후 충분한 보습과 자외선 차단이 필요합니다.",,수요일 10:30 ~ 20:30 (점심 14:00 ~ 15:00) / 목요일 10:30 ~ 20:30 (점심 14:00 ~ 15:00) / 금요일 10:30 ~ 20:30 (점심 14:00 ~ 15:00) / 토요일 10:00 ~ 16:30 / 일요일 휴진 / 월요일 10:30 ~ 20:30 (점심 14:00 ~ 15:00),0508-0354-2895
https://www.yeoshin.co.kr/event/mobile/25153,,,,울쎄라피 프라임 & 써마지 FLX 리프팅,"#리프팅레이저
#타이트닝",https://d3gurpvil0se70.cloudfront.net/upfiles/images/product/bVplPCOCfVmPy6kWgXl8lSzHSx7A.jpg?q=90&f=webp&w=1024,10.0,1.0,,2567000,,온리프성형외과,서울특별시 서초구 강남대로 399 온리프성형외과주소복사,전문의 1명 영어 응대 중국어 응대 일본어 응대 피부진단기 F-RAY 촬영 >,,,,,,울쎄라피프라임 시술시간 30~60분 마취여부 크림마취 회복시간 약 1~3일 시술효과 1~2개월,,,수요일 11:00 ~ 20:00 / 목요일 11:00 ~ 20:00 / 금요일 11:00 ~ 21:00 / 토요일 10:00 ~ 17:00 / 일요일 휴진 / 월요일 11:00 ~ 20:00,0508-0353-1273
https://www.yeoshin.co.kr/event/mobile/17376,,,,블리비 울쎄라 리프팅,"#리프팅레이저
#타이트닝",https://d3gurpvil0se70.cloudfront.net/upfiles/images/product/IuqIvWmTNZAzxtLM18qok8bMV8K2.jpg?q=90&f=webp&w=1024,,,319000.0,312000,VAT 포함,블리비의원(명동점),,,울쎄라 #고강도초음파 #피부깊은곳까지 고강도의 초음파 에너지를 피부 근막층에 도달시켜 늘어진 피부 조직을 수축 #강력한리프팅 #탄력개선 노화로 늘어진 피부에 강한 열 응고점을 만들어 수축시켜 강력한 리프팅 효과 #실시간확인 #정밀시술 초음파 영상기술을 통해 피부 깊이 및 구조를 눈으로 확인해 정밀한 시술 가능 권장주기 6~12개월 / 3회 시술,VAT 포함,처진 피부와 팔자주름이 고민인 분 / 강력한 리프팅 효과를 원하는 분 / 피부의 전체적인 탄력 개선을 원하는 분 / 두툼한 이중턱이 고민인 분,시술 특장점 피부 속 깊이 초음파 에너지 전달 피부 속 깊이 SMAS층에만 초음파 에너지를 집중 전달합니다. 피부 조직 리모델링 촉진 장기간 조직 리모델링을 촉진하고 탄력 개선 지속 효과가 있습니다. 초음파 영상기술으로 정밀한 시술 실시간 초음파 영상기술을 통해 피부 깊이 및 구조를 확인하며 시술이 가능합니다.,"기존 리프팅 시술과 다른 점이 무엇인가요? 울쎄라는 초음파 영상으로 시술부위를 보여주고, 동시에 치료도 할 수 있는 장비로 비교적 안전하고 만족스러운 결과를 기대할 수 있습니다. 시술 후 부작용이 있나요? 부기, 붉은기, 감각이 둔해지는 증상, 통증 등이 일시적으로 발생할 수 있으며, 자연스럽게 호전됩니다.",울쎄라 시술시간 30~60분 마취여부 크림마취 회복시간 약 1주 시술효과 4~8주 후,"주의사항 1 일시적으로 턱 주변이 붓거나 입 움직임이 불편할 수 있습니다. 2 시술 후 시술 부위를 강하게 마사지하거나 누르지 말아주세요. 3 세안은 찬물이나 미온수로 하시고, 저자극 클렌저를 사용해주세요. 4 시술 후 3~4일간 과격하고 무리한 운동은 자제해주세요.",,수요일 10:30 ~ 20:30 (점심 14:00 ~ 15:00) / 목요일 10:30 ~ 20:30 (점심 14:00 ~ 15:00) / 금요일 10:30 ~ 20:30 (점심 14:00 ~ 15:00) / 토요일 10:00 ~ 16:30 / 일요일 휴진 / 월요일 10:30 ~ 20:30 (점심 14:00 ~ 15:00),0508-0354-2895
https://www.yeoshin.co.kr/event/mobile/17291,,,,블리비 울쎄라 리프팅,"#리프팅레이저
#타이트닝",https://d3gurpvil0se70.cloudfront.net/upfiles/images/product/kGCwLuaGbaxktAupFSISOMYNmVr7.jpg?q=90&f=webp&w=1024,,,297000.0,290000,VAT 포함,블리비의원(발산점),,,울쎄라 #고강도초음파 #피부깊은곳까지 고강도의 초음파 에너지를 피부 근막층에 도달시켜 늘어진 피부 조직을 수축 #강력한리프팅 #탄력개선 노화로 늘어진 피부에 강한 열 응고점을 만들어 수축시켜 강력한 리프팅 효과 #실시간확인 #정밀시술 초음파 영상기술을 통해 피부 깊이 및 구조를 눈으로 확인해 정밀한 시술 가능 권장주기 6~12개월 / 3회 시술,VAT 포함,처진 피부와 팔자주름이 고민인 분 / 강력한 리프팅 효과를 원하는 분 / 피부의 전체적인 탄력 개선을 원하는 분 / 두툼한 이중턱이 고민인 분,시술 특장점 피부 속 깊이 초음파 에너지 전달 피부 속 깊이 SMAS층에만 초음파 에너지를 집중 전달합니다. 피부 조직 리모델링 촉진 장기간 조직 리모델링을 촉진하고 탄력 개선 지속 효과가 있습니다. 초음파 영상기술으로 정밀한 시술 실시간 초음파 영상기술을 통해 피부 깊이 및 구조를 확인하며 시술이 가능합니다.,"기존 리프팅 시술과 다른 점이 무엇인가요? 울쎄라는 초음파 영상으로 시술부위를 보여주고, 동시에 치료도 할 수 있는 장비로 비교적 안전하고 만족스러운 결과를 기대할 수 있습니다. 울쎄라는 안전한가요? 울쎄라는 50년 이상 사용되어 왔고, 임상연구를 통해 안전성이 입증되었습니다. 또한 FDA와 KFDA의 승인을 받은 안전성 있는 장비입니다.",울쎄라 시술시간 30~60분 마취여부 크림마취 회복시간 약 1주 시술효과 4~8주 후,"주의사항 1 일시적으로 턱 주변이 붓거나 입 움직임이 불편할 수 있습니다. 2 시술 후 시술 부위를 강하게 마사지하거나 누르지 말아주세요. 3 세안은 찬물이나 미온수로 하시고, 저자극 클렌저를 사용해주세요. 4 시술 후 일주일동안 필링 시술이나 스크럽제 사용은 피하는 것이 좋습니다.",,수요일 10:30 ~ 20:30 (점심 14:00 ~ 15:00) / 목요일 10:30 ~ 20:30 (점심 14:00 ~ 15:00) / 금요일 10:30 ~ 20:30 (점심 14:00 ~ 15:00) / 토요일 10:00 ~ 16:30 / 일요일 휴진 / 월요일 10:30 ~ 20:30 (점심 14:00 ~ 15:00) / 토요일 점심시간 없이 진료 일요일 / 공휴일 휴무,0508-0354-2882
https://www.yeoshin.co.kr/event/mobile/7644,,,,울쎄라 100샷&인모드FX 풀페이스,"#리프팅레이저
#타이트닝",https://d3gurpvil0se70.cloudfront.net/upfiles/images/product/7ZimrAziUWWLYVIzppl9rhvW0mL2.jpg?q=90&f=webp&w=1024,,,297000.0,290000,VAT 포함,VS라인의원(인천구월점),인천광역시 남동구 인하로489번길 10 VS라인의원(인천구월점)주소복사,피부진단기 F-RAY 촬영 >,리프팅레이저 #초음파리프팅 #강력한탄력개선 울쎄라는 고강도의 초음파에너지를 피부 속 4.5mm에 이르는 근막층(SMAS)까지 도달하여 피부 속 표피와 진피층 및 깊은 곳 부터 늘어진 조직을 리프팅하는 시술입니다. 노화로 인해 늘어지는 피부 근막층을 초음파 에너지가 강한 열 응고점을 만들어 수축시켜줌으로써 탄력 개선만으로는 부족했던 강력한 피부 리프팅 효과를 기대할 수 있습니다. 권장주기 6~12개월 / 3회 시술,VAT 포함,안티에이징 및 잔주름 개선을 원하는 분 / 자연스러운 광채효과를 원하는 분 / 처진 피부와 팔자주름이 고민인 분 / 피부가 건조하고 피부결이 거칠어 고민인 분,,시술이 아프지 않나요? 적은 에너지로 충분한 치료가 가능하며 효과를 낼 수 있기 때문에 통증을 줄어들어 기존 IPL보다 편안하게 시술을 받으실수 있습니다. 효과는 언제 나타나나요? 일반적으로 콜라겐 재생은 30일~90일 걸리는 것이 일반적이며 울쎄라는 즉시의 효과보다 시술 90일 후 효과가 더 좋은 편 입니다.,리프팅레이저 시술시간 40~60분 마취여부 크림마취 회복시간 1주 시술효과 1~2달 후,"주의사항 1 시술 후, 음주 및 흡연을 자제해주세요. 2 시술 후, 시술 부위를 강하게 마사지하거나 누르지 말아주세요. 3 시술 후, 3~4일간 과격하고 무리한 운동은 자제해주세요.",,수요일 10:00 ~ 20:00 / 목요일 10:00 ~ 20:00 / 금요일 10:00 ~ 20:00 / 토요일 10:00 ~ 17:00 / 일요일 휴진 / 월요일 10:00 ~ 20:00,0508-0354-1766
https://www.yeoshin.co.kr/event/mobile/79,,,,울쎄라 리프팅,"#리프팅레이저
#타이트닝",https://d3gurpvil0se70.cloudfront.net/upfiles/images/product/3281646234.png?q=90&f=webp&w=1024,10.0,1.0,847000.0,840000,VAT 포함,VS라인의원(인천구월점),인천광역시 남동구 인하로489번길 10 VS라인의원(인천구월점)주소복사,피부진단기 F-RAY 촬영 >,울쎄라 울쎄라는 고강도의 초음파에너지를 피부 속 4.5mm에 이르는 근막층(SMAS)까지 도달하여 피부 속 표피와 진피층 및 깊은 곳 부터 늘어진 조직을 리프팅하는 시술입니다. 노화로 인해 늘어지는 피부 근막층을 초음파 에너지가 강한 열 응고점을 만들어 수축시켜줌으로써 탄력 개선만으로는 부족했던 강력한 피부 리프팅 효과를 기대할 수 있습니다. 권장주기 6~12개월 / 3회 시술,VAT 포함,효과적인 피부 탄력 증대가 필요한 분 / 피부탄력 효과를 길게 느끼고 싶은 분 / 잔주름이 심해 효과적으로 개선하고 싶은 분,,시술이 아프지 않나요? 적은 에너지로 충분한 치료가 가능하며 효과를 낼 수 있기 때문에 통증을 줄어들어 기존 IPL보다 편안하게 시술을 받으실수 있습니다. 효과는 언제 나타나나요? 일반적으로 콜라겐 재생은 30일~90일 걸리는 것이 일반적이며 울쎄라는 즉시의 효과보다 시술 90일 후 효과가 더 좋은 편 입니다.,울쎄라 시술시간 40~60분 마취여부 크림마취 회복시간 1주 시술효과 1~2달 후,"주의사항 1 시술 후, 음주 및 흡연을 자제해주세요. 2 시술 후, 3~4일간 과격하고 무리한 운동은 자제해주세요. 3 세안은 찬물이나 미온수로 하시고, 저자극 클렌저를 사용하시는 것이 좋습니다.",,수요일 10:00 ~ 20:00 / 목요일 10:00 ~ 20:00 / 금요일 10:00 ~ 20:00 / 토요일 10:00 ~ 17:00 / 일요일 휴진 / 월요일 10:00 ~ 20:00,0508-0354-1766
https://www.yeoshin.co.kr/event/mobile/25998,,,,"피부과 전문의, 울쎄라400s+온다40kj","#피부과 전문의
#리프팅레이저
#타이트닝",https://d3gurpvil0se70.cloudfront.net/upfiles/images/product/9wgz3P8hhSlL167GpEKpFHVBlNhA.jpg?q=90&f=webp&w=1024,10.0,1.0,1790000.0,1783000,VAT 포함,청담더오피부과의원,서울특별시 강남구 선릉로 602 (삼성동) 2층주소복사,전문의 1명 사후관리,,VAT 포함,,,,울쎄라피프라임 시술시간 50~60분 마취여부 크림/주사마취 회복시간 약 1~3일 시술효과 1~2개월,,,수요일 10:00 ~ 19:00 (점심 13:00 ~ 14:00) / 목요일 10:00 ~ 19:00 (점심 13:00 ~ 14:00) / 금요일 10:00 ~ 19:00 (점심 13:00 ~ 14:00) / 토요일 10:00 ~ 17:00 (점심 13:00 ~ 14:00) / 일요일 휴진 / 월요일 10:00 ~ 19:00 (점심 13:00 ~ 14:00),050803531528
https://www.yeoshin.co.kr/event/mobile/26740,,,,대표원장 1:1 맞춤 시술 울쎄라 400샷,"#리프팅레이저
#타이트닝",https://d3gurpvil0se70.cloudfront.net/upfiles/images/product/UhlcVZSMnOZam24VOLHbWKhkD2n3.jpg?q=90&f=webp&w=1024,10.0,1.0,,1183000,,청담엔샤인의원,크림마취,전문의 1명 여의사 진료 수술실 CCTV 중국어 응대,울쎄라 #고강도초음파 #피부깊은곳까지 고강도의 초음파 에너지를 피부 근막층에 도달시켜 늘어진 피부 조직을 수축 #강력한리프팅 #탄력개선 노화로 늘어진 피부에 강한 열 응고점을 만들어 수축시켜 강력한 리프팅 효과 #실시간확인 #정밀시술 초음파 영상기술을 통해 피부 깊이 및 구조를 눈으로 확인해 정밀한 시술 가능 권장주기 6~12개월 / 3회 시술,,처진 피부와 팔자주름이 고민인 분 / 강력한 리프팅 효과를 원하는 분 / 피부의 전체적인 탄력 개선을 원하는 분 / 두툼한 이중턱이 고민인 분,시술 특장점 피부 속 깊이 초음파 에너지 전달 피부 속 깊이 SMAS층에만 초음파 에너지를 집중 전달합니다. 피부 조직 리모델링 촉진 장기간 조직 리모델링을 촉진하고 탄력 개선 지속 효과가 있습니다. 초음파 영상기술으로 정밀한 시술 실시간 초음파 영상기술을 통해 피부 깊이 및 구조를 확인하며 시술이 가능합니다.,"기존 리프팅 시술과 다른 점이 무엇인가요? 울쎄라는 초음파 영상으로 시술부위를 보여주고, 동시에 치료도 할 수 있는 장비로 비교적 안전하고 만족스러운 결과를 기대할 수 있습니다. 시술이 아프지 않나요? 적은 에너지로 충분한 치료가 가능하며 효과를 낼 수 있기 때문에 통증이 줄어들어 편안하게 시술을 받으실수 있습니다.",울쎄라 시술시간 30~60분 마취여부 크림마취 회복시간 약 1주 시술효과 4~8주 후,"주의사항 1 일시적으로 턱 주변이 붓거나 입 움직임이 불편할 수 있습니다. 2 시술 후 시술 부위를 강하게 마사지하거나 누르지 말아주세요. 3 시술 후 붉은 기, 붓기가 일시적으로 나타날 수 있습니다.",크림마취 국소마취,수요일 휴진 / 목요일 10:00 ~ 19:00 / 금요일 10:00 ~ 20:00 / 토요일 10:00 ~ 15:00 / 일요일 휴진 / 월요일 10:00 ~ 19:00,0508-0353-5899
https://www.yeoshin.co.kr/event/mobile/26688,,,,"업그레이드된 울쎄라2, 울쎄라피 프라임","#리프팅레이저
#타이트닝",https://d3gurpvil0se70.cloudfront.net/upfiles/images/product/JbNwLv5TGfHBXunvWax9ZsgSWn0A.jpg?q=90&f=webp&w=1024,,,396000.0,389000,VAT 포함,제이필의원(홍대점),크림마취,전문의 1명 여의사 진료 수술실 CCTV 분야별 협진 사후관리,,VAT 포함,,,,울쎄라피프라임 시술시간 30~60분 마취여부 크림마취 회복시간 약 1~3일 시술효과 1~2개월,,크림마취 수면마취 비수면 무통마취,수요일 10:00 ~ 20:00 / 목요일 10:00 ~ 20:00 / 금요일 10:00 ~ 20:00 / 토요일 10:00 ~ 17:00 / 일요일 휴진 / 월요일 10:00 ~ 20:00,050803543270
https://www.yeoshin.co.kr/event/mobile/24073,,,,울쎄라300샷+엑소좀 5cc+모델링팩,"#리프팅레이저
#타이트닝",https://d3gurpvil0se70.cloudfront.net/upfiles/images/product/7YfrTjwYq3qTuffxECWkfWUhFWa3.jpg?q=90&f=webp&w=1024,7.0,1.0,1089000.0,1082000,VAT 포함,비올라셀성형외과,크림마취,전문의 1명 수술실 CCTV 전담회복실 사후관리 피부진단기 F-RAY 촬영 >,울쎄라 #고강도초음파 #피부깊은곳까지 고강도의 초음파 에너지를 피부 근막층에 도달시켜 늘어진 피부 조직을 수축 #강력한리프팅 #탄력개선 노화로 늘어진 피부에 강한 열 응고점을 만들어 수축시켜 강력한 리프팅 효과 #실시간확인 #정밀시술 초음파 영상기술을 통해 피부 깊이 및 구조를 눈으로 확인해 정밀한 시술 가능 권장주기 6~12개월 / 3회 시술,VAT 포함,처진 피부와 팔자주름이 고민인 분 / 강력한 리프팅 효과를 원하는 분 / 피부의 전체적인 탄력 개선을 원하는 분 / 두툼한 이중턱이 고민인 분,시술 특장점 피부 속 깊이 초음파 에너지 전달 피부 속 깊이 SMAS층에만 초음파 에너지를 집중 전달합니다. 피부 조직 리모델링 촉진 장기간 조직 리모델링을 촉진하고 탄력 개선 지속 효과가 있습니다. 초음파 영상기술으로 정밀한 시술 실시간 초음파 영상기술을 통해 피부 깊이 및 구조를 확인하며 시술이 가능합니다.,"기존 리프팅 시술과 다른 점이 무엇인가요? 울쎄라는 초음파 영상으로 시술부위를 보여주고, 동시에 치료도 할 수 있는 장비로 비교적 안전하고 만족스러운 결과를 기대할 수 있습니다. 시술이 아프지 않나요? 적은 에너지로 충분한 치료가 가능하며 효과를 낼 수 있기 때문에 통증이 줄어들어 편안하게 시술을 받으실수 있습니다.",울쎄라 시술시간 30~60분 마취여부 수면마취 회복시간 약 1주 시술효과 4~8주 후,"주의사항 1 일시적으로 턱 주변이 붓거나 입 움직임이 불편할 수 있습니다. 2 시술 후 시술 부위를 강하게 마사지하거나 누르지 말아주세요. 3 시술 후 붉은 기, 붓기가 일시적으로 나타날 수 있습니다.",크림마취 수면마취 비수면 무통마취 국소마취,수요일 10:00 ~ 19:00 / 목요일 10:00 ~ 19:00 / 금요일 10:00 ~ 21:00 / 토요일 10:00 ~ 17:00 / 일요일 휴진 / 월요일 10:00 ~ 19:00,0508-0353-4553
https://www.yeoshin.co.kr/event/mobile/12171,,,,"업그레이드된 울쎄라2, 울쎄라피 프라임","#리프팅레이저
#타이트닝",https://d3gurpvil0se70.cloudfront.net/upfiles/images/product/sgjlQ45ALG2b7xFqVtoLQaAO4Lf6.jpg?q=90&f=webp&w=1024,10.0,5.0,429000.0,422000,VAT 포함,제이필의원(강남점),서울특별시 강남구 강남대로 438 (역삼동) 스타플렉스 B1주소복사,영어 응대 중국어 응대 일본어 응대,,VAT 포함,,,,울쎄라피프라임 시술시간 30~60분 마취여부 크림마취 회복시간 약 1~3일 시술효과 1~2개월,,,수요일 10:00 ~ 20:00 / 목요일 10:00 ~ 20:00 / 금요일 10:00 ~ 20:00 / 토요일 10:00 ~ 17:00 / 일요일 휴진 / 월요일 10:00 ~ 20:00,0508-0353-4730
https://www.yeoshin.co.kr/event/mobile/21140,,,,울쎄라+써마지FLX / 울써마지 리프팅,"#피부과 전문의
#리프팅레이저
#타이트닝",https://d3gurpvil0se70.cloudfront.net/upfiles/images/product/MOQqq1UbEQ3T0Yvf9PiH70kDtrk.jpg?q=90&f=webp&w=1024,,,1969000.0,1962000,VAT 포함,닥터스피부과의원(공덕점),서울특별시 마포구 마포대로 127 닥터스피부과의원(공덕점)주소복사,전문의 4명,,VAT 포함,,,,리프팅레이저 시술시간 40~60분 마취여부 3중마취 회복시간 1일 시술효과 2~3달 후,,,수요일 10:00 ~ 19:30 (점심 13:00 ~ 14:00) / 목요일 10:00 ~ 20:00 (점심 13:00 ~ 14:00) / 금요일 10:00 ~ 20:00 (점심 13:00 ~ 14:00) / 토요일 10:00 ~ 15:00 / 일요일 휴진 / 월요일 10:00 ~ 20:00 (점심 13:00 ~ 14:00) / 공휴일은 휴진,0508-0353-8201
https://www.yeoshin.co.kr/event/mobile/7060,,,,피부과전문의_아이 울쎄라 피프라임,"#피부과 전문의
#리프팅레이저
#타이트닝",https://d3gurpvil0se70.cloudfront.net/upfiles/images/product/77aUwACpNUg8ps0B7iYyJ91x26F9.jpg?q=90&f=webp&w=1024,,,660000.0,653000,VAT 포함,페이브피부과의원(용산),"서울특별시 용산구 한강대로 69 (한강로2가, 용산푸르지오써밋) 페이브피부과의원주소복사",전문의 1명 여의사 진료 수술실 CCTV 사후관리 영어 응대 중국어 응대 일본어 응대,아이울쎄라 #고강도초음파 #피부깊은곳까지 고강도의 초음파 에너지를 피부 근막층에 도달시켜 늘어진 피부 조직을 수축 #눈가전용팁 #주름개선 눈가 전용팁으로 특정 조직에 열을 가하여 눈가주름과 눈밑지방 개선에 탁월한 효과 #실시간확인 #정밀시술 초음파 영상기술을 통해 피부 깊이 및 구조를 눈으로 확인해 정밀한 시술 가능 권장주기 6~12개월 / 1회 이상 시술,VAT 포함,처진 피부를 리프팅하고 이중턱을 개선하고 싶은 분 / 시술 결과가 비교적 오래 유지되길 원하는 분 / 잔주름 깊은 주름으로 고민하시는 분,시술 특장점 피부 손상 최소화 피부 표면에는 손상을 거의 주지 않고 SMAS층에만 에너지를 집중 전달합니다. 콜라겐 리모델링 열 응고점이 생성되어 장기간 조직 리모델링을 촉진하고 탄력을 개선시킵니다. 초음파로 실시간 확인 실시간 초음파 영상으로 피부 깊이 및 구조를 확인하며 정밀한 시술이 가능합니다.,"시술이 아프지 않나요? 적은 에너지로 충분한 치료가 가능하며 효과를 낼 수 있기 때문에 통증이 줄어들어 편안하게 시술을 받으실수 있습니다. 시술 후 부작용이 있나요? 부기, 붉은 기, 감각이 둔해지는 증상, 통증 등이 일시적으로 발생할 수 있으며, 자연스럽게 호전됩니다.",아이울쎄라 시술시간 60분 마취여부 크림마취 회복시간 당일 시술효과 3개월 후,주의사항 1 시술 후 음주 및 흡연을 자제해주세요. 2 시술 부위를 강하게 마사지하거나 누르지 말아주세요. 3 3~4일간 과격하고 무리한 운동은 자제해주세요.,,수요일 휴진 / 목요일 10:00 ~ 20:00 (점심 13:00 ~ 14:00) / 금요일 10:00 ~ 20:00 (점심 13:00 ~ 14:00) / 토요일 09:30 ~ 15:00 / 일요일 휴진 / 월요일 10:00 ~ 20:00 (점심 13:00 ~ 14:00) / (공휴일이 있는 주는 수요일 정상진료),0508-0353-1618
https://www.yeoshin.co.kr/event/mobile/27335,,,,[정품] 울쎄라피 프라임 리프팅 300샷,"#리프팅레이저
#타이트닝",https://d3gurpvil0se70.cloudfront.net/upfiles/images/product/kW7tYmWrWAuEsdX5VLaSO4YgbWr7.jpg?q=90&f=webp&w=1024,,,1155000.0,1148000,VAT 포함,유앤아이의원(창동점),서울특별시 도봉구 마들로11길 51 (창동) 4층주소복사,,,VAT 포함,,,,울쎄라피프라임 시술시간 30~60분 마취여부 크림마취 회복시간 약 1~3일 시술효과 1~2개월,,크림마취,수요일 10:00 ~ 20:30 / 목요일 10:00 ~ 20:30 / 금요일 10:00 ~ 20:30 / 토요일 10:00 ~ 16:00 / 일요일 10:00 ~ 16:00 / 월요일 10:00 ~ 20:30,050803543360
https://www.yeoshin.co.kr/event/mobile/17873,,,,전문의시술! 울쎄라피+리쥬란2cc 영상O!,"#피부과 전문의
#리프팅레이저
#타이트닝",https://d3gurpvil0se70.cloudfront.net/upfiles/images/product/Q1jeL8JTrNYPetj6l0Zlkzoveco5.jpg?q=90&f=webp&w=1024,,,1650000.0,1643000,VAT 포함,페이브피부과의원(용산),"서울특별시 용산구 한강대로 69 (한강로2가, 용산푸르지오써밋) 페이브피부과의원주소복사",전문의 1명 여의사 진료 수술실 CCTV 사후관리 영어 응대 중국어 응대 일본어 응대,울쎄라피프라임 #강력한초음파 #울쎄라업그레이드 강력한 초음파가 피부 깊숙이 도달해 피부를 탄력있게 리프팅하는 울쎄라의 업그레이드 버전 #실시간확인 #비침습리프팅 비침습 비절개 방식으로 피부를 실시간으로 확인하며 정밀하게 시술 #섬세하고 #정교하게 기존 울쎄라보다 더 깊이 관찰해 더욱 섬세하고 빠른 시술이 가능 권장주기 6~12개월 / 1회 시술,VAT 포함,처진 피부와 팔자주름이 고민인 분 / 강력한 리프팅 효과를 원하는 분 / 피부의 전체적인 탄력 개선을 원하는 분 / 두툼한 이중턱이 고민인 분,시술 특장점 더욱 정밀해진 기술 최대 8mm 깊이까지 초음파 관찰이 가능해 더욱 정밀한 타겟팅이 가능합니다. 부작용이 최소화된 빠른 시술 터치 반응 속도 향상으로 더 빠른 시술이 가능하며 부작용을 최소화합니다. 얇은 피부에도 효과적 피부 얕은 층을 안정적으로 시술할 수 있어 눈밑이나 팔자라인 등 얇은 피부에도 섬세하게 시술할 수 있습니다.,"울쎄라피 프라임은 일반 울쎄라와 무엇이 다른가요? 울쎄라피 프라임은 기존 울쎄라보다 초음파를 더 깊이 관찰 가능하여 더욱 정밀한 초음파 분석이 가능한 업그레이드 버전입니다. 효과는 언제부터 느낄 수 있나요? 시술 직후부터 리프팅 효과를 느낄 수 있으며, 약 1~2개월에 걸쳐 콜라겐이 재생되며 효과를 보실 수 있습니다.",울쎄라피프라임 시술시간 30~60분 마취여부 크림마취 회복시간 약 1~3일 시술효과 1~2개월,"주의사항 1 시술 후 일시적으로 붉어짐이나 약간의 부기가 발생할 수 있으나 수일 내 완화됩니다. 2 고온의 사우나, 찜질방 이용은 최소 1주일간 피하는 것이 좋습니다. 3 콜라겐 재생을 돕기 위해 시술 후 충분한 보습과 자외선 차단이 필요합니다.",,수요일 휴진 / 목요일 10:00 ~ 20:00 (점심 13:00 ~ 14:00) / 금요일 10:00 ~ 20:00 (점심 13:00 ~ 14:00) / 토요일 09:30 ~ 15:00 / 일요일 휴진 / 월요일 10:00 ~ 20:00 (점심 13:00 ~ 14:00) / (공휴일이 있는 주는 수요일 정상진료),0508-0353-1618
https://www.yeoshin.co.kr/event/mobile/27326,,,,에르네의원 울쎄라 리프팅(마취선택),"#리프팅레이저
#타이트닝",https://d3gurpvil0se70.cloudfront.net/upfiles/images/product/Nv20HEGS5USSbCZvLhbidpopcca3.jpg?q=90&f=webp&w=1024,,,341000.0,334000,VAT 포함,에르네의원,서울시 서초구 서초대로 77길 59 에르네의원주소복사,여의사 진료 영어 응대 중국어 응대 일본어 응대,울쎄라 #고강도초음파 #피부깊은곳까지 고강도의 초음파 에너지를 피부 근막층에 도달시켜 늘어진 피부 조직을 수축 #강력한리프팅 #탄력개선 노화로 늘어진 피부에 강한 열 응고점을 만들어 수축시켜 강력한 리프팅 효과 #실시간확인 #정밀시술 초음파 영상기술을 통해 피부 깊이 및 구조를 눈으로 확인해 정밀한 시술 가능 권장주기 6~12개월 / 3회 시술,VAT 포함,처진 피부와 팔자주름이 고민인 분 / 강력한 리프팅 효과를 원하는 분 / 피부의 전체적인 탄력 개선을 원하는 분 / 두툼한 이중턱이 고민인 분,시술 특장점 피부 속 깊이 초음파 에너지 전달 피부 속 깊이 SMAS층에만 초음파 에너지를 집중 전달합니다. 피부 조직 리모델링 촉진 장기간 조직 리모델링을 촉진하고 탄력 개선 지속 효과가 있습니다. 초음파 영상기술으로 정밀한 시술 실시간 초음파 영상기술을 통해 피부 깊이 및 구조를 확인하며 시술이 가능합니다.,"기존 리프팅 시술과 다른 점이 무엇인가요? 울쎄라는 초음파 영상으로 시술부위를 보여주고, 동시에 치료도 할 수 있는 장비로 비교적 안전하고 만족스러운 결과를 기대할 수 있습니다. 시술이 아프지 않나요? 적은 에너지로 충분한 치료가 가능하며 효과를 낼 수 있기 때문에 통증이 줄어들어 편안하게 시술을 받으실수 있습니다.",울쎄라 시술시간 30~60분 마취여부 마취타입 선택 회복시간 약 1주 시술효과 4~8주 후,"주의사항 1 일시적으로 턱 주변이 붓거나 입 움직임이 불편할 수 있습니다. 2 시술 후 시술 부위를 강하게 마사지하거나 누르지 말아주세요. 3 시술 후 붉은 기, 붓기가 일시적으로 나타날 수 있습니다.",,수요일 10:00 ~ 21:00 / 목요일 10:00 ~ 21:00 / 금요일 10:00 ~ 21:00 / 토요일 10:00 ~ 17:00 / 일요일 10:00 ~ 17:00 / 월요일 10:00 ~ 21:00,0508-0354-2964
https://www.yeoshin.co.kr/event/mobile/22022,,,,울쎄라 리프팅 (성형외과 전문의_1:1),"#리프팅레이저
#타이트닝",https://d3gurpvil0se70.cloudfront.net/upfiles/images/product/bPsB4vySTIVhb9pWhXD8PuQBM608.png?q=90&f=webp&w=1024,,,580000.0,573000,VAT 포함,비올라셀성형외과,크림마취,전문의 1명 수술실 CCTV 전담회복실 사후관리 피부진단기 F-RAY 촬영 >,울쎄라 #고강도초음파 #피부깊은곳까지 고강도의 초음파 에너지를 피부 근막층에 도달시켜 늘어진 피부 조직을 수축 #강력한리프팅 #탄력개선 노화로 늘어진 피부에 강한 열 응고점을 만들어 수축시켜 강력한 리프팅 효과 #실시간확인 #정밀시술 초음파 영상기술을 통해 피부 깊이 및 구조를 눈으로 확인해 정밀한 시술 가능 권장주기 6~12개월 / 3회 시술,VAT 포함,처진 피부와 팔자주름이 고민인 분 / 강력한 리프팅 효과를 원하는 분 / 피부의 전체적인 탄력 개선을 원하는 분 / 두툼한 이중턱이 고민인 분,시술 특장점 피부 속 깊이 초음파 에너지 전달 피부 속 깊이 SMAS층에만 초음파 에너지를 집중 전달합니다. 피부 조직 리모델링 촉진 장기간 조직 리모델링을 촉진하고 탄력 개선 지속 효과가 있습니다. 초음파 영상기술으로 정밀한 시술 실시간 초음파 영상기술을 통해 피부 깊이 및 구조를 확인하며 시술이 가능합니다.,"기존 리프팅 시술과 다른 점이 무엇인가요? 울쎄라는 초음파 영상으로 시술부위를 보여주고, 동시에 치료도 할 수 있는 장비로 비교적 안전하고 만족스러운 결과를 기대할 수 있습니다. 시술이 아프지 않나요? 적은 에너지로 충분한 치료가 가능하며 효과를 낼 수 있기 때문에 통증이 줄어들어 편안하게 시술을 받으실수 있습니다.",울쎄라 시술시간 30~60분 마취여부 크림마취 회복시간 약 1주 시술효과 4~8주 후,"주의사항 1 일시적으로 턱 주변이 붓거나 입 움직임이 불편할 수 있습니다. 2 시술 후 시술 부위를 강하게 마사지하거나 누르지 말아주세요. 3 시술 후 붉은 기, 붓기가 일시적으로 나타날 수 있습니다. 4 세안은 찬물이나 미온수로 하시고, 저자극 클렌저를 사용해주세요. 5 시술 후 일주일동안 필링 시술이나 스크럽제 사용은 피하는 것이 좋습니다. 6 시술 후에는 보습제 사용을 권장합니다.",크림마취 수면마취 비수면 무통마취 국소마취,수요일 10:00 ~ 19:00 / 목요일 10:00 ~ 19:00 / 금요일 10:00 ~ 21:00 / 토요일 10:00 ~ 17:00 / 일요일 휴진 / 월요일 10:00 ~ 19:00,0508-0353-4553
https://www.yeoshin.co.kr/event/mobile/3531,,,,정품 울쎄라 리프팅,"#리프팅레이저
#타이트닝",https://d3gurpvil0se70.cloudfront.net/upfiles/images/product/jWywlM7zs8sOaBI9kHPiQFuPz4m.jpg?q=90&f=webp&w=1024,9.6,8.0,383900.0,376900,VAT 포함,다이아의원,크림마취,영어 응대 중국어 응대 일본어 응대,울쎄라 #고강도초음파 #피부깊은곳까지 고강도의 초음파 에너지를 피부 근막층에 도달시켜 늘어진 피부 조직을 수축 #강력한리프팅 #탄력개선 노화로 늘어진 피부에 강한 열 응고점을 만들어 수축시켜 강력한 리프팅 효과 #실시간확인 #정밀시술 초음파 영상기술을 통해 피부 깊이 및 구조를 눈으로 확인해 정밀한 시술 가능,VAT 포함,처진 피부와 팔자주름이 고민인 분 / 강력한 리프팅 효과를 원하는 분 / 피부의 전체적인 탄력 개선을 원하는 분 / 두툼한 이중턱이 고민인 분,,,울쎄라 시술시간 30~60분 마취여부 크림마취 회복시간 1주 시술효과 1~2달 후,,크림마취 국소마취,수요일 10:00 ~ 20:00 / 목요일 10:00 ~ 20:00 / 금요일 10:00 ~ 20:00 / 토요일 10:00 ~ 16:00 / 일요일 휴진 / 월요일 10:00 ~ 20:00,0508-0353-7788
https://www.yeoshin.co.kr/event/mobile/27043,,,,송도 울쎄라피 프라임(마취 선택 가능),"#리프팅레이저
#타이트닝",https://d3gurpvil0se70.cloudfront.net/upfiles/images/product/tvUYK8OHEJGzsumFZWfgzvu4oUS9.jpg?q=90&f=webp&w=1024,,,440000.0,433000,VAT 포함,샤인빔의원(송도점),크림마취,여의사 진료 영어 응대 일본어 응대,울쎄라피프라임 #강력한초음파 #울쎄라업그레이드 강력한 초음파가 피부 깊숙이 도달해 피부를 탄력있게 리프팅하는 울쎄라의 업그레이드 버전 #실시간확인 #비침습리프팅 비침습 비절개 방식으로 피부를 실시간으로 확인하며 정밀하게 시술 #섬세하고 #정교하게 기존 울쎄라보다 더 깊이 관찰해 더욱 섬세하고 빠른 시술이 가능 권장주기 6~12개월 / 1회 시술,VAT 포함,처진 피부와 팔자주름이 고민인 분 / 강력한 리프팅 효과를 원하는 분 / 피부의 전체적인 탄력 개선을 원하는 분 / 리프팅 효과를 오래 유지하고 싶으신 분,시술 특장점 더욱 정밀해진 기술 최대 8mm 깊이까지 초음파 관찰이 가능해 더욱 정밀한 타겟팅이 가능합니다. 부작용이 최소화된 빠른 시술 터치 반응 속도 향상으로 더 빠른 시술이 가능하며 부작용을 최소화합니다. 얇은 피부에도 효과적 피부 얕은 층을 안정적으로 시술할 수 있어 눈밑이나 팔자라인 등 얇은 피부에도 섬세하게 시술할 수 있습니다.,"울쎄라피 프라임은 일반 울쎄라와 무엇이 다른가요? 울쎄라피 프라임은 기존 울쎄라보다 초음파를 더 깊이 관찰 가능하여 더욱 정밀한 초음파 분석이 가능한 업그레이드 버전입니다. 효과는 언제부터 느낄 수 있나요? 시술 직후부터 리프팅 효과를 느낄 수 있으며, 약 1~2개월에 걸쳐 콜라겐이 재생되며 효과를 보실 수 있습니다.",울쎄라피프라임 시술시간 30~60분 마취여부 크림마취 회복시간 약 1~3일 시술효과 1~2개월,"주의사항 1 시술 후 일시적으로 붉어짐이나 약간의 부기가 발생할 수 있으나 수일 내 완화됩니다. 2 고온의 사우나, 찜질방 이용은 최소 1주일간 피하는 것이 좋습니다. 3 콜라겐 재생을 돕기 위해 시술 후 충분한 보습과 자외선 차단이 필요합니다.",크림마취 수면마취 비수면 무통마취,수요일 10:00 ~ 20:00 / 목요일 10:00 ~ 20:00 / 금요일 10:00 ~ 20:00 / 토요일 10:00 ~ 16:00 / 일요일 휴진 / 월요일 10:00 ~ 20:00,"인천광역시 연수구 인천타워대로 197번길 16, 3층 323,324, 325호(송 도동, 리치센트럴)"
https://www.yeoshin.co.kr/event/mobile/24426,,,,울쎄라피 프라임,"#피부과 전문의
#리프팅레이저
#타이트닝",https://d3gurpvil0se70.cloudfront.net/upfiles/images/product/N2LOtI7whw2ARfDomtgJA750I0B7.png?q=90&f=webp&w=1024,,,1320000.0,1313000,VAT 포함,휴먼피부과의원(평택점),크림마취,전문의 5명 여의사 진료 사후관리 영어 응대,울쎄라피프라임 #강력한초음파 #울쎄라업그레이드 강력한 초음파가 피부 깊숙이 도달해 피부를 탄력있게 리프팅하는 울쎄라의 업그레이드 버전 #실시간확인 #비침습리프팅 비침습 비절개 방식으로 피부를 실시간으로 확인하며 정밀하게 시술 #섬세하고 #정교하게 기존 울쎄라보다 더 깊이 관찰해 더욱 섬세하고 빠른 시술이 가능 권장주기 6~12개월 / 1회 시술,VAT 포함,처진 피부와 팔자주름이 고민인 분 / 강력한 리프팅 효과를 원하는 분 / 피부의 전체적인 탄력 개선을 원하는 분 / 리프팅 효과를 오래 유지하고 싶으신 분,시술 특장점 더욱 정밀해진 기술 기존 울쎄라보다 더욱 정밀해진 기술으로 향상된 시술 효과를 느낄 수 있습니다. 부작용이 최소화된 빠른 시술 터치 반응 속도 향상으로 더 빠른 시술이 가능하며 부작용을 최소화합니다. 얇은 피부에도 효과적 피부 얕은 층을 안정적으로 시술할 수 있어 눈밑이나 팔자라인 등 얇은 피부에도 섬세하게 시술할 수 있습니다.,"울쎄라 프라임은 일반 울쎄라와 무엇이 다른가요? 울쎄라 프라임은 기존 울쎄라보다 초음파를 더 깊이 관찰 가능하여 더욱 정밀한 초음파 분석이 가능한 업그레이드 버전입니다. 효과는 언제부터 느낄 수 있나요? 시술 직후부터 리프팅 효과를 느낄 수 있으며, 약 1~2개월에 걸쳐 콜라겐이 재생되며 효과를 보실 수 있습니다.",울쎄라피프라임 시술시간 30~60분 마취여부 크림마취 회복시간 약 1~3일 시술효과 1~2개월,"주의사항 1 시술 후 일시적으로 붉어짐이나 약간의 부기가 발생할 수 있으나 수일 내 완화됩니다. 2 고온의 사우나, 찜질방 이용은 최소 1주일간 피하는 것이 좋습니다. 3 콜라겐 재생을 돕기 위해 시술 후 충분한 보습과 자외선 차단이 필요합니다.",크림마취 수면마취,수요일 10:00 ~ 21:00 (점심 13:00 ~ 14:30) / 목요일 10:00 ~ 21:00 (점심 13:00 ~ 14:30) / 금요일 10:00 ~ 21:00 (점심 13:00 ~ 14:30) / 토요일 10:00 ~ 17:00 / 일요일 휴진 / 월요일 10:00 ~ 21:00 (점심 13:00 ~ 14:30) / 평일) 접수마감 8시 30분 / 토요일) 점수마감 4시,0508-0353-0418
https://www.yeoshin.co.kr/event/mobile/23537,,,,정품인증 울쎄라피 프라임,"#리프팅레이저
#타이트닝",https://d3gurpvil0se70.cloudfront.net/upfiles/images/product/S1Jpo5QMDoNDdcmhDn0rImDoFHK9.png?q=90&f=webp&w=1024,10.0,2.0,363000.0,356000,VAT 포함,우아성형외과의원,크림마취,전문의 7명 여의사 진료 마취과의 진료 수술실 CCTV 응급처치 시스템 분야별 협진 기본 입원실 전담회복실 사후관리 영어 응대 중국어 응대 일본어 응대,,VAT 포함,,,,울쎄라피프라임 시술시간 30~60분 마취여부 크림마취 회복시간 약 1~3일 시술효과 1~2개월,,크림마취 수면마취 전신마취 국소마취,수요일 10:00 ~ 19:00 / 목요일 10:00 ~ 19:00 / 금요일 10:00 ~ 20:30 / 토요일 10:00 ~ 17:00 / 일요일 휴진 / 월요일 10:00 ~ 20:30,0508-0353-5445
https://www.yeoshin.co.kr/event/mobile/27172,,,,DM 울쎄라 300샷 (대표원장 직접시술),"#리프팅레이저
#타이트닝",https://d3gurpvil0se70.cloudfront.net/upfiles/images/product/2V3mSuLzhho3rr8Ku6zYpDthCla3.jpg?q=90&f=webp&w=1024,,,1320000.0,1313000,VAT 포함,디엠성형외과의원,크림마취,전문의 2명 마취과의 진료 수술실 CCTV 분야별 협진 기본 입원실 전담회복실 사후관리 영어 응대 중국어 응대,,VAT 포함,,,,울쎄라 시술시간 30~60분 마취여부 크림/수면 회복시간 약 1주 시술효과 4~8주 후,,크림마취 수면마취 전신마취 국소마취,수요일 10:00 ~ 18:00 / 목요일 10:00 ~ 18:00 / 금요일 10:00 ~ 18:00 / 토요일 10:00 ~ 16:00 / 일요일 휴진 / 월요일 10:00 ~ 18:00,0508-0353-2413
https://www.yeoshin.co.kr/event/mobile/27008,,,,프리미엄리프팅 울쎄라 200샷,"#리프팅레이저
#타이트닝",https://d3gurpvil0se70.cloudfront.net/upfiles/images/product/C3Ue8OMkrZhXqtzYdRT6HZqSGks2.jpg?q=90&f=webp&w=1024,,,770000.0,763000,VAT 포함,얼굴본성형외과의원,크림마취,전문의 1명 여의사 진료 수술실 CCTV 응급처치 시스템 사후관리,,VAT 포함,,,,울쎄라 시술시간 30~60분 마취여부 크림마취 회복시간 약 1주 시술효과 4~8주 후,,크림마취 수면마취 국소마취,수요일 10:00 ~ 18:00 / 목요일 10:00 ~ 18:00 / 금요일 10:00 ~ 18:00 / 토요일 10:00 ~ 16:00 / 일요일 휴진 / 월요일 10:00 ~ 18:00,0508-0353-2574
https://www.yeoshin.co.kr/event/mobile/10076,,,,"울쎄라! 탄력,라인까지 업그레이드! 리프팅레이저 울쎄라","#리프팅레이저
#타이트닝",https://d3gurpvil0se70.cloudfront.net/upfiles/images/product/346718743.jpg?q=90&f=webp&w=1024,10.0,4.0,440000.0,433000,VAT 포함,넬의원,,,,VAT 포함,,,,울쎄라 시술시간 60분 마취여부 크림마취 회복시간 1주 시술효과 1~2달 후,,,수요일 10:00 ~ 19:00 (점심 13:00 ~ 14:00) / 목요일 10:00 ~ 19:00 (점심 13:00 ~ 14:00) / 금요일 10:00 ~ 21:00 (점심 13:00 ~ 14:00) / 토요일 10:00 ~ 15:00 / 일요일 휴진 / 월요일 10:00 ~ 19:00 (점심 13:00 ~ 14:00),0508-0354-2100
https://www.yeoshin.co.kr/event/mobile/27813,,,,울쎄라+써마지flx +스킨보톡스,"#리프팅레이저
#타이트닝",https://d3gurpvil0se70.cloudfront.net/upfiles/images/product/dEnHnlpjcQdYXNq3ZW2gsSoqmL87.jpg?q=90&f=webp&w=1024,,,3000000.0,2993000,VAT 포함,프레쉬테마의원,크림마취,분야별 협진 전담회복실 사후관리,울쎄라 #고강도초음파 #피부깊은곳까지 고강도의 초음파 에너지를 피부 근막층에 도달시켜 늘어진 피부 조직을 수축 #강력한리프팅 #탄력개선 노화로 늘어진 피부에 강한 열 응고점을 만들어 수축시켜 강력한 리프팅 효과 #실시간확인 #정밀시술 초음파 영상기술을 통해 피부 깊이 및 구조를 눈으로 확인해 정밀한 시술 가능 권장주기 6~12개월 / 3회 시술,VAT 포함,처진 피부와 팔자주름이 고민인 분 / 강력한 리프팅 효과를 원하는 분 / 피부의 전체적인 탄력 개선을 원하는 분 / 두툼한 이중턱이 고민인 분,시술 특장점 피부 속 깊이 초음파 에너지 전달 피부 속 깊이 SMAS층에만 초음파 에너지를 집중 전달합니다. 피부 조직 리모델링 촉진 장기간 조직 리모델링을 촉진하고 탄력 개선 지속 효과가 있습니다. 초음파 영상기술으로 정밀한 시술 실시간 초음파 영상기술을 통해 피부 깊이 및 구조를 확인하며 시술이 가능합니다.,"기존 리프팅 시술과 다른 점이 무엇인가요? 울쎄라는 초음파 영상으로 시술부위를 보여주고, 동시에 치료도 할 수 있는 장비로 비교적 안전하고 만족스러운 결과를 기대할 수 있습니다. 시술이 아프지 않나요? 적은 에너지로 충분한 치료가 가능하며 효과를 낼 수 있기 때문에 통증이 줄어들어 편안하게 시술을 받으실수 있습니다.",울쎄라 시술시간 30~60분 마취여부 크림마취 회복시간 약 1주 시술효과 4~8주 후,"주의사항 1 일시적으로 턱 주변이 붓거나 입 움직임이 불편할 수 있습니다. 2 시술 후 시술 부위를 강하게 마사지하거나 누르지 말아주세요. 3 시술 후 붉은 기, 붓기가 일시적으로 나타날 수 있습니다.",크림마취 수면마취,수요일 09:30 ~ 18:30 (점심 13:00 ~ 14:00) / 목요일 09:30 ~ 18:30 (점심 13:00 ~ 14:00) / 금요일 09:30 ~ 18:30 (점심 13:00 ~ 14:00) / 토요일 09:30 ~ 16:00 (점심 13:00 ~ 14:00) / 일요일 휴진 / 월요일 09:30 ~ 18:30 (점심 13:00 ~ 14:00),050803538367
https://www.yeoshin.co.kr/event/mobile/25497,,,,울쎄라,"#리프팅레이저
#타이트닝",https://d3gurpvil0se70.cloudfront.net/upfiles/images/product/OaBYHhtZYQQY4B6BlmHEILcsLXq7.jpg?q=90&f=webp&w=1024,,,319000.0,312000,VAT 포함,예쁨주의쁨의원(천안점),,,울쎄라 #고강도초음파 #피부깊은곳까지 고강도의 초음파 에너지를 피부 근막층에 도달시켜 늘어진 피부 조직을 수축 #강력한리프팅 #탄력개선 노화로 늘어진 피부에 강한 열 응고점을 만들어 수축시켜 강력한 리프팅 효과 #실시간확인 #정밀시술 초음파 영상기술을 통해 피부 깊이 및 구조를 눈으로 확인해 정밀한 시술 가능 권장주기 6~12개월 / 3회 시술,VAT 포함,처진 피부와 팔자주름이 고민인 분 / 강력한 리프팅 효과를 원하는 분 / 피부의 전체적인 탄력 개선을 원하는 분 / 두툼한 이중턱이 고민인 분,,,울쎄라 시술시간 30~60분 마취여부 크림마취 회복시간 약 1주 시술효과 4~8주 후,,,"수요일 10:00 ~ 20:00 (점심 13:00 ~ 14:00) / 목요일 10:00 ~ 20:00 (점심 13:00 ~ 14:00) / 금요일 10:00 ~ 20:00 (점심 13:00 ~ 14:00) / 토요일 10:00 ~ 17:00 / 일요일 휴진 / 월요일 10:00 ~ 20:00 (점심 13:00 ~ 14:00) / 10월 6,7,8일 휴진",050803531349
https://www.yeoshin.co.kr/event/mobile/2325,,,,고강도 초음파 명동루비_울쎄라,"#리프팅레이저
#타이트닝",https://d3gurpvil0se70.cloudfront.net/upfiles/images/product/n9qQTQcsJvN2u7aIKHDxxfVBdEx5.jpg?q=90&f=webp&w=1024,8.7,476.0,649000.0,642000,VAT 포함,루비의원(명동점),,,,VAT 포함,,,,울쎄라 시술시간 30분 마취여부 냉각마취 회복시간 1주 시술효과 1~2달 후,,,수요일 10:30 ~ 20:30 (점심 13:30 ~ 15:00) / 목요일 10:30 ~ 20:30 (점심 13:30 ~ 15:00) / 금요일 10:30 ~ 20:30 (점심 13:30 ~ 15:00) / 토요일 10:00 ~ 16:00 / 일요일 12:00 ~ 17:00 / 월요일 10:30 ~ 20:30 (점심 13:30 ~ 15:00),0508-0353-8508
https://www.yeoshin.co.kr/event/mobile/27464,,,,울쎄라 300샷 / 리쥬쎄라_정품_대표원장,"#리프팅레이저
#타이트닝",https://d3gurpvil0se70.cloudfront.net/upfiles/images/product/c55Mjg2LMLboAHChgNLPKo5xZlE.png?q=90&f=webp&w=1024,,,940000.0,933000,VAT 포함,뷰라밸성형외과의원,"서울특별시 강남구 강남대로 422 (역삼동) 9층(역삼동, 씨티빌딩)주소복사",전문의 1명 수술실 CCTV 응급처치 시스템 전담회복실 사후관리 영어 응대 중국어 응대 일본어 응대,,VAT 포함,,,,울쎄라 시술시간 30~60분 마취여부 수면마취 회복시간 약 1주 시술효과 4~8주 후,,,"수요일 휴진 / 목요일 10:00 ~ 19:00 / 금요일 10:00 ~ 19:00 / 토요일 10:00 ~ 16:00 / 일요일 휴진 / 월요일 10:00 ~ 19:00 / 10월 1,2,3,4,5일 정상진료",0508-0353-4874
https://www.yeoshin.co.kr/event/mobile/24898,,,,울쎄라 리프팅 100샷,"#리프팅레이저
#타이트닝",https://d3gurpvil0se70.cloudfront.net/upfiles/images/product/gYKHQfOYfupJbdoypL1tVWnEHdI4.jpg?q=90&f=webp&w=1024,,,207900.0,200900,VAT 포함,유앤아이의원(대전점),,,,VAT 포함,,,,울쎄라 시술시간 30~60분 마취여부 크림마취 회복시간 약 1주 시술효과 4~8주 후,,,수요일 10:30 ~ 20:30 / 목요일 10:30 ~ 20:30 / 금요일 10:30 ~ 20:30 / 토요일 10:30 ~ 17:00 / 일요일 휴진 / 월요일 10:30 ~ 20:30,0508-0354-1943
https://www.yeoshin.co.kr/event/mobile/27206,,,,울쎄라피 프라임 600샷,"#피부과 전문의
#리프팅레이저
#타이트닝",https://d3gurpvil0se70.cloudfront.net/upfiles/images/product/NL0zBSBY4eWsj7VxBSNviEy7Gsw.jpg?q=90&f=webp&w=1024,,,2090000.0,2083000,VAT 포함,리뉴미피부과의원(홍제점),크림마취,전문의 3명 여의사 진료 수술실 CCTV 응급처치 시스템 전담회복실 사후관리 피부진단기 F-RAY 촬영 >,울쎄라피프라임 #강력한초음파 #울쎄라업그레이드 강력한 초음파가 피부 깊숙이 도달해 피부를 탄력있게 리프팅하는 울쎄라의 업그레이드 버전 #실시간확인 #비침습리프팅 비침습 비절개 방식으로 피부를 실시간으로 확인하며 정밀하게 시술 #섬세하고 #정교하게 기존 울쎄라보다 더 깊이 관찰해 더욱 섬세하고 빠른 시술이 가능 권장주기 6~12개월 / 1회 시술,VAT 포함,처진 피부와 팔자주름이 고민인 분 / 강력한 리프팅 효과를 원하는 분 / 피부의 전체적인 탄력 개선을 원하는 분 / 리프팅 효과를 오래 유지하고 싶으신 분,,,울쎄라피프라임 시술시간 30~60분 마취여부 크림마취 회복시간 약 1~3일 시술효과 1~2개월,,크림마취 수면마취 비수면 무통마취 국소마취,수요일 10:00 ~ 19:00 (점심 13:00 ~ 14:00) / 목요일 10:00 ~ 19:00 (점심 13:00 ~ 14:00) / 금요일 10:00 ~ 20:00 (점심 13:00 ~ 14:00) / 토요일 09:30 ~ 16:30 (점심 13:00 ~ 14:00) / 일요일 휴진 / 월요일 10:00 ~ 20:00 (점심 13:00 ~ 14:00),050803534854
https://www.yeoshin.co.kr/event/mobile/26165,,,,순플러스_울써마지FLX 울쎄라 써마지FLX,"#타이트닝
#리프팅레이저",https://d3gurpvil0se70.cloudfront.net/upfiles/images/product/FuVU5WaSCMhNcfRYUWHakxoZT2m8.jpg?q=90&f=webp&w=1024,,,2310000.0,2303000,VAT 포함,순플러스성형외과의원,크림마취,전문의 3명 여의사 진료 수술실 CCTV 응급처치 시스템 전담회복실 사후관리 영어 응대 중국어 응대,,VAT 포함,,,,써마지 시술시간 30분 마취여부 크림마취 회복시간 당일 시술효과 1개월 후,,크림마취 수면마취 국소마취,수요일 10:00 ~ 19:00 / 목요일 10:00 ~ 19:00 / 금요일 10:00 ~ 19:00 / 토요일 10:00 ~ 16:00 / 일요일 휴진 / 월요일 10:00 ~ 19:00,050803533332
https://www.yeoshin.co.kr/event/mobile/22735,,,,정품정량 울쎄라 리프팅,"#리프팅레이저
#타이트닝",https://d3gurpvil0se70.cloudfront.net/upfiles/images/product/2zfA22IyPHzPF7q6zMyPFZ6lowdA.jpg?q=90&f=webp&w=1024,,,319000.0,312000,VAT 포함,리엔장의원(목동점),서울시 양천구 오목로 325 리엔장의원(목동점)주소복사,전문의 1명 중국어 응대,울쎄라 #고강도초음파 #피부깊은곳까지 고강도의 초음파 에너지를 피부 근막층에 도달시켜 늘어진 피부 조직을 수축 #강력한리프팅 #탄력개선 노화로 늘어진 피부에 강한 열 응고점을 만들어 수축시켜 강력한 리프팅 효과 #실시간확인 #정밀시술 초음파 영상기술을 통해 피부 깊이 및 구조를 눈으로 확인해 정밀한 시술 가능 권장주기 6~12개월 / 3회 시술,VAT 포함,처진 피부와 팔자주름이 고민인 분 / 강력한 리프팅 효과를 원하는 분 / 피부의 전체적인 탄력 개선을 원하는 분 / 두툼한 이중턱이 고민인 분,시술 특장점 피부 속 깊이 초음파 에너지 전달 피부 속 깊이 SMAS층에만 초음파 에너지를 집중 전달합니다. 피부 조직 리모델링 촉진 장기간 조직 리모델링을 촉진하고 탄력 개선 지속 효과가 있습니다. 초음파 영상기술으로 정밀한 시술 실시간 초음파 영상기술을 통해 피부 깊이 및 구조를 확인하며 시술이 가능합니다.,"기존 리프팅 시술과 다른 점이 무엇인가요? 울쎄라는 초음파 영상으로 시술부위를 보여주고, 동시에 치료도 할 수 있는 장비로 비교적 안전하고 만족스러운 결과를 기대할 수 있습니다. 시술이 아프지 않나요? 적은 에너지로 충분한 치료가 가능하며 효과를 낼 수 있기 때문에 통증이 줄어들어 편안하게 시술을 받으실수 있습니다. 울쎄라는 안전한가요? 울쎄라는 50년 이상 사용되어 왔고, 임상연구를 통해 안전성이 입증되었습니다. 또한 FDA와 KFDA의 승인을 받은 안전성 있는 장비입니다. 시술 전후로 보톡스, 필러 시술이 가능한가요? 당일 시술이 가능하나 보톡스, 필러 후 부기나 멍 등을 우려해 울쎄라 시술을 먼저 받는 것을 권장드립니다. 시술 후 부작용이 있나요? 부기, 붉은기, 감각이 둔해지는 증상, 통증 등이 일시적으로 발생할 수 있으며, 자연스럽게 호전됩니다.",울쎄라 시술시간 30~60분 마취여부 크림마취 회복시간 약 1주 시술효과 4~8주 후,"주의사항 1 일시적으로 턱 주변이 붓거나 입 움직임이 불편할 수 있습니다. 2 시술 후 시술 부위를 강하게 마사지하거나 누르지 말아주세요. 3 시술 후 붉은 기, 붓기가 일시적으로 나타날 수 있습니다. 4 세안은 찬물이나 미온수로 하시고, 저자극 클렌저를 사용해주세요.",,수요일 10:00 ~ 20:00 (점심 13:00 ~ 14:00) / 목요일 10:00 ~ 20:00 (점심 13:00 ~ 14:00) / 금요일 10:00 ~ 20:00 (점심 13:00 ~ 14:00) / 토요일 09:00 ~ 16:00 / 일요일 휴진 / 월요일 10:00 ~ 20:00 (점심 13:00 ~ 14:00),0508-0353-1953
https://www.yeoshin.co.kr/event/mobile/25767,,,,울쎄라 300,"#리프팅레이저
#타이트닝",https://d3gurpvil0se70.cloudfront.net/upfiles/images/product/5NyLrQglqP1DBglfPAUuxHwfqgk.jpg?q=90&f=webp&w=1024,,,825000.0,818000,VAT 포함,시안의원,크림마취,여의사 진료 마취과의 진료 수술실 CCTV 기본 입원실 사후관리,,VAT 포함,,,,울쎄라 시술시간 30~60분 마취여부 마취있음 회복시간 약 1주 시술효과 4~8주 후,,크림마취 수면마취 국소마취,수요일 10:30 ~ 20:00 / 목요일 10:30 ~ 20:00 / 금요일 10:30 ~ 20:00 / 토요일 10:00 ~ 17:00 / 일요일 휴진 / 월요일 10:30 ~ 20:00,050803533980
https://www.yeoshin.co.kr/event/mobile/24954,,,,울쎄라 리프팅 300샷,"#리프팅레이저
#타이트닝",https://d3gurpvil0se70.cloudfront.net/upfiles/images/product/FCO9Ul31nb4dC7Tgcq7dLFKicbsA.jpg?q=90&f=webp&w=1024,,,1070000.0,1063000,VAT 포함,리스펙성형외과의원,크림마취,마취과의 진료 수술실 CCTV 응급처치 시스템 분야별 협진 기본 입원실 사후관리,,VAT 포함,,,,울쎄라 시술시간 30~60분 마취여부 수면마취 회복시간 약 1주 시술효과 4~8주 후,,크림마취 수면마취 전신마취 국소마취,수요일 10:00 ~ 19:00 / 목요일 10:00 ~ 19:00 / 금요일 10:00 ~ 19:00 / 토요일 10:00 ~ 16:00 / 일요일 휴진 / 월요일 10:00 ~ 19:00,050803534820
https://www.yeoshin.co.kr/event/mobile/17119,,,,맞춤 울쎄라리프팅,"#리프팅레이저
#타이트닝",https://d3gurpvil0se70.cloudfront.net/upfiles/images/product/RBJUtSorgUAbW7RFqEH8DYU0dFo.jpg?q=90&f=webp&w=1024,,,380000.0,373000,VAT 포함,닥터고운선의원,크림마취,수술실 CCTV 응급처치 시스템 전담회복실 사후관리 중국어 응대,울쎄라 #고강도초음파 #피부깊은곳까지 고강도의 초음파 에너지를 피부 근막층에 도달시켜 늘어진 피부 조직을 수축 #강력한리프팅 #탄력개선 노화로 늘어진 피부에 강한 열 응고점을 만들어 수축시켜 강력한 리프팅 효과 #실시간확인 #정밀시술 초음파 영상기술을 통해 피부 깊이 및 구조를 눈으로 확인해 정밀한 시술 가능 권장주기 6개월 / 3회 시술,VAT 포함,처진 피부와 팔자주름이 고민인 분 / 강력한 리프팅 효과를 원하는 분 / 피부의 전체적인 탄력 개선을 원하는 분 / 두툼한 이중턱이 고민인 분,,,울쎄라 시술시간 30~60분 마취여부 크림마취 회복시간 1주 시술효과 1~2달 후,,크림마취 수면마취 국소마취,수요일 휴진 / 목요일 10:00 ~ 19:00 (점심 13:00 ~ 14:00) / 금요일 10:00 ~ 21:00 (점심 13:00 ~ 14:00) / 토요일 10:00 ~ 17:00 (점심 13:00 ~ 14:00) / 일요일 휴진 / 월요일 10:00 ~ 19:00 (점심 13:00 ~ 14:00),0508-0353-3733
https://www.yeoshin.co.kr/event/mobile/26426,,,,홍대입구역 포레나 울쎄라피 프라임,"#리프팅레이저
#타이트닝",https://d3gurpvil0se70.cloudfront.net/upfiles/images/product/aFVQ3d7PtrmGFqA5dr67vapZ6Co7.jpg?q=90&f=webp&w=1024,,,539000.0,532000,VAT 포함,포레나의원,크림마취,여의사 진료 영어 응대 중국어 응대 일본어 응대,,VAT 포함,,,,울쎄라피프라임 시술시간 30~60분 마취여부 크림마취 회복시간 약 1~3일 시술효과 1~2개월,,크림마취,수요일 10:00 ~ 20:30 / 목요일 10:00 ~ 20:30 / 금요일 10:00 ~ 20:30 / 토요일 10:00 ~ 17:00 / 일요일 10:00 ~ 17:00 / 월요일 10:00 ~ 20:30 / 공휴일 10:00-17:00,0508-0353-2218
https://www.yeoshin.co.kr/event/mobile/23217,,,,"신형 울쎄라, NEW 울쎄라프라임","#리프팅레이저
#타이트닝",https://d3gurpvil0se70.cloudfront.net/upfiles/images/product/TsQQih7zsXtXJWwDqze3G1u8yxi3.png?q=90&f=webp&w=1024,,,1650000.0,1643000,VAT 포함,넬의원,,,울쎄라피프라임 #강력한초음파 #울쎄라업그레이드 강력한 초음파가 피부 깊숙이 도달해 피부를 탄력있게 리프팅하는 울쎄라의 업그레이드 버전 #실시간확인 #비침습리프팅 비침습 비절개 방식으로 피부를 실시간으로 확인하며 정밀하게 시술 #섬세하고 #정교하게 기존 울쎄라보다 더 깊이 관찰해 더욱 섬세하고 빠른 시술이 가능 권장주기 6~12개월 / 1회 시술,VAT 포함,처진 피부와 팔자주름이 고민인 분 / 강력한 리프팅 효과를 원하는 분 / 피부의 전체적인 탄력 개선을 원하는 분 / 리프팅 효과를 오래 유지하고 싶으신 분,,,울쎄라피프라임 시술시간 30~60분 마취여부 크림마취 회복시간 약 1~3일 시술효과 1~2개월,,,수요일 10:00 ~ 19:00 (점심 13:00 ~ 14:00) / 목요일 10:00 ~ 19:00 (점심 13:00 ~ 14:00) / 금요일 10:00 ~ 21:00 (점심 13:00 ~ 14:00) / 토요일 10:00 ~ 15:00 / 일요일 휴진 / 월요일 10:00 ~ 19:00 (점심 13:00 ~ 14:00),0508-0354-2100
https://www.yeoshin.co.kr/event/mobile/27459,,,,더블울쎄라 300샷,"#리프팅레이저
#타이트닝",https://d3gurpvil0se70.cloudfront.net/upfiles/images/product/qD70Hvdwp9ox8kMldm4a4UYCW248.jpg?q=90&f=webp&w=1024,,,484000.0,477000,VAT 포함,얼굴본성형외과의원,크림마취,전문의 1명 여의사 진료 수술실 CCTV 응급처치 시스템 사후관리,,VAT 포함,,,,울쎄라 시술시간 30~60분 마취여부 크림마취 회복시간 약 1주 시술효과 4~8주 후,,크림마취 수면마취 국소마취,수요일 10:00 ~ 18:00 / 목요일 10:00 ~ 18:00 / 금요일 10:00 ~ 18:00 / 토요일 10:00 ~ 16:00 / 일요일 휴진 / 월요일 10:00 ~ 18:00,0508-0353-2574
https://www.yeoshin.co.kr/event/mobile/25768,,,,울쎄라200샷+티타늄40KJ,"#리프팅레이저
#타이트닝",https://d3gurpvil0se70.cloudfront.net/upfiles/images/product/5evO3nvIeWu0H6VjHahBYmwyZ9o7.jpg?q=90&f=webp&w=1024,,,825000.0,818000,VAT 포함,시안의원,크림마취,여의사 진료 마취과의 진료 수술실 CCTV 기본 입원실 사후관리,,VAT 포함,,,,티타늄 시술시간 60분 마취여부 마취있음 회복시간 당일 시술효과 2~4주 후,,크림마취 수면마취 국소마취,수요일 10:30 ~ 20:00 / 목요일 10:30 ~ 20:00 / 금요일 10:30 ~ 20:00 / 토요일 10:00 ~ 17:00 / 일요일 휴진 / 월요일 10:30 ~ 20:00,050803533980
https://www.yeoshin.co.kr/event/mobile/17298,,,,블리비 울쎄라 리프팅,"#리프팅레이저
#타이트닝",https://d3gurpvil0se70.cloudfront.net/upfiles/images/product/cOpY9CPpbQhFr2E3IsbExesoVD55.jpg?q=90&f=webp&w=1024,,,319000.0,312000,VAT 포함,블리비의원(영등포점),,,울쎄라 #고강도초음파 #피부깊은곳까지 고강도의 초음파 에너지를 피부 근막층에 도달시켜 늘어진 피부 조직을 수축 #강력한리프팅 #탄력개선 노화로 늘어진 피부에 강한 열 응고점을 만들어 수축시켜 강력한 리프팅 효과 #실시간확인 #정밀시술 초음파 영상기술을 통해 피부 깊이 및 구조를 눈으로 확인해 정밀한 시술 가능 권장주기 6~12개월 / 3회 시술,VAT 포함,처진 피부와 팔자주름이 고민인 분 / 강력한 리프팅 효과를 원하는 분 / 피부의 전체적인 탄력 개선을 원하는 분 / 두툼한 이중턱이 고민인 분,시술 특장점 피부 속 깊이 초음파 에너지 전달 피부 속 깊이 SMAS층에만 초음파 에너지를 집중 전달합니다. 피부 조직 리모델링 촉진 장기간 조직 리모델링을 촉진하고 탄력 개선 지속 효과가 있습니다. 초음파 영상기술으로 정밀한 시술 실시간 초음파 영상기술을 통해 피부 깊이 및 구조를 확인하며 시술이 가능합니다.,"기존 리프팅 시술과 다른 점이 무엇인가요? 울쎄라는 초음파 영상으로 시술부위를 보여주고, 동시에 치료도 할 수 있는 장비로 비교적 안전하고 만족스러운 결과를 기대할 수 있습니다. 시술이 아프지 않나요? 적은 에너지로 충분한 치료가 가능하며 효과를 낼 수 있기 때문에 통증이 줄어들어 편안하게 시술을 받으실수 있습니다.",울쎄라 시술시간 30~60분 마취여부 크림마취 회복시간 약 1주 시술효과 4~8주 후,"주의사항 1 일시적으로 턱 주변이 붓거나 입 움직임이 불편할 수 있습니다. 2 시술 후 시술 부위를 강하게 마사지하거나 누르지 말아주세요. 3 시술 후 붉은 기, 붓기가 일시적으로 나타날 수 있습니다.",,수요일 10:30 ~ 20:30 (점심 14:00 ~ 15:00) / 목요일 10:30 ~ 20:30 (점심 14:00 ~ 15:00) / 금요일 10:30 ~ 20:30 (점심 14:00 ~ 15:00) / 토요일 10:00 ~ 17:00 / 일요일 휴진 / 월요일 10:30 ~ 20:30 (점심 14:00 ~ 15:00) / 토요일 점심시간 없이 진료 일요일 / 공휴일 휴무,0508-0354-2924
https://www.yeoshin.co.kr/event/mobile/27015,,,,피부과전문의 울쎄라 300샷,"#피부과 전문의
#리프팅레이저
#타이트닝",https://d3gurpvil0se70.cloudfront.net/upfiles/images/product/EEydiM1hliBcqCevxTEYmKCh00V9.jpg?q=90&f=webp&w=1024,,,1045000.0,1038000,VAT 포함,오체안피부과의원(과천점),크림마취,전문의 2명 여의사 진료,울쎄라 #고강도초음파 #피부깊은곳까지 고강도의 초음파 에너지를 피부 근막층에 도달시켜 늘어진 피부 조직을 수축 #강력한리프팅 #탄력개선 노화로 늘어진 피부에 강한 열 응고점을 만들어 수축시켜 강력한 리프팅 효과 #실시간확인 #정밀시술 초음파 영상기술을 통해 피부 깊이 및 구조를 눈으로 확인해 정밀한 시술 가능,VAT 포함,처진 피부와 팔자주름이 고민인 분 / 강력한 리프팅 효과를 원하는 분 / 피부의 전체적인 탄력 개선을 원하는 분 / 두툼한 이중턱이 고민인 분,,,울쎄라 시술시간 30~60분 마취여부 크림마취 회복시간 약 1주 시술효과 4~8주 후,,크림마취,수요일 10:00 ~ 19:00 (점심 13:30 ~ 14:30) / 목요일 10:00 ~ 20:00 (점심 13:30 ~ 14:30) / 금요일 10:00 ~ 19:00 (점심 13:30 ~ 14:30) / 토요일 09:00 ~ 14:00 / 일요일 휴진 / 월요일 10:00 ~ 20:00 (점심 13:30 ~ 14:30),050803547663
https://www.yeoshin.co.kr/event/mobile/14201,,,,아이 울쎄라로 뚜렷한 눈으로 리프팅,"#눈
#리프팅레이저
#타이트닝",https://d3gurpvil0se70.cloudfront.net/upfiles/images/product/1174194103.jpg?q=90&f=webp&w=1024,,,1309000.0,1302000,VAT 포함,센텀릴리의원,부산광역시 해운대구 센텀2로 15 센텀릴리의원주소복사,전문의 1명,아이울쎄라 울쎄라는 고강도의 초음파에너지를 피부 속 4.5mm에 이르는 근막층(SMAS)까지 도달하여 피부 속 표피와 진피층 및 깊은 곳 부터 늘어진 조직을 리프팅하는 시술입니다. 노화로 인해 늘어지는 피부 근막층을 초음파 에너지가 강한 열 응고점을 만들어 수축시켜줌으로써 탄력 개선만으로는 부족했던 강력한 피부 리프팅 효과를 기대할 수 있습니다. 권장주기 6~12개월 / 3회 시술,VAT 포함,처진 피부와 팔자주름이 고민인 분 / 안티에이징 및 잔주름 개선을 원하는 분 / 피부가 건조하고 피부결이 거칠어 고민인 분 / 피곤해보이는 피부톤이 고민인 분,,,아이울쎄라 시술시간 60분 마취여부 냉각마취 회복시간 당일 시술효과 3달 후,,,수요일 11:00 ~ 20:00 (점심 13:00 ~ 14:00) / 목요일 11:00 ~ 20:00 (점심 13:00 ~ 14:00) / 금요일 11:00 ~ 20:00 (점심 13:00 ~ 14:00) / 토요일 11:00 ~ 16:00 / 일요일 휴진 / 월요일 11:00 ~ 20:00 (점심 13:00 ~ 14:00),0508-0354-2054
https://www.yeoshin.co.kr/event/mobile/26950,,,,울쎄라 300샷+써마지300샷+턱선보톡스,"#타이트닝
#리프팅레이저",https://d3gurpvil0se70.cloudfront.net/upfiles/images/product/RsG5dAZEcDDAohEms9o16QFaF3h5.jpg?q=90&f=webp&w=1024,,,2700000.0,2693000,VAT 포함,청담쥬넥스의원,크림마취,수술실 CCTV 응급처치 시스템 분야별 협진 전담회복실 사후관리,"써마지 복합 시너지 리프팅 울쎄라 와 써마지 두가지 장비를 이용하여 근막층 (SMAS)과 진피층을 동시에 자극하여 더 넓고 깊은 리프팅 효과. 복합 개선 피부의 층별로 타깃하여 속부터 개선되는 효과와 팔자와 심부볼,이중턱의 쳐짐과 피부결·탄력·모공 까지 다방면으로 개선 가능 지속력 향상 각각 단독 시술보다 효과 지속 기간이 길고 안정적 (6개월~1년 이상) 권장주기 6~12개월 / 1~2회 시술",VAT 포함,처진 피부와 팔자주름이 고민인 분 / 강력한 리프팅 효과를 원하는 분 / 피부의 전체적인 탄력 개선을 원하는 분 / 두툼한 이중턱이 고민인 분,"시술 특장점 피부층별 타깃 울쎄라는 근막층(SMAS)에 적용하여 늘어진 피부를 안쪽에서 당겨주는 효과로 쳐진볼,이중턱,턱선 라인을 개선해주며 써마지는 고주파를 이용하여 진피층 깊숙이 열을 전달함으써 콜라겐 생성을 유도하며 모공이 조여지고 피부결이 정돈되는 효과를 느낄수 있습니다. 피부 조직 리모델링 촉진 두 시술 모두 장기적으로 콜라겐 생성을 유도해 시간이 지날수록 피부가 탄탄해지는 효과를 느낄수 있습니다. 초음파 영상&쿨링 기술 울쎄라의 실시간 초음파 영상기술을 통해 피부 깊이 및 구조를 확인하며 정확한 층에 시술하며 써마지의 자동 냉각 시스템으로 통증을 조절하여 더욱 안전하게 시술이 가능합니다.","기존 리프팅 시술과 다른 점이 무엇인가요? 울쎄라(Ulthera)와 써마지(Thermage)를 결합한 복합 리프팅 시술로, 두 기술의 장점을 동시에 살린 시너지 리프팅입니다. 피부 속 깊은 곳부터 표면까지 전 층을 타겟팅하여 탄력, 리프팅, 피부결을 한 번에 개선할 수 있다는 점이 가장 큰 특장점 입니다. 시술 효과는 언제 느낄수 있나요? 시술 직후에도 얼굴 라인이 정리된걸 느끼실수 있지만, 울써마지는 장기적으로 콜라겐 생성을 유도하는 시술로 3~4주 지나시면 효과가 더욱 극대화 됩니다.",써마지 시술시간 1~2시간 마취여부 크림/수면 회복시간 약 1주 시술효과 4~8주 후,"주의사항 1 시술 직후 붓기, 땅김, 따끔함, 묵직한 느낌이 드실수 있으며 일주일이내 호전됩니다. 2 원활한 회복을 위해 음주,흡연,사우나는 5~7일간 피해주세요. 3 시술 후 콜라겐 재생이 일어나는 동안 일시적으로 피부가 건조 해질수 있음으로 보습 및 자외선 차단에 신경써주세요.",크림마취 수면마취 국소마취,수요일 휴진 / 목요일 09:30 ~ 18:30 / 금요일 09:30 ~ 18:30 / 토요일 09:30 ~ 17:00 / 일요일 휴진 / 월요일 09:30 ~ 18:30,050803543238
https://www.yeoshin.co.kr/event/mobile/27491,,,,울쎄라2 프라임 300샷(신경마취 포함),"#리프팅레이저
#타이트닝",https://d3gurpvil0se70.cloudfront.net/upfiles/images/product/coCP1jyspdSGft5UR3UcVWeTDAP2.jpg?q=90&f=webp&w=1024,,,990000.0,983000,VAT 포함,더리즈의원(강남),크림마취,전문의 1명 여의사 진료 수술실 CCTV 사후관리 피부진단기 F-RAY 촬영 >,,VAT 포함,,,,울쎄라피프라임 시술시간 30~60분 마취여부 크림마취 회복시간 약 1~3일 시술효과 1~2개월,,크림마취 수면마취 국소마취,수요일 휴진 / 목요일 10:00 ~ 19:00 (점심 13:00 ~ 14:00) / 금요일 10:00 ~ 20:00 (점심 13:00 ~ 14:00) / 토요일 10:00 ~ 16:00 / 일요일 휴진 / 월요일 10:00 ~ 20:00 (점심 13:00 ~ 14:00),050803531297
https://www.yeoshin.co.kr/event/mobile/4623,,,,[원장님 영상] 콰트로핏 울쎄라피 프라임,"#리프팅레이저
#타이트닝",https://d3gurpvil0se70.cloudfront.net/upfiles/images/product/oFGibGIbNmwedKVq4lbjiOsm3pu2.jpg?q=90&f=webp&w=1024,9.9,20.0,385000.0,378000,VAT 포함,베이드의원,서울특별시 강남구 논현로 839 베이드의원주소복사,전문의 3명 영어 응대 중국어 응대 피부진단기 F-RAY 촬영 >,,VAT 포함,,,,울쎄라피프라임 시술시간 30~60분 마취여부 크림마취 회복시간 약 1~3일 시술효과 1~2개월,,,수요일 10:00 ~ 20:00 (점심 13:00 ~ 14:00) / 목요일 10:00 ~ 20:00 (점심 13:00 ~ 14:00) / 금요일 10:00 ~ 20:00 (점심 13:00 ~ 14:00) / 토요일 10:00 ~ 16:00 / 일요일 휴진 / 월요일 10:00 ~ 20:00 (점심 13:00 ~ 14:00),0508-0353-3673
https://www.yeoshin.co.kr/event/mobile/20373,,,,울쎄라 300샷,"#리프팅레이저
#타이트닝",https://d3gurpvil0se70.cloudfront.net/upfiles/images/product/19n2W6esMANptQNFgfPnDP1zKhF2.png?q=90&f=webp&w=1024,,,869000.0,862000,VAT 포함,리블룸의원(원주),강원특별자치도 원주시 능라동길 73 (무실동) 리블룸의원주소복사,영어 응대 중국어 응대 일본어 응대,,VAT 포함,,,,울쎄라 시술시간 30~60분 마취여부 크림마취 회복시간 약 1주 시술효과 4~8주 후,,,수요일 10:30 ~ 20:00 (점심 13:00 ~ 14:00) / 목요일 10:30 ~ 20:00 (점심 13:00 ~ 14:00) / 금요일 10:30 ~ 20:00 (점심 13:00 ~ 14:00) / 토요일 10:00 ~ 15:00 / 일요일 휴진 / 월요일 10:30 ~ 20:00 (점심 13:00 ~ 14:00),0508-0353-0877
https://www.yeoshin.co.kr/event/mobile/3345,,,,땡큐 울쎄라 프라임,"#피부과 전문의
#리프팅레이저
#타이트닝",https://d3gurpvil0se70.cloudfront.net/upfiles/images/product/SNi9WQnMFQMgxsvycCsCabhrGgC5.jpg?q=90&f=webp&w=1024,,,440000.0,433000,VAT 포함,땡큐성형외과의원,서울특별시 강남구 강남대로 446 땡큐성형외과의원주소복사,전문의 7명 영어 응대 중국어 응대 일본어 응대,,VAT 포함,,,,울쎄라피프라임 시술시간 30~60분 마취여부 크림마취 회복시간 약 1~3일 시술효과 1~2개월,,,수요일 10:00 ~ 19:00 / 목요일 10:00 ~ 19:00 / 금요일 10:00 ~ 19:00 / 토요일 10:00 ~ 16:00 / 일요일 휴진 / 월요일 10:00 ~ 19:00,0508-0353-6942
https://www.yeoshin.co.kr/event/mobile/20630,,,,[NIKS] 울쎄라 300샷 이벤트,"#리프팅레이저
#타이트닝",https://d3gurpvil0se70.cloudfront.net/upfiles/images/product/1wJeKendqJKKC6pZgROpwlwnfDr2.png?q=90&f=webp&w=1024,,,1650000.0,1643000,VAT 포함,닉스의원(수원점),크림마취,여의사 진료,울쎄라 #고강도초음파 #피부깊은곳까지 고강도의 초음파 에너지를 피부 근막층에 도달시켜 늘어진 피부 조직을 수축 #강력한리프팅 #탄력개선 노화로 늘어진 피부에 강한 열 응고점을 만들어 수축시켜 강력한 리프팅 효과 #실시간확인 #정밀시술 초음파 영상기술을 통해 피부 깊이 및 구조를 눈으로 확인해 정밀한 시술 가능 권장주기 6~12개월 / 3회 시술,VAT 포함,처진 피부와 팔자주름이 고민인 분 / 강력한 리프팅 효과를 원하는 분 / 피부의 전체적인 탄력 개선을 원하는 분 / 두툼한 이중턱이 고민인 분,,,울쎄라 시술시간 30~60분 마취여부 크림마취 회복시간 약 1주 시술효과 4~8주 후,,크림마취 수면마취 국소마취,수요일 10:30 ~ 20:30 (점심 14:00 ~ 15:00) / 목요일 10:30 ~ 20:30 (점심 14:00 ~ 15:00) / 금요일 10:30 ~ 20:30 (점심 14:00 ~ 15:00) / 토요일 10:30 ~ 16:30 / 일요일 휴진 / 월요일 10:30 ~ 20:30 (점심 14:00 ~ 15:00) / *일요일/공휴일 휴진,0508-0354-3026
https://www.yeoshin.co.kr/event/mobile/27633,,,,"울쎄라피 프라임, 커스터마이징 디자인","#리프팅레이저
#타이트닝",https://d3gurpvil0se70.cloudfront.net/upfiles/images/product/W3jsez9DcLCd7RErMs5cVgwLJZj5.jpg?q=90&f=webp&w=1024,,,1419000.0,1412000,VAT 포함,피어봄의원(송도점),,,,VAT 포함,,,,울쎄라피프라임 시술시간 30~60분 마취여부 크림마취 회복시간 약 1~3일 시술효과 1~2개월,,,수요일 10:00 ~ 21:00 (점심 13:00 ~ 14:00) / 목요일 휴진 / 금요일 10:00 ~ 21:00 (점심 13:00 ~ 14:00) / 토요일 09:00 ~ 15:00 / 일요일 휴진 / 월요일 10:00 ~ 19:00 (점심 13:00 ~ 14:00),0508-0353-0869
https://www.yeoshin.co.kr/event/mobile/27529,,,,"프리미엄 초음파 리프팅의 정석, 울쎄라","#리프팅레이저
#타이트닝",https://d3gurpvil0se70.cloudfront.net/upfiles/images/product/pFYOdNCmmxQnf2o2ehXn9u6KbWa3.png?q=90&f=webp&w=1024,,,841500.0,834500,VAT 포함,모리프한의원,크림마취,여의사 진료,울쎄라 #고강도초음파 #피부깊은곳까지 고강도의 초음파 에너지를 피부 근막층에 도달시켜 늘어진 피부 조직을 수축 #강력한리프팅 #탄력개선 노화로 늘어진 피부에 강한 열 응고점을 만들어 수축시켜 강력한 리프팅 효과 #실시간확인 #정밀시술 초음파 영상기술을 통해 피부 깊이 및 구조를 눈으로 확인해 정밀한 시술 가능 권장주기 6~12개월 / 3회 시술,VAT 포함,처진 피부와 팔자주름이 고민인 분 / 강력한 리프팅 효과를 원하는 분 / 피부의 전체적인 탄력 개선을 원하는 분 / 두툼한 이중턱이 고민인 분,,,울쎄라 시술시간 30~60분 마취여부 크림마취 회복시간 약 1주 시술효과 4~8주 후,,크림마취,수요일 08:00 ~ 21:00 (점심 13:00 ~ 14:00) / 목요일 08:00 ~ 21:00 (점심 13:00 ~ 14:00) / 금요일 08:00 ~ 21:00 (점심 13:00 ~ 14:00) / 토요일 08:00 ~ 18:00 (점심 13:00 ~ 14:00) / 일요일 08:00 ~ 18:00 (점심 13:00 ~ 14:00) / 월요일 08:00 ~ 21:00 (점심 13:00 ~ 14:00),050803543438
https://www.yeoshin.co.kr/event/mobile/24666,,,,"고강도 초음파, 울쎄라피 프라임 300샷","#리프팅레이저
#타이트닝",https://d3gurpvil0se70.cloudfront.net/upfiles/images/product/Y7TVAHxId47LOzbzeyY3kSCNvsu2.jpg?q=90&f=webp&w=1024,,,1320000.0,1313000,VAT 포함,강남제이스타의원,크림마취,전문의 1명 여의사 진료 수술실 CCTV 응급처치 시스템 전담회복실 사후관리,울쎄라피프라임 #강력한초음파 #울쎄라업그레이드 강력한 초음파가 피부 깊숙이 도달해 피부를 탄력있게 리프팅하는 울쎄라의 업그레이드 버전 #실시간확인 #비침습리프팅 비침습 비절개 방식으로 피부를 실시간으로 확인하며 정밀하게 시술 #섬세하고 #정교하게 기존 울쎄라보다 더 깊이 관찰해 더욱 섬세하고 빠른 시술이 가능 권장주기 6~12개월 / 1~2회 시술,VAT 포함,처진 피부와 팔자주름이 고민인 분 / 강력한 리프팅 효과를 원하는 분 / 피부의 전체적인 탄력 개선을 원하는 분 / 두툼한 이중턱이 고민인 분,,,울쎄라피프라임 시술시간 30~60분 마취여부 크림마취 회복시간 약 1~3일 시술효과 6~12개월,,크림마취 수면마취 국소마취,수요일 14:00 ~ 19:00 / 목요일 10:00 ~ 19:00 (점심 12:30 ~ 13:30) / 금요일 10:00 ~ 19:00 (점심 12:30 ~ 13:30) / 토요일 10:00 ~ 14:00 / 일요일 휴진 / 월요일 10:00 ~ 19:00 (점심 12:30 ~ 13:30),050803544136
https://www.yeoshin.co.kr/event/mobile/23490,,,,울쎄라 100샷,"#리프팅레이저
#타이트닝",https://d3gurpvil0se70.cloudfront.net/upfiles/images/product/5keCeONFDKNhv5h4neouDYDRGOX4.jpg?q=90&f=webp&w=1024,,,330000.0,323000,VAT 포함,스무살의원,크림마취,전문의 1명 여의사 진료,,VAT 포함,,,,울쎄라 시술시간 30~60분 마취여부 크림마취 회복시간 약 1주 시술효과 4~8주 후,,크림마취 수면마취 비수면 무통마취 국소마취,수요일 10:30 ~ 21:00 (점심 13:00 ~ 14:00) / 목요일 10:30 ~ 19:00 (점심 13:00 ~ 14:00) / 금요일 10:30 ~ 21:00 (점심 13:00 ~ 14:00) / 토요일 10:30 ~ 17:00 (점심 13:00 ~ 14:00) / 일요일 휴진 / 월요일 10:30 ~ 19:00 (점심 13:00 ~ 14:00),0508-0354-0755
https://www.yeoshin.co.kr/event/mobile/22534,,,,피부과 전문의/하이엔드 디자인울쎄라,"#피부과 전문의
#리프팅레이저
#타이트닝",https://d3gurpvil0se70.cloudfront.net/upfiles/images/product/9ilUsMVQUvuwSS1e4p8JPQrbSYF2.png?q=90&f=webp&w=1024,,,1089000.0,1082000,VAT 포함,하이엔드피부과,크림마취,전문의 2명 여의사 진료,울쎄라피프라임 #강력한초음파 #울쎄라업그레이드 강력한 초음파가 피부 깊숙이 도달해 피부를 탄력있게 리프팅하는 울쎄라의 업그레이드 버전 #실시간확인 #비침습리프팅 비침습 비절개 방식으로 피부를 실시간으로 확인하며 정밀하게 시술 #섬세하고 #정교하게 기존 울쎄라보다 더 깊이 관찰해 더욱 섬세하고 빠른 시술이 가능 권장주기 6~12개월 / 1회 시술,VAT 포함,처진 피부와 팔자주름이 고민인 분 / 강력한 리프팅 효과를 원하는 분 / 피부의 전체적인 탄력 개선을 원하는 분 / 리프팅 효과를 오래 유지하고 싶으신 분,,,울쎄라피프라임 시술시간 30~60분 마취여부 크림마취 회복시간 약 1주 시술효과 4~8주 후,,크림마취,수요일 10:00 ~ 19:00 (점심 13:00 ~ 14:00) / 목요일 10:00 ~ 19:00 (점심 13:00 ~ 14:00) / 금요일 10:00 ~ 20:00 (점심 13:00 ~ 14:00) / 토요일 09:30 ~ 15:00 / 일요일 휴진 / 월요일 10:00 ~ 20:00 (점심 13:00 ~ 14:00),0508-0353-0260
https://www.yeoshin.co.kr/event/mobile/15726,,,,울쎄라 리프팅,"#리프팅레이저
#타이트닝",https://d3gurpvil0se70.cloudfront.net/upfiles/images/product/3JNZ04YWamOpl7OG9vCo7yvwJN68.jpg?q=90&f=webp&w=1024,,,385000.0,378000,VAT 포함,노블성형외과의원,인천광역시 연수구 해돋이로 160-4 (송도동) 4층주소복사,전문의 1명,울쎄라 #고강도초음파 #피부깊은곳까지 고강도의 초음파 에너지를 피부 근막층에 도달시켜 늘어진 피부 조직을 수축 #강력한리프팅 #탄력개선 노화로 늘어진 피부에 강한 열 응고점을 만들어 수축시켜 강력한 리프팅 효과 #실시간확인 #정밀시술 초음파 영상기술을 통해 피부 깊이 및 구조를 눈으로 확인해 정밀한 시술 가능 권장주기 6~12개월 / 3회 시술,VAT 포함,처진 피부와 팔자주름이 고민인 분 / 강력한 리프팅 효과를 원하는 분 / 피부의 전체적인 탄력 개선을 원하는 분 / 두툼한 이중턱이 고민인 분,,,울쎄라 시술시간 30~60분 마취여부 크림마취 회복시간 1주 시술효과 1~2달 후,,,수요일 10:00 ~ 19:00 (점심 13:00 ~ 14:00) / 목요일 10:00 ~ 19:00 (점심 13:00 ~ 14:00) / 금요일 10:00 ~ 21:00 (점심 13:00 ~ 14:00) / 토요일 10:00 ~ 16:00 / 일요일 휴진 / 월요일 10:00 ~ 19:00 (점심 13:00 ~ 14:00),0508-0354-1779
https://www.yeoshin.co.kr/event/mobile/26189,,,,리드 울쎄라,"#리프팅레이저
#타이트닝",https://d3gurpvil0se70.cloudfront.net/upfiles/images/product/u3KChGw52oShLV1XoHvc2JpXhjD9.jpg?q=90&f=webp&w=1024,,,350000.0,343000,VAT 포함,리드성형외과의원,크림마취,전문의 1명 응급처치 시스템 전담회복실 사후관리 영어 응대,,VAT 포함,,,,울쎄라 시술시간 30~60분 마취여부 크림마취 회복시간 약 1주 시술효과 4~8주 후,,크림마취 수면마취 비수면 무통마취 국소마취,수요일 10:00 ~ 20:30 (점심 13:00 ~ 14:00) / 목요일 10:00 ~ 20:30 (점심 13:00 ~ 14:00) / 금요일 10:00 ~ 18:00 (점심 13:00 ~ 14:00) / 토요일 09:00 ~ 16:00 / 일요일 휴진 / 월요일 휴진,0508-0353-7926
https://www.yeoshin.co.kr/event/mobile/23171,,,,신형 울쎄라2 울쎄라피 프라임 이벤트,"#피부과 전문의
#리프팅레이저
#타이트닝",https://d3gurpvil0se70.cloudfront.net/upfiles/images/product/04hPQv0XzQkuMobA3H3t5fUOfLhA.jpg?q=90&f=webp&w=1024,,,550000.0,543000,VAT 포함,휴먼피부과의원(청라점),크림마취,전문의 4명 여의사 진료,,VAT 포함,,,,울쎄라피프라임 시술시간 30~60분 마취여부 크림마취 회복시간 약 1~3일 시술효과 1~2개월,,크림마취 수면마취 비수면 무통마취,수요일 10:00 ~ 20:30 (점심 12:00 ~ 14:00) / 목요일 10:00 ~ 19:00 (점심 12:00 ~ 14:00) / 금요일 10:00 ~ 20:30 (점심 12:00 ~ 14:00) / 토요일 10:00 ~ 16:00 / 일요일 휴진 / 월요일 10:00 ~ 20:30 (점심 12:00 ~ 14:00) / 진료마감 : 월수금 19:30 / 화목 18:00 / 토 15:00,0508-0354-1088
https://www.yeoshin.co.kr/event/mobile/20667,,,,[NIKS] 울쎄라 리프팅,"#리프팅레이저
#타이트닝",https://d3gurpvil0se70.cloudfront.net/upfiles/images/product/7NpkRfU6a8GZZEMACOjgijcrmeA7.jpg?q=90&f=webp&w=1024,,,1650000.0,1643000,VAT 포함,닉스의원(천안점),충청남도 천안시 서북구 불당21로 67-8 (불당동) 정석프라자4차 3층 (닉스의원)주소복사,,울쎄라 #고강도초음파 #피부깊은곳까지 고강도의 초음파 에너지를 피부 근막층에 도달시켜 늘어진 피부 조직을 수축 #강력한리프팅 #탄력개선 노화로 늘어진 피부에 강한 열 응고점을 만들어 수축시켜 강력한 리프팅 효과 #실시간확인 #정밀시술 초음파 영상기술을 통해 피부 깊이 및 구조를 눈으로 확인해 정밀한 시술 가능 권장주기 6~12개월 / 3회 시술,VAT 포함,처진 피부와 팔자주름이 고민인 분 / 강력한 리프팅 효과를 원하는 분 / 피부의 전체적인 탄력 개선을 원하는 분 / 두툼한 이중턱이 고민인 분,시술 특장점 피부 속 깊이 초음파 에너지 전달 피부 속 깊이 SMAS층에만 초음파 에너지를 집중 전달합니다. 피부 조직 리모델링 촉진 장기간 조직 리모델링을 촉진하고 탄력 개선 지속 효과가 있습니다. 초음파 영상기술으로 정밀한 시술 실시간 초음파 영상기술을 통해 피부 깊이 및 구조를 확인하며 시술이 가능합니다.,"기존 리프팅 시술과 다른 점이 무엇인가요? 울쎄라는 초음파 영상으로 시술부위를 보여주고, 동시에 치료도 할 수 있는 장비로 비교적 안전하고 만족스러운 결과를 기대할 수 있습니다. 시술이 아프지 않나요? 적은 에너지로 충분한 치료가 가능하며 효과를 낼 수 있기 때문에 통증이 줄어들어 편안하게 시술을 받으실수 있습니다.",울쎄라 시술시간 30~60분 마취여부 크림마취 회복시간 약 1주 시술효과 4~8주 후,"주의사항 1 일시적으로 턱 주변이 붓거나 입 움직임이 불편할 수 있습니다. 2 시술 후 시술 부위를 강하게 마사지하거나 누르지 말아주세요. 3 시술 후 붉은 기, 붓기가 일시적으로 나타날 수 있습니다. 4 세안은 찬물이나 미온수로 하시고, 저자극 클렌저를 사용해주세요. 5 시술 후 일주일동안 필링 시술이나 스크럽제 사용은 피하는 것이 좋습니다. 6 시술 후에는 보습제 사용을 권장합니다.",크림마취 수면마취 비수면 무통마취 국소마취,수요일 10:00 ~ 20:00 (점심 14:00 ~ 15:00) / 목요일 10:00 ~ 20:00 (점심 14:00 ~ 15:00) / 금요일 10:00 ~ 20:00 (점심 14:00 ~ 15:00) / 토요일 10:00 ~ 16:00 / 일요일 휴진 / 월요일 10:00 ~ 20:00 (점심 14:00 ~ 15:00) / [일요일/공휴일 휴진],0508-0354-2993
https://www.yeoshin.co.kr/event/mobile/20599,,,,[NIKS] 울쎄라 EVENT,"#리프팅레이저
#타이트닝",https://d3gurpvil0se70.cloudfront.net/upfiles/images/product/g9DylmEGdZOjYD6TupDnJGNXPBA.jpg?q=90&f=webp&w=1024,,,1320000.0,1313000,VAT 포함,닉스의원(대전점),대전광역시 서구 대덕대로 194 (둔산동) 2층 (닉스의원)주소복사,,울쎄라 #고강도초음파 #피부깊은곳까지 고강도의 초음파 에너지를 피부 근막층에 도달시켜 늘어진 피부 조직을 수축 #강력한리프팅 #탄력개선 노화로 늘어진 피부에 강한 열 응고점을 만들어 수축시켜 강력한 리프팅 효과 #실시간확인 #정밀시술 초음파 영상기술을 통해 피부 깊이 및 구조를 눈으로 확인해 정밀한 시술 가능 권장주기 6~12개월 / 3회 시술,VAT 포함,처진 피부와 팔자주름이 고민인 분 / 강력한 리프팅 효과를 원하는 분 / 피부의 전체적인 탄력 개선을 원하는 분 / 두툼한 이중턱이 고민인 분,시술 특장점 피부 속 깊이 초음파 에너지 전달 피부 속 깊이 SMAS층에만 초음파 에너지를 집중 전달합니다. 피부 조직 리모델링 촉진 장기간 조직 리모델링을 촉진하고 탄력 개선 지속 효과가 있습니다. 초음파 영상기술으로 정밀한 시술 실시간 초음파 영상기술을 통해 피부 깊이 및 구조를 확인하며 시술이 가능합니다.,"기존 리프팅 시술과 다른 점이 무엇인가요? 울쎄라는 초음파 영상으로 시술부위를 보여주고, 동시에 치료도 할 수 있는 장비로 비교적 안전하고 만족스러운 결과를 기대할 수 있습니다. 시술이 아프지 않나요? 적은 에너지로 충분한 치료가 가능하며 효과를 낼 수 있기 때문에 통증이 줄어들어 편안하게 시술을 받으실수 있습니다.",울쎄라 시술시간 30~60분 마취여부 크림마취 회복시간 약 1주 시술효과 4~8주 후,"주의사항 1 일시적으로 턱 주변이 붓거나 입 움직임이 불편할 수 있습니다. 2 시술 후 시술 부위를 강하게 마사지하거나 누르지 말아주세요. 3 시술 후 붉은 기, 붓기가 일시적으로 나타날 수 있습니다. 4 세안은 찬물이나 미온수로 하시고, 저자극 클렌저를 사용해주세요. 5 시술 후 일주일동안 필링 시술이나 스크럽제 사용은 피하는 것이 좋습니다. 6 시술 후에는 보습제 사용을 권장합니다.",크림마취 수면마취 국소마취,"수요일 10:00 ~ 20:00 (점심 14:00 ~ 15:00) / 목요일 10:00 ~ 20:00 (점심 14:00 ~ 15:00) / 금요일 10:00 ~ 20:00 (점심 14:00 ~ 15:00) / 토요일 10:00 ~ 16:00 / 일요일 휴진 / 월요일 10:00 ~ 20:00 (점심 14:00 ~ 15:00) / [일요일, 공휴일 휴진]",0508-0354-2955
https://www.yeoshin.co.kr/event/mobile/4007,,,,울쎄라 리프팅,"#리프팅레이저
#타이트닝",https://d3gurpvil0se70.cloudfront.net/upfiles/images/product/4127965916.jpg?q=90&f=webp&w=1024,,,363000.0,356000,VAT 포함,파크뷰의원(운정점),,,,VAT 포함,,,,울쎄라 시술시간 60분 마취여부 크림마취 회복시간 1주 시술효과 1~2달 후,,,수요일 10:00 ~ 19:30 (점심 13:00 ~ 14:00) / 목요일 10:00 ~ 19:30 (점심 13:00 ~ 14:00) / 금요일 10:00 ~ 20:30 (점심 13:00 ~ 14:00) / 토요일 09:30 ~ 15:00 / 일요일 휴진 / 월요일 10:00 ~ 19:30 (점심 13:00 ~ 14:00),0508-0354-0762
https://www.yeoshin.co.kr/event/mobile/25438,,,,유이 V라인 울쎄라피 프라임 100샷,"#리프팅레이저
#타이트닝",https://d3gurpvil0se70.cloudfront.net/upfiles/images/product/g6GkHMgkFIoMwQN58PaBaU1IiRe8.jpg?q=90&f=webp&w=1024,,,462000.0,455000,VAT 포함,유이성형외과의원,크림마취,전문의 1명 여의사 진료 전담회복실 사후관리,,VAT 포함,,,,울쎄라피프라임 시술시간 30~60분 마취여부 크림마취 회복시간 약 1~3일 시술효과 1년,,크림마취 수면마취 비수면 무통마취 전신마취 국소마취,수요일 10:00 ~ 19:00 / 목요일 10:00 ~ 19:00 / 금요일 10:00 ~ 19:00 / 토요일 09:30 ~ 15:30 / 일요일 휴진 / 월요일 10:00 ~ 19:00,"서울특별시 강남구 강남대로 616, 16층 1601,1602호 B518, B519호(신 사동, 외 1필지 신사미타워)"
https://www.yeoshin.co.kr/event/mobile/9147,,,,울쎄라,"#리프팅레이저
#타이트닝",https://d3gurpvil0se70.cloudfront.net/upfiles/images/product/DwJliyaa4YNnbcVODUcGMDnytyo3.jpg?q=90&f=webp&w=1024,,,363000.0,356000,VAT 포함,아비쥬의원(대전점),대전광역시 서구 대덕대로 219 아비쥬의원(대전점)주소복사,전문의 2명,울쎄라 #고강도초음파 #피부깊은곳까지 고강도의 초음파 에너지를 피부 근막층에 도달시켜 늘어진 피부 조직을 수축 #강력한리프팅 #탄력개선 노화로 늘어진 피부에 강한 열 응고점을 만들어 수축시켜 강력한 리프팅 효과 #실시간확인 #정밀시술 초음파 영상기술을 통해 피부 깊이 및 구조를 눈으로 확인해 정밀한 시술 가능 권장주기 6~12개월 / 3회 시술,VAT 포함,처진 피부와 팔자주름이 고민인 분 / 강력한 리프팅 효과를 원하는 분 / 피부의 전체적인 탄력 개선을 원하는 분 / 두툼한 이중턱이 고민인 분,,,울쎄라 시술시간 100분 마취여부 크림마취 회복시간 3일 시술효과 1~3달 후,,,수요일 10:30 ~ 20:30 (점심 14:00 ~ 15:00) / 목요일 10:30 ~ 20:30 (점심 14:00 ~ 15:00) / 금요일 10:30 ~ 20:30 (점심 14:00 ~ 15:00) / 토요일 10:30 ~ 17:00 / 일요일 10:30 ~ 17:00 / 월요일 10:30 ~ 20:30 (점심 14:00 ~ 15:00),0508-0354-2871
https://www.yeoshin.co.kr/event/mobile/25822,,,,피부과 전문의 작은 얼굴 울쎄라,"#피부과 전문의
#리프팅레이저
#타이트닝",https://d3gurpvil0se70.cloudfront.net/upfiles/images/product/EHff62P8xxnYVkLP02ek2vEoLBz4.png?q=90&f=webp&w=1024,,,539000.0,532000,VAT 포함,청담엔케이피부과의원,서울특별시 강서구 마곡중앙5로 81 (마곡동) 5층 청담NK피부과의원주소복사,전문의 1명 여의사 진료 피부진단기 F-RAY 촬영 >,울쎄라 #고강도초음파 #피부깊은곳까지 고강도의 초음파 에너지를 피부 근막층에 도달시켜 늘어진 피부 조직을 수축 #강력한리프팅 #탄력개선 노화로 늘어진 피부에 강한 열 응고점을 만들어 수축시켜 강력한 리프팅 효과 #실시간확인 #정밀시술 초음파 영상기술을 통해 피부 깊이 및 구조를 눈으로 확인해 정밀한 시술 가능 권장주기 6~12개월 / 3회 시술,VAT 포함,처진 피부와 팔자주름이 고민인 분 / 강력한 리프팅 효과를 원하는 분 / 피부의 전체적인 탄력 개선을 원하는 분 / 두툼한 이중턱이 고민인 분,,,울쎄라 시술시간 30~60분 마취여부 크림마취 회복시간 약 1주 시술효과 4~8주 후,,,수요일 10:00 ~ 19:00 (점심 13:00 ~ 14:00) / 목요일 10:00 ~ 19:00 (점심 13:00 ~ 14:00) / 금요일 10:00 ~ 20:00 (점심 13:00 ~ 14:00) / 토요일 09:30 ~ 14:30 / 일요일 휴진 / 월요일 10:00 ~ 20:00 (점심 13:00 ~ 14:00),050803531467
https://www.yeoshin.co.kr/event/mobile/18239,,,,정품팁 브라운 울쎄라 리프팅,"#리프팅레이저
#타이트닝",https://d3gurpvil0se70.cloudfront.net/upfiles/images/product/SxfBSqiDtxXG1ehRSSgZGV68zTa3.jpg?q=90&f=webp&w=1024,,,319000.0,312000,VAT 포함,브라운성형외과의원,서울특별시 서초구 강남대로 475 (반포동) 브라운성형외과의원주소복사,전문의 3명 영어 응대 중국어 응대 일본어 응대,울쎄라 #고강도초음파 #피부깊은곳까지 고강도의 초음파 에너지를 피부 근막층에 도달시켜 늘어진 피부 조직을 수축 #강력한리프팅 #탄력개선 노화로 늘어진 피부에 강한 열 응고점을 만들어 수축시켜 강력한 리프팅 효과 #실시간확인 #정밀시술 초음파 영상기술을 통해 피부 깊이 및 구조를 눈으로 확인해 정밀한 시술 가능 권장주기 6~12개월 / 3회 시술,VAT 포함,처진 피부와 팔자주름이 고민인 분 / 강력한 리프팅 효과를 원하는 분 / 피부의 전체적인 탄력 개선을 원하는 분 / 두툼한 이중턱이 고민인 분,,,울쎄라 시술시간 30~60분 마취여부 크림마취 회복시간 약 1주 시술효과 4~8주 후,,,수요일 10:00 ~ 19:00 / 목요일 10:00 ~ 19:00 / 금요일 10:00 ~ 20:30 / 토요일 10:00 ~ 17:00 / 일요일 휴진 / 월요일 10:00 ~ 19:00 / 일요일&공휴일 휴진/금요일 야간진료,0508-0353-4515
https://www.yeoshin.co.kr/event/mobile/24105,,,,프리미엄 울쎄라 패키지,"#리프팅레이저
#타이트닝",https://d3gurpvil0se70.cloudfront.net/upfiles/images/product/9sOFjvUSFIv8GtL35JtoRrrqb995.jpg?q=90&f=webp&w=1024,,,,1302000,,유앤아이의원(평택점),,,,,,,,울쎄라피프라임 시술시간 30~60분 마취여부 크림마취 회복시간 약 1~3일 시술효과 1~2개월,,,수요일 10:00 ~ 20:30 (점심 13:00 ~ 14:00) / 목요일 10:00 ~ 20:30 (점심 13:00 ~ 14:00) / 금요일 10:00 ~ 20:30 (점심 13:00 ~ 14:00) / 토요일 10:00 ~ 16:00 / 일요일 휴진 / 월요일 10:00 ~ 20:30 (점심 13:00 ~ 14:00),0508-0354-0339
https://www.yeoshin.co.kr/event/mobile/15954,,,,울쎄라,"#리프팅레이저
#타이트닝",https://d3gurpvil0se70.cloudfront.net/upfiles/images/product/DU2TSXAMIkyDB892LLrxSHX9hN3A.jpg?q=90&f=webp&w=1024,,,1089000.0,1082000,VAT 포함,제이린의원(서면점),,,울쎄라 #고강도초음파 #피부깊은곳까지 고강도의 초음파 에너지를 피부 근막층에 도달시켜 늘어진 피부 조직을 수축 #강력한리프팅 #탄력개선 노화로 늘어진 피부에 강한 열 응고점을 만들어 수축시켜 강력한 리프팅 효과 권장주기 6~12개월 / 3회 시술,VAT 포함,처진 피부와 팔자주름이 고민인 분 / 강력한 리프팅 효과를 원하는 분 / 피부의 전체적인 탄력 개선을 원하는 분 / 두툼한 이중턱이 고민인 분,시술 특장점 피부 속 깊이 초음파 에너지 전달 피부 속 깊이 SMAS층에만 초음파 에너지를 집중 전달합니다. 피부 조직 리모델링 촉진 장기간 조직 리모델링을 촉진하고 탄력 개선 지속 효과가 있습니다. 초음파 영상기술으로 정밀한 시술 실시간 초음파 영상기술을 통해 피부 깊이 및 구조를 확인하며 시술이 가능합니다.,"기존 리프팅 시술과 다른 점이 무엇인가요? 울쎄라는 초음파 영상으로 시술부위를 보여주고, 동시에 치료도 할 수 있는 장비로 비교적 안전하고 만족스러운 결과를 기대할 수 있습니다. 시술이 아프지 않나요? 적은 에너지로 충분한 치료가 가능하며 효과를 낼 수 있기 때문에 통증이 줄어들어 편안하게 시술을 받으실수 있습니다.",울쎄라 시술시간 30분 마취여부 크림마취 회복시간 2~3일 시술효과 2~3주 후,"주의사항 1 일시적으로 턱 주변이 붓거나 입 움직임이 불편할 수 있습니다. 2 시술 후 시술 부위를 강하게 마사지하거나 누르지 말아주세요. 3 시술 후 붉은 기, 붓기가 일시적으로 나타날 수 있습니다. 4 시술 후 일주일동안 필링 시술이나 스크럽제 사용은 피하는 것이 좋습니다.",,수요일 10:30 ~ 19:00 (점심 13:00 ~ 14:30) / 목요일 10:30 ~ 19:00 (점심 13:00 ~ 14:30) / 금요일 10:30 ~ 20:00 (점심 13:00 ~ 14:30) / 토요일 10:30 ~ 14:30 / 일요일 휴진 / 월요일 10:30 ~ 20:00 (점심 13:00 ~ 14:30),0508-0354-2276
https://www.yeoshin.co.kr/event/mobile/26100,,,,전문의가 설계하는 맞춤 울쎄라피 프라임,"#피부과 전문의
#리프팅레이저
#타이트닝",https://d3gurpvil0se70.cloudfront.net/upfiles/images/product/kSarPe0pSNVzFYVlgOQ4rLkejm97.jpg?q=90&f=webp&w=1024,,,550000.0,543000,VAT 포함,동탄오라클피부과의원,경기도 화성시 동탄역로 150 동탄오라클피부과의원주소복사,전문의 3명,울쎄라피프라임 #강력한초음파 #울쎄라업그레이드 강력한 초음파가 피부 깊숙이 도달해 피부를 탄력있게 리프팅하는 울쎄라의 업그레이드 버전 #실시간확인 #비침습리프팅 비침습 비절개 방식으로 피부를 실시간으로 확인하며 정밀하게 시술 #섬세하고 #정교하게 기존 울쎄라보다 더 깊이 관찰해 더욱 섬세하고 빠른 시술이 가능 권장주기 6~12개월 / 1회 시술,VAT 포함,처진 피부와 팔자주름이 고민인 분 / 강력한 리프팅 효과를 원하는 분 / 피부의 전체적인 탄력 개선을 원하는 분 / 리프팅 효과를 오래 유지하고 싶으신 분,시술 특장점 더욱 정밀해진 기술 최대 8mm 깊이까지 초음파 관찰이 가능해 더욱 정밀한 타겟팅이 가능합니다. 부작용이 최소화된 빠른 시술 터치 반응 속도 향상으로 더 빠른 시술이 가능하며 부작용을 최소화합니다. 얇은 피부에도 효과적 피부 얕은 층을 안정적으로 시술할 수 있어 눈밑이나 팔자라인 등 얇은 피부에도 섬세하게 시술할 수 있습니다.,"울쎄라피 프라임은 일반 울쎄라와 무엇이 다른가요? 울쎄라피 프라임은 기존 울쎄라보다 초음파를 더 깊이 관찰 가능하여 더욱 정밀한 초음파 분석이 가능한 업그레이드 버전입니다. 효과는 언제부터 느낄 수 있나요? 시술 직후부터 리프팅 효과를 느낄 수 있으며, 약 1~2개월에 걸쳐 콜라겐이 재생되며 효과를 보실 수 있습니다.",울쎄라피프라임 시술시간 30~60분 마취여부 크림마취 회복시간 약 1~3일 시술효과 1~2개월,"주의사항 1 시술 후 일시적으로 붉어짐이나 약간의 부기가 발생할 수 있으나 수일 내 완화됩니다. 2 고온의 사우나, 찜질방 이용은 최소 1주일간 피하는 것이 좋습니다. 3 콜라겐 재생을 돕기 위해 시술 후 충분한 보습과 자외선 차단이 필요합니다.",,수요일 10:00 ~ 19:00 (점심 13:00 ~ 14:00) / 목요일 10:00 ~ 19:00 (점심 13:00 ~ 14:00) / 금요일 10:00 ~ 19:00 (점심 13:00 ~ 14:00) / 토요일 10:00 ~ 14:00 / 일요일 휴진 / 월요일 10:00 ~ 19:00 (점심 13:00 ~ 14:00),0508-0353-9999
https://www.yeoshin.co.kr/event/mobile/9884,,,,울쎄라 효과를 더 끌어올려,"#리프팅레이저
#타이트닝",https://d3gurpvil0se70.cloudfront.net/upfiles/images/product/498979265.jpg?q=90&f=webp&w=1024,,,1969000.0,1962000,VAT 포함,센텀릴리의원,부산광역시 해운대구 센텀2로 15 센텀릴리의원주소복사,전문의 1명,리프팅레이저 울쎄라는 고강도의 초음파에너지를 피부 속 4.5mm에 이르는 근막층(SMAS)까지 도달하여 피부 속 표피와 진피층 및 깊은 곳 부터 늘어진 조직을 리프팅하는 시술입니다. 노화로 인해 늘어지는 피부 근막층을 초음파 에너지가 강한 열 응고점을 만들어 수축시켜줌으로써 탄력 개선만으로는 부족했던 강력한 피부 리프팅 효과를 기대할 수 있습니다. 권장주기 6~12개월 / 3회 시술,VAT 포함,여드름 흉터가 고민인 분 / 자연스러운 광채효과를 원하는 분 / 강한 자극으로 피부가 손상되어 고민인 분 / 생기있는 피부로 개선을 원하는 분,,,리프팅레이저 시술시간 70분 마취여부 크림/국소 회복시간 3일 시술효과 2~3달 후,,,수요일 11:00 ~ 20:00 (점심 13:00 ~ 14:00) / 목요일 11:00 ~ 20:00 (점심 13:00 ~ 14:00) / 금요일 11:00 ~ 20:00 (점심 13:00 ~ 14:00) / 토요일 11:00 ~ 16:00 / 일요일 휴진 / 월요일 11:00 ~ 20:00 (점심 13:00 ~ 14:00),0508-0354-2054
https://www.yeoshin.co.kr/event/mobile/16191,,,,[대표원장 시술] 커스텀 울쎄라 300샷,"#리프팅레이저
#타이트닝",https://d3gurpvil0se70.cloudfront.net/upfiles/images/product/inTbltFbCMCwKJYI7xPrddEw2NEA.jpg?q=90&f=webp&w=1024,,,759000.0,752000,VAT 포함,뷰티스카이의원,,,울쎄라 #고강도초음파 #피부깊은곳까지 고강도의 초음파 에너지를 피부 근막층에 도달시켜 늘어진 피부 조직을 수축 #강력한리프팅 #탄력개선 노화로 늘어진 피부에 강한 열 응고점을 만들어 수축시켜 강력한 리프팅 효과 #실시간확인 #정밀시술 초음파 영상기술을 통해 피부 깊이 및 구조를 눈으로 확인해 정밀한 시술 가능 권장주기 6~12개월 / 3회 시술,VAT 포함,처진 피부와 팔자주름이 고민인 분 / 효과적인 피부 탄력 증대가 필요한 분 / 강력한 리프팅 효과를 원하는 분 / 피부탄력 효과를 길게 느끼고 싶은 분,,,울쎄라 시술시간 30~60분 마취여부 크림마취 회복시간 당일 시술효과 1~2달 후,,,수요일 10:00 ~ 20:00 / 목요일 10:00 ~ 20:00 / 금요일 10:30 ~ 20:30 / 토요일 09:30 ~ 16:30 / 일요일 휴진 / 월요일 10:30 ~ 20:30,0508-0353-3433
https://www.yeoshin.co.kr/event/mobile/25283,,,,반니 울쎄라/써마지/리쥬란/아이써마지_정품,"#리프팅레이저
#타이트닝",https://d3gurpvil0se70.cloudfront.net/upfiles/images/product/BqyxH28yLfAgnD77mydH4b33et2.jpg?q=90&f=webp&w=1024,10.0,62.0,319000.0,312000,VAT 포함,반니성형외과의원,"서울특별시 강남구 테헤란로 107 (역삼동) 8층 (역삼동, 메디타워)주소복사",전문의 2명 여의사 진료 수술실 CCTV 전담회복실 사후관리 중국어 응대 일본어 응대,,VAT 포함,,,,울쎄라 시술시간 30~60분 마취여부 크림마취 회복시간 약 1주 시술효과 4~8주 후,,,수요일 10:00 ~ 19:00 / 목요일 10:00 ~ 19:00 / 금요일 10:00 ~ 21:00 / 토요일 10:00 ~ 17:00 / 일요일 휴진 / 월요일 10:00 ~ 19:00,0508-0353-6588
https://www.yeoshin.co.kr/event/mobile/27781,,,,대표원장 1:1 디자인 울쎄라(정품인증),"#리프팅레이저
#타이트닝",https://d3gurpvil0se70.cloudfront.net/upfiles/images/product/iuwVyhNgq301c7KtCsLqZU6OfJG5.jpg?q=90&f=webp&w=1024,,,363000.0,356000,VAT 포함,연의원 범계(안양),,,울쎄라 #고강도초음파 #피부깊은곳까지 고강도의 초음파 에너지를 피부 근막층에 도달시켜 늘어진 피부 조직을 수축 #강력한리프팅 #탄력개선 노화로 늘어진 피부에 강한 열 응고점을 만들어 수축시켜 강력한 리프팅 효과 #실시간확인 #정밀시술 초음파 영상기술을 통해 피부 깊이 및 구조를 눈으로 확인해 정밀한 시술 가능 권장주기 6~12개월 / 3회 시술,VAT 포함,처진 피부와 팔자주름이 고민인 분 / 강력한 리프팅 효과를 원하는 분 / 피부의 전체적인 탄력 개선을 원하는 분 / 두툼한 이중턱이 고민인 분,,,울쎄라 시술시간 30~60분 마취여부 크림마취 회복시간 약 1주 시술효과 4~8주 후,,,수요일 휴진 / 목요일 10:30 ~ 20:30 (점심 13:30 ~ 14:30) / 금요일 10:00 ~ 18:00 (점심 13:30 ~ 14:30) / 토요일 10:00 ~ 16:00 / 일요일 휴진 / 월요일 10:30 ~ 20:30 (점심 13:30 ~ 14:30),0508-0354-1067
https://www.yeoshin.co.kr/event/mobile/16092,,,,울쎄라,"#리프팅레이저
#타이트닝",https://d3gurpvil0se70.cloudfront.net/upfiles/images/product/p4q126NfR26EKCutAUeqH3m3dCH4.jpg?q=90&f=webp&w=1024,,,420000.0,413000,VAT 포함,동안중심의원,서울특별시 강남구 압구정로48길 26 (신사동) 동안중심의원주소복사,전문의 2명,울쎄라 #고강도초음파 #피부깊은곳까지 고강도의 초음파 에너지를 피부 근막층에 도달시켜 늘어진 피부 조직을 수축 #강력한리프팅 #탄력개선 노화로 늘어진 피부에 강한 열 응고점을 만들어 수축시켜 강력한 리프팅 효과 #실시간확인 #정밀시술 초음파 영상기술을 통해 피부 깊이 및 구조를 눈으로 확인해 정밀한 시술 가능 권장주기 6~12개월 / 3회 시술,VAT 포함,처진 피부와 팔자주름이 고민인 분 / 강력한 리프팅 효과를 원하는 분 / 피부의 전체적인 탄력 개선을 원하는 분 / 두툼한 이중턱이 고민인 분,시술 특장점 피부 속 깊이 초음파 에너지 전달 피부 속 깊이 SMAS층에만 초음파 에너지를 집중 전달합니다. 피부 조직 리모델링 촉진 장기간 조직 리모델링을 촉진하고 탄력 개선 지속 효과가 있습니다. 초음파 영상기술으로 정밀한 시술 실시간 초음파 영상기술을 통해 피부 깊이 및 구조를 확인하며 시술이 가능합니다.,"기존 리프팅 시술과 다른 점이 무엇인가요? 울쎄라는 초음파 영상으로 시술부위를 보여주고, 동시에 치료도 할 수 있는 장비로 비교적 안전하고 만족스러운 결과를 기대할 수 있습니다. 시술이 아프지 않나요? 적은 에너지로 충분한 치료가 가능하며 효과를 낼 수 있기 때문에 통증이 줄어들어 편안하게 시술을 받으실수 있습니다.",울쎄라 시술시간 30~60분 마취여부 크림마취 회복시간 1주 시술효과 1~2달 후,"주의사항 1 일시적으로 턱 주변이 붓거나 입 움직임이 불편할 수 있습니다. 2 시술 후 시술 부위를 강하게 마사지하거나 누르지 말아주세요. 3 시술 후 붉은 기, 붓기가 일시적으로 나타날 수 있습니다. 4 세안은 찬물이나 미온수로 하시고, 저자극 클렌저를 사용해주세요.",,수요일 10:00 ~ 19:00 (점심 13:00 ~ 14:00) / 목요일 10:00 ~ 19:00 (점심 13:00 ~ 14:00) / 금요일 12:00 ~ 21:00 / 토요일 10:00 ~ 16:00 / 일요일 휴진 / 월요일 10:00 ~ 19:00 (점심 13:00 ~ 14:00),0508-0353-9614
https://www.yeoshin.co.kr/event/mobile/16091,,,,울써마지 펜타시스템,"#리프팅레이저
#타이트닝",https://d3gurpvil0se70.cloudfront.net/upfiles/images/product/HMsexFSUYAuz2a97CVVVDbqEr7l5.jpg?q=90&f=webp&w=1024,,,429000.0,422000,VAT 포함,동안중심의원,서울특별시 강남구 압구정로48길 26 (신사동) 동안중심의원주소복사,전문의 2명,울쎄라 #고강도초음파 #피부깊은곳까지 고강도의 초음파 에너지를 피부 근막층에 도달시켜 늘어진 피부 조직을 수축 #강력한리프팅 #탄력개선 노화로 늘어진 피부에 강한 열 응고점을 만들어 수축시켜 강력한 리프팅 효과 #실시간확인 #정밀시술 초음파 영상기술을 통해 피부 깊이 및 구조를 눈으로 확인해 정밀한 시술 가능 권장주기 6~12개월 / 3회 시술,VAT 포함,처진 피부와 팔자주름이 고민인 분 / 강력한 리프팅 효과를 원하는 분 / 피부의 전체적인 탄력 개선을 원하는 분 / 두툼한 이중턱이 고민인 분,시술 특장점 피부 속 깊이 초음파 에너지 전달 피부 속 깊이 SMAS층에만 초음파 에너지를 집중 전달합니다. 피부 조직 리모델링 촉진 장기간 조직 리모델링을 촉진하고 탄력 개선 지속 효과가 있습니다. 초음파 영상기술으로 정밀한 시술 실시간 초음파 영상기술을 통해 피부 깊이 및 구조를 확인하며 시술이 가능합니다.,"시술 후 부작용이 있나요? 부기, 붉은기, 감각이 둔해지는 증상, 통증 등이 일시적으로 발생할 수 있으며, 자연스럽게 호전됩니다. 시술이 아프지 않나요? 적은 에너지로 충분한 치료가 가능하며 효과를 낼 수 있기 때문에 통증이 줄어들어 편안하게 시술을 받으실수 있습니다.",울쎄라 시술시간 30~60분 마취여부 크림마취 회복시간 1주 시술효과 1~2달 후,"주의사항 1 일시적으로 턱 주변이 붓거나 입 움직임이 불편할 수 있습니다. 2 시술 후 시술 부위를 강하게 마사지하거나 누르지 말아주세요. 3 시술 후 붉은 기, 붓기가 일시적으로 나타날 수 있습니다. 4 시술 후 일주일동안 필링 시술이나 스크럽제 사용은 피하는 것이 좋습니다.",,수요일 10:00 ~ 19:00 (점심 13:00 ~ 14:00) / 목요일 10:00 ~ 19:00 (점심 13:00 ~ 14:00) / 금요일 12:00 ~ 21:00 / 토요일 10:00 ~ 16:00 / 일요일 휴진 / 월요일 10:00 ~ 19:00 (점심 13:00 ~ 14:00),0508-0353-9614
https://www.yeoshin.co.kr/event/mobile/26432,,,,일공공 울쎄라,"#리프팅레이저
#타이트닝",https://d3gurpvil0se70.cloudfront.net/upfiles/images/product/zZmg035AAmKKOguwCUzY0ud8ZrjA.jpg?q=90&f=webp&w=1024,,,330000.0,323000,VAT 포함,일공공성형외과의원,크림마취,전문의 1명 수술실 CCTV 응급처치 시스템 전담회복실 사후관리 영어 응대 일본어 응대,,VAT 포함,,,,울쎄라 시술시간 30~60분 마취여부 마취없음 회복시간 당일 시술효과 4~8주 후,,크림마취 수면마취,수요일 09:30 ~ 19:00 / 목요일 09:30 ~ 19:00 / 금요일 09:30 ~ 21:00 / 토요일 09:30 ~ 15:00 / 일요일 휴진 / 월요일 09:30 ~ 19:00,050803534989
https://www.yeoshin.co.kr/event/mobile/12553,,,,정품 울쎄라골드 리프팅,"#리프팅레이저
#타이트닝",https://d3gurpvil0se70.cloudfront.net/upfiles/images/product/1522459682.jpg?q=90&f=webp&w=1024,,,275000.0,268000,VAT 포함,용인미하나의원,경기도 용인시 처인구 금령로 86 용인미하나의원주소복사,전문의 1명,울쎄라 #울쎄라 #리프팅 #울쎄라정품 울쎄라는 고강도의 초음파에너지를 피부 속 4.5mm에 이르는 근막층(SMAS)까지 도달하여 피부 속 표피와 진피층 및 깊은 곳 부터 늘어진 조직을 리프팅하는 시술입니다. 노화로 인해 늘어지는 피부 근막층을 초음파 에너지가 강한 열 응고점을 만들어 수축시켜줌으로써 탄력 개선만으로는 부족했던 강력한 피부 리프팅 효과를 기대할 수 있습니다. 권장주기 6~12개월 / 3회 시술,VAT 포함,잔주름이 심해 효과적으로 개선하고 싶은 분 / 처진 피부와 팔자주름이 고민인 분 / 효과적인 피부 탄력 증대가 필요한 분 / 목주름을 개선하고 싶은 분,,"기존 비 수술적인 리프팅 치료법과 다른 점이 무엇인가요? 울쎄라는 초음파 영상으로 시술부위를 보여주고, 동시에 치료도 할 수 있는 유일한 장비로 비교적 안전하고 만족스러운 결과를 기대할 수 있습니다. 시술이 아프지 않나요? 적은 에너지로 충분한 치료가 가능하며 효과를 낼 수 있기 때문에 통증을 줄어들어 기존 IPL보다 편안하게 시술을 받으실수 있습니다.",울쎄라 시술시간 60분 마취여부 냉각마취 회복시간 1~2주 시술효과 1~2달 후,"주의사항 1 시술 후, 음주 및 흡연을 자제해주세요. 2 시술 부위를 강하게 마사지하거나 누르지 말아주세요 3 세안은 찬물, 미온수로 클렌저는 저자극을 사용합니다.",,수요일 10:00 ~ 20:30 (점심 13:00 ~ 14:00) / 목요일 10:00 ~ 20:30 (점심 13:00 ~ 14:00) / 금요일 10:00 ~ 20:30 (점심 13:00 ~ 14:00) / 토요일 10:00 ~ 16:30 / 일요일 휴진 / 월요일 10:00 ~ 20:30 (점심 13:00 ~ 14:00),0508-0353-9926
https://www.yeoshin.co.kr/event/mobile/24983,,,,울쎄라,"#리프팅레이저
#타이트닝",https://d3gurpvil0se70.cloudfront.net/upfiles/images/product/NdscVXWV5G71xFAS9VrXVtkgzkO9.jpg?q=90&f=webp&w=1024,,,1369500.0,1362500,VAT 포함,휴먼피부과의원(광명철산점),경기도 광명시 철산로 24 다인빌딩 301호 (철산동)주소복사,분야별 협진 전담회복실 사후관리 피부진단기 F-RAY 촬영 >,울쎄라 #고강도초음파 #피부깊은곳까지 고강도의 초음파 에너지를 피부 근막층에 도달시켜 늘어진 피부 조직을 수축 #강력한리프팅 #탄력개선 노화로 늘어진 피부에 강한 열 응고점을 만들어 수축시켜 강력한 리프팅 효과 #실시간확인 #정밀시술 초음파 영상기술을 통해 피부 깊이 및 구조를 눈으로 확인해 정밀한 시술 가능 권장주기 6~12개월 / 3회 시술,VAT 포함,처진 피부와 팔자주름이 고민인 분 / 강력한 리프팅 효과를 원하는 분 / 피부의 전체적인 탄력 개선을 원하는 분 / 두툼한 이중턱이 고민인 분,시술 특장점 피부 속 깊이 초음파 에너지 전달 피부 속 깊이 SMAS층에만 초음파 에너지를 집중 전달합니다. 피부 조직 리모델링 촉진 장기간 조직 리모델링을 촉진하고 탄력 개선 지속 효과가 있습니다. 초음파 영상기술으로 정밀한 시술 실시간 초음파 영상기술을 통해 피부 깊이 및 구조를 확인하며 시술이 가능합니다.,"기존 리프팅 시술과 다른 점이 무엇인가요? 울쎄라는 초음파 영상으로 시술부위를 보여주고, 동시에 치료도 할 수 있는 장비로 비교적 안전하고 만족스러운 결과를 기대할 수 있습니다. 시술이 아프지 않나요? 적은 에너지로 충분한 치료가 가능하며 효과를 낼 수 있기 때문에 통증이 줄어들어 편안하게 시술을 받으실수 있습니다.",울쎄라 시술시간 30~60분 마취여부 크림마취 회복시간 약 1주 시술효과 4~8주 후,"주의사항 1 일시적으로 턱 주변이 붓거나 입 움직임이 불편할 수 있습니다. 2 시술 후 시술 부위를 강하게 마사지하거나 누르지 말아주세요. 3 시술 후 붉은 기, 붓기가 일시적으로 나타날 수 있습니다.",,수요일 10:30 ~ 20:30 (점심 13:00 ~ 14:00) / 목요일 10:30 ~ 20:30 (점심 13:00 ~ 14:00) / 금요일 10:30 ~ 21:00 (점심 13:00 ~ 14:00) / 토요일 10:00 ~ 17:00 (점심 13:00 ~ 14:00) / 일요일 휴진 / 월요일 10:30 ~ 20:30 (점심 13:00 ~ 14:00),0508-0355-6373
https://www.yeoshin.co.kr/event/mobile/26884,,,,써마지600+울쎄라300 앵콜대전,"#타이트닝
#리프팅레이저",https://d3gurpvil0se70.cloudfront.net/upfiles/images/product/2kj1Tha4R7huGfyDDG7lFFni0Er2.jpg?q=90&f=webp&w=1024,10.0,1.0,2490000.0,2483000,VAT 포함,르모아의원,크림마취,전문의 1명 여의사 진료 전담회복실 사후관리,"써마지 #피부재생 #주름개선 콜라겐 섬유의 변성과 수축을 일으켜 콜라겐 재생, 주름개선에 효과 #안전성UP 열이 전달되는 동안에도 쿨링펄스를 통해 피부 표면을 보호하여 안전성UP #다양한시술부위 다양한 팁 사이즈로 시술 부위 상관없이 높은 효과 기대 권장주기 6~12개월 / 1회 이상 시술",VAT 포함,얼굴의 주름이 고민인 분 / 피부를 젊고 건강하게 만들고 싶은 분 / 피부가 얇아서 다른 시술이 부담스러운 분 / 두툼한 이중턱이 고민인 분,시술 특장점 고주파 리프팅 고주파 에너지가 피부 속 콜라겐 섬유를 수축시켜 콜라겐 재생을 유도합니다. 눈가 주름 개선 피부 탄력 개선 뿐만 아니라 눈가 및 안면 주름 개선에도 효과적입니다. 강력한 리프팅 강력한 고주파 에너지로 피부의 탄력을 증대시키는 리프팅입니다.,"써마지와 울쎄라의 차이는 무엇인가요? 초음파 리프팅인 울쎄라와 다르게 써마지는 고주파 에너지를 사용하고 진피층이 주 타깃입니다. 스킨 타이트닝, 잔주름 개선 등의 효과가 있습니다. 시술 후 부작용이 있나요? 부기나 각질이 평소보다 많이 발생할 수 있으나 일시적입니다. 잔물집이나 딱지 같은 반응이 생길 수 있지만 보통 1주일 내로 회복됩니다.",써마지 시술시간 60분 마취여부 크림마취 회복시간 당일 시술효과 3개월 후,주의사항 1 가벼운 세안과 샤워는 시술 다음날부터 가능합니다. 2 가벼운 화장은 다음날부터 가능합니다. 3 피부 재생 세럼과 보습 제품을 꼼꼼히 발라주세요.,크림마취 수면마취 비수면 무통마취 국소마취,수요일 10:00 ~ 20:00 (점심 14:00 ~ 15:00) / 목요일 10:00 ~ 20:00 (점심 14:00 ~ 15:00) / 금요일 10:00 ~ 20:00 (점심 14:00 ~ 15:00) / 토요일 10:00 ~ 16:00 / 일요일 휴진 / 월요일 10:00 ~ 20:00 (점심 14:00 ~ 15:00),0508-0353-6869
https://www.yeoshin.co.kr/event/mobile/26882,,,,써마지600+아이써마지225+울쎄라300,"#타이트닝
#리프팅레이저",https://d3gurpvil0se70.cloudfront.net/upfiles/images/product/mifInnEbvobOdn1II9JKPMp4sCn8.jpg?q=90&f=webp&w=1024,,,3400000.0,3393000,VAT 포함,르모아의원,크림마취,전문의 1명 여의사 진료 전담회복실 사후관리,"써마지 #피부재생 #주름개선 콜라겐 섬유의 변성과 수축을 일으켜 콜라겐 재생, 주름개선에 효과 #안전성UP 열이 전달되는 동안에도 쿨링펄스를 통해 피부 표면을 보호하여 안전성UP #다양한시술부위 다양한 팁 사이즈로 시술 부위 상관없이 높은 효과 기대 권장주기 6~12개월 / 1회 이상 시술",VAT 포함,얼굴의 주름이 고민인 분 / 피부를 젊고 건강하게 만들고 싶은 분 / 피부가 얇아서 다른 시술이 부담스러운 분 / 두툼한 이중턱이 고민인 분,시술 특장점 고주파 리프팅 고주파 에너지가 피부 속 콜라겐 섬유를 수축시켜 콜라겐 재생을 유도합니다. 눈가 주름 개선 피부 탄력 개선 뿐만 아니라 눈가 및 안면 주름 개선에도 효과적입니다. 강력한 리프팅 강력한 고주파 에너지로 피부의 탄력을 증대시키는 리프팅입니다.,"써마지와 울쎄라의 차이는 무엇인가요? 초음파 리프팅인 울쎄라와 다르게 써마지는 고주파 에너지를 사용하고 진피층이 주 타깃입니다. 스킨 타이트닝, 잔주름 개선 등의 효과가 있습니다. 시술 후 부작용이 있나요? 부기나 각질이 평소보다 많이 발생할 수 있으나 일시적입니다. 잔물집이나 딱지 같은 반응이 생길 수 있지만 보통 1주일 내로 회복됩니다.",써마지 시술시간 60분 마취여부 크림마취 회복시간 당일 시술효과 3개월 후,주의사항 1 가벼운 세안과 샤워는 시술 다음날부터 가능합니다. 2 가벼운 화장은 다음날부터 가능합니다. 3 피부 재생 세럼과 보습 제품을 꼼꼼히 발라주세요.,크림마취 수면마취 비수면 무통마취 국소마취,수요일 10:00 ~ 20:00 (점심 14:00 ~ 15:00) / 목요일 10:00 ~ 20:00 (점심 14:00 ~ 15:00) / 금요일 10:00 ~ 20:00 (점심 14:00 ~ 15:00) / 토요일 10:00 ~ 16:00 / 일요일 휴진 / 월요일 10:00 ~ 20:00 (점심 14:00 ~ 15:00),0508-0353-6869
https://www.yeoshin.co.kr/event/mobile/18267,,,,루비 울쎄라,"#리프팅레이저
#타이트닝",https://d3gurpvil0se70.cloudfront.net/upfiles/images/product/vhtAcuxBlZmfsoGHpj8oVtkoYdj8.jpg?q=90&f=webp&w=1024,9.2,26.0,285000.0,278000,VAT 포함,루비성형외과의원,서울시 강남구 도산대로 108 루비성형외과의원주소복사,전문의 1명,,VAT 포함,,,,울쎄라 시술시간 30~60분 마취여부 크림마취 회복시간 약 1주 시술효과 4~8주 후,,,수요일 10:00 ~ 19:00 / 목요일 10:00 ~ 20:30 / 금요일 10:00 ~ 19:00 / 토요일 10:00 ~ 19:00 / 일요일 휴진 / 월요일 10:00 ~ 19:00,0508-0353-1184
https://www.yeoshin.co.kr/event/mobile/26411,,,,볼패임NO 울쎄라400샷 얼굴전체,"#리프팅레이저
#타이트닝",https://d3gurpvil0se70.cloudfront.net/upfiles/images/product/iVMGpKBEXpUCAqaZRmQP5TRZes3.jpg?q=90&f=webp&w=1024,,,1640000.0,1633000,VAT 포함,르모아의원,크림마취,전문의 1명 여의사 진료 전담회복실 사후관리,울쎄라 #고강도초음파 #피부깊은곳까지 고강도의 초음파 에너지를 피부 근막층에 도달시켜 늘어진 피부 조직을 수축 #강력한리프팅 #탄력개선 노화로 늘어진 피부에 강한 열 응고점을 만들어 수축시켜 강력한 리프팅 효과 #실시간확인 #정밀시술 초음파 영상기술을 통해 피부 깊이 및 구조를 눈으로 확인해 정밀한 시술 가능 권장주기 6~12개월 / 3회 시술,VAT 포함,처진 피부와 팔자주름이 고민인 분 / 강력한 리프팅 효과를 원하는 분 / 피부의 전체적인 탄력 개선을 원하는 분 / 두툼한 이중턱이 고민인 분,시술 특장점 피부 속 깊이 초음파 에너지 전달 피부 속 깊이 SMAS층에만 초음파 에너지를 집중 전달합니다. 피부 조직 리모델링 촉진 장기간 조직 리모델링을 촉진하고 탄력 개선 지속 효과가 있습니다. 초음파 영상기술으로 정밀한 시술 실시간 초음파 영상기술을 통해 피부 깊이 및 구조를 확인하며 시술이 가능합니다.,"기존 리프팅 시술과 다른 점이 무엇인가요? 울쎄라는 초음파 영상으로 시술부위를 보여주고, 동시에 치료도 할 수 있는 장비로 비교적 안전하고 만족스러운 결과를 기대할 수 있습니다. 시술이 아프지 않나요? 적은 에너지로 충분한 치료가 가능하며 효과를 낼 수 있기 때문에 통증이 줄어들어 편안하게 시술을 받으실수 있습니다.",울쎄라 시술시간 30~60분 마취여부 크림마취 회복시간 약 1주 시술효과 4~8주 후,"주의사항 1 일시적으로 턱 주변이 붓거나 입 움직임이 불편할 수 있습니다. 2 시술 후 시술 부위를 강하게 마사지하거나 누르지 말아주세요. 3 시술 후 붉은 기, 붓기가 일시적으로 나타날 수 있습니다.",크림마취 수면마취 비수면 무통마취 국소마취,수요일 10:00 ~ 20:00 (점심 14:00 ~ 15:00) / 목요일 10:00 ~ 20:00 (점심 14:00 ~ 15:00) / 금요일 10:00 ~ 20:00 (점심 14:00 ~ 15:00) / 토요일 10:00 ~ 16:00 / 일요일 휴진 / 월요일 10:00 ~ 20:00 (점심 14:00 ~ 15:00),0508-0353-6869
https://www.yeoshin.co.kr/event/mobile/19154,,,,뉴셀 인모드,"#리프팅레이저
#얼굴지방개선
#타이트닝",https://d3gurpvil0se70.cloudfront.net/upfiles/images/product/4CY6uiM5NsZJmGDh0Ds52CGoTiI9.jpg?q=90&f=webp&w=1024,9.6,125.0,250000.0,243000,VAT 포함,닥터뉴셀의원,크림마취,전문의 1명 영어 응대 중국어 응대 일본어 응대,"인모드 #HVP기술 #지방개선 HVP 기술을 이용해 지방세포 자체를 줄여 얼굴 또는 바디 부위의 지방을 개선 #타이트닝 #리프팅 지방분해, 리프팅, 콜라겐 리모델링, 타이트닝 등의 효과 기대 #안전성 #리프팅레이저 미국 FDA 승인을 통과하여 안전성 높은 리프팅 레이저 권장주기 2~4주 / 3회 이상 시술",VAT 포함,지방분해와 리프팅 효과를 동시에 원하는 분 / 자연스러운 V라인을 원하는 분 / 이중턱이나 볼살 등 얼굴 지방 개선을 원하는 분 / 리프팅 시술이 하고싶지만 통증이 두려운 분,,,인모드 시술시간 30~60분 마취여부 크림마취 회복시간 약 3일 시술효과 약 2주 후,,크림마취 비수면 무통마취 국소마취,"수요일 10:30 ~ 19:30 (점심 14:00 ~ 15:00) / 목요일 10:30 ~ 19:30 (점심 14:00 ~ 15:00) / 금요일 10:30 ~ 21:00 (점심 14:00 ~ 15:00) / 토요일 10:30 ~ 17:00 / 일요일 휴진 / 월요일 10:30 ~ 21:00 (점심 14:00 ~ 15:00) / 3월1일,3월3일 정상 진료",0508-0353-7963
https://www.yeoshin.co.kr/event/mobile/18747,,,,"바디전용인모드-파워2배,면적2배","#바디리프팅
#바디지방개선
#리프팅레이저",https://d3gurpvil0se70.cloudfront.net/upfiles/images/product/RGoHCTA0J4xTZlvNYKI1oouQYI82.jpg?q=90&f=webp&w=1024,9.5,107.0,108900.0,101900,VAT 포함,엔디어트의원,,,"바디인모드 #HVP기술 #지방개선 HVP 기술을 이용해 지방세포 자체를 줄여 바디 부위의 지방을 개선 #타이트닝 #리프팅 지방분해, 리프팅, 콜라겐 리모델링, 타이트닝 등의 효과 기대 #안전성 #리프팅레이저 미국 FDA 승인을 통과하여 안전성 높은 리프팅 레이저 권장주기 2~4주 / 3회 이상 시술",VAT 포함,불필요한 지방을 제거하고 싶은 분 / 평소 고민이던 부위를 슬림하게 만들고 싶은 분 / 군살 및 라인을 정리하고 싶은 분 / 탄탄한 바디라인을 원하는 분,,,바디인모드 시술시간 30분 마취여부 마취없음 회복시간 약 3일 시술효과 약 2주 후,,,수요일 10:00 ~ 20:00 (점심 13:00 ~ 14:00) / 목요일 10:00 ~ 20:00 (점심 13:00 ~ 14:00) / 금요일 10:00 ~ 20:00 (점심 13:00 ~ 14:00) / 토요일 10:00 ~ 17:00 (점심 13:00 ~ 14:00) / 일요일 휴진 / 월요일 10:00 ~ 20:00 (점심 13:00 ~ 14:00),0508-0353-7994
https://www.yeoshin.co.kr/event/mobile/18746,,,,시간효과3배 인모드FX 지방제거,"#리프팅레이저
#얼굴지방개선
#타이트닝",https://d3gurpvil0se70.cloudfront.net/upfiles/images/product/zGevvt0VCVQayYJSimZa7WNtARY4.jpg?q=90&f=webp&w=1024,9.5,192.0,108900.0,101900,VAT 포함,엔디어트의원,,,인모드 FX #HVP기술 #지방개선 HVP 기술을 이용해 지방세포 자체를 줄여 얼굴 또는 바디 부위의 지방을 개선 #콜라겐재생 #윤곽라인 불필요한 지방은 줄이고 콜라겐을 재생시켜 숨겨진 윤곽라인 개선 #안전성 #리프팅레이저 미국 FDA 승인을 통과하여 안전성 높은 리프팅 레이저 권장주기 2~4주 / 3회 이상 시술,VAT 포함,비교적 간편한 리프팅을 원하는 분 / 이중턱이나 볼살 등 얼굴 지방 개선을 원하는 분 / 두툼한 이중턱이 고민인 분 / 작고 갸름한 얼굴 라인을 원하는 분,,,인모드 FX 시술시간 5~20분 마취여부 마취없음 회복시간 약 3일 시술효과 약 2주 후,,,수요일 10:00 ~ 20:00 (점심 13:00 ~ 14:00) / 목요일 10:00 ~ 20:00 (점심 13:00 ~ 14:00) / 금요일 10:00 ~ 20:00 (점심 13:00 ~ 14:00) / 토요일 10:00 ~ 17:00 (점심 13:00 ~ 14:00) / 일요일 휴진 / 월요일 10:00 ~ 20:00 (점심 13:00 ~ 14:00),0508-0353-7994
https://www.yeoshin.co.kr/event/mobile/18748,,,,바디팁 인모드+바디 지방분해주사,"#바디리프팅
#바디지방개선
#리프팅레이저",https://d3gurpvil0se70.cloudfront.net/upfiles/images/product/ZYAR4SJwgeCm88IAd7khuWxisGZ3.jpg?q=90&f=webp&w=1024,9.6,39.0,187000.0,180000,VAT 포함,엔디어트의원,,,"바디인모드 #HVP기술 #지방개선 HVP 기술을 이용해 지방세포 자체를 줄여 바디 부위의 지방을 개선 #타이트닝 #리프팅 지방분해, 리프팅, 콜라겐 리모델링, 타이트닝 등의 효과 기대 #안전성 #리프팅레이저 미국 FDA 승인을 통과하여 안전성 높은 리프팅 레이저 권장주기 2~4주 / 3회 이상 시술",VAT 포함,불필요한 지방을 제거하고 싶은 분 / 평소 고민이던 부위를 슬림하게 만들고 싶은 분 / 군살 및 라인을 정리하고 싶은 분 / 탄탄한 바디라인을 원하는 분,,,바디인모드 시술시간 30분 마취여부 마취없음 회복시간 약 3일 시술효과 약 2주 후,,,수요일 10:00 ~ 20:00 (점심 13:00 ~ 14:00) / 목요일 10:00 ~ 20:00 (점심 13:00 ~ 14:00) / 금요일 10:00 ~ 20:00 (점심 13:00 ~ 14:00) / 토요일 10:00 ~ 17:00 (점심 13:00 ~ 14:00) / 일요일 휴진 / 월요일 10:00 ~ 20:00 (점심 13:00 ~ 14:00),0508-0353-7994
https://www.yeoshin.co.kr/event/mobile/18749,,,,시간3배 인모드+윤곽지방분해주사,"#리프팅레이저
#얼굴지방개선
#타이트닝",https://d3gurpvil0se70.cloudfront.net/upfiles/images/product/Vt50WhB7UpWeOQpEbeNWJwgaTlB5.jpg?q=90&f=webp&w=1024,9.5,117.0,154000.0,147000,VAT 포함,엔디어트의원,,,인모드 FX #HVP기술 #지방개선 HVP 기술을 이용해 지방세포 자체를 줄여 얼굴 또는 바디 부위의 지방을 개선 #콜라겐재생 #윤곽라인 불필요한 지방은 줄이고 콜라겐을 재생시켜 숨겨진 윤곽라인 개선 #안전성 #리프팅레이저 미국 FDA 승인을 통과하여 안전성 높은 리프팅 레이저 권장주기 2~4주 / 3회 이상 시술,VAT 포함,비교적 간편한 리프팅을 원하는 분 / 이중턱이나 볼살 등 얼굴 지방 개선을 원하는 분 / 두툼한 이중턱이 고민인 분 / 작고 갸름한 얼굴 라인을 원하는 분,,,인모드 FX 시술시간 5~20분 마취여부 마취없음 회복시간 약 3일 시술효과 약 2주 후,,,수요일 10:00 ~ 20:00 (점심 13:00 ~ 14:00) / 목요일 10:00 ~ 20:00 (점심 13:00 ~ 14:00) / 금요일 10:00 ~ 20:00 (점심 13:00 ~ 14:00) / 토요일 10:00 ~ 17:00 (점심 13:00 ~ 14:00) / 일요일 휴진 / 월요일 10:00 ~ 20:00 (점심 13:00 ~ 14:00),0508-0353-7994
https://www.yeoshin.co.kr/event/mobile/20563,,,,탄방동 이중턱 개선 인모드 FX 1부위,"#리프팅레이저
#얼굴지방개선
#타이트닝",https://d3gurpvil0se70.cloudfront.net/upfiles/images/product/E9DrIz06JeUGMZTdX6Cut6KRuyF4.png?q=90&f=webp&w=1024,9.9,8.0,86900.0,79900,VAT 포함,닥터쁘띠의원(대전점),대전광역시 서구 문정로48번길 70 (탄방동) 우리병원건물 2층 닥터쁘띠의원 대전점 주소복사,여의사 진료,"인모드 #HVP기술 #지방개선 HVP 기술을 이용해 지방세포 자체를 줄여 얼굴 또는 바디 부위의 지방을 개선 #타이트닝 #리프팅 지방분해, 리프팅, 콜라겐 리모델링, 타이트닝 등의 효과 기대 #안전성 #리프팅레이저 미국 FDA 승인을 통과하여 안전성 높은 리프팅 레이저 권장주기 2~4주 / 3회 이상 시술",VAT 포함,지방분해와 리프팅 효과를 동시에 원하는 분 / 자연스러운 V라인을 원하는 분 / 이중턱이나 볼살 등 얼굴 지방 개선을 원하는 분 / 리프팅 시술이 하고싶지만 통증이 두려운 분,"시술 특장점 이중턱, 볼살 등 지방 개선 지방층에 2000V의 HVP에너지를 순간적으로 전달해 지방 개선에 효과적입니다. 주름과 처진 피부를 개선 Multi-Polar 에너지가 콜라겐 생성을 도와 주름과 처진피부를 개선합니다. 콜라겐 재생과 타이트닝 효과 고주파에너지를 피부 근막층과 진피층에 집중적으로 전달시켜 콜라겐을 재생시킵니다.","시술시 부작용이 있나요? 시술 직후 미세한 부기나 열감, 멍 등이 있을 수 있습니다. 시술후에 어떤 것을 주의해야하나요? 해당 부위가 과한 열감이나 냉감에 노출되는 것을 피해주시고 수분크림을 자주 발라주세요.",인모드 시술시간 30~60분 마취여부 마취없음 회복시간 약 3일 시술효과 약 2주 후,"주의사항 1 시술 후 미세한 부기, 통증, 멍, 붉음증이 나타날 수 있습니다. 2 시술 후 시술 부위를 강하게 마사지하거나 누르지 말아주세요. 3 시술 후 열이 유지되도록 약 3일간 미온수로 세안하는 것을 권장합니다.",,수요일 10:00 ~ 20:00 (점심 13:00 ~ 14:00) / 목요일 10:00 ~ 20:00 (점심 13:00 ~ 14:00) / 금요일 10:00 ~ 20:00 (점심 13:00 ~ 14:00) / 토요일 10:00 ~ 16:30 / 일요일 휴진 / 월요일 10:00 ~ 20:00 (점심 13:00 ~ 14:00) / *공휴일 : 10:00 ~ 17:00,0508-0353-0924
https://www.yeoshin.co.kr/event/mobile/27590,,,,인모드 Forma,"#리프팅레이저
#얼굴지방개선
#타이트닝",https://d3gurpvil0se70.cloudfront.net/upfiles/images/product/XHjr9axZcZt1aG6jOW7XxNYlzGV6.jpg?q=90&f=webp&w=1024,,,97900.0,90900,VAT 포함,리베리의원(마포점),크림마취,사후관리,"인모드 FORMA #강한열자극 진피층에 강한 열자극으로 콜라겐 생성 및 엘라스틴 재생 촉진 #타이트닝 #리프팅 지방분해, 리프팅, 콜라겐 리모델링, 타이트닝 등의 효과 기대 #안전성 #리프팅레이저 미국 FDA 승인을 통과하여 안전성 높은 리프팅 레이저 권장주기 2~4주 / 3회 이상 시술",VAT 포함,피부 타이트닝 효과를 얻고 싶은 분 / 잔주름이나 리프팅에 관심있는 분 / 늘어지고 처진 피부의 리프팅을 원하는 분 / 콜라겐 생성 촉진으로 자연스러운 효과를 원하는 분,"시술 특장점 자국이 남지않아 일상생활이 가능 고주파 팁을 롤링하는 형식으로 멍,자국이 남지않아 바로 일상생활이 가능합니다. 콜라겐 생성 과 엘라스틴 재생 고주파 에너지를 조사해 콜라겐 생성과 엘라스틴 재생을 촉진시켜 줍니다.","인모드 FX 모드와 FORMA 모드의 차이는 무엇인가요? FX 모드는 지방 세포의 사멸을 유도해 이중턱, 심부볼 개선에 효과적이며, Forma 모드는 처진 피부를 리프팅하는 효과가 있습니다. 시술 후 자국 또는 붓기가 많이 심한가요? 인모드는 고주파 열을 사용하기 때문에 시술 후 약간의 열감은 있으나 부종은 거의 생기지 않습니다.",인모드 FORMA 시술시간 30~40분 마취여부 크림마취 회복시간 약 3일 시술효과 약 2주 후,"주의사항 1 얼굴에 붉은기와 열감을 동반한 홍조가 일시적으로 나타날 수 있습니다. 2 시술 후 시술 자국, 붓기, 멍은 3~4일 내에 자연스럽게 사라집니다. 3 시술 후에는 따뜻한 느낌의 지속을 위해 미온수로 세안을 권장합니다.",크림마취 국소마취,수요일 10:30 ~ 20:30 (점심 14:00 ~ 15:00) / 목요일 10:30 ~ 20:30 (점심 14:00 ~ 15:00) / 금요일 10:30 ~ 20:30 (점심 14:00 ~ 15:00) / 토요일 10:30 ~ 15:30 / 일요일 휴진 / 월요일 10:30 ~ 20:30 (점심 14:00 ~ 15:00),"서울특별시 마포구 월드컵로 200, 11층 1101,1102호(성산동, SJ라벨라 상암)"
https://www.yeoshin.co.kr/event/mobile/18801,,,,인모드fx+forma,"#리프팅레이저
#얼굴지방개선
#타이트닝",https://d3gurpvil0se70.cloudfront.net/upfiles/images/product/mDgtltIDjrScpoWBaybEoEqmYKI7.jpg?q=90&f=webp&w=1024,9.5,12.0,165000.0,158000,VAT 포함,뷰티앤디지털치과병원,"경기도 파주시 경의로1240번길 19 (와동동) 월드타워15차 7층, 8층주소복사",전문의 9명 피부진단기 F-RAY 촬영 >,,VAT 포함,,,,인모드 시술시간 15분 마취여부 마취없음 회복시간 일주일 시술효과 약 2주 후,,,수요일 10:00 ~ 20:00 / 목요일 10:00 ~ 20:00 / 금요일 10:00 ~ 18:00 / 토요일 10:00 ~ 16:00 / 일요일 휴진 / 월요일 10:00 ~ 20:00 / 월~금 점심시간은 2시~3시 입니다,0508-0353-9799
https://www.yeoshin.co.kr/event/mobile/18803,,,,인모드fx 풀페이스,"#리프팅레이저
#얼굴지방개선
#타이트닝",https://d3gurpvil0se70.cloudfront.net/upfiles/images/product/0UYIJhja0CJq2wvcHg82TmdwxKi1.jpg?q=90&f=webp&w=1024,8.7,25.0,88000.0,81000,VAT 포함,뷰티앤디지털치과병원,"경기도 파주시 경의로1240번길 19 (와동동) 월드타워15차 7층, 8층주소복사",전문의 9명 피부진단기 F-RAY 촬영 >,,VAT 포함,,,,인모드 FX 시술시간 10분 마취여부 마취없음 회복시간 1주일 시술효과 점차 증진,,,수요일 10:00 ~ 20:00 / 목요일 10:00 ~ 20:00 / 금요일 10:00 ~ 18:00 / 토요일 10:00 ~ 16:00 / 일요일 휴진 / 월요일 10:00 ~ 20:00 / 월~금 점심시간은 2시~3시 입니다,0508-0353-9799
https://www.yeoshin.co.kr/event/mobile/23080,,,,탄력 & 슬림라인 인모드,"#리프팅레이저
#얼굴지방개선
#타이트닝",https://d3gurpvil0se70.cloudfront.net/upfiles/images/product/yZNOVIvCtUlmiEg6pmCgAxr8GHR9.png?q=90&f=webp&w=1024,9.6,89.0,45000.0,38000,VAT 포함,뷰티블라썸의원,"서울특별시 마포구 양화로 66 (서교동) 5층,6층주소복사",여의사 진료 사후관리 영어 응대 중국어 응대 일본어 응대,"인모드 #HVP기술 #지방개선 HVP 기술을 이용해 지방세포 자체를 줄여 얼굴 또는 바디 부위의 지방을 개선 #타이트닝 #리프팅 지방분해, 리프팅, 콜라겐 리모델링, 타이트닝 등의 효과 기대 #안전성 #리프팅레이저 미국 FDA 승인을 통과하여 안전성 높은 리프팅 레이저 권장주기 2~4주 / 3회 이상 시술",VAT 포함,지방분해와 리프팅 효과를 동시에 원하는 분 / 자연스러운 V라인을 원하는 분 / 이중턱이나 볼살 등 얼굴 지방 개선을 원하는 분 / 리프팅 시술이 하고싶지만 통증이 두려운 분,,,인모드 시술시간 30~60분 마취여부 마취없음 회복시간 약 3일 시술효과 약 2주 후,,,수요일 10:00 ~ 20:00 / 목요일 10:00 ~ 20:00 / 금요일 10:00 ~ 20:00 / 토요일 10:00 ~ 16:30 / 일요일 10:00 ~ 16:30 / 월요일 10:00 ~ 20:00 / 대체 공휴일 진료,0508-0353-9342
https://www.yeoshin.co.kr/event/mobile/6746,,,,지방&탄력 인모드 리프팅,"#리프팅레이저
#얼굴지방개선
#타이트닝",https://d3gurpvil0se70.cloudfront.net/upfiles/images/product/SODpAQBJlb8vXXC0r2eWqCYi8dA7.png?q=90&f=webp&w=1024,9.3,15.0,75900.0,68900,VAT 포함,유앤아이의원(일산점),,,,VAT 포함,,,,인모드 시술시간 30~60분 마취여부 마취없음 회복시간 3일 시술효과 2주 후,,,수요일 10:00 ~ 20:30 (점심 13:00 ~ 14:00) / 목요일 10:00 ~ 20:30 (점심 13:00 ~ 14:00) / 금요일 10:00 ~ 20:30 (점심 13:00 ~ 14:00) / 토요일 10:00 ~ 16:00 / 일요일 휴진 / 월요일 10:00 ~ 20:30 (점심 13:00 ~ 14:00),0508-0354-0852
https://www.yeoshin.co.kr/event/mobile/21982,,,,인천 구월동 이중턱 인모드 1부위,"#리프팅레이저
#얼굴지방개선
#타이트닝",https://d3gurpvil0se70.cloudfront.net/upfiles/images/product/ENJ6jVYlglZnsh4rShiNV8I0uMI7.png?q=90&f=webp&w=1024,9.6,34.0,42900.0,35900,VAT 포함,닥터쁘띠의원(인천구월점),크림마취,여의사 진료 사후관리,"인모드 #HVP기술 #지방개선 HVP 기술을 이용해 지방세포 자체를 줄여 얼굴 또는 바디 부위의 지방을 개선 #타이트닝 #리프팅 지방분해, 리프팅, 콜라겐 리모델링, 타이트닝 등의 효과 기대 #안전성 #리프팅레이저 미국 FDA 승인을 통과하여 안전성 높은 리프팅 레이저 권장주기 2~4주 / 3회 이상 시술",VAT 포함,지방분해와 리프팅 효과를 동시에 원하는 분 / 자연스러운 V라인을 원하는 분 / 이중턱이나 볼살 등 얼굴 지방 개선을 원하는 분 / 리프팅 시술이 하고싶지만 통증이 두려운 분,,,인모드 시술시간 30~60분 마취여부 크림마취 회복시간 약 3일 시술효과 약 2주 후,,크림마취 비수면 무통마취 국소마취,수요일 10:30 ~ 20:30 / 목요일 10:30 ~ 20:30 / 금요일 10:30 ~ 20:30 / 토요일 10:30 ~ 17:00 / 일요일 10:30 ~ 17:00 / 월요일 10:30 ~ 20:30,0508-0353-0764
https://www.yeoshin.co.kr/event/mobile/2350,,,,이중턱 V라인 인모드 리프팅,"#리프팅레이저
#얼굴지방개선
#타이트닝",https://d3gurpvil0se70.cloudfront.net/upfiles/images/product/GlrhSZ5O82aOkvanJXj4USixOW0A.jpg?q=90&f=webp&w=1024,9.0,39.0,,57900,,온리프성형외과,서울특별시 서초구 강남대로 399 온리프성형외과주소복사,전문의 1명 영어 응대 중국어 응대 일본어 응대 피부진단기 F-RAY 촬영 >,,,,,,인모드 시술시간 부위별상이 마취여부 마취없음 회복시간 3일 시술효과 2주 후,,,수요일 11:00 ~ 20:00 / 목요일 11:00 ~ 20:00 / 금요일 11:00 ~ 21:00 / 토요일 10:00 ~ 17:00 / 일요일 휴진 / 월요일 11:00 ~ 20:00,0508-0353-1273
https://www.yeoshin.co.kr/event/mobile/11972,,,,롱&핏 인모드 풀페이스 리프팅,"#리프팅레이저
#얼굴지방개선
#타이트닝",https://d3gurpvil0se70.cloudfront.net/upfiles/images/product/I5kKkIqKJHx0IIsJZQvM1tn3RAV6.jpg?q=90&f=webp&w=1024,8.7,63.0,55000.0,48000,VAT 포함,세가지소원의원(압구정),서울특별시 강남구 논현로 824 세가지소원의원(압구정)주소복사,영어 응대 중국어 응대 일본어 응대,,VAT 포함,,,,인모드 시술시간 30~60분 마취여부 크림마취 회복시간 3일 시술효과 2주 후,,,수요일 10:00 ~ 19:00 / 목요일 10:00 ~ 20:00 / 금요일 10:00 ~ 19:00 / 토요일 10:00 ~ 17:00 / 일요일 휴진 / 월요일 10:00 ~ 19:00,0508-0353-5028
https://www.yeoshin.co.kr/event/mobile/16374,,,,디자인 인모드 리프팅,"#리프팅레이저
#얼굴지방개선
#타이트닝",https://d3gurpvil0se70.cloudfront.net/upfiles/images/product/Z2mbLBP9oKBsdWTN5Ub181Ac50EA.jpg?q=90&f=webp&w=1024,9.0,2.0,59000.0,52000,VAT 포함,제너리스의원(연신내점),,,"인모드 #HVP기술 #지방개선 HVP 기술을 이용해 지방세포 자체를 줄여 얼굴 또는 바디 부위의 지방을 개선 #타이트닝 #리프팅 지방분해, 리프팅, 콜라겐 리모델링, 타이트닝 등의 효과 기대 #안전성 #리프팅레이저 미국 FDA 승인을 통과하여 안전성 높은 리프팅 레이저 권장주기 2~4주 / 3회 이상 시술",VAT 포함,지방분해와 리프팅 효과를 동시에 원하는 분 / 자연스러운 V라인을 원하는 분 / 이중턱이나 볼살 등 얼굴 지방 개선을 원하는 분 / 리프팅 시술이 하고싶지만 통증이 두려운 분,,,인모드 시술시간 30분 내외 마취여부 크림마취 회복시간 3일 시술효과 2~3주 후,,,수요일 10:30 ~ 20:00 (점심 13:00 ~ 14:00) / 목요일 10:30 ~ 20:00 (점심 13:00 ~ 14:00) / 금요일 10:30 ~ 20:00 (점심 13:00 ~ 14:00) / 토요일 10:00 ~ 17:00 (점심 13:00 ~ 14:00) / 일요일 휴진 / 월요일 10:30 ~ 20:00 (점심 13:00 ~ 14:00),0508-0353-9732
https://www.yeoshin.co.kr/event/mobile/17371,,,,블리비인모드FX FORMA리프팅,"#리프팅레이저
#얼굴지방개선
#타이트닝",https://d3gurpvil0se70.cloudfront.net/upfiles/images/product/jkW6d9VxuEIDVOUYHU3yzzwKgHQ6.jpg?q=90&f=webp&w=1024,8.7,32.0,27500.0,20500,VAT 포함,블리비의원(명동점),,,"인모드 #HVP기술 #지방개선 HVP 기술을 이용해 지방세포 자체를 줄여 얼굴 또는 바디 부위의 지방을 개선 #타이트닝 #리프팅 지방분해, 리프팅, 콜라겐 리모델링, 타이트닝 등의 효과 기대 #안전성 #리프팅레이저 미국 FDA 승인을 통과하여 안전성 높은 리프팅 레이저 권장주기 2~4주 / 3회 이상 시술",VAT 포함,지방분해와 리프팅 효과를 동시에 원하는 분 / 자연스러운 V라인을 원하는 분 / 이중턱이나 볼살 등 얼굴 지방 개선을 원하는 분 / 리프팅 시술이 하고싶지만 통증이 두려운 분,,,인모드 시술시간 30~60분 마취여부 마취없음 회복시간 약 3일 시술효과 약 2주 후,,,수요일 10:30 ~ 20:30 (점심 14:00 ~ 15:00) / 목요일 10:30 ~ 20:30 (점심 14:00 ~ 15:00) / 금요일 10:30 ~ 20:30 (점심 14:00 ~ 15:00) / 토요일 10:00 ~ 16:30 / 일요일 휴진 / 월요일 10:30 ~ 20:30 (점심 14:00 ~ 15:00),0508-0354-2895
https://www.yeoshin.co.kr/event/mobile/21268,,,,[피부과전문의] 인모드리프팅,"#피부과 전문의
#리프팅레이저
#얼굴지방개선",https://d3gurpvil0se70.cloudfront.net/upfiles/images/product/YEuNJIPr6C6bAvkVJACNwIWmQp75.jpg?q=90&f=webp&w=1024,9.6,77.0,31900.0,24900,VAT 포함,딜라이트피부과의원,크림마취,전문의 1명,"인모드 #HVP기술 #지방개선 HVP 기술을 이용해 지방세포 자체를 줄여 얼굴 또는 바디 부위의 지방을 개선 #타이트닝 #리프팅 지방분해, 리프팅, 콜라겐 리모델링, 타이트닝 등의 효과 기대 #안전성 #리프팅레이저 미국 FDA 승인을 통과하여 안전성 높은 리프팅 레이저 권장주기 2~4주 / 3회 이상 시술",VAT 포함,지방분해와 리프팅 효과를 동시에 원하는 분 / 자연스러운 V라인을 원하는 분 / 이중턱이나 볼살 등 얼굴 지방 개선을 원하는 분 / 리프팅 시술이 하고싶지만 통증이 두려운 분,,,인모드 시술시간 30~40분 마취여부 마취없음 회복시간 약 3일 시술효과 약 2주 후,,크림마취 수면마취 비수면 무통마취 국소마취,수요일 10:00 ~ 20:00 (점심 13:00 ~ 14:00) / 목요일 10:00 ~ 20:00 (점심 13:00 ~ 14:00) / 금요일 10:00 ~ 20:00 (점심 13:00 ~ 14:00) / 토요일 10:00 ~ 16:00 / 일요일 휴진 / 월요일 10:00 ~ 20:00 (점심 13:00 ~ 14:00),0508-0353-4393
https://www.yeoshin.co.kr/event/mobile/18802,,,,인모드 fx 1부위(이중턱부위),"#리프팅레이저
#얼굴지방개선
#타이트닝",https://d3gurpvil0se70.cloudfront.net/upfiles/images/product/22JFBH7Rg4RaWog2uE2ud0H3Op8.jpg?q=90&f=webp&w=1024,9.0,98.0,20000.0,13000,VAT 포함,뷰티앤디지털치과병원,"경기도 파주시 경의로1240번길 19 (와동동) 월드타워15차 7층, 8층주소복사",전문의 9명 피부진단기 F-RAY 촬영 >,,VAT 포함,,,,인모드 FX 시술시간 4분 마취여부 마취없음 회복시간 1주일 시술효과 점차 증진,,,수요일 10:00 ~ 20:00 / 목요일 10:00 ~ 20:00 / 금요일 10:00 ~ 18:00 / 토요일 10:00 ~ 16:00 / 일요일 휴진 / 월요일 10:00 ~ 20:00 / 월~금 점심시간은 2시~3시 입니다,0508-0353-9799
https://www.yeoshin.co.kr/event/mobile/6823,,,,탄력개선! 인모드FORMA 풀페이스,"#리프팅레이저
#얼굴지방개선
#타이트닝",https://d3gurpvil0se70.cloudfront.net/upfiles/images/product/wPRFDvHrB14ITpdhp479VoNFXhZ8.jpg?q=90&f=webp&w=1024,9.6,76.0,,103000,,한나이브성형외과의원,경기도 안양시 만안구 안양로 330-1 (안양동) (안양동) 다니엘빌딩 B1~7F주소복사,전문의 10명 여의사 진료 수술실 CCTV 응급처치 시스템 분야별 협진 기본 입원실 환자전용숙소 전담회복실 사후관리 영어 응대 일본어 응대,,,,,,인모드 시술시간 30분 마취여부 크림마취 회복시간 1일 시술효과 2주 후,,,수요일 10:00 ~ 19:00 / 목요일 10:00 ~ 19:00 / 금요일 10:00 ~ 21:00 / 토요일 10:00 ~ 17:00 / 일요일 휴진 / 월요일 10:00 ~ 19:00,0508-0354-0082
https://www.yeoshin.co.kr/event/mobile/18804,,,,인모드 forma 풀페이스,"#리프팅레이저
#얼굴지방개선
#타이트닝",https://d3gurpvil0se70.cloudfront.net/upfiles/images/product/zRr4fnmcVNLw8JAIV6gOYOeyHEx9.jpg?q=90&f=webp&w=1024,9.6,8.0,99000.0,92000,VAT 포함,뷰티앤디지털치과병원,"경기도 파주시 경의로1240번길 19 (와동동) 월드타워15차 7층, 8층주소복사",전문의 9명 피부진단기 F-RAY 촬영 >,,VAT 포함,,,,인모드 FORMA 시술시간 10분 마취여부 마취없음 회복시간 당일 시술효과 점차 증진,,,수요일 10:00 ~ 20:00 / 목요일 10:00 ~ 20:00 / 금요일 10:00 ~ 18:00 / 토요일 10:00 ~ 16:00 / 일요일 휴진 / 월요일 10:00 ~ 20:00 / 월~금 점심시간은 2시~3시 입니다,0508-0353-9799
https://www.yeoshin.co.kr/event/mobile/17981,,,,브이라인 인모드FX+ON리프팅주사,"#리프팅레이저
#얼굴지방개선
#타이트닝",https://d3gurpvil0se70.cloudfront.net/upfiles/images/product/KPFqypQLMSwDO3fQ42LRMGmKYzF.jpg?q=90&f=webp&w=1024,9.2,9.0,108900.0,101900,VAT 포함,온리프성형외과,서울특별시 서초구 강남대로 399 온리프성형외과주소복사,전문의 1명 영어 응대 중국어 응대 일본어 응대 피부진단기 F-RAY 촬영 >,,VAT 포함,,,,인모드 시술시간 ~20분 마취여부 크림마취 회복시간 약 3일 시술효과 약 2주 후,,,수요일 11:00 ~ 20:00 / 목요일 11:00 ~ 20:00 / 금요일 11:00 ~ 21:00 / 토요일 10:00 ~ 17:00 / 일요일 휴진 / 월요일 11:00 ~ 20:00,0508-0353-1273
https://www.yeoshin.co.kr/event/mobile/1263,,,,얼굴 전체 인모드 PRO 롱타임,"#리프팅레이저
#얼굴지방개선
#타이트닝",https://d3gurpvil0se70.cloudfront.net/upfiles/images/product/4VlNRkUJW0WPxEOyizrXvvx7pb01.jpg?q=90&f=webp&w=1024,10.0,4.0,330000.0,323000,VAT 포함,온리프성형외과,서울특별시 서초구 강남대로 399 온리프성형외과주소복사,전문의 1명 영어 응대 중국어 응대 일본어 응대 피부진단기 F-RAY 촬영 >,,VAT 포함,,,,인모드 시술시간 30~60분 마취여부 크림마취 회복시간 약 3일 시술효과 약 2주 후,,,수요일 11:00 ~ 20:00 / 목요일 11:00 ~ 20:00 / 금요일 11:00 ~ 21:00 / 토요일 10:00 ~ 17:00 / 일요일 휴진 / 월요일 11:00 ~ 20:00,0508-0353-1273
https://www.yeoshin.co.kr/event/mobile/16988,,,,인모드리프팅,"#리프팅레이저
#얼굴지방개선
#타이트닝",https://d3gurpvil0se70.cloudfront.net/upfiles/images/product/uYhLVJPxhs5dvObSYpyf8wgH6iz2.jpg?q=90&f=webp&w=1024,9.3,34.0,42900.0,35900,VAT 포함,롤리팝성형외과의원,크림마취,전문의 6명 여의사 진료 수술실 CCTV 영어 응대 일본어 응대 피부진단기 F-RAY 촬영 >,,VAT 포함,,,,인모드 시술시간 30~60분 마취여부 냉각마취 회복시간 3일 시술효과 2주 후,,크림마취 수면마취 국소마취,수요일 10:00 ~ 19:00 / 목요일 10:00 ~ 19:00 / 금요일 10:00 ~ 19:00 / 토요일 10:00 ~ 19:00 / 일요일 13:00 ~ 19:00 / 월요일 10:00 ~ 19:00,0508-0353-5502
https://www.yeoshin.co.kr/event/mobile/18049,,,,"온리프 이중턱 착붙패키지, 인모드 실리프팅","#실리프팅
#탄력관리",https://d3gurpvil0se70.cloudfront.net/upfiles/images/product/GEBxeM8xuqLpJDVVaaTvb0NY4fg3.jpg?q=90&f=webp&w=1024,9.0,2.0,330000.0,323000,VAT 포함,온리프성형외과,서울특별시 서초구 강남대로 399 온리프성형외과주소복사,전문의 1명 영어 응대 중국어 응대 일본어 응대 피부진단기 F-RAY 촬영 >,,VAT 포함,,,,민트실 시술시간 20-30분 마취여부 국소마취 회복시간 약 7일 시술효과 2~3주 후,,,수요일 11:00 ~ 20:00 / 목요일 11:00 ~ 20:00 / 금요일 11:00 ~ 21:00 / 토요일 10:00 ~ 17:00 / 일요일 휴진 / 월요일 11:00 ~ 20:00,0508-0353-1273
https://www.yeoshin.co.kr/event/mobile/718,,,,"꿈꾸던 윤곽,인모드 리프팅","#리프팅레이저
#얼굴지방개선
#타이트닝",https://d3gurpvil0se70.cloudfront.net/upfiles/images/product/kOBj2Sg7JEGzocPueZATooUoNU83.jpg?q=90&f=webp&w=1024,9.6,49.0,55000.0,48000,VAT 포함,제이필의원(강남점),서울특별시 강남구 강남대로 438 (역삼동) 스타플렉스 B1주소복사,영어 응대 중국어 응대 일본어 응대,,VAT 포함,,,,인모드 시술시간 30~60분 마취여부 크림마취 회복시간 3일 시술효과 2주 후,,,수요일 10:00 ~ 20:00 / 목요일 10:00 ~ 20:00 / 금요일 10:00 ~ 20:00 / 토요일 10:00 ~ 17:00 / 일요일 휴진 / 월요일 10:00 ~ 20:00,0508-0353-4730
https://www.yeoshin.co.kr/event/mobile/25221,,,,이중턱 인모드Fx + 윤곽주사,"#리프팅레이저
#얼굴지방개선
#타이트닝",https://d3gurpvil0se70.cloudfront.net/upfiles/images/product/S41bKPqiyKkFdd5EBst5LNrXo1G.jpg?q=90&f=webp&w=1024,,,99000.0,92000,VAT 포함,더올림성형외과의원,크림마취,전문의 1명 여의사 진료 사후관리,인모드 FX #HVP기술 #지방개선 HVP 기술을 이용해 지방세포 자체를 줄여 얼굴 또는 바디 부위의 지방을 개선 #콜라겐재생 #윤곽라인 불필요한 지방은 줄이고 콜라겐을 재생시켜 숨겨진 윤곽라인 개선 #안전성 #리프팅레이저 미국 FDA 승인을 통과하여 안전성 높은 리프팅 레이저 권장주기 2~4주 / 3회 이상 시술,VAT 포함,비교적 간편한 리프팅을 원하는 분 / 이중턱이나 볼살 등 얼굴 지방 개선을 원하는 분 / 두툼한 이중턱이 고민인 분 / 작고 갸름한 얼굴 라인을 원하는 분,,,인모드 FX 시술시간 5~20분 마취여부 크림마취 회복시간 약 3일 시술효과 약 2주 후,,크림마취 수면마취,수요일 10:00 ~ 19:00 / 목요일 10:00 ~ 19:00 / 금요일 10:00 ~ 19:00 / 토요일 10:00 ~ 16:00 / 일요일 휴진 / 월요일 10:00 ~ 19:00,050803531308
https://www.yeoshin.co.kr/event/mobile/5290,,,,유앤아이 인모드 리프팅,"#리프팅레이저
#얼굴지방개선
#타이트닝",https://d3gurpvil0se70.cloudfront.net/upfiles/images/product/nqbjVWEezxuDyOWivAGu8PLXfao5.jpg?q=90&f=webp&w=1024,8.9,34.0,38500.0,31500,VAT 포함,유앤아이의원(수원점),경기도 수원시 팔달구 효원로 265번길 54 유앤아이의원(수원점)주소복사,전문의 1명 영어 응대 중국어 응대,,VAT 포함,,,,인모드 시술시간 30~60분 마취여부 크림마취 회복시간 3일 시술효과 2주 후,,,수요일 10:00 ~ 20:30 / 목요일 10:00 ~ 20:30 / 금요일 10:00 ~ 20:30 / 토요일 휴진 / 일요일 휴진 / 월요일 10:00 ~ 20:30,0508-0354-0319
https://www.yeoshin.co.kr/event/mobile/25222,,,,인모드 Fx 풀페이스,"#리프팅레이저
#얼굴지방개선
#타이트닝",https://d3gurpvil0se70.cloudfront.net/upfiles/images/product/4qMvdaKGeoJgOiEubuDVl9qDfAx9.jpg?q=90&f=webp&w=1024,,,196900.0,189900,VAT 포함,더올림성형외과의원,크림마취,전문의 1명 여의사 진료 사후관리,인모드 FX #HVP기술 #지방개선 HVP 기술을 이용해 지방세포 자체를 줄여 얼굴 또는 바디 부위의 지방을 개선 #콜라겐재생 #윤곽라인 불필요한 지방은 줄이고 콜라겐을 재생시켜 숨겨진 윤곽라인 개선 #안전성 #리프팅레이저 미국 FDA 승인을 통과하여 안전성 높은 리프팅 레이저 권장주기 2~4주 / 3회 이상 시술,VAT 포함,비교적 간편한 리프팅을 원하는 분 / 이중턱이나 볼살 등 얼굴 지방 개선을 원하는 분 / 두툼한 이중턱이 고민인 분 / 작고 갸름한 얼굴 라인을 원하는 분,,,인모드 FX 시술시간 5~20분 마취여부 크림마취 회복시간 약 3일 시술효과 약 2주 후,,크림마취 수면마취,수요일 10:00 ~ 19:00 / 목요일 10:00 ~ 19:00 / 금요일 10:00 ~ 19:00 / 토요일 10:00 ~ 16:00 / 일요일 휴진 / 월요일 10:00 ~ 19:00,050803531308
https://www.yeoshin.co.kr/event/mobile/17288,,,,블리비 인모드 리프팅,"#리프팅레이저
#얼굴지방개선
#타이트닝",https://d3gurpvil0se70.cloudfront.net/upfiles/images/product/Rl5IhmeQqrxLaLb4tiUliJyrPv0A.jpg?q=90&f=webp&w=1024,8.4,10.0,31900.0,24900,VAT 포함,블리비의원(발산점),,,"인모드 #HVP기술 #지방개선 HVP 기술을 이용해 지방세포 자체를 줄여 얼굴 또는 바디 부위의 지방을 개선 #타이트닝 #리프팅 지방분해, 리프팅, 콜라겐 리모델링, 타이트닝 등의 효과 기대 #안전성 #리프팅레이저 미국 FDA 승인을 통과하여 안전성 높은 리프팅 레이저 권장주기 2~4주 / 3회 이상 시술",VAT 포함,지방분해와 리프팅 효과를 동시에 원하는 분 / 자연스러운 V라인을 원하는 분 / 이중턱이나 볼살 등 얼굴 지방 개선을 원하는 분 / 리프팅 시술이 하고싶지만 통증이 두려운 분,"시술 특장점 이중턱, 볼살 등 지방 개선 지방층에 2000V의 HVP에너지를 순간적으로 전달해 지방 개선에 효과적입니다. 주름과 처진 피부를 개선 Multi-Polar 에너지가 콜라겐 생성을 도와 주름과 처진피부를 개선합니다. 콜라겐 재생과 타이트닝 효과 고주파에너지를 피부 근막층과 진피층에 집중적으로 전달시켜 콜라겐을 재생시킵니다.","시술시 부작용이 있나요? 시술 직후 미세한 부기나 열감, 멍 등이 있을 수 있습니다. 포마(forma)랑 fx는 어떻게 다른가요? 포마는 콜라겐 생성을 촉진시켜 피부 탄력을 개선할 수 있으며, fx는 지방세포의 크기를 감소시켜 불필요한 지방 제거에 도움이 됩니다.",인모드 시술시간 30~60분 마취여부 마취없음 회복시간 약 3일 시술효과 약 2주 후,"주의사항 1 시술 후 미세한 부기, 통증, 멍, 붉음증이 나타날 수 있습니다. 2 시술 후 시술 부위를 강하게 마사지하거나 누르지 말아주세요. 3 시술 후 열이 유지되도록 약 3일간 미온수로 세안하는 것을 권장합니다. 4 시술 후 세안 및 메이크업이 가능하며, 저자극 클렌저 사용을 권장합니다.",,수요일 10:30 ~ 20:30 (점심 14:00 ~ 15:00) / 목요일 10:30 ~ 20:30 (점심 14:00 ~ 15:00) / 금요일 10:30 ~ 20:30 (점심 14:00 ~ 15:00) / 토요일 10:00 ~ 16:30 / 일요일 휴진 / 월요일 10:30 ~ 20:30 (점심 14:00 ~ 15:00) / 토요일 점심시간 없이 진료 일요일 / 공휴일 휴무,0508-0354-2882
https://www.yeoshin.co.kr/event/mobile/13029,,,,신사역 세상 인모드 리프팅!,"#리프팅레이저
#얼굴지방개선
#타이트닝",https://d3gurpvil0se70.cloudfront.net/upfiles/images/product/ocRRSDfADbbdiKXHhTg3QJhIunD9.png?q=90&f=webp&w=1024,9.6,198.0,27500.0,20500,VAT 포함,신사에그의원,크림마취,여의사 진료 영어 응대 중국어 응대 일본어 응대,"인모드 #지방파괴 #브이라인 #리프팅 지방분해, 리프팅, 콜라겐 리모델링, 타이트닝 등의 효과 기대",VAT 포함,지방분해와 리프팅 효과를 동시에 원하는 분 / 자연스러운 V라인을 원하는 분 / 이중턱이나 볼살 등 얼굴 지방 개선을 원하는 분 / 리프팅 시술이 하고싶지만 통증이 두려운 분,,,인모드 시술시간 30~60분 마취여부 크림마취 회복시간 3일 시술효과 2주 후,,크림마취 수면마취 국소마취,수요일 11:00 ~ 20:30 (점심 14:00 ~ 15:00) / 목요일 11:00 ~ 20:30 (점심 14:00 ~ 15:00) / 금요일 11:00 ~ 20:30 (점심 14:00 ~ 15:00) / 토요일 11:00 ~ 17:00 / 일요일 11:00 ~ 17:00 / 월요일 11:00 ~ 20:30 (점심 14:00 ~ 15:00),0508-0353-5368
https://www.yeoshin.co.kr/event/mobile/12140,,,,인모드 FX 풀페이스,"#리프팅레이저
#얼굴지방개선
#타이트닝",https://d3gurpvil0se70.cloudfront.net/upfiles/images/product/1564392474.jpg?q=90&f=webp&w=1024,9.4,61.0,97900.0,90900,VAT 포함,VS라인의원(인천구월점),인천광역시 남동구 인하로489번길 10 VS라인의원(인천구월점)주소복사,피부진단기 F-RAY 촬영 >,"인모드 #HVP기술 #지방개선 HVP 기술을 이용해 지방세포 자체를 줄여 얼굴 또는 바디 부위의 지방을 개선 #타이트닝 #리프팅 지방분해, 리프팅, 콜라겐 리모델링, 타이트닝 등의 효과 기대 #안전성 #리프팅레이저 미국 FDA 승인을 통과하여 안전성 높은 리프팅 레이저 권장주기 2~4주 / 3회 이상 시술",VAT 포함,지방분해와 리프팅 효과를 동시에 원하는 분 / 자연스러운 V라인을 원하는 분 / 이중턱이나 볼살 등 얼굴 지방 개선을 원하는 분 / 리프팅 시술이 하고싶지만 통증이 두려운 분,,,인모드 시술시간 15분 마취여부 냉각마취 회복시간 3일 시술효과 2주 후,,,수요일 10:00 ~ 20:00 / 목요일 10:00 ~ 20:00 / 금요일 10:00 ~ 20:00 / 토요일 10:00 ~ 17:00 / 일요일 휴진 / 월요일 10:00 ~ 20:00,0508-0354-1766
https://www.yeoshin.co.kr/event/mobile/6344,,,,이중턱 박살 인모드+윤곽주사,"#리프팅레이저
#얼굴지방개선
#타이트닝",https://d3gurpvil0se70.cloudfront.net/upfiles/images/product/4aATREqQVISFCALhIIq2GwGtlnA7.jpg?q=90&f=webp&w=1024,9.4,38.0,129000.0,122000,VAT 포함,VS라인의원(인천구월점),인천광역시 남동구 인하로489번길 10 VS라인의원(인천구월점)주소복사,피부진단기 F-RAY 촬영 >,"인모드 #인모드 #윤곽주사 윤곽주사는 지방분해에 도움을 주는 여러가지 약물을 믹스하여, 수술이 아닌 원하는 부위에 선택적으로 지방을 감소하도록 도와주는 시술입니다. 지방이 많아 고민인 부위에 시술하여 라인이 정리된 듯한 효과를 기대할 수 있습니다. 권장주기 2~3주 / 3회 시술",VAT 포함,지방분해와 리프팅 효과를 동시에 원하는 분 / 꼼꼼한 리프팅을 원하는 분 / 늘어지고 처진 피부의 리프팅을 원하는 분,,,인모드 시술시간 15분 마취여부 냉각마취 회복시간 3일 시술효과 2주 후,,,수요일 10:00 ~ 20:00 / 목요일 10:00 ~ 20:00 / 금요일 10:00 ~ 20:00 / 토요일 10:00 ~ 17:00 / 일요일 휴진 / 월요일 10:00 ~ 20:00,0508-0354-1766
https://www.yeoshin.co.kr/event/mobile/3664,,,,바디 인모드(바디전용 핸드피스),"#바디리프팅
#바디지방개선
#리프팅레이저",https://d3gurpvil0se70.cloudfront.net/upfiles/images/product/991684528.png?q=90&f=webp&w=1024,9.4,5.0,132000.0,125000,VAT 포함,VS라인의원(인천구월점),인천광역시 남동구 인하로489번길 10 VS라인의원(인천구월점)주소복사,피부진단기 F-RAY 촬영 >,"바디인모드 바디 인모드 인모드는 HVP기술을 이용하여 지방세포자체를 줄이는 시술로 얼굴과 바디의 불필요한 지방을 줄임과 동시에 콜라겐 타이트닝을 이루어지게하여 지방분해, 리프팅, 콜라겐 리모델링, 타이트닝 효과가 있습니다. 또한 미국 FDA 승인을 통과한 장비로 안전성이 높은 편입니다. 권장주기 2~4주 / 3회 이상 시술",VAT 포함,건조하고 칙칙한 피부때문에 고민인 분 / 늘어지고 처진 피부의 리프팅을 원하는 분 / 탄탄한 피부와 갸름한 얼굴라인을 원하는 분 / 이중턱이나 볼살 등 얼굴 지방 개선을 원하는 분,,"시술시 부작용이 있나요? 시술 직후 미세한 부기나 열감, 멍 등이 있을 수 있습니다. 시술후에 어떤 것을 주의해야하나요? 해당 부위가 과한 열감이나 냉감에 노출되는 것을 피해주시고 수분크림을 자주 발라주세요.",바디인모드 시술시간 10~20분 마취여부 냉각마취 회복시간 3일 시술효과 2주 후,"주의사항 1 시술 후, 음주 및 흡연을 자제해주세요. 2 시술 부위를 강하게 마사지하거나 누르지 말아주세요. 3 3~4일간 과격하고 무리한 운동은 자제해주세요.",,수요일 10:00 ~ 20:00 / 목요일 10:00 ~ 20:00 / 금요일 10:00 ~ 20:00 / 토요일 10:00 ~ 17:00 / 일요일 휴진 / 월요일 10:00 ~ 20:00,0508-0354-1766
https://www.yeoshin.co.kr/event/mobile/26638,,,,"꿈꾸던 윤곽,인모드 리프팅","#리프팅레이저
#얼굴지방개선
#타이트닝",https://d3gurpvil0se70.cloudfront.net/upfiles/images/product/HbQDibbrn3VwP44RNzokYZjSIR65.jpg?q=90&f=webp&w=1024,9.0,1.0,55000.0,48000,VAT 포함,제이필의원(홍대점),크림마취,전문의 1명 여의사 진료 수술실 CCTV 분야별 협진 사후관리,,VAT 포함,,,,인모드 시술시간 30~60분 마취여부 크림마취 회복시간 3일 시술효과 2주 후,,크림마취 수면마취 비수면 무통마취,수요일 10:00 ~ 20:00 / 목요일 10:00 ~ 20:00 / 금요일 10:00 ~ 20:00 / 토요일 10:00 ~ 17:00 / 일요일 휴진 / 월요일 10:00 ~ 20:00,050803543270
https://www.yeoshin.co.kr/event/mobile/21213,,,,#시간보장 인모드 리프팅,"#리프팅레이저
#얼굴지방개선
#타이트닝",https://d3gurpvil0se70.cloudfront.net/upfiles/images/product/R8bIrH8IgT6k0qfmXDEamxXVT723.jpg?q=90&f=webp&w=1024,,,165000.0,158000,VAT 포함,가산시그니처정형외과의원,크림마취,전문의 1명 분야별 협진 전담회복실,"인모드 #HVP기술 #지방개선 HVP 기술을 이용해 지방세포 자체를 줄여 얼굴 또는 바디 부위의 지방을 개선 #타이트닝 #리프팅 지방분해, 리프팅, 콜라겐 리모델링, 타이트닝 등의 효과 기대 #안전성 #리프팅레이저 미국 FDA 승인을 통과하여 안전성 높은 리프팅 레이저 권장주기 2~4주 / 3회 이상 시술",VAT 포함,지방분해와 리프팅 효과를 동시에 원하는 분 / 자연스러운 V라인을 원하는 분 / 이중턱이나 볼살 등 얼굴 지방 개선을 원하는 분 / 리프팅 시술이 하고싶지만 통증이 두려운 분,,,인모드 시술시간 30~60분 마취여부 마취없음 회복시간 약 3일 시술효과 약 2주 후,,크림마취 수면마취 비수면 무통마취 국소마취,수요일 09:00 ~ 20:00 (점심 14:00 ~ 15:00) / 목요일 09:00 ~ 20:00 (점심 14:00 ~ 15:00) / 금요일 09:00 ~ 20:00 (점심 14:00 ~ 15:00) / 토요일 09:00 ~ 14:00 / 일요일 휴진 / 월요일 09:00 ~ 20:00 (점심 14:00 ~ 15:00),0508-0353-8080
https://www.yeoshin.co.kr/event/mobile/27334,,,,V라인 인모드 리프팅,"#리프팅레이저
#얼굴지방개선
#타이트닝",https://d3gurpvil0se70.cloudfront.net/upfiles/images/product/Ib7q5MfPtpPtBr5M9tyEqiRCTZw7.jpg?q=90&f=webp&w=1024,10.0,1.0,27500.0,20500,VAT 포함,유앤아이의원(창동점),서울특별시 도봉구 마들로11길 51 (창동) 4층주소복사,,,VAT 포함,,,,인모드 시술시간 30~60분 마취여부 크림마취 회복시간 약 3일 시술효과 약 2주 후,,크림마취,수요일 10:00 ~ 20:30 / 목요일 10:00 ~ 20:30 / 금요일 10:00 ~ 20:30 / 토요일 10:00 ~ 16:00 / 일요일 10:00 ~ 16:00 / 월요일 10:00 ~ 20:30,050803543360
https://www.yeoshin.co.kr/event/mobile/26669,,,,착붙 인모드_인모드&윤곽주사,"#리프팅레이저
#얼굴지방개선
#타이트닝",https://d3gurpvil0se70.cloudfront.net/upfiles/images/product/tzBa4viPWBu0wIXqzKPDciYJtz15.jpg?q=90&f=webp&w=1024,,,77000.0,70000,VAT 포함,제이필의원(홍대점),크림마취,전문의 1명 여의사 진료 수술실 CCTV 분야별 협진 사후관리,,VAT 포함,,,,인모드 시술시간 30분 마취여부 마취없음 회복시간 3일 시술효과 2주 후,,크림마취 수면마취 비수면 무통마취,수요일 10:00 ~ 20:00 / 목요일 10:00 ~ 20:00 / 금요일 10:00 ~ 20:00 / 토요일 10:00 ~ 17:00 / 일요일 휴진 / 월요일 10:00 ~ 20:00,050803543270
https://www.yeoshin.co.kr/event/mobile/18357,,,,브리에 디자인 인모드,"#리프팅레이저
#얼굴지방개선
#타이트닝",https://d3gurpvil0se70.cloudfront.net/upfiles/images/product/QEeghijmWDwjRog9fvx6i3c1Jtk5.jpg?q=90&f=webp&w=1024,9.6,25.0,132000.0,125000,VAT 포함,브리에의원,크림마취,전문의 1명 영어 응대 중국어 응대 일본어 응대,인모드 FX #HVP기술 #지방개선 HVP 기술을 이용해 지방세포 자체를 줄여 얼굴 또는 바디 부위의 지방을 개선 #콜라겐재생 #윤곽라인 불필요한 지방은 줄이고 콜라겐을 재생시켜 숨겨진 윤곽라인 개선 #안전성 #리프팅레이저 미국 FDA 승인을 통과하여 안전성 높은 리프팅 레이저 권장주기 2~4주 / 3회 이상 시술,VAT 포함,지방분해와 리프팅 효과를 동시에 원하는 분 / 자연스러운 V라인을 원하는 분 / 이중턱이나 볼살 등 얼굴 지방 개선을 원하는 분 / 리프팅 시술이 하고싶지만 통증이 두려운 분,,,인모드 FX 시술시간 5~20분 마취여부 크림마취 회복시간 약 3일 시술효과 약 2주 후,,크림마취 국소마취,"수요일 휴진 / 목요일 10:00 ~ 20:00 (점심 13:00 ~ 14:00) / 금요일 10:00 ~ 20:00 (점심 13:00 ~ 14:00) / 토요일 10:00 ~ 15:30 / 일요일 휴진 / 월요일 10:00 ~ 20:00 (점심 13:00 ~ 14:00) / 수요일, 일요일 휴진 / 공휴일 일부 휴진",0508-0353-1587
https://www.yeoshin.co.kr/event/mobile/8081,,,,착붙 인모드_인모드&윤곽주사,"#리프팅레이저
#얼굴지방개선
#타이트닝",https://d3gurpvil0se70.cloudfront.net/upfiles/images/product/vvwHwhrnNlo5cMwpWOAXpn6SJ9i.jpg?q=90&f=webp&w=1024,8.5,23.0,77000.0,70000,VAT 포함,제이필의원(강남점),서울특별시 강남구 강남대로 438 (역삼동) 스타플렉스 B1주소복사,영어 응대 중국어 응대 일본어 응대,,VAT 포함,,,,인모드 시술시간 30분 마취여부 마취없음 회복시간 3일 시술효과 2주 후,,,수요일 10:00 ~ 20:00 / 목요일 10:00 ~ 20:00 / 금요일 10:00 ~ 20:00 / 토요일 10:00 ~ 17:00 / 일요일 휴진 / 월요일 10:00 ~ 20:00,0508-0353-4730
https://www.yeoshin.co.kr/event/mobile/27591,,,,1:1 대표원장 시술 인모드 FX 풀페이스,"#리프팅레이저
#얼굴지방개선
#타이트닝",https://d3gurpvil0se70.cloudfront.net/upfiles/images/product/H6o5QbuPdd7UGbpKIEYbYeRnFvI2.jpg?q=90&f=webp&w=1024,,,119900.0,112900,VAT 포함,리베리의원(마포점),크림마취,사후관리,인모드 FX #HVP기술 #지방개선 HVP 기술을 이용해 지방세포 자체를 줄여 얼굴 또는 바디 부위의 지방을 개선 #콜라겐재생 #윤곽라인 불필요한 지방은 줄이고 콜라겐을 재생시켜 숨겨진 윤곽라인 개선 #안전성 #리프팅레이저 미국 FDA 승인을 통과하여 안전성 높은 리프팅 레이저 권장주기 2~4주 / 3회 이상 시술,VAT 포함,비교적 간편한 리프팅을 원하는 분 / 이중턱이나 볼살 등 얼굴 지방 개선을 원하는 분 / 두툼한 이중턱이 고민인 분 / 작고 갸름한 얼굴 라인을 원하는 분,시술 특장점 얼굴의 윤곽라인 개선 불필요한 지방 감소와 콜라겐 재생으로 얼굴의 윤곽라인을 개선합니다. 지방세포 파괴 지방층에 2000V의 HVP에너지를 순간적으로 전달하여 지방세포를 파괴합니다.,"인모드 리프팅 시술은 어디에 받나요? 이중턱, 심부볼, 볼살 등 불필요한 지방을 개선하고 싶은 부위에 시술 받습니다. 인모드 FX 모드와 FORMA 모드의 차이는 무엇인가요? FX 모드는 지방 세포의 사멸을 유도해 이중턱, 심부볼 개선에 효과적이며, Forma 모드는 처진 피부를 리프팅하는 효과가 있습니다.",인모드 FX 시술시간 5~20분 마취여부 크림마취 회복시간 약 3일 시술효과 약 2주 후,"주의사항 1 얼굴에 붉은기와 열감을 동반한 홍조가 일시적으로 나타날 수 있습니다. 2 시술 후 시술 자국, 붓기, 멍은 3~4일 내에 자연스럽게 사라집니다. 3 시술 후에는 따뜻한 느낌의 지속을 위해 미온수로 세안을 권장합니다.",크림마취 국소마취,수요일 10:30 ~ 20:30 (점심 14:00 ~ 15:00) / 목요일 10:30 ~ 20:30 (점심 14:00 ~ 15:00) / 금요일 10:30 ~ 20:30 (점심 14:00 ~ 15:00) / 토요일 10:30 ~ 15:30 / 일요일 휴진 / 월요일 10:30 ~ 20:30 (점심 14:00 ~ 15:00),"서울특별시 마포구 월드컵로 200, 11층 1101,1102호(성산동, SJ라벨라 상암)"
https://www.yeoshin.co.kr/event/mobile/17505,,,,튠라이너 인모드로 지방파괴 V핏,"#리프팅레이저
#얼굴지방개선
#타이트닝",https://d3gurpvil0se70.cloudfront.net/upfiles/images/product/Z3nWhfjZGTqgbUAhfJ0mP7Yy2Sr7.jpg?q=90&f=webp&w=1024,9.1,7.0,165000.0,158000,VAT 포함,제이필의원(강남점),서울특별시 강남구 강남대로 438 (역삼동) 스타플렉스 B1주소복사,영어 응대 중국어 응대 일본어 응대,,VAT 포함,,,,인모드 시술시간 30~60분 마취여부 크림마취 회복시간 약 3일 시술효과 약 2주 후,,,수요일 10:00 ~ 20:00 / 목요일 10:00 ~ 20:00 / 금요일 10:00 ~ 20:00 / 토요일 10:00 ~ 17:00 / 일요일 휴진 / 월요일 10:00 ~ 20:00,0508-0353-4730
https://www.yeoshin.co.kr/event/mobile/25845,,,,[대표원장]인모드는 길게 롱모드 풀페이스,"#리프팅레이저
#얼굴지방개선
#타이트닝",https://d3gurpvil0se70.cloudfront.net/upfiles/images/product/GcUFYgMYJCfI2kSmYVHdfL2WWwN6.png?q=90&f=webp&w=1024,10.0,1.0,,213000,,베르미의원/한의원,서울특별시 강남구 영동대로 722 (청담동) 풍양빌딩 2층 (청담동) 주소복사,수술실 CCTV 분야별 협진 일본어 응대,"인모드 #HVP기술 #지방개선 HVP 기술을 이용해 지방세포 자체를 줄여 얼굴 또는 바디 부위의 지방을 개선 #타이트닝 #리프팅 지방분해, 리프팅, 콜라겐 리모델링, 타이트닝 등의 효과 기대 #안전성 #리프팅레이저 미국 FDA 승인을 통과하여 안전성 높은 리프팅 레이저 권장주기 2~4주 / 3회 이상 시술",,지방분해와 리프팅 효과를 동시에 원하는 분 / 자연스러운 V라인을 원하는 분 / 이중턱이나 볼살 등 얼굴 지방 개선을 원하는 분 / 리프팅 시술이 하고싶지만 통증이 두려운 분,"시술 특장점 이중턱, 볼살 등 지방 개선 지방층에 2000V의 HVP에너지를 순간적으로 전달해 지방 개선에 효과적입니다. 주름과 처진 피부를 개선 Multi-Polar 에너지가 콜라겐 생성을 도와 주름과 처진피부를 개선합니다. 콜라겐 재생과 타이트닝 효과 고주파에너지를 피부 근막층과 진피층에 집중적으로 전달시켜 콜라겐을 재생시킵니다.","시술시 부작용이 있나요? 시술 직후 미세한 부기나 열감, 멍 등이 있을 수 있습니다. 시술후에 어떤 것을 주의해야하나요? 해당 부위가 과한 열감이나 냉감에 노출되는 것을 피해주시고 수분크림을 자주 발라주세요.",인모드 시술시간 30~60분 마취여부 크림마취 회복시간 약 3일 시술효과 약 2주 후,"주의사항 1 시술 후 미세한 부기, 통증, 멍, 붉음증이 나타날 수 있습니다. 2 시술 후 시술 부위를 강하게 마사지하거나 누르지 말아주세요. 3 시술 후 열이 유지되도록 약 3일간 미온수로 세안하는 것을 권장합니다.",,수요일 10:00 ~ 19:00 (점심 13:00 ~ 14:00) / 목요일 10:00 ~ 19:00 (점심 13:00 ~ 14:00) / 금요일 10:00 ~ 20:00 (점심 13:00 ~ 14:00) / 토요일 10:00 ~ 16:00 / 일요일 휴진 / 월요일 10:00 ~ 19:00 (점심 13:00 ~ 14:00),0508-0353-7622
https://www.yeoshin.co.kr/event/mobile/26708,,,,튠라이너 인모드로 지방파괴 V핏,"#리프팅레이저
#얼굴지방개선
#타이트닝",https://d3gurpvil0se70.cloudfront.net/upfiles/images/product/AM4T2RqsrqSEgCs6iCg2kRcXSSr2.jpg?q=90&f=webp&w=1024,,,165000.0,158000,VAT 포함,제이필의원(홍대점),크림마취,전문의 1명 여의사 진료 수술실 CCTV 분야별 협진 사후관리,,VAT 포함,,,,인모드 시술시간 30~60분 마취여부 크림마취 회복시간 약 3일 시술효과 약 2주 후,,크림마취 수면마취 비수면 무통마취,수요일 10:00 ~ 20:00 / 목요일 10:00 ~ 20:00 / 금요일 10:00 ~ 20:00 / 토요일 10:00 ~ 17:00 / 일요일 휴진 / 월요일 10:00 ~ 20:00,050803543270
https://www.yeoshin.co.kr/event/mobile/25268,,,,더프라이드 인모드,"#리프팅레이저
#얼굴지방개선
#타이트닝",https://d3gurpvil0se70.cloudfront.net/upfiles/images/product/qLprTS9E3k6KAp7fPjr5UfO0YSW6.jpg?q=90&f=webp&w=1024,,,55000.0,48000,VAT 포함,더프라이드성형외과의원,수면마취,전문의 4명,,VAT 포함,,,,인모드 시술시간 30~60분 마취여부 크림마취 회복시간 약 3일 시술효과 약 2주 후,,수면마취 전신마취 국소마취,수요일 10:00 ~ 19:00 / 목요일 10:00 ~ 19:00 / 금요일 10:00 ~ 19:00 / 토요일 10:00 ~ 17:00 / 일요일 휴진 / 월요일 10:00 ~ 19:00,050803530154
https://www.yeoshin.co.kr/event/mobile/26695,,,,바디 인모드로 지방 제거하기,"#바디리프팅
#바디지방개선
#리프팅레이저",https://d3gurpvil0se70.cloudfront.net/upfiles/images/product/sw9mwtsUSsee5l7iFnT1TZv89W15.jpg?q=90&f=webp&w=1024,,,88000.0,81000,VAT 포함,제이필의원(홍대점),크림마취,전문의 1명 여의사 진료 수술실 CCTV 분야별 협진 사후관리,,VAT 포함,,,,바디인모드 시술시간 30분 마취여부 마취없음 회복시간 3일 시술효과 2주 후,,크림마취 수면마취 비수면 무통마취,수요일 10:00 ~ 20:00 / 목요일 10:00 ~ 20:00 / 금요일 10:00 ~ 20:00 / 토요일 10:00 ~ 17:00 / 일요일 휴진 / 월요일 10:00 ~ 20:00,050803543270
https://www.yeoshin.co.kr/event/mobile/27029,,,,이중턱 개선 에디션 인모드,"#리프팅레이저
#얼굴지방개선
#타이트닝",https://d3gurpvil0se70.cloudfront.net/upfiles/images/product/gLGbN86QWKNp3GekKFisqthqNwN9.jpg?q=90&f=webp&w=1024,9.0,2.0,75900.0,68900,VAT 포함,에디션성형외과,서울특별시 서초구 강남대로 407 (서초동) OPUS 407 빌딩 6층주소복사,전문의 1명,,VAT 포함,,,,인모드 시술시간 별도문의 마취여부 크림마취 회복시간 약 3일 시술효과 약 2주 후,,,수요일 10:00 ~ 19:00 / 목요일 10:00 ~ 19:00 / 금요일 10:00 ~ 19:00 / 토요일 10:00 ~ 17:00 / 일요일 휴진 / 월요일 10:00 ~ 19:00,0508-0353-9700
https://www.yeoshin.co.kr/event/mobile/19818,,,,플래티넘 인모드 리프팅,"#리프팅레이저
#얼굴지방개선
#타이트닝",https://d3gurpvil0se70.cloudfront.net/upfiles/images/product/3BKOUnYzPaSgCldxWJoWqZYHkti3.jpg?q=90&f=webp&w=1024,9.3,146.0,40000.0,33000,VAT 포함,플래티넘의원,"서울특별시 서초구 강남대로 589 (잠원동) 5층 (잠원동, 멀버리힐스 메디컬타워)주소복사",,,VAT 포함,,,,인모드 시술시간 5~15분 마취여부 마취없음 회복시간 약 3일 시술효과 약 2주 후,,크림마취 비수면 무통마취,"수요일 10:00 ~ 19:00 (점심 13:00 ~ 14:00) / 목요일 10:00 ~ 19:00 (점심 13:00 ~ 14:00) / 금요일 10:00 ~ 19:00 (점심 13:00 ~ 14:00) / 토요일 10:00 ~ 16:00 (점심 13:00 ~ 14:00) / 일요일 휴진 / 월요일 10:00 ~ 19:00 (점심 13:00 ~ 14:00) / 매주 수요일, 일요일 휴진입니다.",0508-0353-4211
https://www.yeoshin.co.kr/event/mobile/1519,,,,다이아 인모드 리프팅!,"#리프팅레이저
#얼굴지방개선
#타이트닝",https://d3gurpvil0se70.cloudfront.net/upfiles/images/product/RctCOxRVSh9TxeJuZMqb7ZM1onZ8.jpg?q=90&f=webp&w=1024,9.5,42.0,64900.0,57900,VAT 포함,다이아의원,크림마취,영어 응대 중국어 응대 일본어 응대,,VAT 포함,,,,인모드 시술시간 20분 마취여부 크림마취 회복시간 3일 시술효과 2주 후,,크림마취 국소마취,수요일 10:00 ~ 20:00 / 목요일 10:00 ~ 20:00 / 금요일 10:00 ~ 20:00 / 토요일 10:00 ~ 16:00 / 일요일 휴진 / 월요일 10:00 ~ 20:00,0508-0353-7788
https://www.yeoshin.co.kr/event/mobile/10300,,,,풀페이스 인모드 FX+FR,"#리프팅레이저
#얼굴지방개선
#타이트닝",https://d3gurpvil0se70.cloudfront.net/upfiles/images/product/zES7uIQy8OUvUcDwdEwsYMSOj6n.jpg?q=90&f=webp&w=1024,9.6,43.0,,312000,,우아성형외과의원,크림마취,전문의 7명 여의사 진료 마취과의 진료 수술실 CCTV 응급처치 시스템 분야별 협진 기본 입원실 전담회복실 사후관리 영어 응대 중국어 응대 일본어 응대,,,,,,인모드 시술시간 30분 마취여부 냉각마취 회복시간 3일 시술효과 2주 후,,크림마취 수면마취 전신마취 국소마취,수요일 10:00 ~ 19:00 / 목요일 10:00 ~ 19:00 / 금요일 10:00 ~ 20:30 / 토요일 10:00 ~ 17:00 / 일요일 휴진 / 월요일 10:00 ~ 20:30,0508-0353-5445
https://www.yeoshin.co.kr/event/mobile/4661,,,,이중턱 박살! V라인 인모드,"#리프팅레이저
#얼굴지방개선
#타이트닝",https://d3gurpvil0se70.cloudfront.net/upfiles/images/product/FtJ5YakNrQU680ggX3eB9o5w79G5.png?q=90&f=webp&w=1024,9.8,12.0,42900.0,35900,VAT 포함,리엔장의원(목동점),서울시 양천구 오목로 325 리엔장의원(목동점)주소복사,전문의 1명 중국어 응대,인모드 #리프팅레이저#얼굴지방개선#타이트닝 지방 파괴와 피부탄력 동시 개선 권장주기 2~4주 / 3회 이상 시술,VAT 포함,지방분해와 리프팅 효과를 동시에 원하는 분 / 자연스러운 V라인을 원하는 분 / 이중턱이나 볼살 등 얼굴 지방 개선을 원하는 분 / 리프팅 시술이 하고싶지만 통증이 두려운 분,,,인모드 시술시간 30~60분 마취여부 크림마취 회복시간 약 3일 시술효과 약 2주 후,,,수요일 10:00 ~ 20:00 (점심 13:00 ~ 14:00) / 목요일 10:00 ~ 20:00 (점심 13:00 ~ 14:00) / 금요일 10:00 ~ 20:00 (점심 13:00 ~ 14:00) / 토요일 09:00 ~ 16:00 / 일요일 휴진 / 월요일 10:00 ~ 20:00 (점심 13:00 ~ 14:00),0508-0353-1953
https://www.yeoshin.co.kr/event/mobile/16760,,,,인모드 리프팅,"#리프팅레이저
#얼굴지방개선
#타이트닝",https://d3gurpvil0se70.cloudfront.net/upfiles/images/product/2nDdjpyzREJC4csGuY2964TNTGo3.jpg?q=90&f=webp&w=1024,9.4,78.0,62700.0,55700,VAT 포함,유앤아이의원(대전점),,,,VAT 포함,,,,인모드 FX 시술시간 5~20분 마취여부 크림마취 회복시간 약 3일 시술효과 약 2주 후,,,수요일 10:30 ~ 20:30 / 목요일 10:30 ~ 20:30 / 금요일 10:30 ~ 20:30 / 토요일 10:30 ~ 17:00 / 일요일 휴진 / 월요일 10:30 ~ 20:30,0508-0354-1943
https://www.yeoshin.co.kr/event/mobile/6493,,,,풀페이스 인모드리프팅(forma+fx),"#리프팅레이저
#얼굴지방개선
#타이트닝",https://d3gurpvil0se70.cloudfront.net/upfiles/images/product/WKS5phYCX29ZYxZ8LdvpBH5C9rB2.jpg?q=90&f=webp&w=1024,9.5,2.0,110000.0,103000,VAT 포함,얼굴본성형외과의원,크림마취,전문의 1명 여의사 진료 수술실 CCTV 응급처치 시스템 사후관리,,VAT 포함,,,,인모드 시술시간 30~60분 마취여부 크림마취 회복시간 약 3일 시술효과 약 2주 후,,크림마취 수면마취 국소마취,수요일 10:00 ~ 18:00 / 목요일 10:00 ~ 18:00 / 금요일 10:00 ~ 18:00 / 토요일 10:00 ~ 16:00 / 일요일 휴진 / 월요일 10:00 ~ 18:00,0508-0353-2574
https://www.yeoshin.co.kr/event/mobile/23583,,,,인모드,"#리프팅레이저
#얼굴지방개선
#타이트닝",https://d3gurpvil0se70.cloudfront.net/upfiles/images/product/btwXZbtYzEtq1Ocvzg2u6oSElnD5.jpg?q=90&f=webp&w=1024,,,66000.0,59000,VAT 포함,닥터스팟여성의원,크림마취,전문의 1명 여의사 진료 수술실 CCTV 기본 입원실 전담회복실 사후관리 피부진단기 F-RAY 촬영 >,"인모드 #HVP기술 #지방개선 HVP 기술을 이용해 지방세포 자체를 줄여 얼굴 또는 바디 부위의 지방을 개선 #타이트닝 #리프팅 지방분해, 리프팅, 콜라겐 리모델링, 타이트닝 등의 효과 기대 #안전성 #리프팅레이저 미국 FDA 승인을 통과하여 안전성 높은 리프팅 레이저 권장주기 2~4주 / 3회 이상 시술",VAT 포함,지방분해와 리프팅 효과를 동시에 원하는 분 / 자연스러운 V라인을 원하는 분 / 이중턱이나 볼살 등 얼굴 지방 개선을 원하는 분 / 리프팅 시술이 하고싶지만 통증이 두려운 분,,,인모드 시술시간 30~60분 마취여부 크림마취 회복시간 약 3일 시술효과 약 2주 후,,크림마취 수면마취 국소마취,수요일 10:00 ~ 19:00 (점심 13:00 ~ 14:00) / 목요일 10:00 ~ 19:00 (점심 13:00 ~ 14:00) / 금요일 10:00 ~ 20:00 (점심 13:00 ~ 14:00) / 토요일 09:30 ~ 15:30 (점심 13:00 ~ 14:00) / 일요일 휴진 / 월요일 10:00 ~ 19:00 (점심 13:00 ~ 14:00),0508-0353-0338
https://www.yeoshin.co.kr/event/mobile/5871,,,,명동루비_인모드,"#리프팅레이저
#얼굴지방개선
#타이트닝",https://d3gurpvil0se70.cloudfront.net/upfiles/images/product/2301076929.jpg?q=90&f=webp&w=1024,9.0,642.0,50000.0,43000,VAT 포함,루비의원(명동점),,,,VAT 포함,,,,인모드 시술시간 30분 마취여부 냉각마취 회복시간 3일 시술효과 2주 후,,,수요일 10:30 ~ 20:30 (점심 13:30 ~ 15:00) / 목요일 10:30 ~ 20:30 (점심 13:30 ~ 15:00) / 금요일 10:30 ~ 20:30 (점심 13:30 ~ 15:00) / 토요일 10:00 ~ 16:00 / 일요일 12:00 ~ 17:00 / 월요일 10:30 ~ 20:30 (점심 13:30 ~ 15:00),0508-0353-8508
https://www.yeoshin.co.kr/event/mobile/18566,,,,홍대 페이스&바디 디자인 인모드,"#리프팅레이저
#얼굴지방개선
#타이트닝",https://d3gurpvil0se70.cloudfront.net/upfiles/images/product/o2VKbRnwgSa912KAvmM0NKXjRuK4.jpg?q=90&f=webp&w=1024,9.1,17.0,108900.0,101900,VAT 포함,포레나의원,크림마취,여의사 진료 영어 응대 중국어 응대 일본어 응대,,VAT 포함,,,,인모드 시술시간 30~60분 마취여부 마취없음 회복시간 약 3일 시술효과 약 2주 후,,크림마취,수요일 10:00 ~ 20:30 / 목요일 10:00 ~ 20:30 / 금요일 10:00 ~ 20:30 / 토요일 10:00 ~ 17:00 / 일요일 10:00 ~ 17:00 / 월요일 10:00 ~ 20:30 / 공휴일 10:00-17:00,0508-0353-2218
https://www.yeoshin.co.kr/event/mobile/23625,,,,인모드(포마 or 픽스),"#리프팅레이저
#얼굴지방개선
#타이트닝",https://d3gurpvil0se70.cloudfront.net/upfiles/images/product/K9AFYGYSQvrKSSHxKnzkYrXN3fBA.jpg?q=90&f=webp&w=1024,9.0,1.0,44000.0,37000,VAT 포함,샤인유의원(수원점),,,"인모드 #HVP기술 #지방개선 HVP 기술을 이용해 지방세포 자체를 줄여 얼굴 또는 바디 부위의 지방을 개선 #타이트닝 #리프팅 지방분해, 리프팅, 콜라겐 리모델링, 타이트닝 등의 효과 기대 #안전성 #리프팅레이저 미국 FDA 승인을 통과하여 안전성 높은 리프팅 레이저",VAT 포함,지방분해와 리프팅 효과를 동시에 원하는 분 / 자연스러운 V라인을 원하는 분 / 이중턱이나 볼살 등 얼굴 지방 개선을 원하는 분 / 리프팅 시술이 하고싶지만 통증이 두려운 분,"시술 특장점 이중턱, 볼살 등 지방 개선 지방층에 2000V의 HVP에너지를 순간적으로 전달해 지방 개선에 효과적입니다. 주름과 처진 피부를 개선 Multi-Polar 에너지가 콜라겐 생성을 도와 주름과 처진피부를 개선합니다. 콜라겐 재생과 타이트닝 효과 고주파에너지를 피부 근막층과 진피층에 집중적으로 전달시켜 콜라겐을 재생시킵니다.","시술시 부작용이 있나요? 시술 직후 미세한 부기나 열감, 멍 등이 있을 수 있습니다. 시술후에 어떤 것을 주의해야하나요? 해당 부위가 과한 열감이나 냉감에 노출되는 것을 피해주시고 수분크림을 자주 발라주세요.",인모드 시술시간 30~60분 마취여부 크림마취 회복시간 약 3일 시술효과 약 2주 후,"주의사항 1 시술 후 미세한 부기, 통증, 멍, 붉음증이 나타날 수 있습니다. 2 시술 후 시술 부위를 강하게 마사지하거나 누르지 말아주세요. 3 시술 후 열이 유지되도록 약 3일간 미온수로 세안하는 것을 권장합니다.",,수요일 10:30 ~ 20:30 (점심 14:00 ~ 15:00) / 목요일 10:30 ~ 20:30 (점심 14:00 ~ 15:00) / 금요일 10:30 ~ 20:30 (점심 14:00 ~ 15:00) / 토요일 10:00 ~ 16:00 / 일요일 휴진 / 월요일 10:30 ~ 20:30 (점심 14:00 ~ 15:00),0508-0354-0678
https://www.yeoshin.co.kr/event/mobile/20594,,,,피온 시그니처 인모드 20분 보장,"#리프팅레이저
#얼굴지방개선
#타이트닝",https://d3gurpvil0se70.cloudfront.net/upfiles/images/product/Yr0XljKg8qgcPBvubXZZFbRjNgv.jpg?q=90&f=webp&w=1024,9.8,104.0,119900.0,112900,VAT 포함,나은내일한의원,크림마취,사후관리,,VAT 포함,,,,인모드 시술시간 30~60분 마취여부 마취없음 회복시간 약 3일 시술효과 약 2주 후,,크림마취,수요일 09:30 ~ 20:00 (점심 13:00 ~ 14:00) / 목요일 09:30 ~ 20:00 (점심 13:00 ~ 14:00) / 금요일 09:30 ~ 20:00 (점심 13:00 ~ 14:00) / 토요일 휴진 / 일요일 휴진 / 월요일 09:30 ~ 20:00 (점심 13:00 ~ 14:00),0508-0353-0839
https://www.yeoshin.co.kr/event/mobile/17287,,,,블리비 인모드 FX FORMA,"#리프팅레이저
#얼굴지방개선
#타이트닝",https://d3gurpvil0se70.cloudfront.net/upfiles/images/product/Jwp93cYiKaiFkgzv1Cnk25LOS8r5.jpg?q=90&f=webp&w=1024,9.0,102.0,24200.0,17200,VAT 포함,블리비의원(영등포점),,,"인모드 #HVP기술 #지방개선 HVP 기술을 이용해 지방세포 자체를 줄여 얼굴 또는 바디 부위의 지방을 개선 #타이트닝 #리프팅 지방분해, 리프팅, 콜라겐 리모델링, 타이트닝 등의 효과 기대 #안전성 #리프팅레이저 미국 FDA 승인을 통과하여 안전성 높은 리프팅 레이저 권장주기 2~4주 / 3회 이상 시술",VAT 포함,지방분해와 리프팅 효과를 동시에 원하는 분 / 자연스러운 V라인을 원하는 분 / 이중턱이나 볼살 등 얼굴 지방 개선을 원하는 분 / 리프팅 시술이 하고싶지만 통증이 두려운 분,,,인모드 시술시간 30~60분 마취여부 마취없음 회복시간 약 3일 시술효과 약 2주 후,,,수요일 10:30 ~ 20:30 (점심 14:00 ~ 15:00) / 목요일 10:30 ~ 20:30 (점심 14:00 ~ 15:00) / 금요일 10:30 ~ 20:30 (점심 14:00 ~ 15:00) / 토요일 10:00 ~ 17:00 / 일요일 휴진 / 월요일 10:30 ~ 20:30 (점심 14:00 ~ 15:00) / 토요일 점심시간 없이 진료 일요일 / 공휴일 휴무,0508-0354-2924
https://www.yeoshin.co.kr/event/mobile/9269,,,,"미케이 인모드 포마_얼굴탄력, 브이라인","#리프팅레이저
#얼굴지방개선
#타이트닝",https://d3gurpvil0se70.cloudfront.net/upfiles/images/product/RFP9bCAbZjvugh35eYASKXRI4zd3.jpg?q=90&f=webp&w=1024,8.8,42.0,84700.0,77700,VAT 포함,미케이의원,크림마취,전문의 1명 분야별 협진 일본어 응대,,VAT 포함,,,,인모드 시술시간 30~60분 마취여부 크림마취 회복시간 3일 시술효과 2주 후,,크림마취 국소마취,수요일 10:00 ~ 19:00 / 목요일 10:00 ~ 19:00 / 금요일 10:00 ~ 19:00 / 토요일 10:00 ~ 17:00 / 일요일 10:00 ~ 17:00 / 월요일 10:00 ~ 19:00,0508-0353-1137
https://www.yeoshin.co.kr/event/mobile/7227,,,,NEW 인모드리프팅,"#리프팅레이저
#얼굴지방개선
#타이트닝",https://d3gurpvil0se70.cloudfront.net/upfiles/images/product/342950596.jpg?q=90&f=webp&w=1024,10.0,7.0,165000.0,158000,VAT 포함,넬의원,,,"인모드 #인모드 인모드는 HVP기술을 이용하여 지방세포자체를 줄이는 시술로 얼굴과 바디의 불필요한 지방을 줄임과 동시에 콜라겐 타이트닝을 이루어지게하여 지방분해, 리프팅, 콜라겐 리모델링, 타이트닝 효과가 있습니다. 또한 미국 FDA 승인을 통과한 장비로 안전성이 높은 편입니다. 권장주기 2~4주 / 3회 이상 시술",VAT 포함,지방분해와 리프팅 효과를 동시에 원하는 분 / 자연스러운 V라인을 원하는 분 / 이중턱이나 볼살 등 얼굴 지방 개선을 원하는 분 / 리프팅 시술이 하고싶지만 통증이 두려운 분,,"시술 주기가 어떻게 되나요? 일반적으로 2~4주 간격으로 시술 권유드리지만, 개인차에 따른 주기는 변동될수 있습니다. 통증은 어떤가요? 뜨거운 느낌이 들 수 있지만 개인차이가 있으며 온도조절이 가능하여 걱정하지 않으셔도 되는 부분입니다.",인모드 시술시간 15분 마취여부 냉각마취 회복시간 3일 시술효과 2주 후,"주의사항 1 붉은기, 통증, 엠보싱이 나타날 수 있습니다. 2 일주일간 필링, 스크럽 등 자극적인 행동은 삼가주세요. 3 시술 후 3일간은 미온수로 세안을 권장합니다.",,수요일 10:00 ~ 19:00 (점심 13:00 ~ 14:00) / 목요일 10:00 ~ 19:00 (점심 13:00 ~ 14:00) / 금요일 10:00 ~ 21:00 (점심 13:00 ~ 14:00) / 토요일 10:00 ~ 15:00 / 일요일 휴진 / 월요일 10:00 ~ 19:00 (점심 13:00 ~ 14:00),0508-0354-2100
https://www.yeoshin.co.kr/event/mobile/26026,,,,슈링크 유니버스 300샷 / 인모드 슈모드,"#리프팅레이저
#타이트닝",https://d3gurpvil0se70.cloudfront.net/upfiles/images/product/JQYs0Q54LpIZ9yKQRU4naHcvQ7z.png?q=90&f=webp&w=1024,9.7,3.0,75900.0,68900,VAT 포함,강남초이스병원,크림마취,수술실 CCTV 응급처치 시스템 분야별 협진 기본 입원실 전담회복실 사후관리 피부진단기 F-RAY 촬영 >,슈링크유니버스 #초음파리프팅 #콜라겐재생 강한 초음파 에너지를 피부에 전달하여 콜라겐을 재생시키고 탄력을 개선하는 리프팅 #2세대슈링크 #빠른시술 #적은통증 기존 대비 2.5배 빨라진 조사 속도로 통증이 줄어든 슈링크 업그레이드 버전 #다양한부위 #세밀한리프팅 다양한 핸드피스로 굴곡진 면이나 눈가 등 세밀한 부분까지 꼼꼼한 리프팅이 가능 권장주기 1~3개월 / 3회 이상 시술,VAT 포함,피부의 전체적인 탄력 개선을 원하는 분 / 두툼한 이중턱이 고민인 분 / 비수술적인 방법으로 V라인을 원하는 분 / 얼굴살로 인해 얼굴이 커 보이는 분,,,슈링크유니버스 시술시간 30~40분 마취여부 크림마취 회복시간 약 3일 시술효과 1~2개월,,크림마취 수면마취 국소마취,수요일 10:00 ~ 20:00 / 목요일 휴진 / 금요일 10:00 ~ 20:00 / 토요일 10:00 ~ 15:00 / 일요일 휴진 / 월요일 10:00 ~ 20:00,050803531552
https://www.yeoshin.co.kr/event/mobile/26025,,,,"인모드 리프팅 지방 감소, 탄력","#리프팅레이저
#얼굴지방개선
#타이트닝",https://d3gurpvil0se70.cloudfront.net/upfiles/images/product/5HFAP7pfg3hGwSdJYxMl5m0dkZG2.png?q=90&f=webp&w=1024,10.0,3.0,42900.0,35900,VAT 포함,강남초이스병원,크림마취,수술실 CCTV 응급처치 시스템 분야별 협진 기본 입원실 전담회복실 사후관리 피부진단기 F-RAY 촬영 >,"인모드 #HVP기술 #지방개선 HVP 기술을 이용해 지방세포 자체를 줄여 얼굴 또는 바디 부위의 지방을 개선 #타이트닝 #리프팅 지방분해, 리프팅, 콜라겐 리모델링, 타이트닝 등의 효과 기대 #안전성 #리프팅레이저 미국 FDA 승인을 통과하여 안전성 높은 리프팅 레이저 권장주기 2~4주 / 3회 이상 시술",VAT 포함,지방분해와 리프팅 효과를 동시에 원하는 분 / 자연스러운 V라인을 원하는 분 / 이중턱이나 볼살 등 얼굴 지방 개선을 원하는 분 / 리프팅 시술이 하고싶지만 통증이 두려운 분,,,인모드 시술시간 30~60분 마취여부 크림마취 회복시간 약 3일 시술효과 약 2주 후,,크림마취 수면마취 국소마취,수요일 10:00 ~ 20:00 / 목요일 휴진 / 금요일 10:00 ~ 20:00 / 토요일 10:00 ~ 15:00 / 일요일 휴진 / 월요일 10:00 ~ 20:00,050803531552
https://www.yeoshin.co.kr/event/mobile/26159,,,,(원장상담후 시술)이중턱 인모드 1부위,"#리프팅레이저
#얼굴지방개선
#타이트닝",https://d3gurpvil0se70.cloudfront.net/upfiles/images/product/CH7EFa0pyGlRRPMM9DIIDV8autB2.jpg?q=90&f=webp&w=1024,,,53900.0,46900,VAT 포함,오운의원(삼성점),,,"인모드 #HVP기술 #지방개선 HVP 기술을 이용해 지방세포 자체를 줄여 얼굴 또는 바디 부위의 지방을 개선 #타이트닝 #리프팅 지방분해, 리프팅, 콜라겐 리모델링, 타이트닝 등의 효과 기대 #안전성 #리프팅레이저 미국 FDA 승인을 통과하여 안전성 높은 리프팅 레이저 권장주기 2~4주 / 3회 이상 시술",VAT 포함,지방분해와 리프팅 효과를 동시에 원하는 분 / 자연스러운 V라인을 원하는 분 / 이중턱이나 볼살 등 얼굴 지방 개선을 원하는 분 / 리프팅 시술이 하고싶지만 통증이 두려운 분,,,인모드 시술시간 30~60분 마취여부 크림마취 회복시간 약 3일 시술효과 약 2주 후,,,수요일 10:30 ~ 20:30 / 목요일 10:30 ~ 20:30 / 금요일 10:30 ~ 20:30 / 토요일 10:30 ~ 16:30 / 일요일 10:30 ~ 16:30 / 월요일 10:30 ~ 20:30 / 접수마감 (평일 19:30/ 주말 15:30),050803531550
https://www.yeoshin.co.kr/event/mobile/27534,,,,인모드,"#리프팅레이저
#얼굴지방개선
#타이트닝",https://d3gurpvil0se70.cloudfront.net/upfiles/images/product/AfBDri1c8H7BLbwXeWSJonZDZKM4.png?q=90&f=webp&w=1024,,,128700.0,121700,VAT 포함,모리프한의원,크림마취,여의사 진료,"인모드 #HVP기술 #지방개선 HVP 기술을 이용해 지방세포 자체를 줄여 얼굴 또는 바디 부위의 지방을 개선 #타이트닝 #리프팅 지방분해, 리프팅, 콜라겐 리모델링, 타이트닝 등의 효과 기대 #안전성 #리프팅레이저 미국 FDA 승인을 통과하여 안전성 높은 리프팅 레이저 권장주기 2~4주 / 3회 이상 시술",VAT 포함,지방분해와 리프팅 효과를 동시에 원하는 분 / 자연스러운 V라인을 원하는 분 / 이중턱이나 볼살 등 얼굴 지방 개선을 원하는 분 / 리프팅 시술이 하고싶지만 통증이 두려운 분,,,인모드 시술시간 30~60분 마취여부 크림마취 회복시간 약 3일 시술효과 약 2주 후,,크림마취,수요일 08:00 ~ 21:00 (점심 13:00 ~ 14:00) / 목요일 08:00 ~ 21:00 (점심 13:00 ~ 14:00) / 금요일 08:00 ~ 21:00 (점심 13:00 ~ 14:00) / 토요일 08:00 ~ 18:00 (점심 13:00 ~ 14:00) / 일요일 08:00 ~ 18:00 (점심 13:00 ~ 14:00) / 월요일 08:00 ~ 21:00 (점심 13:00 ~ 14:00),050803543438
https://www.yeoshin.co.kr/event/mobile/25256,,,,[고주파 주입시간 확인] 인모드 리프팅,"#리프팅레이저
#얼굴지방개선
#타이트닝",https://d3gurpvil0se70.cloudfront.net/upfiles/images/product/CbZkkexvGoHPyNUBz49EdPuFmAlA.png?q=90&f=webp&w=1024,9.7,18.0,53900.0,46900,VAT 포함,끗한의원(수원),경기도 수원시 팔달구 효원로 278 (인계동) 4층(메가박스 건물)주소복사,여의사 진료,"인모드 #고주파 주입 시간 #차이가 2배나? 타이머로 시간 측정이 아닌 실제 고주파 주입 시간을 기준으로 측정, 타이머보다 고주파 주입 시간이 2배 이상 차이 #투명하게 #시술 진행 시술 종료 후 고객에게 실제 고주파 주입 시간을 직접 확인시켜드립니다. #한 번 시술도 #제대로 정직한 시술과 숙련된 기술로 쌓아온 고객의 신뢰 한 끗 차이의 세심함을 끗 한의원에서 권장주기 2~4주 / 3회 이상 시술",VAT 포함,지방분해와 리프팅 효과를 동시에 원하는 분 / 자연스러운 V라인을 원하는 분 / 이중턱이나 볼살 등 얼굴 지방 개선을 원하는 분 / 리프팅 시술이 하고싶지만 통증이 두려운 분,,,인모드 시술시간 30~60분 마취여부 크림마취 회복시간 약 3일 시술효과 약 2주 후,,,수요일 10:30 ~ 20:30 / 목요일 10:30 ~ 20:30 / 금요일 10:30 ~ 20:30 / 토요일 10:00 ~ 16:00 / 일요일 10:00 ~ 16:00 / 월요일 10:30 ~ 20:30,050803531328
https://www.yeoshin.co.kr/event/mobile/6836,,,,동탄역 인모드 리프팅,"#피부과 전문의
#리프팅레이저
#얼굴지방개선",https://d3gurpvil0se70.cloudfront.net/upfiles/images/product/2968006318.jpg?q=90&f=webp&w=1024,9.8,5.0,132000.0,125000,VAT 포함,동탄오라클피부과의원,경기도 화성시 동탄역로 150 동탄오라클피부과의원주소복사,전문의 3명,"인모드 #이중턱개선 #피부탄력 #얼굴윤곽개선 인모드는 HVP기술을 이용하여 지방세포자체를 줄이는 시술로 얼굴과 바디의 불필요한 지방을 줄임과 동시에 콜라겐 타이트닝을 이루어지게하여 지방분해, 리프팅, 콜라겐 리모델링, 타이트닝 효과가 있습니다. 또한 미국 FDA 승인을 통과한 장비로 안전성이 높은 편입니다. 권장주기 2~4주 / 3회 이상 시술",VAT 포함,실제보다 나이들어 보여 고민인 분 / 탄탄한 피부와 갸름한 얼굴라인을 원하는 분 / 지방분해와 리프팅 효과를 동시에 원하는 분 / 이중턱이나 볼살 등 얼굴 지방 개선을 원하는 분,,"다운타임이 있나요? 시술직후 멍,붓기 있을수 있습니다.3-5일 경과후 회복 됩니다. 효과 유지기간은 어떻게 되나요? 개인차가 있으나 한달간격 3회 시술시 유지기간 6개월~1년 정도 예상 하시면 됩니다.",인모드 시술시간 15분 마취여부 마취없음 회복시간 3일 시술효과 2주 후,"주의사항 1 시술 부위를 강하게 마사지하거나 누르지 말아주세요 2 시술 후, 3~4일간 과격한 운동은 자제해주세요 3 일주일동안 고온다습한 사우나, 찜질방 등은 피해주세요.",,수요일 10:00 ~ 19:00 (점심 13:00 ~ 14:00) / 목요일 10:00 ~ 19:00 (점심 13:00 ~ 14:00) / 금요일 10:00 ~ 19:00 (점심 13:00 ~ 14:00) / 토요일 10:00 ~ 14:00 / 일요일 휴진 / 월요일 10:00 ~ 19:00 (점심 13:00 ~ 14:00),0508-0353-9999
https://www.yeoshin.co.kr/event/mobile/17247,,,,V라인 인모드 리프팅,"#리프팅레이저
#얼굴지방개선
#타이트닝",https://d3gurpvil0se70.cloudfront.net/upfiles/images/product/cnWdcWExrRv1Rd2eiy12B8jYekT1.jpg?q=90&f=webp&w=1024,9.0,7.0,,246000,,유앤아이의원(평택점),,,,,,,,인모드 시술시간 30~60분 마취여부 크림마취 회복시간 3일 시술효과 2주 후,,,수요일 10:00 ~ 20:30 (점심 13:00 ~ 14:00) / 목요일 10:00 ~ 20:30 (점심 13:00 ~ 14:00) / 금요일 10:00 ~ 20:30 (점심 13:00 ~ 14:00) / 토요일 10:00 ~ 16:00 / 일요일 휴진 / 월요일 10:00 ~ 20:30 (점심 13:00 ~ 14:00),0508-0354-0339
https://www.yeoshin.co.kr/event/mobile/23065,,,,인모드두가지모드 얼굴전체,"#리프팅레이저
#얼굴지방개선
#타이트닝",https://d3gurpvil0se70.cloudfront.net/upfiles/images/product/YHr7h6FbwDKLmvvgACb3AoUOl5vA.jpg?q=90&f=webp&w=1024,9.8,4.0,220000.0,213000,VAT 포함,워너비의원,크림마취,여의사 진료 마취과의 진료 수술실 CCTV 응급처치 시스템 분야별 협진 기본 입원실 전담회복실 사후관리,"인모드 #HVP기술 #지방개선 HVP 기술을 이용해 지방세포 자체를 줄여 얼굴 또는 바디 부위의 지방을 개선 #타이트닝 #리프팅 지방분해, 리프팅, 콜라겐 리모델링, 타이트닝 등의 효과 기대 #안전성 #리프팅레이저 미국 FDA 승인을 통과하여 안전성 높은 리프팅 레이저 권장주기 2~4주 / 3회 이상 시술",VAT 포함,지방분해와 리프팅 효과를 동시에 원하는 분 / 자연스러운 V라인을 원하는 분 / 이중턱이나 볼살 등 얼굴 지방 개선을 원하는 분 / 리프팅 시술이 하고싶지만 통증이 두려운 분,"시술 특장점 이중턱, 볼살 등 지방 개선 지방층에 2000V의 HVP에너지를 순간적으로 전달해 지방 개선에 효과적입니다. 주름과 처진 피부를 개선 Multi-Polar 에너지가 콜라겐 생성을 도와 주름과 처진피부를 개선합니다. 콜라겐 재생과 타이트닝 효과 고주파에너지를 피부 근막층과 진피층에 집중적으로 전달시켜 콜라겐을 재생시킵니다.","시술시 부작용이 있나요? 시술 직후 미세한 부기나 열감, 멍 등이 있을 수 있습니다. 시술후에 어떤 것을 주의해야하나요? 해당 부위가 과한 열감이나 냉감에 노출되는 것을 피해주시고 수분크림을 자주 발라주세요.",인모드 시술시간 30~60분 마취여부 크림마취 회복시간 약 3일 시술효과 약 2주 후,"주의사항 1 시술 후 미세한 부기, 통증, 멍, 붉음증이 나타날 수 있습니다. 2 시술 후 시술 부위를 강하게 마사지하거나 누르지 말아주세요. 3 시술 후 열이 유지되도록 약 3일간 미온수로 세안하는 것을 권장합니다.",크림마취 수면마취,수요일 10:00 ~ 19:00 (점심 13:00 ~ 14:00) / 목요일 10:00 ~ 19:00 (점심 13:00 ~ 14:00) / 금요일 10:00 ~ 21:00 (점심 13:00 ~ 14:00) / 토요일 10:00 ~ 16:00 / 일요일 10:00 ~ 19:00 / 월요일 10:00 ~ 19:00 (점심 13:00 ~ 14:00),0508-0353-1028
https://www.yeoshin.co.kr/event/mobile/1879,,,,얼굴인모드,"#리프팅레이저
#얼굴지방개선
#타이트닝",https://d3gurpvil0se70.cloudfront.net/upfiles/images/product/4016373650.jpg?q=90&f=webp&w=1024,,,99000.0,92000,VAT 포함,수앤모성형외과의원,크림마취,전문의 1명,"인모드 인모드는 HVP기술을 이용하여 지방세포자체를 줄이는 시술로 얼굴과 바디의 불필요한 지방을 줄임과 동시에 콜라겐 타이트닝을 이루어지게하여 지방분해, 리프팅, 콜라겐 리모델링, 타이트닝 효과가 있습니다. 또한 미국 FDA 승인을 통과한 장비로 안전성이 높은 편입니다. 권장주기 2~4주 / 3회 이상 시술",VAT 포함,이중턱이나 볼살 등 얼굴 지방 개선을 원하는 분 / 늘어지고 처진 피부의 리프팅을 원하는 분 / 꼼꼼한 리프팅을 원하는 분,,,인모드 시술시간 30분 마취여부 냉각마취 회복시간 3일 시술효과 2주 후,,크림마취 수면마취 비수면 무통마취 국소마취,수요일 10:00 ~ 19:00 (점심 13:00 ~ 14:00) / 목요일 10:00 ~ 19:00 (점심 13:00 ~ 14:00) / 금요일 10:00 ~ 21:00 (점심 13:00 ~ 14:00) / 토요일 10:00 ~ 16:00 (점심 13:00 ~ 14:00) / 일요일 휴진 / 월요일 10:00 ~ 19:00 (점심 13:00 ~ 14:00),0508-0353-7838
https://www.yeoshin.co.kr/event/mobile/14763,,,,인모드,"#리프팅레이저
#얼굴지방개선
#타이트닝",https://d3gurpvil0se70.cloudfront.net/upfiles/images/product/1953150366.jpg?q=90&f=webp&w=1024,9.0,4.0,82500.0,75500,VAT 포함,더청담의원,서울특별시 마포구 서강로 106 (신수동) 2층 더청담의원주소복사,,"인모드 #이중턱 #V라인 인모드는 HVP기술을 이용하여 지방세포자체를 줄이는 시술로 얼굴과 바디의 불필요한 지방을 줄임과 동시에 콜라겐 타이트닝을 이루어지게하여 지방분해, 리프팅, 콜라겐 리모델링, 타이트닝 효과가 있습니다. 또한 미국 FDA 승인을 통과한 장비로 안전성이 높은 편입니다. 권장주기 2~4주 / 3회 이상 시술",VAT 포함,탄탄한 피부와 갸름한 얼굴라인을 원하는 분 / 늘어지고 처진 피부의 리프팅을 원하는 분 / 이중턱이나 볼살 등 얼굴 지방 개선을 원하는 분,,"시술시 부작용이 있나요? 시술 직후 미세한 부기나 열감, 멍 등이 있을 수 있습니다. 시술후에 어떤 것을 주의해야하나요? 해당 부위가 과한 열감이나 냉감에 노출되는 것을 피해주시고 수분크림을 자주 발라주세요.",인모드 시술시간 30분 마취여부 마취없음 회복시간 3일 시술효과 1~2주 후,"주의사항 1 시술 후, 음주 및 흡연을 자제해주세요. 2 시술 부위를 강하게 마사지하거나 누르지 말아주세요. 3 3~4일간 과격하고 무리한 운동은 자제해주세요.",크림마취,수요일 09:00 ~ 19:00 / 목요일 09:00 ~ 19:00 / 금요일 09:00 ~ 19:00 / 토요일 09:00 ~ 15:00 / 일요일 휴진 / 월요일 09:00 ~ 19:00,0508-0354-0492
https://www.yeoshin.co.kr/event/mobile/16381,,,,인모드,"#리프팅레이저
#얼굴지방개선
#타이트닝",https://d3gurpvil0se70.cloudfront.net/upfiles/images/product/TMXNJzvIjW0cCwRZ21J3kWezNsG7.jpg?q=90&f=webp&w=1024,9.7,3.0,77000.0,70000,VAT 포함,늘샤인의원,,,인모드 FX #HVP기술 #지방개선 HVP 기술을 이용해 지방세포 자체를 줄여 얼굴 또는 바디 부위의 지방을 개선 #콜라겐재생 #윤곽라인 불필요한 지방은 줄이고 콜라겐을 재생시켜 숨겨진 윤곽라인 개선 #안전성 #리프팅레이저 미국 FDA 승인을 통과하여 안전성 높은 리프팅 레이저 권장주기 2~4주 / 3회 이상 시술,VAT 포함,비교적 간편한 리프팅을 원하는 분 / 이중턱이나 볼살 등 얼굴 지방 개선을 원하는 분 / 두툼한 이중턱이 고민인 분 / 작고 갸름한 얼굴 라인을 원하는 분,시술 특장점 얼굴의 윤곽라인 개선 불필요한 지방 감소와 콜라겐 재생으로 얼굴의 윤곽라인을 개선합니다. 지방세포 파괴 지방층에 2000V의 HVP에너지를 순간적으로 전달하여 지방세포를 파괴합니다.,"인모드 리프팅 시술은 어디에 받나요? 이중턱, 심부볼, 볼살 등 불필요한 지방을 개선하고 싶은 부위에 시술 받습니다. 인모드 FX 모드와 FORMA 모드의 차이는 무엇인가요? FX 모드는 지방 세포의 사멸을 유도해 이중턱, 심부볼 개선에 효과적이며, Forma 모드는 처진 피부를 리프팅하는 효과가 있습니다.",인모드 FX 시술시간 5~20분 마취여부 크림마취 회복시간 3일 시술효과 2주 후,"주의사항 1 얼굴에 붉은기와 열감을 동반한 홍조가 일시적으로 나타날 수 있습니다. 2 시술 후 시술 자국, 붓기, 멍은 3~4일 내에 자연스럽게 사라집니다. 3 시술 후에는 따뜻한 느낌의 지속을 위해 미온수로 세안을 권장합니다.",,수요일 10:00 ~ 19:30 (점심 13:00 ~ 14:00) / 목요일 10:00 ~ 19:30 (점심 13:00 ~ 14:00) / 금요일 10:00 ~ 20:30 (점심 13:00 ~ 14:00) / 토요일 10:00 ~ 15:30 / 일요일 휴진 / 월요일 10:00 ~ 19:30 (점심 13:00 ~ 14:00),0508-0354-1028
https://www.yeoshin.co.kr/event/mobile/17280,,,,인모드 리프팅,"#리프팅레이저
#얼굴지방개선
#타이트닝",https://d3gurpvil0se70.cloudfront.net/upfiles/images/product/yaykw5JILOwxZkaoo0xq6cYBzbK7.jpg?q=90&f=webp&w=1024,,,165000.0,158000,VAT 포함,은하여성의원,"경기도 군포시 고산로 248 (당동) 은하프라자, 2층주소복사",전문의 4명,"인모드 #HVP기술 #지방개선 HVP 기술을 이용해 지방세포 자체를 줄여 얼굴 또는 바디 부위의 지방을 개선 #타이트닝 #리프팅 지방분해, 리프팅, 콜라겐 리모델링, 타이트닝 등의 효과 기대 #안전성 #리프팅레이저 미국 FDA 승인을 통과하여 안전성 높은 리프팅 레이저 권장주기 2~4주 / 3회 이상 시술",VAT 포함,지방분해와 리프팅 효과를 동시에 원하는 분 / 자연스러운 V라인을 원하는 분 / 이중턱이나 볼살 등 얼굴 지방 개선을 원하는 분 / 리프팅 시술이 하고싶지만 통증이 두려운 분,,,인모드 시술시간 30~60분 마취여부 마취없음 회복시간 약 3일 시술효과 2주 후,,,수요일 09:00 ~ 20:00 (점심 13:00 ~ 14:00) / 목요일 09:00 ~ 20:00 (점심 13:00 ~ 14:00) / 금요일 09:00 ~ 20:00 (점심 13:00 ~ 14:00) / 토요일 09:00 ~ 15:00 / 일요일 휴진 / 월요일 09:00 ~ 20:00 (점심 13:00 ~ 14:00),0508-0354-0049
https://www.yeoshin.co.kr/event/mobile/26133,,,,V라인 인모드 리프팅,"#리프팅레이저
#얼굴지방개선
#타이트닝",https://d3gurpvil0se70.cloudfront.net/upfiles/images/product/soilrdusV5647YxETd5XsFiy8p48.jpg?q=90&f=webp&w=1024,9.0,1.0,31900.0,24900,VAT 포함,유앤아이의원(과천점),경기도 과천시 과천대로 111 (갈현동) 과천 렉서 2층주소복사,,,VAT 포함,,,,인모드 시술시간 30~60분 마취여부 크림마취 회복시간 약 3일 시술효과 약 2주 후,,크림마취,수요일 10:00 ~ 20:30 / 목요일 10:00 ~ 20:30 / 금요일 10:00 ~ 20:30 / 토요일 10:00 ~ 17:00 / 일요일 휴진 / 월요일 10:00 ~ 20:30,050803539821
https://www.yeoshin.co.kr/event/mobile/9558,,,,인모드 여자피부과전문의,"#피부과 전문의
#리프팅레이저
#얼굴지방개선",https://d3gurpvil0se70.cloudfront.net/upfiles/images/product/4250642586.jpg?q=90&f=webp&w=1024,10.0,7.0,,153000,,글래시피부과의원,서울시 강남구 도산대로81길 51 -주소복사,전문의 1명,"인모드 인모드는 HVP기술을 이용하여 지방세포자체를 줄이는 시술로 얼굴과 바디의 불필요한 지방을 줄임과 동시에 콜라겐 타이트닝을 이루어지게하여 지방분해, 리프팅, 콜라겐 리모델링, 타이트닝 효과가 있습니다. 또한 미국 FDA 승인을 통과한 장비로 안전성이 높은 편입니다. 권장주기 2~4주 / 3회 이상 시술",,실제보다 나이들어 보여 고민인 분 / 탄탄한 피부와 갸름한 얼굴라인을 원하는 분 / 이중턱이나 볼살 등 얼굴 지방 개선을 원하는 분 / 늘어지고 처진 피부의 리프팅을 원하는 분,,"시술시 부작용이 있나요? 시술 직후 미세한 부기나 열감, 멍 등이 있을 수 있습니다. 일상생활에는 지장이 없나요? 인모드는 비수술적인 방식으로 진행되기 때문에 시술 직후 일상생활이 가능합니다.",인모드 시술시간 15분 마취여부 냉각마취 회복시간 3일 시술효과 2주 후,"주의사항 1 시술 후, 음주 및 흡연을 자제해주세요. 2 시술 부위를 강하게 마사지하거나 누르지 말아주세요 3 시술 후 3일간은 미온수로 세안을 권장합니다.",,수요일 휴진 / 목요일 10:00 ~ 20:00 / 금요일 10:00 ~ 20:00 / 토요일 10:00 ~ 15:30 / 일요일 휴진 / 월요일 10:00 ~ 20:00,0508-0353-4138
https://www.yeoshin.co.kr/event/mobile/1230,,,,인모드 리프팅 [얼굴전체],"#리프팅레이저
#얼굴지방개선
#타이트닝",https://d3gurpvil0se70.cloudfront.net/upfiles/images/product/pt1zGqcte0X8DQMLoxCDlajUVQ92.jpg?q=90&f=webp&w=1024,9.2,454.0,68200.0,61200,VAT 포함,유앤아이의원(영등포점),크림마취,여의사 진료 중국어 응대 일본어 응대,,VAT 포함,,,,인모드 시술시간 30~60분 마취여부 크림마취 회복시간 약 3일 시술효과 약 2주 후,,크림마취 수면마취,수요일 10:00 ~ 20:30 / 목요일 10:00 ~ 20:30 / 금요일 10:00 ~ 20:30 / 토요일 10:00 ~ 17:00 / 일요일 10:00 ~ 17:00 / 월요일 10:00 ~ 20:30 / 점심시간 없음 / 공휴일 진료,0508-0353-1932
https://www.yeoshin.co.kr/event/mobile/9632,,,,인모드,"#리프팅레이저
#얼굴지방개선
#타이트닝",https://d3gurpvil0se70.cloudfront.net/upfiles/images/product/eYgTuTQgtkD5HQ39mXxzoIm1FaH.jpg?q=90&f=webp&w=1024,8.9,7.0,42900.0,35900,VAT 포함,아비쥬의원(대전점),대전광역시 서구 대덕대로 219 아비쥬의원(대전점)주소복사,전문의 2명,"인모드 #HVP기술 #지방개선 HVP 기술을 이용해 지방세포 자체를 줄여 얼굴 또는 바디 부위의 지방을 개선 #타이트닝 #리프팅 지방분해, 리프팅, 콜라겐 리모델링, 타이트닝 등의 효과 기대 #안전성 #리프팅레이저 미국 FDA 승인을 통과하여 안전성 높은 리프팅 레이저 권장주기 2~4주 / 3회 이상 시술",VAT 포함,지방분해와 리프팅 효과를 동시에 원하는 분 / 자연스러운 V라인을 원하는 분 / 이중턱이나 볼살 등 얼굴 지방 개선을 원하는 분 / 리프팅 시술이 하고싶지만 통증이 두려운 분,,,인모드 시술시간 30~70분 마취여부 크림마취 회복시간 3일 시술효과 2~4주 후,,,수요일 10:30 ~ 20:30 (점심 14:00 ~ 15:00) / 목요일 10:30 ~ 20:30 (점심 14:00 ~ 15:00) / 금요일 10:30 ~ 20:30 (점심 14:00 ~ 15:00) / 토요일 10:30 ~ 17:00 / 일요일 10:30 ~ 17:00 / 월요일 10:30 ~ 20:30 (점심 14:00 ~ 15:00),0508-0354-2871
https://www.yeoshin.co.kr/event/mobile/15947,,,,인모드,"#리프팅레이저
#얼굴지방개선
#타이트닝",https://d3gurpvil0se70.cloudfront.net/upfiles/images/product/PKXr9f6F9n7ayKF4xNUyJxFmu5F5.jpg?q=90&f=webp&w=1024,8.5,29.0,22000.0,15000,VAT 포함,제이린의원(서면점),,,"인모드 #HVP기술 #지방개선 HVP 기술을 이용해 지방세포 자체를 줄여 얼굴 또는 바디 부위의 지방을 개선 #타이트닝 #리프팅 지방분해, 리프팅, 콜라겐 리모델링, 타이트닝 등의 효과 기대 #안전성 #리프팅레이저 미국 FDA 승인을 통과하여 안전성 높은 리프팅 레이저 권장주기 2~4주 / 3회 이상 시술",VAT 포함,지방분해와 리프팅 효과를 동시에 원하는 분 / 자연스러운 V라인을 원하는 분 / 이중턱이나 볼살 등 얼굴 지방 개선을 원하는 분 / 리프팅 시술이 하고싶지만 통증이 두려운 분,,,인모드 시술시간 30분 마취여부 크림마취 회복시간 1주 시술효과 2~3일 후,,,수요일 10:30 ~ 19:00 (점심 13:00 ~ 14:30) / 목요일 10:30 ~ 19:00 (점심 13:00 ~ 14:30) / 금요일 10:30 ~ 20:00 (점심 13:00 ~ 14:30) / 토요일 10:30 ~ 14:30 / 일요일 휴진 / 월요일 10:30 ~ 20:00 (점심 13:00 ~ 14:30),0508-0354-2276
https://www.yeoshin.co.kr/event/mobile/14069,,,,시간보장 인모드,"#리프팅레이저
#얼굴지방개선
#타이트닝",https://d3gurpvil0se70.cloudfront.net/upfiles/images/product/0GM9uWmMlTDePeNzTqFN6Af2JVK7.jpg?q=90&f=webp&w=1024,10.0,2.0,55000.0,48000,VAT 포함,크크서울의원,서울특별시 서초구 강남대로 439 (서초동) 7층 크크서울의원주소복사,,,VAT 포함,,,,인모드 시술시간 20분 마취여부 마취없음 회복시간 3일 시술효과 2주 후,,크림마취,수요일 휴진 / 목요일 10:00 ~ 20:00 / 금요일 10:00 ~ 19:00 / 토요일 10:00 ~ 16:00 / 일요일 휴진 / 월요일 10:00 ~ 19:00,0508-0353-5802
https://www.yeoshin.co.kr/event/mobile/13878,,,,인모드,"#리프팅레이저
#얼굴지방개선
#타이트닝",https://d3gurpvil0se70.cloudfront.net/upfiles/images/product/1621006657.jpg?q=90&f=webp&w=1024,,,165000.0,158000,VAT 포함,푸른의원,경기도 김포시 풍무로 76 푸른의원주소복사,전문의 1명,"인모드 인모드는 HVP기술을 이용하여 지방세포자체를 줄이는 시술로 얼굴과 바디의 불필요한 지방을 줄임과 동시에 콜라겐 타이트닝을 이루어지게하여 지방분해, 리프팅, 콜라겐 리모델링, 타이트닝 효과가 있습니다. 또한 미국 FDA 승인을 통과한 장비로 안전성이 높은 편입니다. 권장주기 2~4주 / 3회 이상 시술",VAT 포함,꼼꼼한 리프팅을 원하는 분 / 지방분해와 리프팅 효과를 동시에 원하는 분 / 탄탄한 피부와 갸름한 얼굴라인을 원하는 분 / 늘어지고 처진 피부의 리프팅을 원하는 분,,,인모드 시술시간 30~60분 마취여부 냉각마취 회복시간 3일 시술효과 2주 후,,,수요일 10:00 ~ 19:00 (점심 13:00 ~ 14:00) / 목요일 10:00 ~ 20:00 (점심 13:00 ~ 14:00) / 금요일 10:00 ~ 19:00 (점심 13:00 ~ 14:00) / 토요일 10:00 ~ 15:00 / 일요일 휴진 / 월요일 10:00 ~ 19:00 (점심 13:00 ~ 14:00),0508-0354-0803
https://www.yeoshin.co.kr/event/mobile/7593,,,,인모드 FX+FORMA 두가지,"#리프팅레이저
#얼굴지방개선
#타이트닝",https://d3gurpvil0se70.cloudfront.net/upfiles/images/product/3969944875.jpg?q=90&f=webp&w=1024,10.0,1.0,253000.0,246000,VAT 포함,뷰티제이의원,,,"인모드 인모드는 HVP기술을 이용하여 지방세포자체를 줄이는 시술로 지방세포를 사멸 하면서 이중턱과 처진 볼살을 개선하면서 페이스라인을 개선하는 FX모드, 콜라겐생성과 타이트닝을 도와주는 FORMA 모드로 나뉜 리프팅 입니다. 권장주기 3~4주 / 3회 이상 시술",VAT 포함,매끄럽고 부드러운 인상을 원하는 분 / 지방분해와 리프팅 효과를 동시에 원하는 분 / 늘어지고 처진 피부의 리프팅을 원하는 분,,"시술효과는 언제 나타나고 몇회를 받아야하나요? 개인차가 있지만 시술후 빠르게 타이트닝 효과를 느낄수 있으며, 보다 좋은 효과를 위해서는 1달간격으로 약 3-5회정도 시술을 권장해드립니다 시술후 티가 날까요? 시술후 일시적으로 팁자국이나 붓기 멍 붉음증 등이 발생할수 있으며, 약 3-5일정도 지속 될수 있습니다.",인모드 시술시간 30분 마취여부 크림마취 회복시간 3일 시술효과 2주 후,주의사항 1 음주 및 흡연을 자제 해주세요 2 일주일 정도 사우나와 찜질방은 피해주세요 3 며칠동안은 따뜻한 물이나 미지근한 물로 세안해주세요,,수요일 14:00 ~ 21:00 / 목요일 10:00 ~ 20:00 (점심 13:00 ~ 14:00) / 금요일 10:00 ~ 20:00 (점심 13:00 ~ 14:00) / 토요일 10:00 ~ 16:00 / 일요일 휴진 / 월요일 10:00 ~ 20:00 (점심 13:00 ~ 14:00),0508-0354-2500
https://www.yeoshin.co.kr/event/mobile/10953,,,,[땡큐] 이중턱 파괴 인모드,"#피부과 전문의
#리프팅레이저
#얼굴지방개선",https://d3gurpvil0se70.cloudfront.net/upfiles/images/product/v790k7cGCrCJeLGJ0UDEUy8NGEj8.jpg?q=90&f=webp&w=1024,10.0,2.0,110000.0,103000,VAT 포함,땡큐성형외과의원,서울특별시 강남구 강남대로 446 땡큐성형외과의원주소복사,전문의 7명 영어 응대 중국어 응대 일본어 응대,,VAT 포함,,,,인모드 시술시간 30~60분 마취여부 크림마취 회복시간 3일 시술효과 2주 후,,,수요일 10:00 ~ 19:00 / 목요일 10:00 ~ 19:00 / 금요일 10:00 ~ 19:00 / 토요일 10:00 ~ 16:00 / 일요일 휴진 / 월요일 10:00 ~ 19:00,0508-0353-6942
https://www.yeoshin.co.kr/event/mobile/18242,,,,인모드 리프팅 FX FORMA,"#리프팅레이저
#얼굴지방개선
#타이트닝",https://d3gurpvil0se70.cloudfront.net/upfiles/images/product/cM0uMyYOln5vgZgL4tn7Bm4y409.jpg?q=90&f=webp&w=1024,9.3,84.0,42900.0,35900,VAT 포함,브라운성형외과의원,서울특별시 서초구 강남대로 475 (반포동) 브라운성형외과의원주소복사,전문의 3명 영어 응대 중국어 응대 일본어 응대,"인모드 #HVP기술 #지방개선 HVP 기술을 이용해 지방세포 자체를 줄여 얼굴 또는 바디 부위의 지방을 개선 #타이트닝 #리프팅 지방분해, 리프팅, 콜라겐 리모델링, 타이트닝 등의 효과 기대 #안전성 #리프팅레이저 미국 FDA 승인을 통과하여 안전성 높은 리프팅 레이저 권장주기 2~4주 / 3회 이상 시술",VAT 포함,지방분해와 리프팅 효과를 동시에 원하는 분 / 자연스러운 V라인을 원하는 분 / 이중턱이나 볼살 등 얼굴 지방 개선을 원하는 분 / 리프팅 시술이 하고싶지만 통증이 두려운 분,,,인모드 시술시간 10분 이내 마취여부 크림마취 회복시간 약 3일 시술효과 약 2주 후,,,수요일 10:00 ~ 19:00 / 목요일 10:00 ~ 19:00 / 금요일 10:00 ~ 20:30 / 토요일 10:00 ~ 17:00 / 일요일 휴진 / 월요일 10:00 ~ 19:00 / 일요일&공휴일 휴진/금요일 야간진료,0508-0353-4515
https://www.yeoshin.co.kr/event/mobile/1378,,,,인모드 리프팅 이벤트,"#리프팅레이저
#얼굴지방개선
#타이트닝",https://d3gurpvil0se70.cloudfront.net/upfiles/images/product/b70adyWkVrT6nBKT7TsIDFSIlvpA.jpg?q=90&f=webp&w=1024,10.0,4.0,59800.0,52800,VAT 포함,베이드의원,서울특별시 강남구 논현로 839 베이드의원주소복사,전문의 3명 영어 응대 중국어 응대 피부진단기 F-RAY 촬영 >,,VAT 포함,,,,인모드 FX 시술시간 30분 마취여부 냉각마취 회복시간 3일 시술효과 2주 후,,,수요일 10:00 ~ 20:00 (점심 13:00 ~ 14:00) / 목요일 10:00 ~ 20:00 (점심 13:00 ~ 14:00) / 금요일 10:00 ~ 20:00 (점심 13:00 ~ 14:00) / 토요일 10:00 ~ 16:00 / 일요일 휴진 / 월요일 10:00 ~ 20:00 (점심 13:00 ~ 14:00),0508-0353-3673
https://www.yeoshin.co.kr/event/mobile/13720,,,,탄력과 브이라인을 동시에 개선 인모드,"#리프팅레이저
#얼굴지방개선
#타이트닝",https://d3gurpvil0se70.cloudfront.net/upfiles/images/product/3981993552.jpg?q=90&f=webp&w=1024,10.0,1.0,165000.0,158000,VAT 포함,젠의원,,,"인모드 인모드는 HVP기술을 이용하여 지방세포자체를 줄이는 시술로 얼굴과 바디의 불필요한 지방을 줄임과 동시에 콜라겐 타이트닝을 이루어지게하여 지방분해, 리프팅, 콜라겐 리모델링, 타이트닝 효과가 있습니다. 또한 미국 FDA 승인을 통과한 장비로 안전성이 높은 편입니다. 권장주기 2~4주 / 3회 이상 시술",VAT 포함,이중턱이나 볼살 등 얼굴 지방 개선을 원하는 분 / 탄탄한 피부와 갸름한 얼굴라인을 원하는 분 / 지방분해와 리프팅 효과를 동시에 원하는 분,,,인모드 시술시간 60분 마취여부 크림마취 회복시간 3일 시술효과 2주 후,,,수요일 10:00 ~ 19:00 (점심 13:00 ~ 14:00) / 목요일 10:00 ~ 19:00 (점심 13:00 ~ 14:00) / 금요일 10:00 ~ 20:00 (점심 13:00 ~ 14:00) / 토요일 10:00 ~ 14:00 / 일요일 휴진 / 월요일 10:00 ~ 19:00 (점심 13:00 ~ 14:00),0508-0354-2221
https://www.yeoshin.co.kr/event/mobile/16535,,,,인모드 리프팅 BEST 모음,"#피부과 전문의
#리프팅레이저
#얼굴지방개선",https://d3gurpvil0se70.cloudfront.net/upfiles/images/product/gIGoJBAcckxZLYvtEb5ibECW6mN9.jpg?q=90&f=webp&w=1024,6.0,1.0,49500.0,42500,VAT 포함,유앤아이피부과의원(판교점),경기도 성남시 분당구 판교로 375 유앤아이피부과의원(판교점)주소복사,전문의 1명,,VAT 포함,,,,인모드 시술시간 30~60분 마취여부 크림마취 회복시간 약 3일 시술효과 약 2주 후,,,수요일 09:30 ~ 20:30 (점심 13:00 ~ 14:00) / 목요일 09:30 ~ 20:30 (점심 13:00 ~ 14:00) / 금요일 09:30 ~ 20:30 (점심 13:00 ~ 14:00) / 토요일 09:00 ~ 16:00 / 일요일 휴진 / 월요일 09:30 ~ 20:30 (점심 13:00 ~ 14:00),0508-0354-0510
https://www.yeoshin.co.kr/event/mobile/14770,,,,인모드 패키지,"#리프팅레이저
#얼굴지방개선
#타이트닝",https://d3gurpvil0se70.cloudfront.net/upfiles/images/product/8mnS8QnQUPLF3L0lBc4zcKSWflN6.jpg?q=90&f=webp&w=1024,9.3,71.0,28000.0,21000,VAT 포함,케이톡스의원(인천구월점),인천광역시 남동구 인하로507번길 4 (구월동) 한성빌딩 3층 301호(구월동)주소복사,전문의 1명,,VAT 포함,,,,인모드 시술시간 30분 마취여부 냉각마취 회복시간 3일 시술효과 2주 후,,,수요일 10:00 ~ 20:00 (점심 14:00 ~ 15:00) / 목요일 10:00 ~ 20:00 (점심 14:00 ~ 15:00) / 금요일 10:00 ~ 20:00 (점심 14:00 ~ 15:00) / 토요일 10:30 ~ 16:30 / 일요일 휴진 / 월요일 10:00 ~ 20:00 (점심 14:00 ~ 15:00),0508-0354-1668
https://www.yeoshin.co.kr/event/mobile/20634,,,,[NIKS] 인모드 FX/FORFA 이벤트,"#리프팅레이저
#얼굴지방개선
#타이트닝",https://d3gurpvil0se70.cloudfront.net/upfiles/images/product/sjO43eh46G79mVvuDlrtEuBfe868.jpg?q=90&f=webp&w=1024,,,220000.0,213000,VAT 포함,닉스의원(수원점),크림마취,여의사 진료,"인모드 #HVP기술 #지방개선 HVP 기술을 이용해 지방세포 자체를 줄여 얼굴 또는 바디 부위의 지방을 개선 #타이트닝 #리프팅 지방분해, 리프팅, 콜라겐 리모델링, 타이트닝 등의 효과 기대 #안전성 #리프팅레이저 미국 FDA 승인을 통과하여 안전성 높은 리프팅 레이저 권장주기 2~4주 / 3회 이상 시술",VAT 포함,지방분해와 리프팅 효과를 동시에 원하는 분 / 자연스러운 V라인을 원하는 분 / 이중턱이나 볼살 등 얼굴 지방 개선을 원하는 분 / 리프팅 시술이 하고싶지만 통증이 두려운 분,,,인모드 시술시간 30~60분 마취여부 크림마취 회복시간 약 3일 시술효과 약 2주 후,,크림마취 수면마취 국소마취,수요일 10:30 ~ 20:30 (점심 14:00 ~ 15:00) / 목요일 10:30 ~ 20:30 (점심 14:00 ~ 15:00) / 금요일 10:30 ~ 20:30 (점심 14:00 ~ 15:00) / 토요일 10:30 ~ 16:30 / 일요일 휴진 / 월요일 10:30 ~ 20:30 (점심 14:00 ~ 15:00) / *일요일/공휴일 휴진,0508-0354-3026
https://www.yeoshin.co.kr/event/mobile/14656,,,,인모드 FX+FORMA,"#리프팅레이저
#얼굴지방개선
#타이트닝",https://d3gurpvil0se70.cloudfront.net/upfiles/images/product/TVERYPVgqgtD47KIYwgBxVcHTsa8.jpg?q=90&f=webp&w=1024,10.0,2.0,253000.0,246000,VAT 포함,연세미사랑의원,,,인모드 #인모드FX #인모드FORMA 인모드는 HVP기술을 이용하여 지방세포를 줄이고 콜라겐 타이트닝을 진행하여 지방분해와 리프팅 효과를 볼 수 있습니다. 권장주기 3~4주 / 1회 시술,VAT 포함,탄탄한 피부와 갸름한 얼굴라인을 원하는 분 / 실제보다 나이들어 보여 고민인 분 / 이중턱이나 볼살 등 얼굴 지방 개선을 원하는 분,,,인모드 시술시간 30분 마취여부 크림마취 회복시간 3일 시술효과 2주 후,,,수요일 10:00 ~ 18:00 (점심 13:00 ~ 14:00) / 목요일 10:00 ~ 18:00 (점심 13:00 ~ 14:00) / 금요일 10:00 ~ 18:00 (점심 13:00 ~ 14:00) / 토요일 10:00 ~ 16:00 (점심 13:00 ~ 14:00) / 일요일 휴진 / 월요일 휴진,0508-0354-2430
https://www.yeoshin.co.kr/event/mobile/24928,,,,홍대 언제나유리해! 슈링크.인모드.윤곽주사,"#리프팅레이저
#타이트닝",https://d3gurpvil0se70.cloudfront.net/upfiles/images/product/3H1BoV1toNW417CsiChEzB1W0Iq7.jpg?q=90&f=webp&w=1024,9.8,182.0,87000.0,80000,VAT 포함,유리에성형외과,크림마취,전문의 2명 수술실 CCTV 응급처치 시스템 기본 입원실 전담회복실 사후관리,,VAT 포함,,,,슈링크유니버스 시술시간 10~20분 마취여부 크림마취 회복시간 약 3일 시술효과 3~6개월,,크림마취 수면마취 국소마취,수요일 10:30 ~ 19:30 / 목요일 10:30 ~ 20:30 / 금요일 10:30 ~ 19:30 / 토요일 10:00 ~ 17:00 / 일요일 휴진 / 월요일 10:30 ~ 19:30,050803530155
https://www.yeoshin.co.kr/event/mobile/25826,,,,피부과 전문의 인모드 키닥터,"#피부과 전문의
#리프팅레이저
#얼굴지방개선",https://d3gurpvil0se70.cloudfront.net/upfiles/images/product/ICd5Sa3dmfuiqag9BbWMRgOoPnX1.png?q=90&f=webp&w=1024,,,319000.0,312000,VAT 포함,청담엔케이피부과의원,서울특별시 강서구 마곡중앙5로 81 (마곡동) 5층 청담NK피부과의원주소복사,전문의 1명 여의사 진료 피부진단기 F-RAY 촬영 >,"인모드 #HVP기술 #지방개선 HVP 기술을 이용해 지방세포 자체를 줄여 얼굴 또는 바디 부위의 지방을 개선 #타이트닝 #리프팅 지방분해, 리프팅, 콜라겐 리모델링, 타이트닝 등의 효과 기대 #안전성 #리프팅레이저 미국 FDA 승인을 통과하여 안전성 높은 리프팅 레이저 권장주기 2~4주 / 3회 이상 시술",VAT 포함,지방분해와 리프팅 효과를 동시에 원하는 분 / 자연스러운 V라인을 원하는 분 / 이중턱이나 볼살 등 얼굴 지방 개선을 원하는 분 / 리프팅 시술이 하고싶지만 통증이 두려운 분,,,인모드 시술시간 30~60분 마취여부 크림마취 회복시간 약 3일 시술효과 약 2주 후,,,수요일 10:00 ~ 19:00 (점심 13:00 ~ 14:00) / 목요일 10:00 ~ 19:00 (점심 13:00 ~ 14:00) / 금요일 10:00 ~ 20:00 (점심 13:00 ~ 14:00) / 토요일 09:30 ~ 14:30 / 일요일 휴진 / 월요일 10:00 ~ 20:00 (점심 13:00 ~ 14:00),050803531467
https://www.yeoshin.co.kr/event/mobile/8155,,,,인모드 FX / FORMA,"#리프팅레이저
#얼굴지방개선
#타이트닝",https://d3gurpvil0se70.cloudfront.net/upfiles/images/product/1173026072.jpg?q=90&f=webp&w=1024,,,90000.0,83000,VAT 포함,뷰티제이의원,,,"인모드 인모드는 HVP기술을 이용하여 지방세포자체를 줄이는 시술로 지방세포를 사멸 하면서 이중턱과 처진 볼살을 개선하면서 페이스라인을 개선하는 FX모드, 콜라겐생성과 타이트닝을 도와주는 FORMA 모드로 나뉜 리프팅 입니다. 권장주기 3~4주 / 3회 이상 시술",VAT 포함,지방분해와 리프팅 효과를 동시에 원하는 분 / 탄탄한 피부와 갸름한 얼굴라인을 원하는 분 / 늘어지고 처진 피부의 리프팅을 원하는 분,,"시술효과는 언제 나타나고 몇회를 받아야하나요? 개인차가 있지만 시술후 빠르게타이트닝 효과를 느낄수 있으며, 보다 좋은 효과를 위해서는 1달간격으로 약 3-5회정도 시술을 권장해드립니다 시술후 티가 날까요? 시술후 일시적으로 팁자국이나 붓기 멍 붉음증 등이 발생할수 있으며, 약 3-5일정도 지속 될수 있습니다.",인모드 시술시간 30분 마취여부 크림마취 회복시간 3일 시술효과 2주 후,주의사항 1 음주 및 흡연을 자제 해주세요 2 일주일 정도 사우나와 찜질방은 피해주세요 3 며칠동안은 따뜻한 물이나 미지근한 물로 세안해주세요,,수요일 14:00 ~ 21:00 / 목요일 10:00 ~ 20:00 (점심 13:00 ~ 14:00) / 금요일 10:00 ~ 20:00 (점심 13:00 ~ 14:00) / 토요일 10:00 ~ 16:00 / 일요일 휴진 / 월요일 10:00 ~ 20:00 (점심 13:00 ~ 14:00),0508-0354-2500
https://www.yeoshin.co.kr/event/mobile/14689,,,,지방&탄력 인모드 리프팅,"#리프팅레이저
#얼굴지방개선
#타이트닝",https://d3gurpvil0se70.cloudfront.net/upfiles/images/product/GjsRG0LoM8uHRZCDSe8wfGqjktf8.jpg?q=90&f=webp&w=1024,9.2,15.0,132000.0,125000,VAT 포함,유앤아이의원(김포점),,,,VAT 포함,,,,인모드 시술시간 30~60분 마취여부 크림마취 회복시간 3일 시술효과 2주 후,,,수요일 10:00 ~ 20:30 (점심 13:00 ~ 14:00) / 목요일 10:00 ~ 20:30 (점심 13:00 ~ 14:00) / 금요일 10:00 ~ 20:30 (점심 13:00 ~ 14:00) / 토요일 10:00 ~ 16:00 / 일요일 10:00 ~ 16:00 / 월요일 10:00 ~ 20:30 (점심 13:00 ~ 14:00),0508-0354-0557
https://www.yeoshin.co.kr/event/mobile/13419,,,,인모드 FX / FORMA,"#리프팅레이저
#얼굴지방개선
#타이트닝",https://d3gurpvil0se70.cloudfront.net/upfiles/images/product/8cCiMGrVijkHAsivY0PNnDYAoek.jpg?q=90&f=webp&w=1024,7.0,1.0,108900.0,101900,VAT 포함,연세미사랑의원,,,"인모드 #HVP기술 #지방개선 HVP 기술을 이용해 지방세포 자체를 줄여 얼굴 또는 바디 부위의 지방을 개선 #타이트닝 #리프팅 지방분해, 리프팅, 콜라겐 리모델링, 타이트닝 등의 효과 기대 #안전성 #리프팅레이저 미국 FDA 승인을 통과하여 안전성 높은 리프팅 레이저 권장주기 2~4주 / 3회 이상 시술",VAT 포함,지방분해와 리프팅 효과를 동시에 원하는 분 / 자연스러운 V라인을 원하는 분 / 이중턱이나 볼살 등 얼굴 지방 개선을 원하는 분 / 리프팅 시술이 하고싶지만 통증이 두려운 분,,,인모드 시술시간 30~60분 마취여부 크림마취 회복시간 약 3일 시술효과 약 2주 후,,,수요일 10:00 ~ 18:00 (점심 13:00 ~ 14:00) / 목요일 10:00 ~ 18:00 (점심 13:00 ~ 14:00) / 금요일 10:00 ~ 18:00 (점심 13:00 ~ 14:00) / 토요일 10:00 ~ 16:00 (점심 13:00 ~ 14:00) / 일요일 휴진 / 월요일 휴진,0508-0354-2430
https://www.yeoshin.co.kr/event/mobile/7581,,,,인모드 리프팅,"#리프팅레이저
#얼굴지방개선
#타이트닝",https://d3gurpvil0se70.cloudfront.net/upfiles/images/product/Pfr7fMYs4qtGhYmVHtPwB9wf5vg8.jpg?q=90&f=webp&w=1024,9.4,418.0,99000.0,92000,VAT 포함,데이원의원(강남역점),서울시 서초구 강남대로 423 데이원의원(강남역점)주소복사,전문의 1명,"인모드 #HVP기술 #지방개선 HVP 기술을 이용해 지방세포 자체를 줄여 얼굴 또는 바디 부위의 지방을 개선 #타이트닝 #리프팅 지방분해, 리프팅, 콜라겐 리모델링, 타이트닝 등의 효과 기대 #안전성 #리프팅레이저 미국 FDA 승인을 통과하여 안전성 높은 리프팅 레이저",VAT 포함,지방분해와 리프팅 효과를 동시에 원하는 분 / 자연스러운 V라인을 원하는 분 / 이중턱이나 볼살 등 얼굴 지방 개선을 원하는 분 / 리프팅 시술이 하고싶지만 통증이 두려운 분,,,인모드 시술시간 30분 마취여부 냉각마취 회복시간 3일 시술효과 2주 후,,,수요일 10:30 ~ 20:30 (점심 13:00 ~ 14:00) / 목요일 10:30 ~ 20:30 (점심 13:00 ~ 14:00) / 금요일 10:30 ~ 20:30 (점심 13:00 ~ 14:00) / 토요일 10:30 ~ 16:00 / 일요일 휴진 / 월요일 10:30 ~ 20:30 (점심 13:00 ~ 14:00),0508-0353-7131
https://www.yeoshin.co.kr/event/mobile/14842,,,,지방세포제거와 리프팅을 동시에!,"#리프팅레이저
#얼굴지방개선
#타이트닝",https://d3gurpvil0se70.cloudfront.net/upfiles/images/product/1621549956.jpg?q=90&f=webp&w=1024,10.0,1.0,110000.0,103000,VAT 포함,용인미하나의원,경기도 용인시 처인구 금령로 86 용인미하나의원주소복사,전문의 1명,"인모드 인모드는 HVP기술을 이용하여 지방세포자체를 줄이는 시술로 얼굴과 바디의 불필요한 지방을 줄임과 동시에 콜라겐 타이트닝을 이루어지게하여 지방분해, 리프팅, 콜라겐 리모델링, 타이트닝 효과가 있습니다. 또한 미국 FDA 승인을 통과한 장비로 안전성이 높은 편입니다. 권장주기 2~4주 / 3회 이상 시술",VAT 포함,이중턱이나 볼살 등 얼굴 지방 개선을 원하는 분 / 지방분해와 리프팅 효과를 동시에 원하는 분 / 탄탄한 피부와 갸름한 얼굴라인을 원하는 분,,"시술시 부작용이 있나요? 시술 직후 미세한 부기나 열감, 멍 등이 있을 수 있습니다. 시술후에 어떤 것을 주의해야하나요? 해당 부위가 과한 열감이나 냉감에 노출되는 것을 피해주시고 수분크림을 자주 발라주세요.",인모드 시술시간 60분 마취여부 냉각마취 회복시간 3일 시술효과 2주 후,"주의사항 1 시술 후, 음주 및 흡연을 자제해주세요. 2 시술 부위를 강하게 마사지하거나 누르지 말아주세요 3 시술 후, 3~4일간 과격한 운동은 자제해주세요",,수요일 10:00 ~ 20:30 (점심 13:00 ~ 14:00) / 목요일 10:00 ~ 20:30 (점심 13:00 ~ 14:00) / 금요일 10:00 ~ 20:30 (점심 13:00 ~ 14:00) / 토요일 10:00 ~ 16:30 / 일요일 휴진 / 월요일 10:00 ~ 20:30 (점심 13:00 ~ 14:00),0508-0353-9926
https://www.yeoshin.co.kr/event/mobile/7777,,,,인모드 얼굴 1부위 11만원,"#리프팅레이저
#얼굴지방개선
#타이트닝",https://d3gurpvil0se70.cloudfront.net/upfiles/images/product/824218273.jpg?q=90&f=webp&w=1024,10.0,1.0,110000.0,103000,VAT 포함,조은날의원,,,,VAT 포함,,,,인모드 시술시간 30분 마취여부 냉각마취 회복시간 3일 시술효과 2주 후,,,수요일 10:30 ~ 20:30 (점심 13:00 ~ 14:00) / 목요일 10:30 ~ 20:30 (점심 13:00 ~ 14:00) / 금요일 10:30 ~ 20:30 (점심 13:00 ~ 14:00) / 토요일 10:30 ~ 16:30 / 일요일 휴진 / 월요일 10:30 ~ 20:30 (점심 13:00 ~ 14:00),0508-0353-4980
https://www.yeoshin.co.kr/event/mobile/15074,,,,슬림 이중턱패키지,"#리프팅레이저
#얼굴지방개선
#타이트닝",https://d3gurpvil0se70.cloudfront.net/upfiles/images/product/NAcNe8ulkeSMEhVgrFgEP3MQepV8.jpeg?q=90&f=webp&w=1024,,,174900.0,167900,VAT 포함,오운의원(구리점),"경기도 구리시 산마루로 5 대방디엠시티 3층, 오운의원(구리점)주소복사",여의사 진료,,VAT 포함,,,,인모드 FX 시술시간 5~20분 마취여부 크림마취 회복시간 약 3일 시술효과 약 2주 후,,,수요일 10:00 ~ 20:00 (점심 13:00 ~ 14:00) / 목요일 10:00 ~ 20:00 (점심 13:00 ~ 14:00) / 금요일 10:00 ~ 20:00 (점심 13:00 ~ 14:00) / 토요일 10:00 ~ 16:00 / 일요일 휴진 / 월요일 10:00 ~ 20:00 (점심 13:00 ~ 14:00),0508-0353-9945
https://www.yeoshin.co.kr/event/mobile/15454,,,,시간보장 커스텀디자인 인모드,"#리프팅레이저
#얼굴지방개선
#타이트닝",https://d3gurpvil0se70.cloudfront.net/upfiles/images/product/hLoXjbrOYZwgKYJ8yOw6KOa522B7.jpg?q=90&f=webp&w=1024,9.3,3.0,196900.0,189900,VAT 포함,연의원 범계(안양),,,"인모드 #HVP기술 #지방개선 HVP 기술을 이용해 지방세포 자체를 줄여 얼굴 또는 바디 부위의 지방을 개선 #타이트닝 #리프팅 지방분해, 리프팅, 콜라겐 리모델링, 타이트닝 등의 효과 기대 #안전성 #리프팅레이저 미국 FDA 승인을 통과하여 안전성 높은 리프팅 레이저 권장주기 2~4주 / 3회 이상 시술",VAT 포함,지방분해와 리프팅 효과를 동시에 원하는 분 / 자연스러운 V라인을 원하는 분 / 이중턱이나 볼살 등 얼굴 지방 개선을 원하는 분 / 리프팅 시술이 하고싶지만 통증이 두려운 분,,,인모드 시술시간 30~40분 마취여부 마취없음 회복시간 3일 시술효과 2주 후,,,수요일 휴진 / 목요일 10:30 ~ 20:30 (점심 13:30 ~ 14:30) / 금요일 10:00 ~ 18:00 (점심 13:30 ~ 14:30) / 토요일 10:00 ~ 16:00 / 일요일 휴진 / 월요일 10:30 ~ 20:30 (점심 13:30 ~ 14:30),0508-0354-1067
https://www.yeoshin.co.kr/event/mobile/16104,,,,인모드,"#리프팅레이저
#얼굴지방개선
#타이트닝",https://d3gurpvil0se70.cloudfront.net/upfiles/images/product/fps2rlHNtgjquqvCZyUzO8cg6KG4.jpg?q=90&f=webp&w=1024,,,440000.0,433000,VAT 포함,동안중심의원,서울특별시 강남구 압구정로48길 26 (신사동) 동안중심의원주소복사,전문의 2명,"인모드 #HVP기술 #지방개선 HVP 기술을 이용해 지방세포 자체를 줄여 얼굴 또는 바디 부위의 지방을 개선 #타이트닝 #리프팅 지방분해, 리프팅, 콜라겐 리모델링, 타이트닝 등의 효과 기대 #안전성 #리프팅레이저 미국 FDA 승인을 통과하여 안전성 높은 리프팅 레이저 권장주기 2~4주 / 3회 이상 시술",VAT 포함,지방분해와 리프팅 효과를 동시에 원하는 분 / 자연스러운 V라인을 원하는 분 / 이중턱이나 볼살 등 얼굴 지방 개선을 원하는 분 / 리프팅 시술이 하고싶지만 통증이 두려운 분,"시술 특장점 이중턱, 볼살 등 지방 개선 지방층에 2000V의 HVP에너지를 순간적으로 전달해 이중턱, 처진 볼살 등의 지방 개선에 도움을 줍니다. 주름과 처진 피부를 개선 Multi-Polar 에너지가 콜라겐, 엘라스틴, 히알루론산 생성을 도와 주름, 처진 피부의 개선을 기대합니다. 콜라겐 재생과 타이트닝 효과 고주파 에너지를 피부 근막층과 진피층에 집중적으로 전달하여 콜라겐 재생, 타이트닝 효과를 기대합니다.","시술시 부작용이 있나요? 시술 직후 미세한 부기나 열감, 멍 등이 있을 수 있습니다. 포마(forma)랑 fx는 어떻게 다른가요? 포마는 피부 깊은 층(진피층 전체)까지 타이트닝 시켜주고 진피층의 콜라겐, 엘라스팅 생성을 촉진시켜 지속적인 피부 탄력 개선효과를 나타냅니다. fx는 피하지방층에 있는 지방세포의 세포벽을 파괴시킴으로써 지방세포의 크기와 수를 감소시켜 불필요한 지방 제거에 도움을 줍니다.",인모드 시술시간 30~60분 마취여부 크림마취 회복시간 3일 시술효과 2주 후,"주의사항 1 시술 후, 개인에 따라 며칠간 일시적으로 피부가 욱신거리거나 미세한 부기, 멍, 붉음증이 나타날 수 있습니다. 2 시술 후, 시술 부위를 강하게 마사지하거나 누르지 말아주세요. 3 피부 속 초음파 열이 효과적으로 유지될 수 있도록 시술 후 약 3일간 미온수로 세안하는 것을 권장합니다. 4 시술 후, 약 일주일간은 사우나, 찜질방 등 고온다습한 곳은 피해주세요.",,수요일 10:00 ~ 19:00 (점심 13:00 ~ 14:00) / 목요일 10:00 ~ 19:00 (점심 13:00 ~ 14:00) / 금요일 12:00 ~ 21:00 / 토요일 10:00 ~ 16:00 / 일요일 휴진 / 월요일 10:00 ~ 19:00 (점심 13:00 ~ 14:00),0508-0353-9614
https://www.yeoshin.co.kr/event/mobile/10148,,,,탄력 잡기 인모드 리프팅,"#리프팅레이저
#얼굴지방개선
#타이트닝",https://d3gurpvil0se70.cloudfront.net/upfiles/images/product/aKpKjPfxwC7hYDcDUrvhFO2dyiL7.jpg?q=90&f=webp&w=1024,10.0,3.0,60500.0,53500,VAT 포함,오운의원(구리점),"경기도 구리시 산마루로 5 대방디엠시티 3층, 오운의원(구리점)주소복사",여의사 진료,,VAT 포함,,,,인모드 FX 시술시간 20분 마취여부 냉각마취 회복시간 3일 시술효과 2주 후,,,수요일 10:00 ~ 20:00 (점심 13:00 ~ 14:00) / 목요일 10:00 ~ 20:00 (점심 13:00 ~ 14:00) / 금요일 10:00 ~ 20:00 (점심 13:00 ~ 14:00) / 토요일 10:00 ~ 16:00 / 일요일 휴진 / 월요일 10:00 ~ 20:00 (점심 13:00 ~ 14:00),0508-0353-9945
https://www.yeoshin.co.kr/event/mobile/2598,,,,인모드 17만원,"#리프팅레이저
#얼굴지방개선
#타이트닝",https://d3gurpvil0se70.cloudfront.net/upfiles/images/product/1831164852.jpg?q=90&f=webp&w=1024,9.9,14.0,187000.0,180000,VAT 포함,조은날의원,,,,VAT 포함,,,,인모드 시술시간 30분 마취여부 냉각마취 회복시간 3일 시술효과 2주 후,,,수요일 10:30 ~ 20:30 (점심 13:00 ~ 14:00) / 목요일 10:30 ~ 20:30 (점심 13:00 ~ 14:00) / 금요일 10:30 ~ 20:30 (점심 13:00 ~ 14:00) / 토요일 10:30 ~ 16:30 / 일요일 휴진 / 월요일 10:30 ~ 20:30 (점심 13:00 ~ 14:00),0508-0353-4980
https://www.yeoshin.co.kr/event/mobile/3393,,,,적은 통증으로 효과 있는 인모드,"#리프팅레이저
#얼굴지방개선
#타이트닝",https://d3gurpvil0se70.cloudfront.net/upfiles/images/product/r6W1VbDVEEGgapUxWtAIHHeKPmN9.jpg?q=90&f=webp&w=1024,9.6,311.0,297000.0,290000,VAT 포함,라클라쎄의원,,,"인모드 #HVP기술 #지방개선 HVP 기술을 이용해 지방세포 자체를 줄여 얼굴 또는 바디 부위의 지방을 개선 #타이트닝 #리프팅 지방분해, 리프팅, 콜라겐 리모델링, 타이트닝 등의 효과 기대 #안전성 #리프팅레이저 미국 FDA 승인을 통과하여 안전성 높은 리프팅 레이저 권장주기 3~4주 / 3회 시술",VAT 포함,자연스러운 V라인을 원하는 분 / 이중턱이나 볼살 등 얼굴 지방 개선을 원하는 분,,,인모드 시술시간 20-30분 마취여부 크림마취 회복시간 7일 시술효과 당일,,,수요일 10:00 ~ 20:00 (점심 13:00 ~ 14:00) / 목요일 10:00 ~ 20:00 (점심 13:00 ~ 14:00) / 금요일 10:00 ~ 20:00 (점심 13:00 ~ 14:00) / 토요일 10:00 ~ 16:00 / 일요일 10:00 ~ 16:00 / 월요일 10:00 ~ 20:00 (점심 13:00 ~ 14:00),0508-0353-6793
https://www.yeoshin.co.kr/event/mobile/27323,,,,에르네의원 슈링크유니버스(마취선택),"#리프팅레이저
#타이트닝",https://d3gurpvil0se70.cloudfront.net/upfiles/images/product/R8ZIHUCzWDA9cMO9x3EkuYISYDC7.jpg?q=90&f=webp&w=1024,5.0,1.0,97900.0,90900,VAT 포함,에르네의원,서울시 서초구 서초대로 77길 59 에르네의원주소복사,여의사 진료 영어 응대 중국어 응대 일본어 응대,슈링크유니버스 #초음파리프팅 #콜라겐재생 강한 초음파 에너지를 피부에 전달하여 콜라겐을 재생시키고 탄력을 개선하는 리프팅 #2세대슈링크 #빠른시술 #적은통증 기존 대비 2.5배 빨라진 조사 속도로 통증이 줄어든 슈링크 업그레이드 버전 #다양한부위 #세밀한리프팅 다양한 핸드피스로 굴곡진 면이나 눈가 등 세밀한 부분까지 꼼꼼한 리프팅이 가능 권장주기 1~3개월 / 3회 이상 시술,VAT 포함,피부의 전체적인 탄력 개선을 원하는 분 / 얼굴 라인이 매끈하지 않아 고민인 분 / 피부 상태 및 부위별 맞춤 리프팅을 원하는 분 / 꼼꼼한 리프팅을 원하는 분,시술 특장점 좁고 굴곡진 부위까지 다양한 핸드피스로 닿기 어려운 부위까지 시술이 가능합니다. 다양한 초음파 모드 피부상태와 부위에 따른 초음파 모드로 시술이 가능합니다. 디테일하게 맞춤 리프팅 발전된 HIFU 기술로 디테일한 맞춤 리프팅 시술이 가능합니다.,"기존 슈링크보다 통증이 줄어들었나요? 기존 슈링크에 비해 약 2.5배 빨라진 시술 속도로 인해 통증이 경감 되었습니다.단, 개인별로 느끼는 통증의 차이는 있을 수 있습니다. 시술 시 부작용이 있나요? 부작용이 거의 없으나 개인마다 가려움증이나 두드러기 반응이 있을 수 있습니다.",슈링크유니버스 시술시간 30~40분 마취여부 마취선택 타입 회복시간 약 3일 시술효과 1~2개월,"주의사항 1 약 3일간은 미온수로 세안해주세요. 2 저자극 클렌저를 사용해주세요. 3 피부가 욱신거리거나 부기, 멍, 붉음증이 나타날 수 있습니다.",,수요일 10:00 ~ 21:00 / 목요일 10:00 ~ 21:00 / 금요일 10:00 ~ 21:00 / 토요일 10:00 ~ 17:00 / 일요일 10:00 ~ 17:00 / 월요일 10:00 ~ 21:00,0508-0354-2964
https://www.yeoshin.co.kr/event/mobile/21911,,,,인천 구월동 슈링크유니버스 100샷,"#리프팅레이저
#타이트닝",https://d3gurpvil0se70.cloudfront.net/upfiles/images/product/hxpp1VrP9VcUUXBxManAoruKAN3A.png?q=90&f=webp&w=1024,9.7,18.0,42900.0,35900,VAT 포함,닥터쁘띠의원(인천구월점),크림마취,여의사 진료 사후관리,슈링크유니버스 #초음파리프팅 #콜라겐재생 강한 초음파 에너지를 피부에 전달하여 콜라겐을 재생시키고 탄력을 개선하는 리프팅 #2세대슈링크 #빠른시술 #적은통증 기존 대비 2.5배 빨라진 조사 속도로 통증이 줄어든 슈링크 업그레이드 버전 #다양한부위 #세밀한리프팅 다양한 핸드피스로 굴곡진 면이나 눈가 등 세밀한 부분까지 꼼꼼한 리프팅이 가능 권장주기 1~3개월 / 3회 이상 시술,VAT 포함,피부의 전체적인 탄력 개선을 원하는 분 / 얼굴 라인이 매끈하지 않아 고민인 분 / 피부 상태 및 부위별 맞춤 리프팅을 원하는 분 / 꼼꼼한 리프팅을 원하는 분,,,슈링크유니버스 시술시간 30~40분 마취여부 크림마취 회복시간 약 3일 시술효과 1~2개월,,크림마취 비수면 무통마취 국소마취,수요일 10:30 ~ 20:30 / 목요일 10:30 ~ 20:30 / 금요일 10:30 ~ 20:30 / 토요일 10:30 ~ 17:00 / 일요일 10:30 ~ 17:00 / 월요일 10:30 ~ 20:30,0508-0353-0764
https://www.yeoshin.co.kr/event/mobile/27333,,,,피부 탄력 UP! 슈링크 유니버스,"#리프팅레이저
#타이트닝",https://d3gurpvil0se70.cloudfront.net/upfiles/images/product/J00qp9gpV4wIjtyjKGUnytR3jok8.jpg?q=90&f=webp&w=1024,7.5,4.0,38500.0,31500,VAT 포함,유앤아이의원(창동점),서울특별시 도봉구 마들로11길 51 (창동) 4층주소복사,,,VAT 포함,,,,슈링크유니버스 시술시간 30~40분 마취여부 크림마취 회복시간 약 3일 시술효과 1~2개월,,크림마취,수요일 10:00 ~ 20:30 / 목요일 10:00 ~ 20:30 / 금요일 10:00 ~ 20:30 / 토요일 10:00 ~ 16:00 / 일요일 10:00 ~ 16:00 / 월요일 10:00 ~ 20:30,050803543360
https://www.yeoshin.co.kr/event/mobile/23081,,,,"탄력UP, 처짐DOWN 슈링크유니버스","#리프팅레이저
#타이트닝",https://d3gurpvil0se70.cloudfront.net/upfiles/images/product/idWaiOAvulc5Unqd6AAjNayKp918.png?q=90&f=webp&w=1024,9.7,22.0,108900.0,101900,VAT 포함,뷰티블라썸의원,"서울특별시 마포구 양화로 66 (서교동) 5층,6층주소복사",여의사 진료 사후관리 영어 응대 중국어 응대 일본어 응대,슈링크유니버스 #초음파리프팅 #콜라겐재생 강한 초음파 에너지를 피부에 전달하여 콜라겐을 재생시키고 탄력을 개선하는 리프팅 #2세대슈링크 #빠른시술 #적은통증 기존 대비 2.5배 빨라진 조사 속도로 통증이 줄어든 슈링크 업그레이드 버전 #다양한부위 #세밀한리프팅 다양한 핸드피스로 굴곡진 면이나 눈가 등 세밀한 부분까지 꼼꼼한 리프팅이 가능 권장주기 1~3개월 / 3회 이상 시술,VAT 포함,피부의 전체적인 탄력 개선을 원하는 분 / 얼굴 라인이 매끈하지 않아 고민인 분 / 피부 상태 및 부위별 맞춤 리프팅을 원하는 분 / 꼼꼼한 리프팅을 원하는 분,,,슈링크유니버스 시술시간 30~40분 마취여부 마취없음 회복시간 약 3일 시술효과 1~2개월,,,수요일 10:00 ~ 20:00 / 목요일 10:00 ~ 20:00 / 금요일 10:00 ~ 20:00 / 토요일 10:00 ~ 16:30 / 일요일 10:00 ~ 16:30 / 월요일 10:00 ~ 20:00 / 대체 공휴일 진료,0508-0353-9342
https://www.yeoshin.co.kr/event/mobile/18785,,,,슈링크 유니버스 300샷,"#리프팅레이저
#타이트닝",https://d3gurpvil0se70.cloudfront.net/upfiles/images/product/CnQtIgNH7MSlHKhqp355qfVCrSr2.jpg?q=90&f=webp&w=1024,9.7,35.0,99000.0,92000,VAT 포함,뷰티앤디지털치과병원,"경기도 파주시 경의로1240번길 19 (와동동) 월드타워15차 7층, 8층주소복사",전문의 9명 피부진단기 F-RAY 촬영 >,,VAT 포함,,,,슈링크유니버스 시술시간 15분 마취여부 선택 회복시간 당일 시술효과 -,,,수요일 10:00 ~ 20:00 / 목요일 10:00 ~ 20:00 / 금요일 10:00 ~ 18:00 / 토요일 10:00 ~ 16:00 / 일요일 휴진 / 월요일 10:00 ~ 20:00 / 월~금 점심시간은 2시~3시 입니다,0508-0353-9799
https://www.yeoshin.co.kr/event/mobile/16991,,,,슈링크 유니버스 100샷,"#리프팅레이저
#타이트닝",https://d3gurpvil0se70.cloudfront.net/upfiles/images/product/ZosaOLtxEAEs45zalGjVeJ7pPzF7.jpg?q=90&f=webp&w=1024,9.2,85.0,31900.0,24900,VAT 포함,롤리팝성형외과의원,크림마취,전문의 6명 여의사 진료 수술실 CCTV 영어 응대 일본어 응대 피부진단기 F-RAY 촬영 >,,VAT 포함,,,,슈링크유니버스 시술시간 30~40분 마취여부 크림마취 회복시간 3일 시술효과 1~2달 후,,크림마취 수면마취 국소마취,수요일 10:00 ~ 19:00 / 목요일 10:00 ~ 19:00 / 금요일 10:00 ~ 19:00 / 토요일 10:00 ~ 19:00 / 일요일 13:00 ~ 19:00 / 월요일 10:00 ~ 19:00,0508-0353-5502
https://www.yeoshin.co.kr/event/mobile/22020,,,,슈링크 유니버스 300샷,"#리프팅레이저
#타이트닝",https://d3gurpvil0se70.cloudfront.net/upfiles/images/product/GB6UMhjLDEs2nBwDFq8CAA1SmteA.jpg?q=90&f=webp&w=1024,,,155000.0,148000,VAT 포함,비올라셀성형외과,크림마취,전문의 1명 수술실 CCTV 전담회복실 사후관리 피부진단기 F-RAY 촬영 >,슈링크유니버스 #초음파리프팅 #콜라겐재생 강한 초음파 에너지를 피부에 전달하여 콜라겐을 재생시키고 탄력을 개선하는 리프팅 #2세대슈링크 #빠른시술 #적은통증 기존 대비 2.5배 빨라진 조사 속도로 통증이 줄어든 슈링크 업그레이드 버전 #다양한부위 #세밀한리프팅 다양한 핸드피스로 굴곡진 면이나 눈가 등 세밀한 부분까지 꼼꼼한 리프팅이 가능 권장주기 1~3개월 / 3회 이상 시술,VAT 포함,피부의 전체적인 탄력 개선을 원하는 분 / 얼굴 라인이 매끈하지 않아 고민인 분 / 피부 상태 및 부위별 맞춤 리프팅을 원하는 분 / 꼼꼼한 리프팅을 원하는 분,시술 특장점 좁고 굴곡진 부위까지 다양한 핸드피스로 닿기 어려운 부위까지 시술이 가능합니다. 다양한 초음파 모드 피부상태와 부위에 따른 초음파 모드로 시술이 가능합니다. 디테일하게 맞춤 리프팅 발전된 HIFU 기술로 디테일한 맞춤 리프팅 시술이 가능합니다.,"기존 슈링크보다 통증이 줄어들었나요? 기존 슈링크에 비해 약 2.5배 빨라진 시술 속도로 인해 통증이 경감 되었습니다.단, 개인별로 느끼는 통증의 차이는 있을 수 있습니다. 시술 시 부작용이 있나요? 부작용이 거의 없으나 개인마다 가려움증이나 두드러기 반응이 있을 수 있습니다.",슈링크유니버스 시술시간 30~40분 마취여부 크림마취 회복시간 약 3일 시술효과 1~2개월,"주의사항 1 약 3일간은 미온수로 세안해주세요. 2 저자극 클렌저를 사용해주세요. 3 피부가 욱신거리거나 부기, 멍, 붉음증이 나타날 수 있습니다. 4 시술 후 일주일 정도 필링 시술, 스크럽제 사용을 피하는 것이 좋습니다. 5 자외선 차단제를 잘 발라주시고 비타민C 등 항산화제 섭취에 신경써주세요. 6 열감에 의해 건조함을 느낄 수 있습니다. 보습제를 충분히 발라주세요.",크림마취 수면마취 비수면 무통마취 국소마취,수요일 10:00 ~ 19:00 / 목요일 10:00 ~ 19:00 / 금요일 10:00 ~ 21:00 / 토요일 10:00 ~ 17:00 / 일요일 휴진 / 월요일 10:00 ~ 19:00,0508-0353-4553
https://www.yeoshin.co.kr/event/mobile/21214,,,,슈링크 유니버스 리프팅,"#리프팅레이저
#타이트닝",https://d3gurpvil0se70.cloudfront.net/upfiles/images/product/atSxg5vKKXCn7hXqs95KKaA09XO4.jpg?q=90&f=webp&w=1024,9.5,2.0,165000.0,158000,VAT 포함,가산시그니처정형외과의원,크림마취,전문의 1명 분야별 협진 전담회복실,슈링크유니버스 #초음파리프팅 #콜라겐재생 강한 초음파 에너지를 피부에 전달하여 콜라겐을 재생시키고 탄력을 개선하는 리프팅 #2세대슈링크 #빠른시술 #적은통증 기존 대비 2.5배 빨라진 조사 속도로 통증이 줄어든 슈링크 업그레이드 버전 #다양한부위 #세밀한리프팅 다양한 핸드피스로 굴곡진 면이나 눈가 등 세밀한 부분까지 꼼꼼한 리프팅이 가능 권장주기 1~3개월 / 3회 이상 시술,VAT 포함,피부의 전체적인 탄력 개선을 원하는 분 / 얼굴 라인이 매끈하지 않아 고민인 분 / 피부 상태 및 부위별 맞춤 리프팅을 원하는 분 / 꼼꼼한 리프팅을 원하는 분,,,슈링크유니버스 시술시간 30~40분 마취여부 크림마취 회복시간 약 3일 시술효과 1~2개월,,크림마취 수면마취 비수면 무통마취 국소마취,수요일 09:00 ~ 20:00 (점심 14:00 ~ 15:00) / 목요일 09:00 ~ 20:00 (점심 14:00 ~ 15:00) / 금요일 09:00 ~ 20:00 (점심 14:00 ~ 15:00) / 토요일 09:00 ~ 14:00 / 일요일 휴진 / 월요일 09:00 ~ 20:00 (점심 14:00 ~ 15:00),0508-0353-8080
https://www.yeoshin.co.kr/event/mobile/26101,,,,365드림치과병원 슈링크유니버스 출시이벤트,"#리프팅레이저
#타이트닝",https://d3gurpvil0se70.cloudfront.net/upfiles/images/product/ZvutrAlahyaUdDqQrVXgb2CCsKB.jpg?q=90&f=webp&w=1024,,,110000.0,103000,VAT 포함,365드림치과병원,가글마취,전문의 6명 여의사 진료 분야별 협진 전담회복실,,VAT 포함,,,,슈링크유니버스 시술시간 30~40분 마취여부 크림마취 회복시간 약 3일 시술효과 1~2개월,,가글마취 수면마취 비수면 무통마취 국소마취,수요일 09:30 ~ 21:00 (점심 12:30 ~ 14:00) / 목요일 09:30 ~ 21:00 (점심 12:30 ~ 14:00) / 금요일 09:30 ~ 21:00 (점심 12:30 ~ 14:00) / 토요일 09:30 ~ 17:00 (점심 12:30 ~ 13:30) / 일요일 09:30 ~ 17:00 (점심 12:30 ~ 13:30) / 월요일 09:30 ~ 21:00 (점심 12:30 ~ 14:00),050803531445
https://www.yeoshin.co.kr/event/mobile/4385,,,,"탄력UP, 슈링크 유니버스","#리프팅레이저
#타이트닝",https://d3gurpvil0se70.cloudfront.net/upfiles/images/product/dHYsT1Wci6U1Wy86kk1DY2818fy2.png?q=90&f=webp&w=1024,9.7,19.0,38500.0,31500,VAT 포함,유앤아이의원(일산점),,,,VAT 포함,,,,슈링크유니버스 시술시간 30~40분 마취여부 크림마취 회복시간 3일 시술효과 1~2달 후,,,수요일 10:00 ~ 20:30 (점심 13:00 ~ 14:00) / 목요일 10:00 ~ 20:30 (점심 13:00 ~ 14:00) / 금요일 10:00 ~ 20:30 (점심 13:00 ~ 14:00) / 토요일 10:00 ~ 16:00 / 일요일 휴진 / 월요일 10:00 ~ 20:30 (점심 13:00 ~ 14:00),0508-0354-0852
https://www.yeoshin.co.kr/event/mobile/27593,,,,슈링크유니버스 300샷,"#리프팅레이저
#타이트닝",https://d3gurpvil0se70.cloudfront.net/upfiles/images/product/IJllSfa0KmKRJgQBKaypSN5CZ5Q9.jpg?q=90&f=webp&w=1024,,,163900.0,156900,VAT 포함,리베리의원(마포점),크림마취,사후관리,슈링크유니버스 #초음파리프팅 #콜라겐재생 강한 초음파 에너지를 피부에 전달하여 콜라겐을 재생시키고 탄력을 개선하는 리프팅 #2세대슈링크 #빠른시술 #적은통증 기존 대비 2.5배 빨라진 조사 속도로 통증이 줄어든 슈링크 업그레이드 버전 #다양한부위 #세밀한리프팅 다양한 핸드피스로 굴곡진 면이나 눈가 등 세밀한 부분까지 꼼꼼한 리프팅이 가능 권장주기 1~3개월 / 3회 이상 시술,VAT 포함,피부의 전체적인 탄력 개선을 원하는 분 / 얼굴 라인이 매끈하지 않아 고민인 분 / 피부 상태 및 부위별 맞춤 리프팅을 원하는 분 / 꼼꼼한 리프팅을 원하는 분,시술 특장점 좁고 굴곡진 부위까지 다양한 핸드피스로 닿기 어려운 부위까지 시술이 가능합니다. 다양한 초음파 모드 피부상태와 부위에 따른 초음파 모드로 시술이 가능합니다. 디테일하게 맞춤 리프팅 발전된 HIFU 기술로 디테일한 맞춤 리프팅 시술이 가능합니다.,"기존 슈링크보다 통증이 줄어들었나요? 기존 슈링크에 비해 약 2.5배 빨라진 시술 속도로 인해 통증이 경감 되었습니다.단, 개인별로 느끼는 통증의 차이는 있을 수 있습니다. 시술 시 부작용이 있나요? 부작용이 거의 없으나 개인마다 가려움증이나 두드러기 반응이 있을 수 있습니다.",슈링크유니버스 시술시간 30~40분 마취여부 크림마취 회복시간 약 3일 시술효과 1~2개월,"주의사항 1 약 3일간은 미온수로 세안해주세요. 2 저자극 클렌저를 사용해주세요. 3 피부가 욱신거리거나 부기, 멍, 붉음증이 나타날 수 있습니다.",크림마취 국소마취,수요일 10:30 ~ 20:30 (점심 14:00 ~ 15:00) / 목요일 10:30 ~ 20:30 (점심 14:00 ~ 15:00) / 금요일 10:30 ~ 20:30 (점심 14:00 ~ 15:00) / 토요일 10:30 ~ 15:30 / 일요일 휴진 / 월요일 10:30 ~ 20:30 (점심 14:00 ~ 15:00),"서울특별시 마포구 월드컵로 200, 11층 1101,1102호(성산동, SJ라벨라 상암)"
https://www.yeoshin.co.kr/event/mobile/27519,,,,"퀵리프팅 통증DOWN, 슈링크 유니버스","#리프팅레이저
#타이트닝",https://d3gurpvil0se70.cloudfront.net/upfiles/images/product/iw7qlu0P0tiJYeI8u02pszJ6Vdq7.jpg?q=90&f=webp&w=1024,,,50000.0,43000,VAT 포함,아이맘한의원,크림마취,기본 입원실 환자전용숙소 전담회복실 사후관리 피부진단기 F-RAY 촬영 >,슈링크유니버스 #초음파리프팅 #콜라겐재생 강한 초음파 에너지를 피부에 전달하여 콜라겐을 재생시키고 탄력을 개선하는 리프팅 #2세대슈링크 #빠른시술 #적은통증 기존 대비 2.5배 빨라진 조사 속도로 통증이 줄어든 슈링크 업그레이드 버전 #다양한부위 #세밀한리프팅 다양한 핸드피스로 굴곡진 면이나 눈가 등 세밀한 부분까지 꼼꼼한 리프팅이 가능 권장주기 1~3개월 / 3회 이상 시술,VAT 포함,피부의 전체적인 탄력 개선을 원하는 분 / 얼굴 라인이 매끈하지 않아 고민인 분 / 피부 상태 및 부위별 맞춤 리프팅을 원하는 분 / 꼼꼼한 리프팅을 원하는 분,시술 특장점 #퀵리프팅#통증DOWN#갓성비 개개인에 꼭 맞는 리프팅 전략으로 한샷한샷 꼼꼼하게 다양한 초음파 모드 피부상태와 부위에 따른 초음파 모드로 시술이 가능합니다. 디테일하게 맞춤 리프팅 발전된 HIFU 기술로 디테일한 맞춤 리프팅 시술이 가능합니다.,"기존 슈링크보다 통증이 줄어들었나요? 기존 슈링크에 비해 약 2.5배 빨라진 시술 속도로 인해 통증이 경감 되었습니다.단, 개인별로 느끼는 통증의 차이는 있을 수 있습니다. 시술 시 부작용이 있나요? 부작용이 거의 없으나 개인마다 가려움증이나 두드러기 반응이 있을 수 있습니다.",슈링크유니버스 시술시간 10~20분 마취여부 크림마취 회복시간 약 3일 시술효과 1~3개월,"주의사항 1 약 3일간은 미온수로 세안해주세요. 2 저자극 클렌저를 사용해주세요. 3 피부가 욱신거리거나 부기, 멍, 붉음증이 나타날 수 있습니다. 4 통증에 민감하신 분은 시술 전 마취크림과 초음파젤을 바른 후 시술합니다. 5 시술 후 일주일 정도 필링 시술, 스크럽제 사용을 피하는 것이 좋습니다. 6 피부가 진정 될때까지 2~3일정도 무리하지 말고 안정을 취해주세요. 7 열감에 의해 건조함을 느낄 수 있습니다. 보습제를 충분히 발라주세요.",크림마취,수요일 10:00 ~ 20:00 (점심 12:30 ~ 14:00) / 목요일 10:00 ~ 20:00 (점심 12:30 ~ 14:00) / 금요일 10:00 ~ 20:00 (점심 12:30 ~ 14:00) / 토요일 10:00 ~ 15:00 / 일요일 휴진 / 월요일 10:00 ~ 20:00 (점심 12:30 ~ 14:00) / 공휴일 진료합니다.,0508-0354-2525
https://www.yeoshin.co.kr/event/mobile/25186,,,,슈링크 유니버스 100샷,"#리프팅레이저
#타이트닝",https://d3gurpvil0se70.cloudfront.net/upfiles/images/product/QWq2Mih399Qu35hiBay5nimC7w75.jpg?q=90&f=webp&w=1024,,,99000.0,92000,VAT 포함,더올림성형외과의원,크림마취,전문의 1명 여의사 진료 사후관리,슈링크유니버스 #초음파리프팅 #콜라겐재생 강한 초음파 에너지를 피부에 전달하여 콜라겐을 재생시키고 탄력을 개선하는 리프팅 #2세대슈링크 #빠른시술 #적은통증 기존 대비 2.5배 빨라진 조사 속도로 통증이 줄어든 슈링크 업그레이드 버전 #다양한부위 #세밀한리프팅 다양한 핸드피스로 굴곡진 면이나 눈가 등 세밀한 부분까지 꼼꼼한 리프팅이 가능 권장주기 1~3개월 / 3회 이상 시술,VAT 포함,피부의 전체적인 탄력 개선을 원하는 분 / 얼굴 라인이 매끈하지 않아 고민인 분 / 피부 상태 및 부위별 맞춤 리프팅을 원하는 분 / 꼼꼼한 리프팅을 원하는 분,,,슈링크유니버스 시술시간 30~40분 마취여부 크림마취 회복시간 약 3일 시술효과 1~2개월,,크림마취 수면마취,수요일 10:00 ~ 19:00 / 목요일 10:00 ~ 19:00 / 금요일 10:00 ~ 19:00 / 토요일 10:00 ~ 16:00 / 일요일 휴진 / 월요일 10:00 ~ 19:00,050803531308
https://www.yeoshin.co.kr/event/mobile/17375,,,,블리비 슈링크 유니버스 리프팅,"#리프팅레이저
#타이트닝",https://d3gurpvil0se70.cloudfront.net/upfiles/images/product/MZzCd1YqgdLqpkc8WvGC17BagIc1.jpg?q=90&f=webp&w=1024,8.5,8.0,38500.0,31500,VAT 포함,블리비의원(명동점),,,슈링크유니버스 #초음파리프팅 #콜라겐재생 강한 초음파 에너지를 피부에 전달하여 콜라겐을 재생시키고 탄력을 개선하는 리프팅 #2세대슈링크 #빠른시술 #적은통증 기존 대비 2.5배 빨라진 조사 속도로 통증이 줄어든 슈링크 업그레이드 버전 #다양한부위 #세밀한리프팅 다양한 핸드피스로 굴곡진 면이나 눈가 등 세밀한 부분까지 꼼꼼한 리프팅이 가능 권장주기 1~3개월 / 3회 이상 시술,VAT 포함,피부의 전체적인 탄력 개선을 원하는 분 / 얼굴 라인이 매끈하지 않아 고민인 분 / 피부 상태 및 부위별 맞춤 리프팅을 원하는 분 / 꼼꼼한 리프팅을 원하는 분,시술 특장점 좁고 굴곡진 부위까지 다양한 핸드피스로 닿기 어려운 부위까지 시술이 가능합니다. 다양한 초음파 모드 피부상태와 부위에 따른 초음파 모드로 시술이 가능합니다. 디테일하게 맞춤 리프팅 발전된 HIFU 기술로 디테일한 맞춤 리프팅 시술이 가능합니다.,"기존 슈링크보다 통증이 줄어들었나요? 기존 슈링크에 비해 약 2.5배 빨라진 시술 속도로 인해 통증이 경감 되었습니다.단, 개인별로 느끼는 통증의 차이는 있을 수 있습니다. 울트라 부스터 앰플은 어떤 효과가 있나요? 슈링크 유니버스 울트라 부스터 핸드피스로 시술 시 도포되는 앰플로 미백효과, 주름개선, 물광보습, 탄력증진 효과를 기대할 수 있습니다.",슈링크유니버스 시술시간 30~40분 마취여부 크림마취 회복시간 약 3일 시술효과 1~2개월,"주의사항 1 약 3일간은 미온수로 세안해주세요. 2 저자극 클렌저를 사용해주세요. 3 피부가 욱신거리거나 부기, 멍, 붉음증이 나타날 수 있습니다. 4 통증에 민감하신 분은 시술 전 마취크림과 초음파젤을 바른 후 시술합니다.",,수요일 10:30 ~ 20:30 (점심 14:00 ~ 15:00) / 목요일 10:30 ~ 20:30 (점심 14:00 ~ 15:00) / 금요일 10:30 ~ 20:30 (점심 14:00 ~ 15:00) / 토요일 10:00 ~ 16:30 / 일요일 휴진 / 월요일 10:30 ~ 20:30 (점심 14:00 ~ 15:00),0508-0354-2895
https://www.yeoshin.co.kr/event/mobile/17290,,,,블리비 슈링크 유니버스 리프팅,"#리프팅레이저
#타이트닝",https://d3gurpvil0se70.cloudfront.net/upfiles/images/product/ycD8domQPzB9Q4lv0cDSLx0xT1F5.jpg?q=90&f=webp&w=1024,9.5,6.0,38500.0,31500,VAT 포함,블리비의원(발산점),,,슈링크유니버스 #초음파리프팅 #콜라겐재생 강한 초음파 에너지를 피부에 전달하여 콜라겐을 재생시키고 탄력을 개선하는 리프팅 #2세대슈링크 #빠른시술 #적은통증 기존 대비 2.5배 빨라진 조사 속도로 통증이 줄어든 슈링크 업그레이드 버전 #다양한부위 #세밀한리프팅 다양한 핸드피스로 굴곡진 면이나 눈가 등 세밀한 부분까지 꼼꼼한 리프팅이 가능 권장주기 1~3개월 / 3회 이상 시술,VAT 포함,피부의 전체적인 탄력 개선을 원하는 분 / 얼굴 라인이 매끈하지 않아 고민인 분 / 피부 상태 및 부위별 맞춤 리프팅을 원하는 분 / 꼼꼼한 리프팅을 원하는 분,,,슈링크유니버스 시술시간 30~40분 마취여부 크림마취 회복시간 약 3일 시술효과 1~2개월,,,수요일 10:30 ~ 20:30 (점심 14:00 ~ 15:00) / 목요일 10:30 ~ 20:30 (점심 14:00 ~ 15:00) / 금요일 10:30 ~ 20:30 (점심 14:00 ~ 15:00) / 토요일 10:00 ~ 16:30 / 일요일 휴진 / 월요일 10:30 ~ 20:30 (점심 14:00 ~ 15:00) / 토요일 점심시간 없이 진료 일요일 / 공휴일 휴무,0508-0354-2882
https://www.yeoshin.co.kr/event/mobile/10398,,,,반하는 마취포함 슈링크유니버스,"#리프팅레이저
#타이트닝",https://d3gurpvil0se70.cloudfront.net/upfiles/images/product/1Vil6OydIA5ojMCUwxQSVVkKB5w5.jpg?q=90&f=webp&w=1024,,,165000.0,158000,VAT 포함,반하다의원,"서울 강남구 논현로 822 3층(신사동, 로뎀빌딩)주소복사",수술실 CCTV 응급처치 시스템 기본 입원실 사후관리,슈링크유니버스 #초음파리프팅 #콜라겐재생 강한 초음파 에너지를 피부에 전달하여 콜라겐을 재생시키고 탄력을 개선하는 리프팅 #2세대슈링크 #빠른시술 #적은통증 기존 대비 2.5배 빨라진 조사 속도로 통증이 줄어든 슈링크 업그레이드 버전 #다양한부위 #세밀한리프팅 다양한 핸드피스로 굴곡진 면이나 눈가 등 세밀한 부분까지 꼼꼼한 리프팅이 가능 권장주기 1~3개월 / 3회 이상 시술,VAT 포함,피부의 전체적인 탄력 개선을 원하는 분 / 얼굴 라인이 매끈하지 않아 고민인 분 / 피부 상태 및 부위별 맞춤 리프팅을 원하는 분 / 꼼꼼한 리프팅을 원하는 분,,,슈링크유니버스 시술시간 30~40분 마취여부 크림마취 회복시간 약 3일 시술효과 1~2개월,,,수요일 10:00 ~ 19:00 (점심 13:00 ~ 14:00) / 목요일 10:00 ~ 19:00 (점심 13:00 ~ 14:00) / 금요일 10:00 ~ 19:00 (점심 13:00 ~ 14:00) / 토요일 10:00 ~ 16:00 (점심 13:00 ~ 14:00) / 일요일 휴진 / 월요일 10:00 ~ 19:00 (점심 13:00 ~ 14:00) / 공휴일 진료시간 : 10시~7시 (유동적/ 점심시간 동일),0508-0353-3640
https://www.yeoshin.co.kr/event/mobile/9811,,,,신사역 슈링크 유니버스 리프팅,"#리프팅레이저
#타이트닝",https://d3gurpvil0se70.cloudfront.net/upfiles/images/product/HSxlcnEK8QNsmEOJFxajq84Khhb3.png?q=90&f=webp&w=1024,9.4,87.0,55000.0,48000,VAT 포함,신사에그의원,크림마취,여의사 진료 영어 응대 중국어 응대 일본어 응대,슈링크유니버스 #초음파리프팅 #콜라겐재생 강한 초음파 에너지를 피부에 전달하여 콜라겐을 재생시키고 탄력을 개선하는 리프팅 #2세대슈링크 #빠른시술 #적은통증 기존 대비 2.5배 빨라진 조사 속도로 통증이 줄어든 슈링크 업그레이드 버전 #다양한부위 #세밀한리프팅 다양한 핸드피스로 굴곡진 면이나 눈가 등 세밀한 부분까지 꼼꼼한 리프팅이 가능 권장주기 1~3개월 / 3회 이상 시술,VAT 포함,피부 상태 및 부위별 맞춤 리프팅을 원하는 분 / 리프팅 시술이 하고싶지만 통증이 두려운 분,,시술 후 어떻게 관리해야 하나요? 해당 부위가 과한 열감이나 냉감에 노출되는 것을 피해주시고 수분크림을 자주 발라주세요. 효과는 언제 나타나나요? 시술 후 눈으로 효과를 확인하실 수 있으나 개인에 따라 60일 이후에 눈에 띄는 변화를 느끼실 수 있습니다.,슈링크유니버스 시술시간 30~40분 마취여부 크림마취 회복시간 3일 시술효과 1~2달 후,"주의사항 1 시술 부위를 강하게 마사지하거나 누르지 말아주세요 2 일주일동안 고온다습한 사우나, 찜질방 등은 피해주세요. 3 붉은기, 통증, 엠보싱이 나타날 수 있습니다.",크림마취 수면마취 국소마취,수요일 11:00 ~ 20:30 (점심 14:00 ~ 15:00) / 목요일 11:00 ~ 20:30 (점심 14:00 ~ 15:00) / 금요일 11:00 ~ 20:30 (점심 14:00 ~ 15:00) / 토요일 11:00 ~ 17:00 / 일요일 11:00 ~ 17:00 / 월요일 11:00 ~ 20:30 (점심 14:00 ~ 15:00),0508-0353-5368
https://www.yeoshin.co.kr/event/mobile/8651,,,,"더 강력해진, 슈링크 유니버스","#리프팅레이저
#타이트닝",https://d3gurpvil0se70.cloudfront.net/upfiles/images/product/WvvjAMc3nQhXbgVQoxWQZJUhU12A.jpg?q=90&f=webp&w=1024,8.9,37.0,53900.0,46900,VAT 포함,유앤아이의원(수원점),경기도 수원시 팔달구 효원로 265번길 54 유앤아이의원(수원점)주소복사,전문의 1명 영어 응대 중국어 응대,,VAT 포함,,,,슈링크유니버스 시술시간 30분 마취여부 냉각마취 회복시간 3일 시술효과 1~2달 후,,,수요일 10:00 ~ 20:30 / 목요일 10:00 ~ 20:30 / 금요일 10:00 ~ 20:30 / 토요일 휴진 / 일요일 휴진 / 월요일 10:00 ~ 20:30,0508-0354-0319
https://www.yeoshin.co.kr/event/mobile/3722,,,,뉴엘라인의 특별한 슈링크유니버스,"#리프팅레이저
#타이트닝",https://d3gurpvil0se70.cloudfront.net/upfiles/images/product/wpe83eE15sgdpbjSsVkSTNZAaV01.jpg?q=90&f=webp&w=1024,9.8,12.0,53900.0,46900,VAT 포함,뉴엘라인의원,크림마취,전문의 1명 여의사 진료 마취과의 진료 수술실 CCTV,슈링크유니버스 #초음파리프팅 #콜라겐재생 강한 초음파 에너지를 피부에 전달하여 콜라겐을 재생시키고 탄력을 개선하는 리프팅 #2세대슈링크 #빠른시술 #적은통증 기존 대비 2.5배 빨라진 조사 속도로 통증이 줄어든 슈링크 업그레이드 버전 #다양한부위 #세밀한리프팅 다양한 핸드피스로 굴곡진 면이나 눈가 등 세밀한 부분까지 꼼꼼한 리프팅이 가능 권장주기 1~3개월 / 3회 이상 시술,VAT 포함,목과 턱의 경계가 불분명한 분 / 피부 상태 및 부위별 맞춤 리프팅을 원하는 분 / 일상생활 복귀가 빠른 시술을 원하는 분,,,슈링크유니버스 시술시간 30~40분 마취여부 크림마취 회복시간 3일 시술효과 1~2달 후,,크림마취 수면마취,수요일 11:00 ~ 20:00 (점심 14:00 ~ 15:00) / 목요일 11:00 ~ 20:00 (점심 14:00 ~ 15:00) / 금요일 11:00 ~ 21:00 (점심 14:00 ~ 15:00) / 토요일 11:00 ~ 16:00 / 일요일 휴진 / 월요일 11:00 ~ 20:00 (점심 14:00 ~ 15:00),0508-0353-1719
https://www.yeoshin.co.kr/event/mobile/650,,,,슈링크유니버스&파워윤곽주사,"#리프팅레이저
#타이트닝",https://d3gurpvil0se70.cloudfront.net/upfiles/images/product/ZXNUAgg19lNdLdAIpMZCzlq27Q18.jpg?q=90&f=webp&w=1024,9.2,25.0,79000.0,72000,VAT 포함,제이필의원(강남점),서울특별시 강남구 강남대로 438 (역삼동) 스타플렉스 B1주소복사,영어 응대 중국어 응대 일본어 응대,,VAT 포함,,,,슈링크유니버스 시술시간 30~40분 마취여부 크림마취 회복시간 약 3일 시술효과 1~2개월,,,수요일 10:00 ~ 20:00 / 목요일 10:00 ~ 20:00 / 금요일 10:00 ~ 20:00 / 토요일 10:00 ~ 17:00 / 일요일 휴진 / 월요일 10:00 ~ 20:00,0508-0353-4730
https://www.yeoshin.co.kr/event/mobile/26637,,,,슈링크유니버스&파워윤곽주사,"#리프팅레이저
#타이트닝",https://d3gurpvil0se70.cloudfront.net/upfiles/images/product/JMxjwhBTlRVvALLslrFidlk9q4N7.jpg?q=90&f=webp&w=1024,10.0,1.0,79000.0,72000,VAT 포함,제이필의원(홍대점),크림마취,전문의 1명 여의사 진료 수술실 CCTV 분야별 협진 사후관리,,VAT 포함,,,,슈링크유니버스 시술시간 30~40분 마취여부 크림마취 회복시간 약 3일 시술효과 1~2개월,,크림마취 수면마취 비수면 무통마취,수요일 10:00 ~ 20:00 / 목요일 10:00 ~ 20:00 / 금요일 10:00 ~ 20:00 / 토요일 10:00 ~ 17:00 / 일요일 휴진 / 월요일 10:00 ~ 20:00,050803543270
https://www.yeoshin.co.kr/event/mobile/9054,,,,슈링크유니버스로 강력한 리프팅,"#리프팅레이저
#타이트닝",https://d3gurpvil0se70.cloudfront.net/upfiles/images/product/fdnJpWmTDF5686BeNFsz2imSBCqA.jpg?q=90&f=webp&w=1024,9.9,10.0,55000.0,48000,VAT 포함,제이필의원(강남점),서울특별시 강남구 강남대로 438 (역삼동) 스타플렉스 B1주소복사,영어 응대 중국어 응대 일본어 응대,,VAT 포함,,,,슈링크유니버스 시술시간 30분 마취여부 냉각마취 회복시간 3일 시술효과 1~2달 후,,,수요일 10:00 ~ 20:00 / 목요일 10:00 ~ 20:00 / 금요일 10:00 ~ 20:00 / 토요일 10:00 ~ 17:00 / 일요일 휴진 / 월요일 10:00 ~ 20:00,0508-0353-4730
https://www.yeoshin.co.kr/event/mobile/27046,,,,완벽V라인 슈링크 유니버스,"#리프팅레이저
#타이트닝",https://d3gurpvil0se70.cloudfront.net/upfiles/images/product/US82hB6t7703ZDeZe2Nm6f0T8YR9.jpg?q=90&f=webp&w=1024,,,75900.0,68900,VAT 포함,샤인빔의원(송도점),크림마취,여의사 진료 영어 응대 일본어 응대,슈링크유니버스 #초음파리프팅 #콜라겐재생 강한 초음파 에너지를 피부에 전달하여 콜라겐을 재생시키고 탄력을 개선하는 리프팅 #2세대슈링크 #빠른시술 #적은통증 기존 대비 2.5배 빨라진 조사 속도로 통증이 줄어든 슈링크 업그레이드 버전 #다양한부위 #세밀한리프팅 다양한 핸드피스로 굴곡진 면이나 눈가 등 세밀한 부분까지 꼼꼼한 리프팅이 가능 권장주기 1~3개월 / 3회 이상 시술,VAT 포함,피부의 전체적인 탄력 개선을 원하는 분 / 얼굴 라인이 매끈하지 않아 고민인 분 / 피부 상태 및 부위별 맞춤 리프팅을 원하는 분 / 꼼꼼한 리프팅을 원하는 분,시술 특장점 좁고 굴곡진 부위까지 다양한 핸드피스로 닿기 어려운 부위까지 시술이 가능합니다. 다양한 초음파 모드 피부상태와 부위에 따른 초음파 모드로 시술이 가능합니다. 디테일하게 맞춤 리프팅 발전된 HIFU 기술로 디테일한 맞춤 리프팅 시술이 가능합니다.,"기존 슈링크보다 통증이 줄어들었나요? 기존 슈링크에 비해 약 2.5배 빨라진 시술 속도로 인해 통증이 경감 되었습니다.단, 개인별로 느끼는 통증의 차이는 있을 수 있습니다. 시술 시 부작용이 있나요? 부작용이 거의 없으나 개인마다 가려움증이나 두드러기 반응이 있을 수 있습니다.",슈링크유니버스 시술시간 30~40분 마취여부 크림마취 회복시간 약 3일 시술효과 1~2개월,"주의사항 1 약 3일간은 미온수로 세안해주세요. 2 저자극 클렌저를 사용해주세요. 3 피부가 욱신거리거나 부기, 멍, 붉음증이 나타날 수 있습니다.",크림마취 수면마취 비수면 무통마취,수요일 10:00 ~ 20:00 / 목요일 10:00 ~ 20:00 / 금요일 10:00 ~ 20:00 / 토요일 10:00 ~ 16:00 / 일요일 휴진 / 월요일 10:00 ~ 20:00,"인천광역시 연수구 인천타워대로 197번길 16, 3층 323,324, 325호(송 도동, 리치센트럴)"
https://www.yeoshin.co.kr/event/mobile/15878,,,,1인 대표원장 1:1 리프팅 슈링크유니버스,"#리프팅레이저
#타이트닝",https://d3gurpvil0se70.cloudfront.net/upfiles/images/product/844ez73Tt4rQfG6lWROe7bBiHWR1.jpg?q=90&f=webp&w=1024,9.7,3.0,110000.0,103000,VAT 포함,송도비앤미의원,크림마취,전문의 1명 분야별 협진 기본 입원실 전담회복실 사후관리,,VAT 포함,,,,슈링크유니버스 시술시간 30~40분 마취여부 크림마취 회복시간 3일 시술효과 1~2달 후,,크림마취 수면마취 비수면 무통마취 국소마취,수요일 10:00 ~ 19:00 (점심 13:00 ~ 14:00) / 목요일 10:00 ~ 21:00 (점심 13:00 ~ 14:00) / 금요일 10:00 ~ 19:00 (점심 13:00 ~ 14:00) / 토요일 09:00 ~ 16:00 (점심 12:00 ~ 13:00) / 일요일 휴진 / 월요일 10:00 ~ 19:00 (점심 13:00 ~ 14:00),0508-0354-1703
https://www.yeoshin.co.kr/event/mobile/26672,,,,슈링크유니버스로 강력한 리프팅,"#리프팅레이저
#타이트닝",https://d3gurpvil0se70.cloudfront.net/upfiles/images/product/pRsd3iY830xC1IDTsU32SVGthAG9.jpg?q=90&f=webp&w=1024,,,55000.0,48000,VAT 포함,제이필의원(홍대점),크림마취,전문의 1명 여의사 진료 수술실 CCTV 분야별 협진 사후관리,,VAT 포함,,,,슈링크유니버스 시술시간 30분 마취여부 냉각마취 회복시간 3일 시술효과 1~2달 후,,크림마취 수면마취 비수면 무통마취,수요일 10:00 ~ 20:00 / 목요일 10:00 ~ 20:00 / 금요일 10:00 ~ 20:00 / 토요일 10:00 ~ 17:00 / 일요일 휴진 / 월요일 10:00 ~ 20:00,050803543270
https://www.yeoshin.co.kr/event/mobile/21732,,,,피부속 탄력 UP 슈링크로 디텔일하게 당기자,"#리프팅레이저
#타이트닝",https://d3gurpvil0se70.cloudfront.net/upfiles/images/product/wao9AqEwBA2jJ0E1niRtOCiCj0r.jpg?q=90&f=webp&w=1024,,,165000.0,158000,VAT 포함,고든몸한의원(하단점),크림마취,기본 입원실 사후관리,슈링크유니버스 #초음파리프팅 #콜라겐재생 강한 초음파 에너지를 피부에 전달하여 콜라겐을 재생시키고 탄력을 개선하는 리프팅 #2세대슈링크 #빠른시술 #적은통증 기존 대비 2.5배 빨라진 조사 속도로 통증이 줄어든 슈링크 업그레이드 버전 #다양한부위 #세밀한리프팅 다양한 핸드피스로 굴곡진 면이나 눈가 등 세밀한 부분까지 꼼꼼한 리프팅이 가능 권장주기 1~3개월 / 3회 이상 시술,VAT 포함,피부의 전체적인 탄력 개선을 원하는 분 / 얼굴 라인이 매끈하지 않아 고민인 분 / 피부 상태 및 부위별 맞춤 리프팅을 원하는 분 / 꼼꼼한 리프팅을 원하는 분,시술 특장점 좁고 굴곡진 부위까지 다양한 핸드피스로 닿기 어려운 부위까지 시술이 가능합니다. 다양한 초음파 모드 피부상태와 부위에 따른 초음파 모드로 시술이 가능합니다. 디테일하게 맞춤 리프팅 발전된 HIFU 기술로 디테일한 맞춤 리프팅 시술이 가능합니다.,"기존 슈링크보다 통증이 줄어들었나요? 기존 슈링크에 비해 약 2.5배 빨라진 시술 속도로 인해 통증이 경감 되었습니다.단, 개인별로 느끼는 통증의 차이는 있을 수 있습니다. 시술 시 부작용이 있나요? 부작용이 거의 없으나 개인마다 가려움증이나 두드러기 반응이 있을 수 있습니다. 울트라 부스터 앰플은 어떤 효과가 있나요? 슈링크 유니버스 울트라 부스터 핸드피스로 시술 시 도포되는 앰플로 미백효과, 주름개선, 물광보습, 탄력증진 효과를 기대할 수 있습니다.",슈링크유니버스 시술시간 30~40분 마취여부 크림마취 회복시간 약 3일 시술효과 1~2개월,"주의사항 1 약 3일간은 미온수로 세안해주세요. 2 저자극 클렌저를 사용해주세요. 3 피부가 욱신거리거나 부기, 멍, 붉음증이 나타날 수 있습니다. 4 시술 후 일주일 정도 필링 시술, 스크럽제 사용을 피하는 것이 좋습니다. 5 자외선 차단제를 잘 발라주시고 비타민C 등 항산화제 섭취에 신경써주세요. 6 열감에 의해 건조함을 느낄 수 있습니다. 보습제를 충분히 발라주세요. 7 통증에 민감하신 분은 시술 전 마취크림과 초음파젤을 바른 후 시술합니다. 8 원활한 피부 재생을 위해 일주일간 음주 및 흡연을 삼가주세요. 9 피부가 진정 될때까지 2~3일정도 무리하지 말고 안정을 취해주세요. 10 과격한 운동, 탕목욕 등 피부에 피로도를 높이는 것들은 피해주세요.",크림마취 비수면 무통마취 국소마취,수요일 09:30 ~ 20:00 (점심 13:00 ~ 14:00) / 목요일 09:30 ~ 20:00 (점심 13:00 ~ 14:00) / 금요일 09:30 ~ 20:00 (점심 13:00 ~ 14:00) / 토요일 09:30 ~ 15:00 / 일요일 휴진 / 월요일 09:30 ~ 20:00 (점심 13:00 ~ 14:00) / 공휴일 - 오전9:30분 ~ 오후 3시 까지,0508-0353-0935
https://www.yeoshin.co.kr/event/mobile/21250,,,,[플래티넘] 슈링크 유니버스 이벤트,"#리프팅레이저
#타이트닝",https://d3gurpvil0se70.cloudfront.net/upfiles/images/product/r061lRuPRlEmmqkYC2CJi7kioVi1.jpg?q=90&f=webp&w=1024,9.0,65.0,90000.0,83000,VAT 포함,플래티넘의원,"서울특별시 서초구 강남대로 589 (잠원동) 5층 (잠원동, 멀버리힐스 메디컬타워)주소복사",,,VAT 포함,,,,슈링크유니버스 시술시간 30~40분 마취여부 크림마취 회복시간 약 3일 시술효과 1~2개월,,크림마취 비수면 무통마취,"수요일 10:00 ~ 19:00 (점심 13:00 ~ 14:00) / 목요일 10:00 ~ 19:00 (점심 13:00 ~ 14:00) / 금요일 10:00 ~ 19:00 (점심 13:00 ~ 14:00) / 토요일 10:00 ~ 16:00 (점심 13:00 ~ 14:00) / 일요일 휴진 / 월요일 10:00 ~ 19:00 (점심 13:00 ~ 14:00) / 매주 수요일, 일요일 휴진입니다.",0508-0353-4211
https://www.yeoshin.co.kr/event/mobile/16759,,,,슈링크 유니버스 300샷,"#리프팅레이저
#타이트닝",https://d3gurpvil0se70.cloudfront.net/upfiles/images/product/C6VQ2XKcigfit72exw5V6ZFgvJi8.jpg?q=90&f=webp&w=1024,9.2,26.0,75900.0,68900,VAT 포함,유앤아이의원(대전점),,,,VAT 포함,,,,슈링크유니버스 시술시간 30~40분 마취여부 크림마취 회복시간 3일 시술효과 1~2달 후,,,수요일 10:30 ~ 20:30 / 목요일 10:30 ~ 20:30 / 금요일 10:30 ~ 20:30 / 토요일 10:30 ~ 17:00 / 일요일 휴진 / 월요일 10:30 ~ 20:30,0508-0354-1943
https://www.yeoshin.co.kr/event/mobile/18624,,,,더 강력해진 슈링크 유니버스,"#리프팅레이저
#타이트닝",https://d3gurpvil0se70.cloudfront.net/upfiles/images/product/KFRt9EQw9nFJdZysKsnAjx3Ma1G.png?q=90&f=webp&w=1024,9.7,6.0,33000.0,26000,VAT 포함,리엔장의원(목동점),서울시 양천구 오목로 325 리엔장의원(목동점)주소복사,전문의 1명 중국어 응대,슈링크유니버스 #초음파리프팅 #콜라겐재생 강한 초음파 에너지를 피부에 전달하여 콜라겐을 재생시키고 탄력을 개선하는 리프팅 #2세대슈링크 #빠른시술 #적은통증 기존 대비 2.5배 빨라진 조사 속도로 통증이 줄어든 슈링크 업그레이드 버전 #다양한부위 #세밀한리프팅 다양한 핸드피스로 굴곡진 면이나 눈가 등 세밀한 부분까지 꼼꼼한 리프팅이 가능 권장주기 1~3개월 / 3회 이상 시술,VAT 포함,피부의 전체적인 탄력 개선을 원하는 분 / 얼굴 라인이 매끈하지 않아 고민인 분 / 피부 상태 및 부위별 맞춤 리프팅을 원하는 분 / 꼼꼼한 리프팅을 원하는 분,,,슈링크유니버스 시술시간 30~40분 마취여부 마취없음 회복시간 약 3일 시술효과 1~2개월,,,수요일 10:00 ~ 20:00 (점심 13:00 ~ 14:00) / 목요일 10:00 ~ 20:00 (점심 13:00 ~ 14:00) / 금요일 10:00 ~ 20:00 (점심 13:00 ~ 14:00) / 토요일 09:00 ~ 16:00 / 일요일 휴진 / 월요일 10:00 ~ 20:00 (점심 13:00 ~ 14:00),0508-0353-1953
https://www.yeoshin.co.kr/event/mobile/568,,,,슈링크 유니버스,"#리프팅레이저
#타이트닝",https://d3gurpvil0se70.cloudfront.net/upfiles/images/product/35812278.jpg?q=90&f=webp&w=1024,9.4,30.0,42900.0,35900,VAT 포함,다이아의원,크림마취,영어 응대 중국어 응대 일본어 응대,,VAT 포함,,,,슈링크유니버스 시술시간 20분 마취여부 크림마취 회복시간 3일 시술효과 1~2달 후,,크림마취 국소마취,수요일 10:00 ~ 20:00 / 목요일 10:00 ~ 20:00 / 금요일 10:00 ~ 20:00 / 토요일 10:00 ~ 16:00 / 일요일 휴진 / 월요일 10:00 ~ 20:00,0508-0353-7788
https://www.yeoshin.co.kr/event/mobile/27802,,,,슈링크 유니버스,"#리프팅레이저
#타이트닝",https://d3gurpvil0se70.cloudfront.net/upfiles/images/product/0z33xERfA3q9bdvqVcKgdOShwtS1.jpg?q=90&f=webp&w=1024,,,130000.0,123000,VAT 포함,위례우주한의원,크림마취,사후관리 영어 응대,슈링크유니버스 #초음파리프팅 #콜라겐재생 강한 초음파 에너지를 피부에 전달하여 콜라겐을 재생시키고 탄력을 개선하는 리프팅 #2세대슈링크 #빠른시술 #적은통증 기존 대비 2.5배 빨라진 조사 속도로 통증이 줄어든 슈링크 업그레이드 버전 #다양한부위 #세밀한리프팅 다양한 핸드피스로 굴곡진 면이나 눈가 등 세밀한 부분까지 꼼꼼한 리프팅이 가능 권장주기 1~3개월 / 3회 이상 시술,VAT 포함,피부의 전체적인 탄력 개선을 원하는 분 / 얼굴 라인이 매끈하지 않아 고민인 분 / 피부 상태 및 부위별 맞춤 리프팅을 원하는 분 / 꼼꼼한 리프팅을 원하는 분,,,슈링크유니버스 시술시간 30~40분 마취여부 크림마취 회복시간 약 3일 시술효과 1~2개월,,크림마취 국소마취,수요일 10:00 ~ 20:00 (점심 13:00 ~ 14:00) / 목요일 10:00 ~ 20:00 (점심 13:00 ~ 14:00) / 금요일 10:00 ~ 20:00 (점심 13:00 ~ 14:00) / 토요일 10:00 ~ 15:00 / 일요일 휴진 / 월요일 10:00 ~ 20:00 (점심 13:00 ~ 14:00),050803543354
https://www.yeoshin.co.kr/event/mobile/27357,,,,대구 메이린 슈링크유니버스 300샷,"#리프팅레이저
#타이트닝",https://d3gurpvil0se70.cloudfront.net/upfiles/images/product/HiiSz7DyH2I0hBebOSFGhFR1uJQ1.jpg?q=90&f=webp&w=1024,,,220000.0,213000,VAT 포함,메이린의원(대구점),크림마취,여의사 진료 수술실 CCTV 기본 입원실 사후관리,슈링크유니버스 #초음파리프팅 #콜라겐재생 강한 초음파 에너지를 피부에 전달하여 콜라겐을 재생시키고 탄력을 개선하는 리프팅 #2세대슈링크 #빠른시술 #적은통증 기존 대비 2.5배 빨라진 조사 속도로 통증이 줄어든 슈링크 업그레이드 버전 #다양한부위 #세밀한리프팅 다양한 핸드피스로 굴곡진 면이나 눈가 등 세밀한 부분까지 꼼꼼한 리프팅이 가능,VAT 포함,피부의 전체적인 탄력 개선을 원하는 분 / 얼굴 라인이 매끈하지 않아 고민인 분 / 피부 상태 및 부위별 맞춤 리프팅을 원하는 분 / 꼼꼼한 리프팅을 원하는 분,,,슈링크유니버스 시술시간 30~40분 마취여부 크림마취 회복시간 약 3일 시술효과 1~2개월,,크림마취 수면마취 국소마취,수요일 10:30 ~ 20:00 (점심 13:00 ~ 14:00) / 목요일 10:30 ~ 20:00 (점심 13:00 ~ 14:00) / 금요일 10:30 ~ 20:30 (점심 13:00 ~ 14:00) / 토요일 10:30 ~ 16:00 (점심 13:00 ~ 14:00) / 일요일 휴진 / 월요일 10:30 ~ 20:00 (점심 13:00 ~ 14:00) / 일요일 및 백화점 휴점일 휴진,0508-0353-1086
https://www.yeoshin.co.kr/event/mobile/25501,,,,슈링크,"#리프팅레이저
#타이트닝",https://d3gurpvil0se70.cloudfront.net/upfiles/images/product/mrdRrwPFK83TiuueX29LLnAgxse1.jpg?q=90&f=webp&w=1024,7.5,2.0,31900.0,24900,VAT 포함,예쁨주의쁨의원(천안점),,,슈링크유니버스 #초음파리프팅 #콜라겐재생 강한 초음파 에너지를 피부에 전달하여 콜라겐을 재생시키고 탄력을 개선하는 리프팅 #2세대슈링크 #빠른시술 #적은통증 기존 대비 2.5배 빨라진 조사 속도로 통증이 줄어든 슈링크 업그레이드 버전 #다양한부위 #세밀한리프팅 다양한 핸드피스로 굴곡진 면이나 눈가 등 세밀한 부분까지 꼼꼼한 리프팅이 가능 권장주기 1~3개월 / 3회 이상 시술,VAT 포함,피부의 전체적인 탄력 개선을 원하는 분 / 얼굴 라인이 매끈하지 않아 고민인 분 / 피부 상태 및 부위별 맞춤 리프팅을 원하는 분 / 꼼꼼한 리프팅을 원하는 분,,,슈링크유니버스 시술시간 30~40분 마취여부 크림마취 회복시간 약 3일 시술효과 1~2개월,,,"수요일 10:00 ~ 20:00 (점심 13:00 ~ 14:00) / 목요일 10:00 ~ 20:00 (점심 13:00 ~ 14:00) / 금요일 10:00 ~ 20:00 (점심 13:00 ~ 14:00) / 토요일 10:00 ~ 17:00 / 일요일 휴진 / 월요일 10:00 ~ 20:00 (점심 13:00 ~ 14:00) / 10월 6,7,8일 휴진",050803531349
https://www.yeoshin.co.kr/event/mobile/11319,,,,슈링크 유니버스,"#리프팅레이저
#타이트닝",https://d3gurpvil0se70.cloudfront.net/upfiles/images/product/oMlM8vtCXgs4SvdsPSDDKTVpzMsA.png?q=90&f=webp&w=1024,9.6,115.0,77000.0,70000,VAT 포함,지우의원,"서울시 강남구 테헤란로 107, 메디타워 14층 지우의원주소복사",전문의 1명 여의사 진료 중국어 응대 일본어 응대,슈링크유니버스 #초음파리프팅 #콜라겐재생 강한 초음파 에너지를 피부에 전달하여 콜라겐을 재생시키고 탄력을 개선하는 리프팅 #2세대슈링크 #빠른시술 #적은통증 기존 대비 2.5배 빨라진 조사 속도로 통증이 줄어든 슈링크 업그레이드 버전 #다양한부위 #세밀한리프팅 다양한 핸드피스로 굴곡진 면이나 눈가 등 세밀한 부분까지 꼼꼼한 리프팅이 가능 권장주기 1~3개월 / 3회 이상 시술,VAT 포함,처진 눈가를 탄력있게 개선하고 싶은 분 / 피부 타이트닝 효과를 얻고 싶은 분 / 늘어지고 처진 피부의 리프팅을 원하는 분 / 비수술적인 리프팅 시술을 원하는 분,,,슈링크유니버스 시술시간 30~40분 마취여부 크림마취 회복시간 약 3일 시술효과 1~2개월,,,수요일 10:00 ~ 19:00 (점심 13:00 ~ 14:30) / 목요일 10:00 ~ 19:00 (점심 13:30 ~ 14:30) / 금요일 10:00 ~ 20:00 (점심 13:30 ~ 14:30) / 토요일 09:30 ~ 16:30 / 일요일 휴진 / 월요일 10:00 ~ 19:00 (점심 13:30 ~ 14:30),0508-0353-6852
https://www.yeoshin.co.kr/event/mobile/23805,,,,슈링크유니버스+리브이,"#리프팅레이저
#타이트닝",https://d3gurpvil0se70.cloudfront.net/upfiles/images/product/uZj0YathQBgnhKeaBV3eWNed3gA2.jpg?q=90&f=webp&w=1024,,,165000.0,158000,VAT 포함,블랑여성의원,크림마취,전문의 1명,슈링크유니버스 #초음파리프팅 #콜라겐재생 강한 초음파 에너지를 피부에 전달하여 콜라겐을 재생시키고 탄력을 개선하는 리프팅 #2세대슈링크 #빠른시술 #적은통증 기존 대비 2.5배 빨라진 조사 속도로 통증이 줄어든 슈링크 업그레이드 버전 #다양한부위 #세밀한리프팅 다양한 핸드피스로 굴곡진 면이나 눈가 등 세밀한 부분까지 꼼꼼한 리프팅이 가능 권장주기 1~3개월 / 3회 이상 시술,VAT 포함,피부의 전체적인 탄력 개선을 원하는 분 / 얼굴 라인이 매끈하지 않아 고민인 분 / 피부 상태 및 부위별 맞춤 리프팅을 원하는 분 / 꼼꼼한 리프팅을 원하는 분,,,슈링크유니버스 시술시간 30~40분 마취여부 크림마취 회복시간 약 3일 시술효과 1~2개월,,크림마취,"수요일 09:30 ~ 18:30 (점심 12:30 ~ 13:30) / 목요일 09:30 ~ 18:30 (점심 12:30 ~ 13:30) / 금요일 09:30 ~ 18:30 (점심 12:30 ~ 13:30) / 토요일 09:30 ~ 13:00 / 일요일 휴진 / 월요일 09:30 ~ 18:30 (점심 12:30 ~ 13:30) / 토요일, 공휴일: 9:30~1:00",0508-0354-8910
https://www.yeoshin.co.kr/event/mobile/19012,,,,대표원장 슈링크 유니버스 300샷,"#리프팅레이저
#타이트닝",https://d3gurpvil0se70.cloudfront.net/upfiles/images/product/Y0vg2jgvbdCtIfuBtlLSTgdDaFQ6.jpg?q=90&f=webp&w=1024,9.5,359.0,98000.0,91000,VAT 포함,올핏의원,서울특별시 강남구 강남대로 596 (논현동) 극동빌딩 6층 602호주소복사,,,VAT 포함,,,,슈링크유니버스 시술시간 30~40분 마취여부 크림마취 회복시간 약 3일 시술효과 1~2개월,,크림마취 수면마취 국소마취,수요일 11:00 ~ 20:00 (점심 14:00 ~ 15:00) / 목요일 휴진 / 금요일 11:00 ~ 20:00 (점심 14:00 ~ 15:00) / 토요일 11:00 ~ 17:00 / 일요일 휴진 / 월요일 11:00 ~ 20:00 (점심 14:00 ~ 15:00),0508-0353-5021
https://www.yeoshin.co.kr/event/mobile/25160,,,,슈링크유니버스 300샷(대표원장 시술),"#리프팅레이저
#타이트닝",https://d3gurpvil0se70.cloudfront.net/upfiles/images/product/j0eGmmKHhrf9RzGteWZPtuKJ3NE2.jpg?q=90&f=webp&w=1024,8.7,3.0,99000.0,92000,VAT 포함,더리즈의원(강남),크림마취,전문의 1명 여의사 진료 수술실 CCTV 사후관리 피부진단기 F-RAY 촬영 >,,VAT 포함,,,,슈링크유니버스 시술시간 30~40분 마취여부 없음 회복시간 약 3일 시술효과 1~2개월,,크림마취 수면마취 국소마취,수요일 휴진 / 목요일 10:00 ~ 19:00 (점심 13:00 ~ 14:00) / 금요일 10:00 ~ 20:00 (점심 13:00 ~ 14:00) / 토요일 10:00 ~ 16:00 / 일요일 휴진 / 월요일 10:00 ~ 20:00 (점심 13:00 ~ 14:00),050803531297
https://www.yeoshin.co.kr/event/mobile/1718,,,,WOOA 슈링크유니버스,"#리프팅레이저
#타이트닝",https://d3gurpvil0se70.cloudfront.net/upfiles/images/product/5mhorKfH4eDary5gmpCIWG9imN73.jpg?q=90&f=webp&w=1024,9.7,49.0,66000.0,59000,VAT 포함,우아성형외과의원,크림마취,전문의 7명 여의사 진료 마취과의 진료 수술실 CCTV 응급처치 시스템 분야별 협진 기본 입원실 전담회복실 사후관리 영어 응대 중국어 응대 일본어 응대,,VAT 포함,,,,슈링크유니버스 시술시간 30분 마취여부 냉각마취 회복시간 3일 시술효과 1~2달 후,,크림마취 수면마취 전신마취 국소마취,수요일 10:00 ~ 19:00 / 목요일 10:00 ~ 19:00 / 금요일 10:00 ~ 20:30 / 토요일 10:00 ~ 17:00 / 일요일 휴진 / 월요일 10:00 ~ 20:30,0508-0353-5445
https://www.yeoshin.co.kr/event/mobile/26294,,,,대구 슈링크유니버스+조각주사,"#리프팅레이저
#타이트닝",https://d3gurpvil0se70.cloudfront.net/upfiles/images/product/kAc7mMcn1gzAW5L8d5oLtU8T5Ll3.jpg?q=90&f=webp&w=1024,10.0,1.0,330000.0,323000,VAT 포함,에디트의원,"대구광역시 수성구 달구벌대로 2442 (범어동) 7층, 702호주소복사",,,VAT 포함,,,,슈링크유니버스 시술시간 30~40분 마취여부 크림마취 회복시간 약 3일 시술효과 1~2개월,,크림마취 국소마취,수요일 10:00 ~ 20:00 (점심 13:00 ~ 14:30) / 목요일 10:00 ~ 20:00 (점심 13:00 ~ 14:30) / 금요일 10:00 ~ 20:00 (점심 13:00 ~ 14:30) / 토요일 10:00 ~ 17:00 (점심 13:00 ~ 14:00) / 일요일 휴진 / 월요일 10:00 ~ 20:00 (점심 13:00 ~ 14:30),"대구광역시 수성구 달구벌대로 2442, ,동소 189-34, 7층 702호(범어 동)"
https://www.yeoshin.co.kr/event/mobile/1377,,,,슈링크유니버스,"#리프팅레이저
#타이트닝",https://d3gurpvil0se70.cloudfront.net/upfiles/images/product/196214985.jpg?q=90&f=webp&w=1024,10.0,3.0,140000.0,133000,VAT 포함,수앤모성형외과의원,크림마취,전문의 1명,"슈링크유니버스 슈링크 유니버스는 고강도 집속 초음파 HIFU를 이용한 리프팅 장비로, 피부 표면의 손상 거의 없이 근막(SMAS) 층에 에너지를 집속 시켜 콜라겐을 재생하고 늘어진 조직을 수축하여 전체적인 탄력 개선이 가능한 시술로 슈링크 2세대 버전의 리프팅입니다. 슈링크 유니버스는 울트라 부스터 펜 타입 핸드피스로 턱 라인, 볼, 광대뿐 아니라 굴곡진 면이나 눈가 등 세밀한 부분까지 에너지를 전달해 꼼꼼한 리프팅이 가능한 것이 장점이며 2가지의 강한 초음파 모드로 더욱 더 세밀하게 초음파 에너지를 전달합니다. 2.5배 빨라진 레이저 조사 속도로 시술 시간을 단축해 적은 통증으로 편안하게 시술받을 수 있습니다. (마취관련 문의는 원내로 문의요망) 권장주기 1개월 / 3회 이상 시술",VAT 포함,피부 상태 및 부위별 맞춤 리프팅을 원하는 분 / 일상생활 복귀가 빠른 시술을 원하는 분,,,슈링크유니버스 시술시간 40분 마취여부 크림마취 회복시간 3일 시술효과 2~3달 후,,크림마취 수면마취 비수면 무통마취 국소마취,수요일 10:00 ~ 19:00 (점심 13:00 ~ 14:00) / 목요일 10:00 ~ 19:00 (점심 13:00 ~ 14:00) / 금요일 10:00 ~ 21:00 (점심 13:00 ~ 14:00) / 토요일 10:00 ~ 16:00 (점심 13:00 ~ 14:00) / 일요일 휴진 / 월요일 10:00 ~ 19:00 (점심 13:00 ~ 14:00),0508-0353-7838
https://www.yeoshin.co.kr/event/mobile/20368,,,,슈링크 유니버스300샷,"#리프팅레이저
#타이트닝",https://d3gurpvil0se70.cloudfront.net/upfiles/images/product/1aKy4EbgKncaoEneWFWtrmkIuuC2.png?q=90&f=webp&w=1024,,,132000.0,125000,VAT 포함,디에스타의원,크림마취,여의사 진료,슈링크유니버스 #리프팅레이저 #콜라겐재생#초음파레이저 강한 초음파 에너지를 피부에 전달하여 콜라겐을 재생시키고 탄력을 개선하는 리프팅 #2세대슈링크 #빠른시술 #적은통증 기존 대비 2.5배 빨라진 조사 속도로 통증이 줄어든 슈링크 업그레이드 버전 #다양한부위 #세밀한리프팅 다양한 핸드피스로 굴곡진 면이나 눈가 등 세밀한 부분까지 꼼꼼한 리프팅이 가능 권장주기 1개월 / 3회 이상 시술,VAT 포함,피부의 전체적인 탄력 개선을 원하는 분 / 얼굴 라인이 매끈하지 않아 고민인 분 / 피부 상태 및 부위별 맞춤 리프팅을 원하는 분 / 꼼꼼한 리프팅을 원하는 분,시술 특장점 좁고 굴곡진 부위까지 다양한 핸드피스로 닿기 어려운 부위까지 시술이 가능합니다. 다양한 초음파 모드 피부상태와 부위에 따른 초음파 모드로 시술이 가능합니다. 디테일하게 맞춤 리프팅 발전된 HIFU 기술로 디테일한 맞춤 리프팅 시술이 가능합니다.,"기존 슈링크보다 통증이 줄어들었나요? 기존 슈링크에 비해 약 2.5배 빨라진 시술 속도로 인해 통증이 경감 되었습니다.단, 개인별로 느끼는 통증의 차이는 있을 수 있습니다. 시술 시 부작용이 있나요? 부작용이 거의 없으나 개인마다 가려움증이나 두드러기 반응이 있을 수 있습니다. 울트라 부스터 앰플은 어떤 효과가 있나요? 슈링크 유니버스 울트라 부스터 핸드피스로 시술 시 도포되는 앰플로 미백효과, 주름개선, 물광보습, 탄력증진 효과를 기대할 수 있습니다.",슈링크유니버스 시술시간 30~40분 마취여부 크림마취 회복시간 약 3일 시술효과 1~2개월,"주의사항 1 약 3일간은 미온수로 세안해주세요. 2 저자극 클렌저를 사용해주세요. 3 피부가 욱신거리거나 부기, 멍, 붉음증이 나타날 수 있습니다. 4 시술 후 일주일 정도 필링 시술, 스크럽제 사용을 피하는 것이 좋습니다. 5 자외선 차단제를 잘 발라주시고 비타민C 등 항산화제 섭취에 신경써주세요. 6 열감에 의해 건조함을 느낄 수 있습니다. 보습제를 충분히 발라주세요.",크림마취 수면마취 비수면 무통마취 국소마취,수요일 10:00 ~ 20:30 / 목요일 10:00 ~ 20:30 / 금요일 10:00 ~ 20:30 / 토요일 09:30 ~ 16:30 / 일요일 휴진 / 월요일 10:00 ~ 20:30 / 공휴일은 사전공지(진료/휴진),0508-0353-9908
https://www.yeoshin.co.kr/event/mobile/17296,,,,블리비 슈링크 유니버스 리프팅,"#리프팅레이저
#타이트닝",https://d3gurpvil0se70.cloudfront.net/upfiles/images/product/jREP5prZS9EySTILxCy2Va16vuh3.jpg?q=90&f=webp&w=1024,9.0,58.0,31900.0,24900,VAT 포함,블리비의원(영등포점),,,슈링크유니버스 #초음파리프팅 #콜라겐재생 강한 초음파 에너지를 피부에 전달하여 콜라겐을 재생시키고 탄력을 개선하는 리프팅 #2세대슈링크 #빠른시술 #적은통증 기존 대비 2.5배 빨라진 조사 속도로 통증이 줄어든 슈링크 업그레이드 버전 #다양한부위 #세밀한리프팅 다양한 핸드피스로 굴곡진 면이나 눈가 등 세밀한 부분까지 꼼꼼한 리프팅이 가능 권장주기 1~3개월 / 3회 이상 시술,VAT 포함,피부의 전체적인 탄력 개선을 원하는 분 / 얼굴 라인이 매끈하지 않아 고민인 분 / 피부 상태 및 부위별 맞춤 리프팅을 원하는 분 / 꼼꼼한 리프팅을 원하는 분,,,슈링크유니버스 시술시간 30~40분 마취여부 크림마취 회복시간 약 3일 시술효과 1~2개월,,,수요일 10:30 ~ 20:30 (점심 14:00 ~ 15:00) / 목요일 10:30 ~ 20:30 (점심 14:00 ~ 15:00) / 금요일 10:30 ~ 20:30 (점심 14:00 ~ 15:00) / 토요일 10:00 ~ 17:00 / 일요일 휴진 / 월요일 10:30 ~ 20:30 (점심 14:00 ~ 15:00) / 토요일 점심시간 없이 진료 일요일 / 공휴일 휴무,0508-0354-2924
https://www.yeoshin.co.kr/event/mobile/14699,,,,루이 탱탱 동안 리프팅레이저,"#리프팅레이저
#타이트닝",https://d3gurpvil0se70.cloudfront.net/upfiles/images/product/626056464.jpg?q=90&f=webp&w=1024,,,159000.0,152000,VAT 포함,루이의원,경기도 성남시 분당구 대왕판교로 670 루이의원주소복사,전문의 1명,,VAT 포함,,,,슈링크유니버스 시술시간 30~40분 마취여부 크림마취 회복시간 3일 시술효과 1~2달 후,,,수요일 휴진 / 목요일 10:00 ~ 19:30 (점심 14:00 ~ 15:00) / 금요일 10:00 ~ 20:30 (점심 14:00 ~ 15:00) / 토요일 10:00 ~ 15:00 / 일요일 휴진 / 월요일 10:00 ~ 19:30 (점심 14:00 ~ 15:00),0508-0354-0411
https://www.yeoshin.co.kr/event/mobile/23332,,,,슈링크유니버스 리프팅,"#리프팅레이저
#타이트닝",https://d3gurpvil0se70.cloudfront.net/upfiles/images/product/poF94ne5MgrE8jSP3Gu9zlOlZyN2.jpg?q=90&f=webp&w=1024,8.7,7.0,49000.0,42000,VAT 포함,유니풀의원,경기도 수원시 팔달구 권광로 204 (인계동) 202~205호 유니풀의원주소복사,중국어 응대,슈링크유니버스 #초음파리프팅 #콜라겐재생 강한 초음파 에너지를 피부에 전달하여 콜라겐을 재생시키고 탄력을 개선하는 리프팅 #2세대슈링크 #빠른시술 #적은통증 기존 대비 2.5배 빨라진 조사 속도로 통증이 줄어든 슈링크 업그레이드 버전 #다양한부위 #세밀한리프팅 다양한 핸드피스로 굴곡진 면이나 눈가 등 세밀한 부분까지 꼼꼼한 리프팅이 가능 권장주기 1~3개월 / 3회 이상 시술,VAT 포함,피부의 전체적인 탄력 개선을 원하는 분 / 얼굴 라인이 매끈하지 않아 고민인 분 / 피부 상태 및 부위별 맞춤 리프팅을 원하는 분 / 꼼꼼한 리프팅을 원하는 분,,,슈링크유니버스 시술시간 30~40분 마취여부 크림마취 회복시간 약 3일 시술효과 1~2개월,,,수요일 10:30 ~ 20:30 (점심 13:00 ~ 14:00) / 목요일 10:30 ~ 20:30 (점심 13:00 ~ 14:00) / 금요일 10:30 ~ 20:30 (점심 13:00 ~ 14:00) / 토요일 10:30 ~ 16:30 / 일요일 10:30 ~ 16:30 / 월요일 10:30 ~ 20:30 (점심 13:00 ~ 14:00) / 일요일 진료 일정 홈페이지 참조,0508-0353-9918
https://www.yeoshin.co.kr/event/mobile/25332,,,,더차오름 슈링크 유니버스,"#리프팅레이저
#타이트닝",https://d3gurpvil0se70.cloudfront.net/upfiles/images/product/QQBkOgFObVBekjlKOdSFGzZRmeB2.jpg?q=90&f=webp&w=1024,10.0,5.0,44000.0,37000,VAT 포함,더차오름의원,대구광역시 달서구 달구벌대로 1545 (죽전동) 골든뷰메디타워 1004호 1005주소복사,,,VAT 포함,,,,슈링크유니버스 시술시간 5~10분 마취여부 마취없음 회복시간 당일 시술효과 3~6개월유지,,크림마취 수면마취 비수면 무통마취,수요일 10:00 ~ 20:00 / 목요일 10:00 ~ 20:00 / 금요일 10:00 ~ 20:00 / 토요일 10:00 ~ 17:00 / 일요일 10:00 ~ 17:00 / 월요일 10:00 ~ 20:00,0508-0353-1101
https://www.yeoshin.co.kr/event/mobile/9795,,,,분당 디자인 유니버스100샷,"#리프팅레이저
#타이트닝",https://d3gurpvil0se70.cloudfront.net/upfiles/images/product/a5ppyzqjKq55fi7FKULLSj8F3Gb1.jpg?q=90&f=webp&w=1024,,,70000.0,63000,VAT 포함,베네핏의원,,,슈링크유니버스 #초음파리프팅 #콜라겐재생 강한 초음파 에너지를 피부에 전달하여 콜라겐을 재생시키고 탄력을 개선하는 리프팅 #2세대슈링크 #빠른시술 #적은통증 기존 대비 2.5배 빨라진 조사 속도로 통증이 줄어든 슈링크 업그레이드 버전 #다양한부위 #세밀한리프팅 다양한 핸드피스로 굴곡진 면이나 눈가 등 세밀한 부분까지 꼼꼼한 리프팅이 가능 권장주기 1~3개월 / 3회 이상 시술,VAT 포함,피부의 전체적인 탄력 개선을 원하는 분 / 피부 상태 및 부위별 맞춤 리프팅을 원하는 분,시술 특장점 좁고 굴곡진 부위까지 다양한 핸드피스로 닿기 어려운 부위까지 시술이 가능합니다. 다양한 초음파 모드 피부상태와 부위에 따른 초음파 모드로 시술이 가능합니다. 디테일하게 맞춤 리프팅 발전된 HIFU 기술로 디테일한 맞춤 리프팅 시술이 가능합니다.,"기존 슈링크보다 통증이 줄어들었나요? 기존 슈링크에 비해 약 2.5배 빨라진 시술 속도로 인해 통증이 경감 되었습니다.단, 개인별로 느끼는 통증의 차이는 있을 수 있습니다. 시술 시 부작용이 있나요? 부작용이 거의 없으나 개인마다 가려움증이나 두드러기 반응이 있을 수 있습니다. 울트라 부스터 앰플은 어떤 효과가 있나요? 슈링크 유니버스 울트라 부스터 핸드피스로 시술 시 도포되는 앰플로 미백효과, 주름개선, 물광보습, 탄력증진 효과를 기대할 수 있습니다.",슈링크유니버스 시술시간 30~40분 마취여부 크림마취 회복시간 약 3일 시술효과 1~2개월,"주의사항 1 약 3일간은 미온수로 세안해주세요. 2 저자극 클렌저를 사용해주세요. 3 피부가 욱신거리거나 부기, 멍, 붉음증이 나타날 수 있습니다. 4 시술 후 일주일 정도 필링 시술, 스크럽제 사용을 피하는 것이 좋습니다. 5 자외선 차단제를 잘 발라주시고 비타민C 등 항산화제 섭취에 신경써주세요. 6 열감에 의해 건조함을 느낄 수 있습니다. 보습제를 충분히 발라주세요. 7 통증에 민감하신 분은 시술 전 마취크림과 초음파젤을 바른 후 시술합니다. 8 원활한 피부 재생을 위해 일주일간 음주 및 흡연을 삼가주세요. 9 피부가 진정 될때까지 2~3일정도 무리하지 말고 안정을 취해주세요. 10 과격한 운동, 탕목욕 등 피부에 피로도를 높이는 것들은 피해주세요.",,"수요일 휴진 / 목요일 10:00 ~ 19:30 (점심 13:00 ~ 14:00) / 금요일 10:00 ~ 19:30 (점심 13:00 ~ 14:00) / 토요일 09:00 ~ 15:00 / 일요일 휴진 / 월요일 10:00 ~ 19:30 (점심 13:00 ~ 14:00) / 수요일, 일요일, 공휴일 휴무",0508-0354-0486
https://www.yeoshin.co.kr/event/mobile/16368,,,,초음파리프팅 슈링크 나비 슈링크,"#리프팅레이저
#타이트닝",https://d3gurpvil0se70.cloudfront.net/upfiles/images/product/sDmZaS2uYwLP6Hb3C5xdSkLXfxz7.jpg?q=90&f=webp&w=1024,,,110000.0,103000,VAT 포함,나비성형외과의원,"서울특별시 서초구 강남대로 559 (잠원동) CK빌딩 9층,10층 나비성형외과주소복사",전문의 1명,,VAT 포함,,,,슈링크유니버스 시술시간 30~40분 마취여부 크림마취 회복시간 3일 시술효과 1~2달 후,,,수요일 10:00 ~ 19:00 / 목요일 10:00 ~ 19:00 / 금요일 10:00 ~ 19:00 / 토요일 10:00 ~ 15:00 / 일요일 휴진 / 월요일 10:00 ~ 19:00,02-567-5400
https://www.yeoshin.co.kr/event/mobile/16318,,,,미케이 재생&탄력 슈링크 유니버스 100샷,"#리프팅레이저
#타이트닝",https://d3gurpvil0se70.cloudfront.net/upfiles/images/product/88iRVDA6TmtaDlGy6ubXBXap3lr.jpg?q=90&f=webp&w=1024,8.8,6.0,66000.0,59000,VAT 포함,미케이의원,크림마취,전문의 1명 분야별 협진 일본어 응대,,VAT 포함,,,,슈링크유니버스 시술시간 30~40분 마취여부 크림마취 회복시간 3일 시술효과 1~2달 후,,크림마취 국소마취,수요일 10:00 ~ 19:00 / 목요일 10:00 ~ 19:00 / 금요일 10:00 ~ 19:00 / 토요일 10:00 ~ 17:00 / 일요일 10:00 ~ 17:00 / 월요일 10:00 ~ 19:00,0508-0353-1137
https://www.yeoshin.co.kr/event/mobile/27531,,,,피부속부터 차오르는 탄력 슈링크 리프팅,"#리프팅레이저
#타이트닝",https://d3gurpvil0se70.cloudfront.net/upfiles/images/product/5mrfSNQNR7ppBPGKemc0MmBxdyH2.png?q=90&f=webp&w=1024,10.0,5.0,63300.0,56300,VAT 포함,모리프한의원,크림마취,여의사 진료,슈링크유니버스 #초음파리프팅 #콜라겐재생 강한 초음파 에너지를 피부에 전달하여 콜라겐을 재생시키고 탄력을 개선하는 리프팅 #2세대슈링크 #빠른시술 #적은통증 기존 대비 2.5배 빨라진 조사 속도로 통증이 줄어든 슈링크 업그레이드 버전 #다양한부위 #세밀한리프팅 다양한 핸드피스로 굴곡진 면이나 눈가 등 세밀한 부분까지 꼼꼼한 리프팅이 가능 권장주기 1~3개월 / 3회 이상 시술,VAT 포함,피부의 전체적인 탄력 개선을 원하는 분 / 얼굴 라인이 매끈하지 않아 고민인 분 / 피부 상태 및 부위별 맞춤 리프팅을 원하는 분 / 꼼꼼한 리프팅을 원하는 분,,,슈링크유니버스 시술시간 30~40분 마취여부 크림마취 회복시간 약 3일 시술효과 1~2개월,,크림마취,수요일 08:00 ~ 21:00 (점심 13:00 ~ 14:00) / 목요일 08:00 ~ 21:00 (점심 13:00 ~ 14:00) / 금요일 08:00 ~ 21:00 (점심 13:00 ~ 14:00) / 토요일 08:00 ~ 18:00 (점심 13:00 ~ 14:00) / 일요일 08:00 ~ 18:00 (점심 13:00 ~ 14:00) / 월요일 08:00 ~ 21:00 (점심 13:00 ~ 14:00),050803543438
https://www.yeoshin.co.kr/event/mobile/1937,,,,슈링크 유니버스 레이저리프팅 턱살 슈링크 유니버스 100샷,"#리프팅레이저
#타이트닝",https://d3gurpvil0se70.cloudfront.net/upfiles/images/product/3028646633.jpg?q=90&f=webp&w=1024,,,88000.0,81000,VAT 포함,메이필클리닉,크림마취,전문의 1명 여의사 진료 수술실 CCTV 분야별 협진 전담회복실 중국어 응대 일본어 응대,,VAT 포함,,,,슈링크유니버스 시술시간 30분 마취여부 크림마취 회복시간 3일 시술효과 1~2달 후,,크림마취 수면마취 국소마취,수요일 10:00 ~ 19:00 / 목요일 10:00 ~ 19:00 / 금요일 10:00 ~ 19:00 / 토요일 10:00 ~ 16:00 / 일요일 휴진 / 월요일 10:00 ~ 19:00,0508-0353-7137
https://www.yeoshin.co.kr/event/mobile/9495,,,,슈링크 유니버스 리프팅,"#리프팅레이저
#타이트닝",https://d3gurpvil0se70.cloudfront.net/upfiles/images/product/tPDDTx8zIPIPBGPMw06OJO8XRIt5.jpg?q=90&f=webp&w=1024,9.2,386.0,30800.0,23800,VAT 포함,유앤아이의원(영등포점),크림마취,여의사 진료 중국어 응대 일본어 응대,,VAT 포함,,,,슈링크유니버스 시술시간 30~40분 마취여부 크림마취 회복시간 3일 시술효과 1~2달 후,,크림마취 수면마취,수요일 10:00 ~ 20:30 / 목요일 10:00 ~ 20:30 / 금요일 10:00 ~ 20:30 / 토요일 10:00 ~ 17:00 / 일요일 10:00 ~ 17:00 / 월요일 10:00 ~ 20:30 / 점심시간 없음 / 공휴일 진료,0508-0353-1932
https://www.yeoshin.co.kr/event/mobile/17246,,,,탄력 UP 슈링크 유니버스,"#리프팅레이저
#타이트닝",https://d3gurpvil0se70.cloudfront.net/upfiles/images/product/C0mXGepkGNEAqkoetlxjLtDpO3X8.jpg?q=90&f=webp&w=1024,8.9,10.0,,158000,,유앤아이의원(평택점),,,,,,,,슈링크유니버스 시술시간 30~40분 마취여부 크림마취 회복시간 3일 시술효과 1~2달 후,,,수요일 10:00 ~ 20:30 (점심 13:00 ~ 14:00) / 목요일 10:00 ~ 20:30 (점심 13:00 ~ 14:00) / 금요일 10:00 ~ 20:30 (점심 13:00 ~ 14:00) / 토요일 10:00 ~ 16:00 / 일요일 휴진 / 월요일 10:00 ~ 20:30 (점심 13:00 ~ 14:00),0508-0354-0339
https://www.yeoshin.co.kr/event/mobile/24723,,,,슈링크 유니버스 300샷,"#리프팅레이저
#타이트닝",https://d3gurpvil0se70.cloudfront.net/upfiles/images/product/PJTYo5PXpnUHL8vgzs9N6ZjPSEgA.jpg?q=90&f=webp&w=1024,9.4,19.0,88000.0,81000,VAT 포함,브라운성형외과의원,서울특별시 서초구 강남대로 475 (반포동) 브라운성형외과의원주소복사,전문의 3명 영어 응대 중국어 응대 일본어 응대,슈링크유니버스 #초음파리프팅 #콜라겐재생 강한 초음파 에너지를 피부에 전달하여 콜라겐을 재생시키고 탄력을 개선하는 리프팅 #2세대슈링크 #빠른시술 #적은통증 기존 대비 2.5배 빨라진 조사 속도로 통증이 줄어든 슈링크 업그레이드 버전 #다양한부위 #세밀한리프팅 다양한 핸드피스로 굴곡진 면이나 눈가 등 세밀한 부분까지 꼼꼼한 리프팅이 가능 권장주기 1~3개월 / 3회 이상 시술,VAT 포함,피부의 전체적인 탄력 개선을 원하는 분 / 얼굴 라인이 매끈하지 않아 고민인 분 / 피부 상태 및 부위별 맞춤 리프팅을 원하는 분 / 꼼꼼한 리프팅을 원하는 분,,,슈링크유니버스 시술시간 30~40분 마취여부 크림마취 회복시간 약 3일 시술효과 1~2개월,,,수요일 10:00 ~ 19:00 / 목요일 10:00 ~ 19:00 / 금요일 10:00 ~ 20:30 / 토요일 10:00 ~ 17:00 / 일요일 휴진 / 월요일 10:00 ~ 19:00 / 일요일&공휴일 휴진/금요일 야간진료,0508-0353-4515
https://www.yeoshin.co.kr/event/mobile/12197,,,,슈링크 유니버스,"#리프팅레이저
#타이트닝",https://d3gurpvil0se70.cloudfront.net/upfiles/images/product/GBUVvWHucGYjEImCddu4vcLfsY83.png?q=90&f=webp&w=1024,8.0,2.0,53900.0,46900,VAT 포함,원더의원,인천광역시 부평구 부평대로 19-1 원더의원주소복사,전문의 1명,,VAT 포함,,,,슈링크유니버스 시술시간 30~40분 마취여부 크림마취 회복시간 3일 시술효과 1~2달 후,,,수요일 09:30 ~ 19:00 (점심 13:00 ~ 14:00) / 목요일 09:30 ~ 19:30 (점심 13:00 ~ 14:00) / 금요일 09:30 ~ 19:00 (점심 13:00 ~ 14:00) / 토요일 09:00 ~ 14:00 / 일요일 휴진 / 월요일 09:30 ~ 19:30 (점심 13:00 ~ 14:00),0508-0354-1974
https://www.yeoshin.co.kr/event/mobile/17225,,,,슈링크 유니버스 리프팅,"#리프팅레이저
#타이트닝",https://d3gurpvil0se70.cloudfront.net/upfiles/images/product/KTv5K21RoNik0K5pDiBdpPjd2BX8.jpg?q=90&f=webp&w=1024,10.0,2.0,66000.0,59000,VAT 포함,톡스앤필(제주점),,,슈링크유니버스 #초음파리프팅 #콜라겐재생 강한 초음파 에너지를 피부에 전달하여 콜라겐을 재생시키고 탄력을 개선하는 리프팅 #2세대슈링크 #빠른시술 #적은통증 기존 대비 2.5배 빨라진 조사 속도로 통증이 줄어든 슈링크 업그레이드 버전 #다양한부위 #세밀한리프팅 다양한 핸드피스로 굴곡진 면이나 눈가 등 세밀한 부분까지 꼼꼼한 리프팅이 가능 권장주기 1~3개월 / 3회 이상 시술,VAT 포함,피부의 전체적인 탄력 개선을 원하는 분 / 얼굴 라인이 매끈하지 않아 고민인 분 / 피부 상태 및 부위별 맞춤 리프팅을 원하는 분 / 꼼꼼한 리프팅을 원하는 분,,,슈링크유니버스 시술시간 30~40분 마취여부 크림마취 회복시간 약 3일 시술효과 1~2개월,,,수요일 10:00 ~ 19:00 (점심 13:00 ~ 14:00) / 목요일 10:00 ~ 20:00 (점심 13:00 ~ 14:00) / 금요일 10:00 ~ 19:30 (점심 13:00 ~ 14:00) / 토요일 09:30 ~ 15:30 / 일요일 휴진 / 월요일 10:00 ~ 20:00 (점심 13:00 ~ 14:00),0508-0354-2777
https://www.yeoshin.co.kr/event/mobile/26134,,,,유앤아이 슈링크 유니버스 리프팅,"#리프팅레이저
#타이트닝",https://d3gurpvil0se70.cloudfront.net/upfiles/images/product/j6r2EvElOBMQhlSmwu0F4CYNzZb3.jpg?q=90&f=webp&w=1024,10.0,1.0,97900.0,90900,VAT 포함,유앤아이의원(과천점),경기도 과천시 과천대로 111 (갈현동) 과천 렉서 2층주소복사,,,VAT 포함,,,,슈링크유니버스 시술시간 30~40분 마취여부 크림마취 회복시간 약 3일 시술효과 1~2개월,,크림마취,수요일 10:00 ~ 20:30 / 목요일 10:00 ~ 20:30 / 금요일 10:00 ~ 20:30 / 토요일 10:00 ~ 17:00 / 일요일 휴진 / 월요일 10:00 ~ 20:30,050803539821
https://www.yeoshin.co.kr/event/mobile/6623,,,,"탄력UP, 슈링크 유니버스","#리프팅레이저
#타이트닝",https://d3gurpvil0se70.cloudfront.net/upfiles/images/product/7TTer3CU3JmnFmRWhNMxieXbT6O6.jpg?q=90&f=webp&w=1024,9.0,6.0,55000.0,48000,VAT 포함,유앤아이의원(김포점),,,,VAT 포함,,,,슈링크유니버스 시술시간 30~40분 마취여부 크림마취 회복시간 3일 시술효과 1~2달 후,,,수요일 10:00 ~ 20:30 (점심 13:00 ~ 14:00) / 목요일 10:00 ~ 20:30 (점심 13:00 ~ 14:00) / 금요일 10:00 ~ 20:30 (점심 13:00 ~ 14:00) / 토요일 10:00 ~ 16:00 / 일요일 10:00 ~ 16:00 / 월요일 10:00 ~ 20:30 (점심 13:00 ~ 14:00),0508-0354-0557
https://www.yeoshin.co.kr/event/mobile/9132,,,,정품 슈링크 유니버스 풀페이스 300샷,"#리프팅레이저
#타이트닝",https://d3gurpvil0se70.cloudfront.net/upfiles/images/product/1806242201.jpg?q=90&f=webp&w=1024,9.5,592.0,90200.0,83200,VAT 포함,리드림의원(의료법인미래의료재단),,,,VAT 포함,,,,슈링크유니버스 시술시간 30~40분 마취여부 크림마취 회복시간 약 3일 시술효과 1~2개월,,,수요일 10:00 ~ 19:00 / 목요일 10:00 ~ 20:00 / 금요일 10:00 ~ 19:00 / 토요일 10:00 ~ 16:00 / 일요일 휴진 / 월요일 10:00 ~ 19:00,0508-0353-4648
https://www.yeoshin.co.kr/event/mobile/15948,,,,슈링크 유니버스,"#리프팅레이저
#타이트닝",https://d3gurpvil0se70.cloudfront.net/upfiles/images/product/kpps0MvL7Xep3amKNYO0BX9WmXY8.jpg?q=90&f=webp&w=1024,9.4,10.0,27500.0,20500,VAT 포함,제이린의원(서면점),,,슈링크유니버스 #초음파리프팅 #콜라겐재생 강한 초음파 에너지를 피부에 전달하여 콜라겐을 재생시키고 탄력을 개선하는 리프팅 #2세대슈링크 #빠른시술 #적은통증 기존 대비 2.5배 빨라진 조사 속도로 통증이 줄어든 슈링크 업그레이드 버전 #다양한부위 #세밀한리프팅 다양한 핸드피스로 굴곡진 면이나 눈가 등 세밀한 부분까지 꼼꼼한 리프팅이 가능 권장주기 1~3개월 / 3회 이상 시술,VAT 포함,피부의 전체적인 탄력 개선을 원하는 분 / 얼굴 라인이 매끈하지 않아 고민인 분 / 피부 상태 및 부위별 맞춤 리프팅을 원하는 분 / 꼼꼼한 리프팅을 원하는 분,,,슈링크유니버스 시술시간 10분 마취여부 크림마취 회복시간 당일 시술효과 1달 후,,,수요일 10:30 ~ 19:00 (점심 13:00 ~ 14:30) / 목요일 10:30 ~ 19:00 (점심 13:00 ~ 14:30) / 금요일 10:30 ~ 20:00 (점심 13:00 ~ 14:30) / 토요일 10:30 ~ 14:30 / 일요일 휴진 / 월요일 10:30 ~ 20:00 (점심 13:00 ~ 14:30),0508-0354-2276
https://www.yeoshin.co.kr/event/mobile/17263,,,,슈링크 유니버스,"#리프팅레이저
#타이트닝",https://d3gurpvil0se70.cloudfront.net/upfiles/images/product/KWurNS1iakLhoMc5yEzNynRBj9rA.jpg?q=90&f=webp&w=1024,,,108900.0,101900,VAT 포함,연세더나은의원,경기도 고양시 일산동구 일산로 219 (마두동) 5층 연세더나은의원주소복사,전문의 2명,슈링크유니버스 #초음파리프팅 #콜라겐재생 강한 초음파 에너지를 피부에 전달하여 콜라겐을 재생시키고 탄력을 개선하는 리프팅 #2세대슈링크 #빠른시술 #적은통증 기존 대비 2.5배 빨라진 조사 속도로 통증이 줄어든 슈링크 업그레이드 버전 #다양한부위 #세밀한리프팅 다양한 핸드피스로 굴곡진 면이나 눈가 등 세밀한 부분까지 꼼꼼한 리프팅이 가능 권장주기 1~3개월 / 3회 이상 시술,VAT 포함,피부의 전체적인 탄력 개선을 원하는 분 / 얼굴 라인이 매끈하지 않아 고민인 분 / 피부 상태 및 부위별 맞춤 리프팅을 원하는 분 / 꼼꼼한 리프팅을 원하는 분,,,슈링크유니버스 시술시간 30~40분 마취여부 크림마취 회복시간 3일 시술효과 1~2달 후,,,"수요일 09:00 ~ 18:30 (점심 13:00 ~ 14:00) / 목요일 휴진 / 금요일 09:00 ~ 18:30 (점심 13:00 ~ 14:00) / 토요일 09:00 ~ 13:00 / 일요일 휴진 / 월요일 09:00 ~ 18:30 (점심 13:00 ~ 14:00) / 목요일, 일요일, 공휴일 휴무",0508-0354-0850
https://www.yeoshin.co.kr/event/mobile/15939,,,,[땡큐] V라인 슈링크유니버스,"#피부과 전문의
#리프팅레이저
#타이트닝",https://d3gurpvil0se70.cloudfront.net/upfiles/images/product/f55CGMO6cvVyPYJfpWyQvx4oPcM9.jpg?q=90&f=webp&w=1024,,,99000.0,92000,VAT 포함,땡큐성형외과의원,서울특별시 강남구 강남대로 446 땡큐성형외과의원주소복사,전문의 7명 영어 응대 중국어 응대 일본어 응대,,VAT 포함,,,,슈링크유니버스 시술시간 30~40분 마취여부 크림마취 회복시간 3일 시술효과 1~2달 후,,,수요일 10:00 ~ 19:00 / 목요일 10:00 ~ 19:00 / 금요일 10:00 ~ 19:00 / 토요일 10:00 ~ 16:00 / 일요일 휴진 / 월요일 10:00 ~ 19:00,0508-0353-6942
https://www.yeoshin.co.kr/event/mobile/11825,,,,피부층별 고탄력 리프팅,"#리프팅레이저
#타이트닝",https://d3gurpvil0se70.cloudfront.net/upfiles/images/product/194002159.jpg?q=90&f=webp&w=1024,,,484000.0,477000,VAT 포함,센텀릴리의원,부산광역시 해운대구 센텀2로 15 센텀릴리의원주소복사,전문의 1명,"슈링크유니버스 슈링크 유니버스는 고강도 집속 초음파 HIFU를 이용한 리프팅 장비로, 피부 표면의 손상 거의 없이 근막(SMAS) 층에 에너지를 집속 시켜 콜라겐을 재생하고 늘어진 조직을 수축하여 전체적인 탄력 개선이 가능한 시술로 슈링크 2세대 버전의 리프팅입니다. 슈링크 유니버스는 울트라 부스터 펜 타입 핸드피스로 턱 라인, 볼, 광대뿐 아니라 굴곡진 면이나 눈가 등 세밀한 부분까지 에너지를 전달해 꼼꼼한 리프팅이 가능한 것이 장점이며 2가지의 강한 초음파 모드로 더욱 더 세밀하게 초음파 에너지를 전달합니다. 2.5배 빨라진 레이저 조사 속도로 시술 시간을 단축해 적은 통증으로 편안하게 시술받을 수 있습니다. 권장주기 1~3개월 / 3회 이상 시술",VAT 포함,피부 상태 및 부위별 맞춤 리프팅을 원하는 분 / 목과 턱의 경계가 불분명한 분 / 리프팅 시술이 하고싶지만 통증이 두려운 분,,,슈링크유니버스 시술시간 40분 마취여부 크림마취 회복시간 3일 시술효과 1~2달 후,,,수요일 11:00 ~ 20:00 (점심 13:00 ~ 14:00) / 목요일 11:00 ~ 20:00 (점심 13:00 ~ 14:00) / 금요일 11:00 ~ 20:00 (점심 13:00 ~ 14:00) / 토요일 11:00 ~ 16:00 / 일요일 휴진 / 월요일 11:00 ~ 20:00 (점심 13:00 ~ 14:00),0508-0354-2054
https://www.yeoshin.co.kr/event/mobile/6130,,,,슈링크 유니버스 100샷,"#리프팅레이저
#타이트닝",https://d3gurpvil0se70.cloudfront.net/upfiles/images/product/779311877.jpg?q=90&f=webp&w=1024,8.8,4.0,44000.0,37000,VAT 포함,스무살의원,크림마취,전문의 1명 여의사 진료,"슈링크유니버스 슈링크 유니버스는 고강도 집속 초음파 HIFU를 이용한 리프팅 장비로, 피부 표면의 손상 거의 없이 근막(SMAS) 층에 에너지를 집속 시켜 콜라겐을 재생하고 늘어진 조직을 수축하여 전체적인 탄력 개선이 가능한 시술로 슈링크 2세대 버전의 리프팅입니다. 슈링크 유니버스는 울트라 부스터 펜 타입 핸드피스로 턱 라인, 볼, 광대뿐 아니라 굴곡진 면이나 눈가 등 세밀한 부분까지 에너지를 전달해 꼼꼼한 리프팅이 가능한 것이 장점이며 2가지의 강한 초음파 모드로 더욱 더 세밀하게 초음파 에너지를 전달합니다. 2.5배 빨라진 레이저 조사 속도로 시술 시간을 단축해 적은 통증으로 편안하게 시술받을 수 있습니다. 권장주기 1~3개월 / 3회 이상 시술",VAT 포함,리프팅 시술이 하고싶지만 통증이 두려운 분 / 목과 턱의 경계가 불분명한 분 / 일상생활 복귀가 빠른 시술을 원하는 분 / 피부 상태 및 부위별 맞춤 리프팅을 원하는 분,,기존 슈링크보다 통증이 줄어들었나요? 기존대비 2.5배 빨라진 시술 속도로 인해 통증이 경감되어 통증이 두려우셨던 분들의 시술 부담감이 줄어든 슈링크 유니버스입니다. 시술 시 부작용이 있나요? 개인차가 있지만 슈링크 유니버스 시술은 비교적 간단한 시술로 부작용이 거의 없으나 개인마다 가려움증이나 두드러기 반응이 있을 수 있습니다.,슈링크유니버스 시술시간 50분 마취여부 크림마취 회복시간 3일 시술효과 1~2달 후,"주의사항 1 시술 후, 음주 및 흡연을 자제해주세요. 2 붉은 기,화끈거리는 느낌은 일시적이며 곧 완화됩니다. 3 초음파열 유지를 위해 3일간 미온수로 세안을 권합니다.",크림마취 수면마취 비수면 무통마취 국소마취,수요일 10:30 ~ 21:00 (점심 13:00 ~ 14:00) / 목요일 10:30 ~ 19:00 (점심 13:00 ~ 14:00) / 금요일 10:30 ~ 21:00 (점심 13:00 ~ 14:00) / 토요일 10:30 ~ 17:00 (점심 13:00 ~ 14:00) / 일요일 휴진 / 월요일 10:30 ~ 19:00 (점심 13:00 ~ 14:00),0508-0354-0755
https://www.yeoshin.co.kr/event/mobile/16379,,,,슈링크유니버스,"#리프팅레이저
#타이트닝",https://d3gurpvil0se70.cloudfront.net/upfiles/images/product/nrG23JxdyKWj78K1Ck7EFAEahgX1.jpg?q=90&f=webp&w=1024,10.0,2.0,55000.0,48000,VAT 포함,늘샤인의원,,,슈링크유니버스 #초음파리프팅 #콜라겐재생 강한 초음파 에너지를 피부에 전달하여 콜라겐을 재생시키고 탄력을 개선하는 리프팅 #2세대슈링크 #빠른시술 #적은통증 기존 대비 2.5배 빨라진 조사 속도로 통증이 줄어든 슈링크 업그레이드 버전 #다양한부위 #세밀한리프팅 다양한 핸드피스로 굴곡진 면이나 눈가 등 세밀한 부분까지 꼼꼼한 리프팅이 가능 권장주기 1~3개월 / 3회 이상 시술,VAT 포함,피부의 전체적인 탄력 개선을 원하는 분 / 얼굴 라인이 매끈하지 않아 고민인 분 / 피부 상태 및 부위별 맞춤 리프팅을 원하는 분 / 꼼꼼한 리프팅을 원하는 분,시술 특장점 좁고 굴곡진 부위까지 다양한 핸드피스로 닿기 어려운 부위까지 시술이 가능합니다. 다양한 초음파 모드 피부상태와 부위에 따른 초음파 모드로 시술이 가능합니다. 디테일하게 맞춤 리프팅 발전된 HIFU 기술로 디테일한 맞춤 리프팅 시술이 가능합니다.,"기존 슈링크보다 통증이 줄어들었나요? 기존 슈링크에 비해 약 2.5배 빨라진 시술 속도로 인해 통증이 경감 되었습니다.단, 개인별로 느끼는 통증의 차이는 있을 수 있습니다. 시술 시 부작용이 있나요? 부작용이 거의 없으나 개인마다 가려움증이나 두드러기 반응이 있을 수 있습니다.",슈링크유니버스 시술시간 30~40분 마취여부 크림마취 회복시간 3일 시술효과 1~2달 후,"주의사항 1 약 3일간은 미온수로 세안해주세요. 2 저자극 클렌저를 사용해주세요. 3 피부가 욱신거리거나 부기, 멍, 붉음증이 나타날 수 있습니다.",,수요일 10:00 ~ 19:30 (점심 13:00 ~ 14:00) / 목요일 10:00 ~ 19:30 (점심 13:00 ~ 14:00) / 금요일 10:00 ~ 20:30 (점심 13:00 ~ 14:00) / 토요일 10:00 ~ 15:30 / 일요일 휴진 / 월요일 10:00 ~ 19:30 (점심 13:00 ~ 14:00),0508-0354-1028
https://www.yeoshin.co.kr/event/mobile/24669,,,,속부터 탄력 있게! 슈링크유니버스,"#리프팅레이저
#타이트닝",https://d3gurpvil0se70.cloudfront.net/upfiles/images/product/6RxUW0wEZA1DuhfoMJJsj2oOZ7s.jpg?q=90&f=webp&w=1024,,,77000.0,70000,VAT 포함,강남제이스타의원,크림마취,전문의 1명 여의사 진료 수술실 CCTV 응급처치 시스템 전담회복실 사후관리,슈링크유니버스 #초음파리프팅 #콜라겐재생 강한 초음파 에너지를 피부에 전달하여 콜라겐을 재생시키고 탄력을 개선하는 리프팅 #2세대슈링크 #빠른시술 #적은통증 기존 대비 2.5배 빨라진 조사 속도로 통증이 줄어든 슈링크 업그레이드 버전 #다양한부위 #세밀한리프팅 다양한 핸드피스로 굴곡진 면이나 눈가 등 세밀한 부분까지 꼼꼼한 리프팅이 가능 권장주기 1~3개월 / 3회 이상 시술,VAT 포함,피부의 전체적인 탄력 개선을 원하는 분 / 얼굴 라인이 매끈하지 않아 고민인 분 / 피부 상태 및 부위별 맞춤 리프팅을 원하는 분 / 꼼꼼한 리프팅을 원하는 분,,,슈링크유니버스 시술시간 30~40분 마취여부 크림마취 회복시간 약 3일 시술효과 1~2개월,,크림마취 수면마취 국소마취,수요일 14:00 ~ 19:00 / 목요일 10:00 ~ 19:00 (점심 12:30 ~ 13:30) / 금요일 10:00 ~ 19:00 (점심 12:30 ~ 13:30) / 토요일 10:00 ~ 14:00 / 일요일 휴진 / 월요일 10:00 ~ 19:00 (점심 12:30 ~ 13:30),050803544136
https://www.yeoshin.co.kr/event/mobile/26150,,,,이중턱 슈링크(6mm팁 업그레이드),"#리프팅레이저
#타이트닝",https://d3gurpvil0se70.cloudfront.net/upfiles/images/product/uvNud6Wfx2mupIfDsEebKIVbVnK4.jpg?q=90&f=webp&w=1024,,,165000.0,158000,VAT 포함,루미에버의원,크림마취,여의사 진료 사후관리 피부진단기 F-RAY 촬영 >,슈링크유니버스 #초음파리프팅 #콜라겐재생 강한 초음파 에너지를 피부에 전달하여 콜라겐을 재생시키고 탄력을 개선하는 리프팅 #2세대슈링크 #빠른시술 #적은통증 기존 대비 2.5배 빨라진 조사 속도로 통증이 줄어든 슈링크 업그레이드 버전 #이중턱부위 #6mm업그레이드팁 다양한 핸드피스로 굴곡진 면이나 눈가 등 세밀한 부분까지 꼼꼼한 리프팅이 가능 권장주기 1~3개월 / 3회 이상 시술,VAT 포함,피부의 전체적인 탄력 개선을 원하는 분 / 얼굴 라인이 매끈하지 않아 고민인 분 / 피부 상태 및 부위별 맞춤 리프팅을 원하는 분 / 꼼꼼한 리프팅을 원하는 분,,,슈링크유니버스 시술시간 30~40분 마취여부 크림마취 회복시간 약 3일 시술효과 1~2개월,,크림마취 국소마취,수요일 휴진 / 목요일 10:00 ~ 20:00 (점심 13:00 ~ 14:00) / 금요일 10:00 ~ 20:00 (점심 13:00 ~ 14:00) / 토요일 10:00 ~ 14:00 / 일요일 휴진 / 월요일 10:00 ~ 20:00 (점심 13:00 ~ 14:00),0508-0353-0396
https://www.yeoshin.co.kr/event/mobile/18031,,,,"슈링크유니버스 1,000샷","#리프팅레이저
#타이트닝",https://d3gurpvil0se70.cloudfront.net/upfiles/images/product/zN0FH1ToynOXB3wIhPFQ5AMPsGhA.jpg?q=90&f=webp&w=1024,,,605000.0,598000,VAT 포함,삼성노블의원(고양점),"경기도 고양시 덕양구 권율대로 907 (신원동) kn빌딩, 5층 일부호(530호)주소복사",전문의 2명 영어 응대,슈링크유니버스 #초음파리프팅 #콜라겐재생 강한 초음파 에너지를 피부에 전달하여 콜라겐을 재생시키고 탄력을 개선하는 리프팅 #2세대슈링크 #빠른시술 #적은통증 기존 대비 2.5배 빨라진 조사 속도로 통증이 줄어든 슈링크 업그레이드 버전 #다양한부위 #세밀한리프팅 다양한 핸드피스로 굴곡진 면이나 눈가 등 세밀한 부분까지 꼼꼼한 리프팅이 가능 권장주기 1~3개월 / 3회 이상 시술,VAT 포함,피부의 전체적인 탄력 개선을 원하는 분 / 얼굴 라인이 매끈하지 않아 고민인 분 / 피부 상태 및 부위별 맞춤 리프팅을 원하는 분 / 꼼꼼한 리프팅을 원하는 분,시술 특장점 좁고 굴곡진 부위까지 다양한 핸드피스로 닿기 어려운 부위까지 시술이 가능합니다. 다양한 초음파 모드 피부상태와 부위에 따른 초음파 모드로 시술이 가능합니다. 디테일하게 맞춤 리프팅 발전된 HIFU 기술로 디테일한 맞춤 리프팅 시술이 가능합니다.,"기존 슈링크보다 통증이 줄어들었나요? 기존 슈링크에 비해 약 2.5배 빨라진 시술 속도로 인해 통증이 경감 되었습니다.단, 개인별로 느끼는 통증의 차이는 있을 수 있습니다. 시술 시 부작용이 있나요? 부작용이 거의 없으나 개인마다 가려움증이나 두드러기 반응이 있을 수 있습니다.",슈링크유니버스 시술시간 30~40분 마취여부 크림마취 회복시간 약 3일 시술효과 1~2개월,"주의사항 1 약 3일간은 미온수로 세안해주세요. 2 저자극 클렌저를 사용해주세요. 3 피부가 욱신거리거나 부기, 멍, 붉음증이 나타날 수 있습니다.",,"수요일 휴진 / 목요일 10:00 ~ 20:00 (점심 13:00 ~ 14:00) / 금요일 10:00 ~ 20:00 (점심 13:00 ~ 14:00) / 토요일 10:00 ~ 15:00 / 일요일 휴진 / 월요일 10:00 ~ 20:00 (점심 13:00 ~ 14:00) / 접수마감시간 : 평일 19:30 , 토요일 14:30",0508-0353-2943
https://www.yeoshin.co.kr/event/mobile/7973,,,,"탄력UP, 슈링크 유니버스 100샷","#피부과 전문의
#리프팅레이저
#타이트닝",https://d3gurpvil0se70.cloudfront.net/upfiles/images/product/R5uQ82S9wk43ee8jMht0AvndtanA.png?q=90&f=webp&w=1024,,,88000.0,81000,VAT 포함,유앤아이피부과의원(판교점),경기도 성남시 분당구 판교로 375 유앤아이피부과의원(판교점)주소복사,전문의 1명,,VAT 포함,,,,슈링크유니버스 시술시간 30분 마취여부 냉각마취 회복시간 3일 시술효과 1~2달 후,,,수요일 09:30 ~ 20:30 (점심 13:00 ~ 14:00) / 목요일 09:30 ~ 20:30 (점심 13:00 ~ 14:00) / 금요일 09:30 ~ 20:30 (점심 13:00 ~ 14:00) / 토요일 09:00 ~ 16:00 / 일요일 휴진 / 월요일 09:30 ~ 20:30 (점심 13:00 ~ 14:00),0508-0354-0510
https://www.yeoshin.co.kr/event/mobile/5117,,,,디자인 슈링크 유니버스,"#리프팅레이저
#타이트닝",https://d3gurpvil0se70.cloudfront.net/upfiles/images/product/PGafihE0EEgtrUEUzR8TcJmP8PH9.jpg?q=90&f=webp&w=1024,9.3,4.0,62700.0,55700,VAT 포함,베이드의원,서울특별시 강남구 논현로 839 베이드의원주소복사,전문의 3명 영어 응대 중국어 응대 피부진단기 F-RAY 촬영 >,,VAT 포함,,,,슈링크유니버스 시술시간 30분 마취여부 냉각마취 회복시간 3일 시술효과 1~2달 후,,,수요일 10:00 ~ 20:00 (점심 13:00 ~ 14:00) / 목요일 10:00 ~ 20:00 (점심 13:00 ~ 14:00) / 금요일 10:00 ~ 20:00 (점심 13:00 ~ 14:00) / 토요일 10:00 ~ 16:00 / 일요일 휴진 / 월요일 10:00 ~ 20:00 (점심 13:00 ~ 14:00),0508-0353-3673
https://www.yeoshin.co.kr/event/mobile/18045,,,,S&P (슈링크&피아모) 리프팅,"#리프팅레이저
#타이트닝",https://d3gurpvil0se70.cloudfront.net/upfiles/images/product/KlOsJlS4OhOrQaST9AJf2mdU7BR4.jpg?q=90&f=webp&w=1024,,,935000.0,928000,VAT 포함,삼성노블의원(고양점),"경기도 고양시 덕양구 권율대로 907 (신원동) kn빌딩, 5층 일부호(530호)주소복사",전문의 2명 영어 응대,슈링크유니버스 #초음파리프팅 #콜라겐재생 강한 초음파 에너지를 피부에 전달하여 콜라겐을 재생시키고 탄력을 개선하는 리프팅 #2세대슈링크 #빠른시술 #적은통증 기존 대비 2.5배 빨라진 조사 속도로 통증이 줄어든 슈링크 업그레이드 버전 #다양한부위 #세밀한리프팅 다양한 핸드피스로 굴곡진 면이나 눈가 등 세밀한 부분까지 꼼꼼한 리프팅이 가능 권장주기 1~3개월 / 3회 이상 시술,VAT 포함,피부의 전체적인 탄력 개선을 원하는 분 / 얼굴 라인이 매끈하지 않아 고민인 분 / 피부 상태 및 부위별 맞춤 리프팅을 원하는 분 / 꼼꼼한 리프팅을 원하는 분,시술 특장점 좁고 굴곡진 부위까지 다양한 핸드피스로 닿기 어려운 부위까지 시술이 가능합니다. 다양한 초음파 모드 피부상태와 부위에 따른 초음파 모드로 시술이 가능합니다. 디테일하게 맞춤 리프팅 발전된 HIFU 기술로 디테일한 맞춤 리프팅 시술이 가능합니다.,"기존 슈링크보다 통증이 줄어들었나요? 기존 슈링크에 비해 약 2.5배 빨라진 시술 속도로 인해 통증이 경감 되었습니다.단, 개인별로 느끼는 통증의 차이는 있을 수 있습니다. 시술 시 부작용이 있나요? 부작용이 거의 없으나 개인마다 가려움증이나 두드러기 반응이 있을 수 있습니다.",슈링크유니버스 시술시간 30~40분 마취여부 크림마취 회복시간 약 3일 시술효과 1~2개월,"주의사항 1 약 3일간은 미온수로 세안해주세요. 2 저자극 클렌저를 사용해주세요. 3 피부가 욱신거리거나 부기, 멍, 붉음증이 나타날 수 있습니다.",,"수요일 휴진 / 목요일 10:00 ~ 20:00 (점심 13:00 ~ 14:00) / 금요일 10:00 ~ 20:00 (점심 13:00 ~ 14:00) / 토요일 10:00 ~ 15:00 / 일요일 휴진 / 월요일 10:00 ~ 20:00 (점심 13:00 ~ 14:00) / 접수마감시간 : 평일 19:30 , 토요일 14:30",0508-0353-2943
https://www.yeoshin.co.kr/event/mobile/25455,,,,슈링크 유니버스 100샷,"#리프팅레이저
#타이트닝",https://d3gurpvil0se70.cloudfront.net/upfiles/images/product/A21PjUbXFPoqu4iCmGUMpNsJwlCA.png?q=90&f=webp&w=1024,10.0,2.0,75900.0,68900,VAT 포함,장덕한방병원(서초),크림마취,전문의 2명 여의사 진료 기본 입원실 피부진단기 F-RAY 촬영 >,슈링크유니버스 #초음파리프팅 #콜라겐재생 강한 초음파 에너지를 피부에 전달하여 콜라겐을 재생시키고 탄력을 개선하는 리프팅 #2세대슈링크 #빠른시술 #적은통증 기존 대비 2.5배 빨라진 조사 속도로 통증이 줄어든 슈링크 업그레이드 버전 #다양한부위 #세밀한리프팅#아이슈링크 다양한 핸드피스로 굴곡진 면이나 눈가 등 세밀한 부분까지 꼼꼼한 리프팅이 가능 권장주기 1~3개월 / 3회 이상 시술,VAT 포함,피부의 전체적인 탄력 개선을 원하는 분 / 얼굴 라인이 매끈하지 않아 고민인 분 / 피부 상태 및 부위별 맞춤 리프팅을 원하는 분 / 꼼꼼한 리프팅을 원하는 분,시술 특장점 좁고 굴곡진 부위까지 다양한 핸드피스로 닿기 어려운 부위까지 시술이 가능합니다. 다양한 초음파 모드 피부상태와 부위에 따른 초음파 모드로 시술이 가능합니다. 디테일하게 맞춤 리프팅 발전된 HIFU 기술로 디테일한 맞춤 리프팅 시술이 가능합니다.,"기존 슈링크보다 통증이 줄어들었나요? 기존 슈링크에 비해 약 2.5배 빨라진 시술 속도로 인해 통증이 경감 되었습니다.단, 개인별로 느끼는 통증의 차이는 있을 수 있습니다. 시술 시 부작용이 있나요? 부작용이 거의 없으나 개인마다 가려움증이나 두드러기 반응이 있을 수 있습니다.",슈링크유니버스 시술시간 30~40분 마취여부 크림마취 회복시간 약 3일 시술효과 1~2개월,"주의사항 1 약 3일간은 미온수로 세안해주세요. 2 저자극 클렌저를 사용해주세요. 3 피부가 욱신거리거나 부기, 멍, 붉음증이 나타날 수 있습니다.",크림마취,수요일 09:00 ~ 21:00 (점심 13:00 ~ 14:00) / 목요일 09:00 ~ 19:00 (점심 13:00 ~ 14:00) / 금요일 09:00 ~ 19:00 (점심 13:00 ~ 14:00) / 토요일 09:00 ~ 17:00 (점심 13:00 ~ 14:00) / 일요일 휴진 / 월요일 09:00 ~ 19:00 (점심 13:00 ~ 14:00) / 공휴일ㅣAM 09:00~PM 05:00,050803531038
https://www.yeoshin.co.kr/event/mobile/25027,,,,슈링크 리프팅,"#피부과 전문의
#리프팅레이저
#타이트닝",https://d3gurpvil0se70.cloudfront.net/upfiles/images/product/vSH7EIdZv0CAly16hzKt3wMbtmr7.jpg?q=90&f=webp&w=1024,,,330000.0,323000,VAT 포함,CNP차앤박피부과(명동점),크림마취,전문의 1명 여의사 진료,슈링크유니버스 #초음파리프팅 #콜라겐재생 강한 초음파 에너지를 피부에 전달하여 콜라겐을 재생시키고 탄력을 개선하는 리프팅 #2세대슈링크 #빠른시술 #적은통증 기존 대비 2.5배 빨라진 조사 속도로 통증이 줄어든 슈링크 업그레이드 버전 #다양한부위 #세밀한리프팅 다양한 핸드피스로 굴곡진 면이나 눈가 등 세밀한 부분까지 꼼꼼한 리프팅이 가능 권장주기 1~3개월 / 3회 이상 시술,VAT 포함,피부의 전체적인 탄력 개선을 원하는 분 / 얼굴 라인이 매끈하지 않아 고민인 분 / 피부 상태 및 부위별 맞춤 리프팅을 원하는 분 / 꼼꼼한 리프팅을 원하는 분,시술 특장점 좁고 굴곡진 부위까지 다양한 핸드피스로 닿기 어려운 부위까지 시술이 가능합니다. 다양한 초음파 모드 피부상태와 부위에 따른 초음파 모드로 시술이 가능합니다. 디테일하게 맞춤 리프팅 발전된 HIFU 기술로 디테일한 맞춤 리프팅 시술이 가능합니다.,"기존 슈링크보다 통증이 줄어들었나요? 기존 슈링크에 비해 약 2.5배 빨라진 시술 속도로 인해 통증이 경감 되었습니다.단, 개인별로 느끼는 통증의 차이는 있을 수 있습니다. 시술 시 부작용이 있나요? 부작용이 거의 없으나 개인마다 가려움증이나 두드러기 반응이 있을 수 있습니다.",슈링크유니버스 시술시간 60분 마취여부 크림마취 회복시간 당일 시술효과 1~2개월,"주의사항 1 약 3일간은 미온수로 세안해주세요. 2 저자극 클렌저를 사용해주세요. 3 피부가 욱신거리거나 부기, 멍, 붉음증이 나타날 수 있습니다.",크림마취,수요일 10:30 ~ 20:00 (점심 13:00 ~ 14:00) / 목요일 10:30 ~ 20:00 (점심 13:00 ~ 14:00) / 금요일 10:30 ~ 20:00 (점심 13:00 ~ 14:00) / 토요일 10:00 ~ 16:30 / 일요일 휴진 / 월요일 10:30 ~ 20:00 (점심 13:00 ~ 14:00),050803532612
https://www.yeoshin.co.kr/event/mobile/5600,,,,슈링크유니버스1000샷+수분마스크,"#리프팅레이저
#타이트닝",https://d3gurpvil0se70.cloudfront.net/upfiles/images/product/4095520912.jpg?q=90&f=webp&w=1024,,,869000.0,862000,VAT 포함,파크뷰의원(운정점),,,"슈링크유니버스 슈링크 유니버스는 고강도 집속 초음파 HIFU를 이용한 리프팅 장비로, 피부 표면의 손상 거의 없이 근막(SMAS) 층에 에너지를 집속 시켜 콜라겐을 재생하고 늘어진 조직을 수축하여 전체적인 탄력 개선이 가능한 시술로 슈링크 2세대 버전의 리프팅입니다. 슈링크 유니버스는 울트라 부스터 펜 타입 핸드피스로 턱 라인, 볼, 광대뿐 아니라 굴곡진 면이나 눈가 등 세밀한 부분까지 에너지를 전달해 꼼꼼한 리프팅이 가능한 것이 장점이며 2가지의 강한 초음파 모드로 더욱 더 세밀하게 초음파 에너지를 전달합니다. 2.5배 빨라진 레이저 조사 속도로 시술 시간을 단축해 적은 통증으로 편안하게 시술받을 수 있습니다. 권장주기 1~3개월 / 3회 이상 시술",VAT 포함,피부 상태 및 부위별 맞춤 리프팅을 원하는 분 / 리프팅 시술이 하고싶지만 통증이 두려운 분 / 목과 턱의 경계가 불분명한 분,,,슈링크유니버스 시술시간 30분 마취여부 크림마취 회복시간 3일 시술효과 2~3달 후,,,수요일 10:00 ~ 19:30 (점심 13:00 ~ 14:00) / 목요일 10:00 ~ 19:30 (점심 13:00 ~ 14:00) / 금요일 10:00 ~ 20:30 (점심 13:00 ~ 14:00) / 토요일 09:30 ~ 15:00 / 일요일 휴진 / 월요일 10:00 ~ 19:30 (점심 13:00 ~ 14:00),0508-0354-0762
https://www.yeoshin.co.kr/event/mobile/7477,,,,슈링크 유니버스,"#리프팅레이저
#타이트닝",https://d3gurpvil0se70.cloudfront.net/upfiles/images/product/FOsurbsDXqDJJjp3CVijjTalEPl3.jpg?q=90&f=webp&w=1024,,,132000.0,125000,VAT 포함,아비쥬의원(대전점),대전광역시 서구 대덕대로 219 아비쥬의원(대전점)주소복사,전문의 2명,슈링크유니버스 #초음파리프팅 #콜라겐재생 강한 초음파 에너지를 피부에 전달하여 콜라겐을 재생시키고 탄력을 개선하는 리프팅 #2세대슈링크 #빠른시술 #적은통증 기존 대비 2.5배 빨라진 조사 속도로 통증이 줄어든 슈링크 업그레이드 버전 #다양한부위 #세밀한리프팅 다양한 핸드피스로 굴곡진 면이나 눈가 등 세밀한 부분까지 꼼꼼한 리프팅이 가능 권장주기 1~3개월 / 3회 이상 시술,VAT 포함,피부의 전체적인 탄력 개선을 원하는 분 / 얼굴 라인이 매끈하지 않아 고민인 분 / 피부 상태 및 부위별 맞춤 리프팅을 원하는 분 / 꼼꼼한 리프팅을 원하는 분,,,슈링크유니버스 시술시간 30~40분 마취여부 크림마취 회복시간 3일 시술효과 1~2달 후,,,수요일 10:30 ~ 20:30 (점심 14:00 ~ 15:00) / 목요일 10:30 ~ 20:30 (점심 14:00 ~ 15:00) / 금요일 10:30 ~ 20:30 (점심 14:00 ~ 15:00) / 토요일 10:30 ~ 17:00 / 일요일 10:30 ~ 17:00 / 월요일 10:30 ~ 20:30 (점심 14:00 ~ 15:00),0508-0354-2871
https://www.yeoshin.co.kr/event/mobile/27031,,,,슈링크유니버스 울트라F 300샷,"#리프팅레이저
#타이트닝",https://d3gurpvil0se70.cloudfront.net/upfiles/images/product/hxnaomMKLKVdgil8Jl60k5dnQLX1.png?q=90&f=webp&w=1024,10.0,7.0,75900.0,68900,VAT 포함,맑은선의원,크림마취,여의사 진료,슈링크유니버스 #초음파리프팅 #콜라겐재생 강한 초음파 에너지를 피부에 전달하여 콜라겐을 재생시키고 탄력을 개선하는 리프팅 #2세대슈링크 #빠른시술 #적은통증 기존 대비 2.5배 빨라진 조사 속도로 통증이 줄어든 슈링크 업그레이드 버전 #다양한부위 #세밀한리프팅 다양한 핸드피스로 굴곡진 면이나 눈가 등 세밀한 부분까지 꼼꼼한 리프팅이 가능 권장주기 1~3개월 / 3회 이상 시술,VAT 포함,피부의 전체적인 탄력 개선을 원하는 분 / 얼굴 라인이 매끈하지 않아 고민인 분 / 피부 상태 및 부위별 맞춤 리프팅을 원하는 분 / 꼼꼼한 리프팅을 원하는 분,시술 특장점 좁고 굴곡진 부위까지 다양한 핸드피스로 닿기 어려운 부위까지 시술이 가능합니다. 다양한 초음파 모드 피부상태와 부위에 따른 초음파 모드로 시술이 가능합니다. 디테일하게 맞춤 리프팅 발전된 HIFU 기술로 디테일한 맞춤 리프팅 시술이 가능합니다.,"기존 슈링크보다 통증이 줄어들었나요? 기존 슈링크에 비해 약 2.5배 빨라진 시술 속도로 인해 통증이 경감 되었습니다.단, 개인별로 느끼는 통증의 차이는 있을 수 있습니다. 시술 시 부작용이 있나요? 부작용이 거의 없으나 개인마다 가려움증이나 두드러기 반응이 있을 수 있습니다.",슈링크유니버스 시술시간 30~40분 마취여부 크림마취 회복시간 약 3일 시술효과 1~2개월,"주의사항 1 약 3일간은 미온수로 세안해주세요. 2 저자극 클렌저를 사용해주세요. 3 피부가 욱신거리거나 부기, 멍, 붉음증이 나타날 수 있습니다.",크림마취 국소마취,수요일 10:00 ~ 20:00 (점심 14:00 ~ 15:00) / 목요일 10:00 ~ 20:00 (점심 14:00 ~ 15:00) / 금요일 10:00 ~ 20:00 (점심 14:00 ~ 15:00) / 토요일 10:00 ~ 16:00 (점심 13:00 ~ 14:00) / 일요일 휴진 / 월요일 10:00 ~ 20:00 (점심 14:00 ~ 15:00),050803555748
https://www.yeoshin.co.kr/event/mobile/16042,,,,슈링크 유니버스 300샷,"#리프팅레이저
#타이트닝",https://d3gurpvil0se70.cloudfront.net/upfiles/images/product/Ri9nh1M901g13Cg4OVR9ve4neOx2.jpg?q=90&f=webp&w=1024,9.5,1122.0,,92000,,메이드유의원(강남점),서울시 강남구 강남대로 516 메이드유의원(강남점)주소복사,전문의 1명,,,,,,슈링크유니버스 시술시간 30~40분 마취여부 크림마취 회복시간 3일 시술효과 1~2달 후,,,수요일 10:00 ~ 19:00 (점심 14:00 ~ 15:00) / 목요일 10:00 ~ 20:00 (점심 14:00 ~ 15:00) / 금요일 10:00 ~ 19:00 (점심 14:00 ~ 15:00) / 토요일 10:00 ~ 16:00 / 일요일 휴진 / 월요일 10:00 ~ 19:00 (점심 14:00 ~ 15:00),0508-0353-5966
https://www.yeoshin.co.kr/event/mobile/23445,,,,부위지정 슈링크 유니버스 이벤트,"#리프팅레이저
#타이트닝",https://d3gurpvil0se70.cloudfront.net/upfiles/images/product/0haR895e6vS2vM1iMXHTQDEGu1a1.png?q=90&f=webp&w=1024,9.8,14.0,55000.0,48000,VAT 포함,포메디한의원,크림마취,여의사 진료 전담회복실 사후관리 영어 응대 중국어 응대,슈링크유니버스 #초음파리프팅 #콜라겐재생 강한 초음파 에너지를 피부에 전달하여 콜라겐을 재생시키고 탄력을 개선하는 리프팅 #2세대슈링크 #빠른시술 #적은통증 기존 대비 2.5배 빨라진 조사 속도로 통증이 줄어든 슈링크 업그레이드 버전 #다양한부위 #세밀한리프팅 다양한 핸드피스로 굴곡진 면이나 눈가 등 세밀한 부분까지 꼼꼼한 리프팅이 가능 권장주기 1~2개월 / 3회 이상 시술,VAT 포함,피부의 전체적인 탄력 개선을 원하는 분 / 얼굴 라인이 매끈하지 않아 고민인 분 / 피부 상태 및 부위별 맞춤 리프팅을 원하는 분 / 꼼꼼한 리프팅을 원하는 분,,,슈링크유니버스 시술시간 30~40분 마취여부 크림마취 회복시간 약 3일 시술효과 1~2개월,,크림마취 국소마취,수요일 09:30 ~ 19:30 (점심 13:00 ~ 14:00) / 목요일 09:30 ~ 14:00 / 금요일 09:30 ~ 19:30 (점심 13:00 ~ 14:00) / 토요일 09:00 ~ 14:00 / 일요일 휴진 / 월요일 09:30 ~ 19:30 (점심 13:00 ~ 14:00) / 공휴일 : 9:30 - 14:00,0508-0354-1775
https://www.yeoshin.co.kr/event/mobile/4156,,,,#2세대슈링크 슈링크유니버스 100샷,"#리프팅레이저
#타이트닝",https://d3gurpvil0se70.cloudfront.net/upfiles/images/product/2111104998.jpg?q=90&f=webp&w=1024,9.7,3.0,55000.0,48000,VAT 포함,용인미하나의원,경기도 용인시 처인구 금령로 86 용인미하나의원주소복사,전문의 1명,"슈링크유니버스 슈링크 유니버스는 고강도 집속 초음파 HIFU를 이용한 리프팅 장비로, 피부 표면의 손상 거의 없이 근막(SMAS) 층에 에너지를 집속 시켜 콜라겐을 재생하고 늘어진 조직을 수축하여 전체적인 탄력 개선이 가능한 시술로 슈링크 2세대 버전의 리프팅입니다. 슈링크 유니버스는 울트라 부스터 펜 타입 핸드피스로 턱 라인, 볼, 광대뿐 아니라 굴곡진 면이나 눈가 등 세밀한 부분까지 에너지를 전달해 꼼꼼한 리프팅이 가능한 것이 장점이며 2가지의 강한 초음파 모드로 더욱 더 세밀하게 초음파 에너지를 전달합니다. 2.5배 빨라진 레이저 조사 속도로 시술 시간을 단축해 적은 통증으로 편안하게 시술받을 수 있습니다. 권장주기 1~3개월 / 3회 이상 시술",VAT 포함,피부 상태 및 부위별 맞춤 리프팅을 원하는 분 / 일상생활 복귀가 빠른 시술을 원하는 분 / 리프팅 시술이 하고싶지만 통증이 두려운 분,,"기존 슈링크보다 통증이 줄어들었나요? 기존 슈링크에 비해 약 2.5배 빨라진 시술 속도로 인해 통증이 경감되어 시술 부담감이 줄어들었습니다. 단, 개인차는 있습니다. 시술 시 부작용이 있나요? 개인차가 있지만 슈링크 유니버스 시술은 비교적 간단한 시술로 부작용이 거의 없으나 개인마다 가려움증이나 두드러기 반응이 있을 수 있습니다.",슈링크유니버스 시술시간 60분 마취여부 냉각마취 회복시간 3일 시술효과 2~3달 후,"주의사항 1 바로 세안,화장은 가능하나 저자극 클렌저를 사용하세요. 2 시술 후 3일간은 미온수로 세안을 권장합니다. 3 일시적으로 부기, 멍, 붉음증이 나타날 수 있습니다.",,수요일 10:00 ~ 20:30 (점심 13:00 ~ 14:00) / 목요일 10:00 ~ 20:30 (점심 13:00 ~ 14:00) / 금요일 10:00 ~ 20:30 (점심 13:00 ~ 14:00) / 토요일 10:00 ~ 16:30 / 일요일 휴진 / 월요일 10:00 ~ 20:30 (점심 13:00 ~ 14:00),0508-0353-9926
https://www.yeoshin.co.kr/event/mobile/295,,,,[대표원장 시술] 슈링크 유니버스 리프팅,"#리프팅레이저
#타이트닝",https://d3gurpvil0se70.cloudfront.net/upfiles/images/product/WUuW7C1dpAPSTezXD6TptaxjtWI4.jpg?q=90&f=webp&w=1024,9.6,106.0,185900.0,178900,VAT 포함,뷰티스카이의원,,,슈링크유니버스 #초음파리프팅 #콜라겐재생 강한 초음파 에너지를 피부에 전달하여 콜라겐을 재생시키고 탄력을 개선하는 리프팅 #2세대슈링크 #빠른시술 #적은통증 기존 대비 2.5배 빨라진 조사 속도로 통증이 줄어든 슈링크 업그레이드 버전 #다양한부위 #세밀한리프팅 다양한 핸드피스로 굴곡진 면이나 눈가 등 세밀한 부분까지 꼼꼼한 리프팅이 가능 권장주기 1~3개월 / 3회 이상 시술,VAT 포함,피부의 전체적인 탄력 개선을 원하는 분 / 얼굴 라인이 매끈하지 않아 고민인 분 / 피부 상태 및 부위별 맞춤 리프팅을 원하는 분 / 꼼꼼한 리프팅을 원하는 분,,,슈링크유니버스 시술시간 30~40분 마취여부 크림마취 회복시간 3일 시술효과 1~2달 후,,,수요일 10:00 ~ 20:00 / 목요일 10:00 ~ 20:00 / 금요일 10:30 ~ 20:30 / 토요일 09:30 ~ 16:30 / 일요일 휴진 / 월요일 10:30 ~ 20:30,0508-0353-3433
https://www.yeoshin.co.kr/event/mobile/15452,,,,빠르고 통증은적은 슈링크유니버스,"#리프팅레이저
#타이트닝",https://d3gurpvil0se70.cloudfront.net/upfiles/images/product/UHz2OVt6Css2e6UWOdWXjGOr3CG.jpg?q=90&f=webp&w=1024,10.0,1.0,88000.0,81000,VAT 포함,연의원 범계(안양),,,슈링크유니버스 #초음파리프팅 #콜라겐재생 강한 초음파 에너지를 피부에 전달하여 콜라겐을 재생시키고 탄력을 개선하는 리프팅 #2세대슈링크 #빠른시술 #적은통증 기존 대비 2.5배 빨라진 조사 속도로 통증이 줄어든 슈링크 업그레이드 버전 #다양한부위 #세밀한리프팅 다양한 핸드피스로 굴곡진 면이나 눈가 등 세밀한 부분까지 꼼꼼한 리프팅이 가능 권장주기 1~3개월 / 3회 이상 시술,VAT 포함,피부의 전체적인 탄력 개선을 원하는 분 / 얼굴 라인이 매끈하지 않아 고민인 분 / 피부 상태 및 부위별 맞춤 리프팅을 원하는 분 / 꼼꼼한 리프팅을 원하는 분,,,슈링크유니버스 시술시간 30~40분 마취여부 크림마취 회복시간 3일 시술효과 1~2달 후,,,수요일 휴진 / 목요일 10:30 ~ 20:30 (점심 13:30 ~ 14:30) / 금요일 10:00 ~ 18:00 (점심 13:30 ~ 14:30) / 토요일 10:00 ~ 16:00 / 일요일 휴진 / 월요일 10:30 ~ 20:30 (점심 13:30 ~ 14:30),0508-0354-1067
https://www.yeoshin.co.kr/event/mobile/20236,,,,슈링크 유니버스 서울페이스21 x 슈링크,"#리프팅레이저
#타이트닝",https://d3gurpvil0se70.cloudfront.net/upfiles/images/product/zPYwzm8Y4A0PN8zHwFnZ5TuLxqh3.jpg?q=90&f=webp&w=1024,9.7,15.0,99000.0,92000,VAT 포함,서울페이스21치과병원,서울시 강남구 강남대로 390 서울페이스21치과병원주소복사,전문의 1명,,VAT 포함,,,,슈링크유니버스 시술시간 2~30분 마취여부 마취없음 회복시간 약 3일 시술효과 1~2개월,,,수요일 10:00 ~ 21:00 (점심 13:00 ~ 14:00) / 목요일 10:00 ~ 19:00 (점심 13:00 ~ 14:00) / 금요일 10:00 ~ 19:00 (점심 13:00 ~ 14:00) / 토요일 10:00 ~ 14:00 / 일요일 휴진 / 월요일 10:00 ~ 19:00 (점심 13:00 ~ 14:00),0508-0353-6443
https://www.yeoshin.co.kr/event/mobile/6098,,,,오운의원,"#리프팅레이저
#타이트닝",https://d3gurpvil0se70.cloudfront.net/upfiles/images/product/yj1Xsl9yLfEMGjsIPlOsYBzdYKF2.jpeg?q=90&f=webp&w=1024,10.0,2.0,53900.0,46900,VAT 포함,오운의원(구리점),"경기도 구리시 산마루로 5 대방디엠시티 3층, 오운의원(구리점)주소복사",여의사 진료,,VAT 포함,,,,슈링크유니버스 시술시간 30분 마취여부 크림마취 회복시간 3일 시술효과 1~2달 후,,,수요일 10:00 ~ 20:00 (점심 13:00 ~ 14:00) / 목요일 10:00 ~ 20:00 (점심 13:00 ~ 14:00) / 금요일 10:00 ~ 20:00 (점심 13:00 ~ 14:00) / 토요일 10:00 ~ 16:00 / 일요일 휴진 / 월요일 10:00 ~ 20:00 (점심 13:00 ~ 14:00),0508-0353-9945
https://www.yeoshin.co.kr/event/mobile/24652,,,,대표원장 상담 시술 슈링크유니버스,"#리프팅레이저
#타이트닝",https://d3gurpvil0se70.cloudfront.net/upfiles/images/product/2PcZ3KMerLfrlznbSqTfgHyDc4j3.png?q=90&f=webp&w=1024,,,,57900,,더이뻐의원,크림마취,일본어 응대,슈링크유니버스 #초음파리프팅 #콜라겐재생 강한 초음파 에너지를 피부에 전달하여 콜라겐을 재생시키고 탄력을 개선하는 리프팅 #2세대슈링크 #빠른시술 #적은통증 기존 대비 2.5배 빨라진 조사 속도로 통증이 줄어든 슈링크 업그레이드 버전 #다양한부위 #세밀한리프팅 다양한 핸드피스로 굴곡진 면이나 눈가 등 세밀한 부분까지 꼼꼼한 리프팅이 가능 권장주기 1~3개월 / 3회 이상 시술,,피부의 전체적인 탄력 개선을 원하는 분 / 얼굴 라인이 매끈하지 않아 고민인 분 / 피부 상태 및 부위별 맞춤 리프팅을 원하는 분 / 꼼꼼한 리프팅을 원하는 분,시술 특장점 좁고 굴곡진 부위까지 다양한 핸드피스로 닿기 어려운 부위까지 시술이 가능합니다. 다양한 초음파 모드 피부상태와 부위에 따른 초음파 모드로 시술이 가능합니다. 디테일하게 맞춤 리프팅 발전된 HIFU 기술로 디테일한 맞춤 리프팅 시술이 가능합니다.,"기존 슈링크보다 통증이 줄어들었나요? 기존 슈링크에 비해 약 2.5배 빨라진 시술 속도로 인해 통증이 경감 되었습니다.단, 개인별로 느끼는 통증의 차이는 있을 수 있습니다. 시술 시 부작용이 있나요? 부작용이 거의 없으나 개인마다 가려움증이나 두드러기 반응이 있을 수 있습니다.",슈링크유니버스 시술시간 30~40분 마취여부 크림마취 회복시간 약 3일 시술효과 1~2개월,"주의사항 1 약 3일간은 미온수로 세안해주세요. 2 저자극 클렌저를 사용해주세요. 3 피부가 욱신거리거나 부기, 멍, 붉음증이 나타날 수 있습니다.",크림마취 수면마취 국소마취,수요일 10:00 ~ 20:00 / 목요일 10:00 ~ 20:00 / 금요일 10:00 ~ 20:00 / 토요일 10:00 ~ 16:00 / 일요일 휴진 / 월요일 10:00 ~ 20:00 / 12월 25일 성탄절 휴무,050803530151
https://www.yeoshin.co.kr/event/mobile/26715,,,,써마지 FLX 로 빈틈없는 콜라겐 타이트닝,"#타이트닝
#리프팅레이저",https://d3gurpvil0se70.cloudfront.net/upfiles/images/product/fZC7EfCBaqdO77bOJzPJgDqiLkJ4.jpg?q=90&f=webp&w=1024,8.0,1.0,1890000.0,1883000,VAT 포함,제이필의원(홍대점),크림마취,전문의 1명 여의사 진료 수술실 CCTV 분야별 협진 사후관리,,VAT 포함,,,,써마지 시술시간 30~60분 마취여부 크림마취 회복시간 당일 시술효과 3개월 후,,크림마취 수면마취 비수면 무통마취,수요일 10:00 ~ 20:00 / 목요일 10:00 ~ 20:00 / 금요일 10:00 ~ 20:00 / 토요일 10:00 ~ 17:00 / 일요일 휴진 / 월요일 10:00 ~ 20:00,050803543270
https://www.yeoshin.co.kr/event/mobile/23337,,,,써마지 FLX 로 빈틈없는 콜라겐 타이트닝,"#타이트닝
#리프팅레이저",https://d3gurpvil0se70.cloudfront.net/upfiles/images/product/lnIhKhy52Mps2LFsQ2OBe10bIno5.jpg?q=90&f=webp&w=1024,9.6,5.0,1890000.0,1883000,VAT 포함,제이필의원(강남점),서울특별시 강남구 강남대로 438 (역삼동) 스타플렉스 B1주소복사,영어 응대 중국어 응대 일본어 응대,,VAT 포함,,,,써마지 시술시간 30~60분 마취여부 크림마취 회복시간 당일 시술효과 3개월 후,,,수요일 10:00 ~ 20:00 / 목요일 10:00 ~ 20:00 / 금요일 10:00 ~ 20:00 / 토요일 10:00 ~ 17:00 / 일요일 휴진 / 월요일 10:00 ~ 20:00,0508-0353-4730
https://www.yeoshin.co.kr/event/mobile/25170,,,,4세대 써마지 FLX 특가(1회용 정품팁),"#타이트닝
#리프팅레이저",https://d3gurpvil0se70.cloudfront.net/upfiles/images/product/fV4azKMJMvlCB5odQbqqFNklT3e6.png?q=90&f=webp&w=1024,9.6,5.0,1199000.0,1192000,VAT 포함,뷰티블라썸의원,"서울특별시 마포구 양화로 66 (서교동) 5층,6층주소복사",여의사 진료 사후관리 영어 응대 중국어 응대 일본어 응대,,VAT 포함,,,,써마지 시술시간 30~60분 마취여부 크림마취 회복시간 당일 시술효과 3개월 후,,,수요일 10:00 ~ 20:00 / 목요일 10:00 ~ 20:00 / 금요일 10:00 ~ 20:00 / 토요일 10:00 ~ 16:30 / 일요일 10:00 ~ 16:30 / 월요일 10:00 ~ 20:00 / 대체 공휴일 진료,0508-0353-9342
https://www.yeoshin.co.kr/event/mobile/24427,,,,써마지 FLX 피부과전문의시술,"#피부과 전문의
#타이트닝
#리프팅레이저",https://d3gurpvil0se70.cloudfront.net/upfiles/images/product/o5K2VS0ZZUikVGhGqAzIk4oPCHB.png?q=90&f=webp&w=1024,,,1990000.0,1983000,VAT 포함,휴먼피부과의원(평택점),크림마취,전문의 5명 여의사 진료 사후관리 영어 응대,써마지 #피부재생 #주름개선 콜라겐 섬유의 변성 및 수축을 일으켜 콜라겐 재생 및 주름 개선에 효과적 #안전성UP 열이 전달되는 동안에도 쿨링펄스를 통해 피부 표면을 보호하여 안전성UP #다양한시술부위 다양한 팁 사이즈로 시술 부위 상관없이 높은 효과 기대 권장주기 6~12개월 / 1회 이상 시술,VAT 포함,얼굴의 주름이 고민인 분 / 피부를 젊고 건강하게 만들고 싶은 분 / 피부가 얇아서 다른 시술이 부담스러운 분 / 늘어진 볼살이 고민인 분,"시술 특장점 콜라겐 재생 촉진 고주파 에너지가 콜라겐 섬유의 변경 및 수축을 일으켜 콜라겐 재생을 유도합니다. 다양한 팁으로 효과적 시술 다양한 팁 사이즈로 시술 부위 상관없이 높은 효과를 기대할 수 있습니다. 적은 통증 Pluse RF, Cooling burst 진동기능으로 통증이 비교적 적습니다.",써마지FLX와 써마지CPT의 차이는? 써마지CPT는 써마지FLX의 전 단계 모델입니다. 써마지FLX는 이전 모델보다 통증이 줄어들었으며 보다 정교하고 신속한 시술이 가능합니다. 시술 후 부작용이 있나요? 부기나 각질이 평소보다 많이 발생할 수 있으나 일시적입니다. 잔물집이나 딱지 같은 반응이 생길 수 있지만 보통 일주일 내로 회복됩니다.,써마지 시술시간 30~60분 마취여부 크림마취 회복시간 당일 시술효과 3개월 후,주의사항 1 가벼운 세안과 샤워는 시술 다음날부터 가능합니다. 2 가벼운 화장은 다음날부터 가능합니다. 3 피부 재생 세럼과 보습 제품을 꼼꼼히 발라주세요.,크림마취 수면마취,수요일 10:00 ~ 21:00 (점심 13:00 ~ 14:30) / 목요일 10:00 ~ 21:00 (점심 13:00 ~ 14:30) / 금요일 10:00 ~ 21:00 (점심 13:00 ~ 14:30) / 토요일 10:00 ~ 17:00 / 일요일 휴진 / 월요일 10:00 ~ 21:00 (점심 13:00 ~ 14:30) / 평일) 접수마감 8시 30분 / 토요일) 점수마감 4시,0508-0353-0418
https://www.yeoshin.co.kr/event/mobile/25843,,,,써마지 CPT,"#타이트닝
#리프팅레이저",https://d3gurpvil0se70.cloudfront.net/upfiles/images/product/IiQEoklImgj8y3U06KLDGAbQi1M4.png?q=90&f=webp&w=1024,,,,192000,,베르미의원/한의원,서울특별시 강남구 영동대로 722 (청담동) 풍양빌딩 2층 (청담동) 주소복사,수술실 CCTV 분야별 협진 일본어 응대,"써마지 #균일한에너지 고주파 에너지를 피부 속 깊은 곳까지 균일하게 전달하여 피부 탄력 증대에 효과적 #주름개선 #탄력증대 #모공축소 콜라겐 및 탄력 섬유의 재생을 촉진시켜 주름개선, 탄력증대, 모공축소 효과 기대 권장주기 6~12개월 / 1회 이상 시술",,피부를 젊고 건강하게 만들고 싶은 분 / 자연스러운 리프팅을 원하는 분 / 탄력없는 피부와 잔주름이 고민인 분 / 넓은 모공을 수축하고 피부 탄력을 높이고 싶은 분,시술 특장점 강력한 리프팅 강력한 고주파 에너지로 피부의 탄력을 증대시키는 리프팅입니다. 콜라겐 리모델링 콜라겐 및 탄력섬유를 촉진시켜 피부 재생 효과를 기대할 수 있습니다. 모공 축소 모공을 축소시켜 매끈한 피부로 개선할 수 있습니다.,써마지는 안전한가요? 피부 진피층의 콜라겐 재생과 탄력개선으로 표면까지 타이트닝 효과가 있습니다. 시술 후 관리가 필요한가요? 특별한 관리가 필요하지 않습니다. 시술 후 메이크업도 가능합니다.,써마지 시술시간 30~60분 마취여부 크림마취 회복시간 당일 시술효과 3개월 후,주의사항 1 시술 부위를 강하게 문지르거나 자극을 주지마세요. 2 과격한 운동이나 사우나는 피해주세요. 3 경락이나 얼굴 마사지는 피해주시길 바랍니다.,,수요일 10:00 ~ 19:00 (점심 13:00 ~ 14:00) / 목요일 10:00 ~ 19:00 (점심 13:00 ~ 14:00) / 금요일 10:00 ~ 20:00 (점심 13:00 ~ 14:00) / 토요일 10:00 ~ 16:00 / 일요일 휴진 / 월요일 10:00 ~ 19:00 (점심 13:00 ~ 14:00),0508-0353-7622
https://www.yeoshin.co.kr/event/mobile/22523,,,,정품정샷 써마지 리프팅 FLX 600샷,"#타이트닝
#리프팅레이저",https://d3gurpvil0se70.cloudfront.net/upfiles/images/product/B0mkb4qXY4tBntCDe6Sbd1VfJgY4.jpg?q=90&f=webp&w=1024,,,2189000.0,2182000,VAT 포함,온리프성형외과,서울특별시 서초구 강남대로 399 온리프성형외과주소복사,전문의 1명 영어 응대 중국어 응대 일본어 응대 피부진단기 F-RAY 촬영 >,,VAT 포함,,,,써마지 시술시간 30~60분 마취여부 크림마취 회복시간 당일 시술효과 3개월 후,,,수요일 11:00 ~ 20:00 / 목요일 11:00 ~ 20:00 / 금요일 11:00 ~ 21:00 / 토요일 10:00 ~ 17:00 / 일요일 휴진 / 월요일 11:00 ~ 20:00,0508-0353-1273
https://www.yeoshin.co.kr/event/mobile/27207,,,,써마지FLX 600샷,"#피부과 전문의
#타이트닝
#리프팅레이저",https://d3gurpvil0se70.cloudfront.net/upfiles/images/product/t8NcoFimPFUwD50N8TsjWrhc6M4A.jpg?q=90&f=webp&w=1024,,,2090000.0,2083000,VAT 포함,리뉴미피부과의원(홍제점),크림마취,전문의 3명 여의사 진료 수술실 CCTV 응급처치 시스템 전담회복실 사후관리 피부진단기 F-RAY 촬영 >,"써마지 #피부재생 #주름개선 콜라겐 섬유의 변성과 수축을 일으켜 콜라겐 재생, 주름개선에 효과 #안전성UP 열이 전달되는 동안에도 쿨링펄스를 통해 피부 표면을 보호하여 안전성UP #다양한시술부위 다양한 팁 사이즈로 시술 부위 상관없이 높은 효과 기대 권장주기 6~12개월 / 1회 이상 시술",VAT 포함,얼굴의 주름이 고민인 분 / 피부를 젊고 건강하게 만들고 싶은 분 / 피부가 얇아서 다른 시술이 부담스러운 분 / 두툼한 이중턱이 고민인 분,,,써마지 시술시간 60분 마취여부 크림마취 회복시간 당일 시술효과 3개월 후,,크림마취 수면마취 비수면 무통마취 국소마취,수요일 10:00 ~ 19:00 (점심 13:00 ~ 14:00) / 목요일 10:00 ~ 19:00 (점심 13:00 ~ 14:00) / 금요일 10:00 ~ 20:00 (점심 13:00 ~ 14:00) / 토요일 09:30 ~ 16:30 (점심 13:00 ~ 14:00) / 일요일 휴진 / 월요일 10:00 ~ 20:00 (점심 13:00 ~ 14:00),050803534854
https://www.yeoshin.co.kr/event/mobile/10242,,,,정품인증 써마지 FLX,"#타이트닝
#리프팅레이저",https://d3gurpvil0se70.cloudfront.net/upfiles/images/product/oE1hcw2MrusDEtrJPQDw424RY9n5.png?q=90&f=webp&w=1024,8.8,5.0,1089000.0,1082000,VAT 포함,신사에그의원,크림마취,여의사 진료 영어 응대 중국어 응대 일본어 응대,써마지 #피부재생 #주름개선 콜라겐 섬유의 변성 및 수축을 일으켜 콜라겐 재생 및 주름 개선에 효과적 #안전성UP 열이 전달되는 동안에도 쿨링펄스를 통해 피부 표면을 보호하여 안전성UP #다양한시술부위 다양한 팁 사이즈로 시술 부위 상관없이 높은 효과 기대,VAT 포함,얼굴의 주름이 고민인 분 / 피부를 젊고 건강하게 만들고 싶은 분 / 피부가 얇아서 다른 시술이 부담스러운 분 / 늘어진 볼살이 고민인 분,,써마지FLX와 써마지CPT의 차이는? 써마지CPT는 써마지FLX의 전 단계 모델입니다. 써마지FLX는 이전 모델보다 통증이 줄어들었으며 보다 정교하고 신속한 시술이 가능합니다. 시술 후 부작용이 있나요? 부기나 각질이 평소보다 많이 발생할 수 있으나 일시적입니다. 잔물집이나 딱지 같은 반응이 생길 수 있지만 보통 일주일 내로 회복됩니다.,써마지 시술시간 30~60분 마취여부 크림마취 회복시간 당일 시술효과 3달 후,"주의사항 1 가벼운 세안과 샤워는 시술 다음날부터 가능합니다. 2 가벼운 화장은 다음날부터 가능합니다. 3 피부 재생 세럼과 보습 제품을 꼼꼼히 발라주세요. 4 SPF 30 이상의 자외선 차단제를 발라주세요. 5 일주일간 무리한 운동, 고온다습한 사우나는 삼가주세요. 6 치료 후 2주 동안은 음주, 흡연을 삼가주세요. 7 각질은 자연적으로 탈락되도록 해주세요. 8 세안시 저자극 클렌저를 사용해주세요. 9 붉은기, 부기, 통증이 있을 수 있으나 일시적입니다. 10 필링 시술이나 스크럽제 사용은 피하는 것이 좋습니다.",크림마취 수면마취 국소마취,수요일 11:00 ~ 20:30 (점심 14:00 ~ 15:00) / 목요일 11:00 ~ 20:30 (점심 14:00 ~ 15:00) / 금요일 11:00 ~ 20:30 (점심 14:00 ~ 15:00) / 토요일 11:00 ~ 17:00 / 일요일 11:00 ~ 17:00 / 월요일 11:00 ~ 20:30 (점심 14:00 ~ 15:00),0508-0353-5368
https://www.yeoshin.co.kr/event/mobile/25969,,,,"피부과 전문의, 맞춤 써마지FLX 600샷","#피부과 전문의
#타이트닝
#리프팅레이저",https://d3gurpvil0se70.cloudfront.net/upfiles/images/product/nTrnoEes36UZFVIw503wUmsHvke8.jpg?q=90&f=webp&w=1024,,,2000000.0,1993000,VAT 포함,청담더오피부과의원,서울특별시 강남구 선릉로 602 (삼성동) 2층주소복사,전문의 1명 사후관리,,VAT 포함,,,,써마지 시술시간 50~60분 마취여부 크림마취 회복시간 당일 시술효과 1~3개월,,,수요일 10:00 ~ 19:00 (점심 13:00 ~ 14:00) / 목요일 10:00 ~ 19:00 (점심 13:00 ~ 14:00) / 금요일 10:00 ~ 19:00 (점심 13:00 ~ 14:00) / 토요일 10:00 ~ 17:00 (점심 13:00 ~ 14:00) / 일요일 휴진 / 월요일 10:00 ~ 19:00 (점심 13:00 ~ 14:00),050803531528
https://www.yeoshin.co.kr/event/mobile/25951,,,,정품인증 눈앞개봉 써마지FLX 600샷,"#타이트닝
#리프팅레이저",https://d3gurpvil0se70.cloudfront.net/upfiles/images/product/cB1x1EfDJYAH8NCEEqzb6Ro4Mei1.jpg?q=90&f=webp&w=1024,,,1850000.0,1843000,VAT 포함,제너리스의원(연신내점),,,써마지 #피부재생 #주름개선 콜라겐 섬유의 변성 및 수축을 일으켜 콜라겐 재생 및 주름 개선에 효과적 #안전성UP 열이 전달되는 동안에도 쿨링펄스를 통해 피부 표면을 보호하여 안전성UP #다양한시술부위 다양한 팁 사이즈로 시술 부위 상관없이 높은 효과 기대 권장주기 6~12개월 / 1회 이상 시술,VAT 포함,얼굴의 주름이 고민인 분 / 피부를 젊고 건강하게 만들고 싶은 분 / 피부가 얇아서 다른 시술이 부담스러운 분 / 늘어진 볼살이 고민인 분,,,써마지 시술시간 30~60분 마취여부 크림마취 회복시간 당일 시술효과 3개월 후,,,수요일 10:30 ~ 20:00 (점심 13:00 ~ 14:00) / 목요일 10:30 ~ 20:00 (점심 13:00 ~ 14:00) / 금요일 10:30 ~ 20:00 (점심 13:00 ~ 14:00) / 토요일 10:00 ~ 17:00 (점심 13:00 ~ 14:00) / 일요일 휴진 / 월요일 10:30 ~ 20:00 (점심 13:00 ~ 14:00),0508-0353-9732
https://www.yeoshin.co.kr/event/mobile/26849,,,,유니 써마지 FLX 600샷,"#타이트닝
#리프팅레이저",https://d3gurpvil0se70.cloudfront.net/upfiles/images/product/APByBGFi3ghFJrcfu8ZI3kT0ZJi1.jpg?q=90&f=webp&w=1024,,,1990000.0,1983000,VAT 포함,유니성형외과의원,크림마취,전문의 1명 수술실 CCTV 응급처치 시스템,"써마지 #피부재생 #주름개선 콜라겐 섬유의 변성과 수축을 일으켜 콜라겐 재생, 주름개선에 효과 #안전성UP 열이 전달되는 동안에도 쿨링펄스를 통해 피부 표면을 보호하여 안전성UP #다양한시술부위 다양한 팁 사이즈로 시술 부위 상관없이 높은 효과 기대",VAT 포함,얼굴의 주름이 고민인 분 / 피부를 젊고 건강하게 만들고 싶은 분 / 피부가 얇아서 다른 시술이 부담스러운 분 / 두툼한 이중턱이 고민인 분,시술 특장점 고주파 리프팅 고주파 에너지가 피부 속 콜라겐 섬유를 수축시켜 콜라겐 재생을 유도합니다. 눈가 주름 개선 피부 탄력 개선 뿐만 아니라 눈가 및 안면 주름 개선에도 효과적입니다. 강력한 리프팅 강력한 고주파 에너지로 피부의 탄력을 증대시키는 리프팅입니다.,"써마지와 울쎄라의 차이는 무엇인가요? 초음파 리프팅인 울쎄라와 다르게 써마지는 고주파 에너지를 사용하고 진피층이 주 타깃입니다. 스킨 타이트닝, 잔주름 개선 등의 효과가 있습니다. 시술 후 부작용이 있나요? 부기나 각질이 평소보다 많이 발생할 수 있으나 일시적입니다. 잔물집이나 딱지 같은 반응이 생길 수 있지만 보통 1주일 내로 회복됩니다.",써마지 시술시간 60분 마취여부 크림마취 회복시간 당일 시술효과 3개월 후,주의사항 1 가벼운 세안과 샤워는 시술 다음날부터 가능합니다. 2 가벼운 화장은 다음날부터 가능합니다. 3 피부 재생 세럼과 보습 제품을 꼼꼼히 발라주세요.,크림마취 수면마취 전신마취 국소마취,수요일 10:00 ~ 19:00 / 목요일 10:00 ~ 19:00 / 금요일 10:00 ~ 21:00 / 토요일 10:00 ~ 16:00 / 일요일 휴진 / 월요일 10:00 ~ 19:00,050803543086
https://www.yeoshin.co.kr/event/mobile/26568,,,,대표원장 꼼꼼하게 직접 시술 써마지600샷,"#타이트닝
#리프팅레이저",https://d3gurpvil0se70.cloudfront.net/upfiles/images/product/VIdKyd5Atzp1XWlqjYa3LrFaM0t.jpg?q=90&f=webp&w=1024,,,,1843000,,청담엔샤인의원,크림마취,전문의 1명 여의사 진료 수술실 CCTV 중국어 응대,"써마지 #피부재생 #주름개선 콜라겐 섬유의 변성과 수축을 일으켜 콜라겐 재생, 주름개선에 효과 #안전성UP 열이 전달되는 동안에도 쿨링펄스를 통해 피부 표면을 보호하여 안전성UP #다양한시술부위 다양한 팁 사이즈로 시술 부위 상관없이 높은 효과 기대 권장주기 6~12개월 / 1회 이상 시술",,얼굴의 주름이 고민인 분 / 피부를 젊고 건강하게 만들고 싶은 분 / 피부가 얇아서 다른 시술이 부담스러운 분 / 두툼한 이중턱이 고민인 분,,,써마지 시술시간 60분 마취여부 크림마취 회복시간 당일 시술효과 3개월 후,,크림마취 국소마취,수요일 휴진 / 목요일 10:00 ~ 19:00 / 금요일 10:00 ~ 20:00 / 토요일 10:00 ~ 15:00 / 일요일 휴진 / 월요일 10:00 ~ 19:00,0508-0353-5899
https://www.yeoshin.co.kr/event/mobile/27625,,,,하이봄 써마지 600샷,"#타이트닝
#리프팅레이저",https://d3gurpvil0se70.cloudfront.net/upfiles/images/product/x3L3aWFqCfGyX4KFTkQgoWT339p3.jpg?q=90&f=webp&w=1024,,,1749000.0,1742000,VAT 포함,하이봄성형외과,크림마취,전문의 4명 수술실 CCTV 전담회복실 사후관리,,VAT 포함,,,,써마지 시술시간 60분 마취여부 크림마취 회복시간 당일 시술효과 1개월 후,,크림마취 수면마취 국소마취,수요일 10:00 ~ 19:00 / 목요일 10:00 ~ 19:00 / 금요일 10:00 ~ 19:00 / 토요일 10:00 ~ 16:00 / 일요일 휴진 / 월요일 10:00 ~ 19:00,0508-0353-3851
https://www.yeoshin.co.kr/event/mobile/27325,,,,에르네의원 써마지FLX,"#타이트닝
#리프팅레이저",https://d3gurpvil0se70.cloudfront.net/upfiles/images/product/R3FV9qPdFZSKsI2ab0OZmCDrDcR9.jpg?q=90&f=webp&w=1024,,,1210000.0,1203000,VAT 포함,에르네의원,서울시 서초구 서초대로 77길 59 에르네의원주소복사,여의사 진료 영어 응대 중국어 응대 일본어 응대,"써마지 #피부재생 #주름개선 콜라겐 섬유의 변성과 수축을 일으켜 콜라겐 재생, 주름개선에 효과 #안전성UP 열이 전달되는 동안에도 쿨링펄스를 통해 피부 표면을 보호하여 안전성UP #다양한시술부위 다양한 팁 사이즈로 시술 부위 상관없이 높은 효과 기대 권장주기 6~12개월 / 1회 이상 시술",VAT 포함,얼굴의 주름이 고민인 분 / 피부를 젊고 건강하게 만들고 싶은 분 / 피부가 얇아서 다른 시술이 부담스러운 분 / 두툼한 이중턱이 고민인 분,시술 특장점 고주파 리프팅 고주파 에너지가 피부 속 콜라겐 섬유를 수축시켜 콜라겐 재생을 유도합니다. 눈가 주름 개선 피부 탄력 개선 뿐만 아니라 눈가 및 안면 주름 개선에도 효과적입니다. 강력한 리프팅 강력한 고주파 에너지로 피부의 탄력을 증대시키는 리프팅입니다.,"써마지와 울쎄라의 차이는 무엇인가요? 초음파 리프팅인 울쎄라와 다르게 써마지는 고주파 에너지를 사용하고 진피층이 주 타깃입니다. 스킨 타이트닝, 잔주름 개선 등의 효과가 있습니다. 시술 후 부작용이 있나요? 부기나 각질이 평소보다 많이 발생할 수 있으나 일시적입니다. 잔물집이나 딱지 같은 반응이 생길 수 있지만 보통 1주일 내로 회복됩니다.",써마지 시술시간 60분 마취여부 마취타입 선택 회복시간 당일 시술효과 3개월 후,주의사항 1 가벼운 세안과 샤워는 시술 다음날부터 가능합니다. 2 가벼운 화장은 다음날부터 가능합니다. 3 피부 재생 세럼과 보습 제품을 꼼꼼히 발라주세요.,,수요일 10:00 ~ 21:00 / 목요일 10:00 ~ 21:00 / 금요일 10:00 ~ 21:00 / 토요일 10:00 ~ 17:00 / 일요일 10:00 ~ 17:00 / 월요일 10:00 ~ 21:00,0508-0354-2964
https://www.yeoshin.co.kr/event/mobile/3221,,,,정품팁사용! 4세대 써마지FLX,"#타이트닝
#리프팅레이저",https://d3gurpvil0se70.cloudfront.net/upfiles/images/product/FLT0iGqJkzxoCApihw17Pr09yly7.jpg?q=90&f=webp&w=1024,9.7,27.0,1386000.0,1379000,VAT 포함,우아성형외과의원,크림마취,전문의 7명 여의사 진료 마취과의 진료 수술실 CCTV 응급처치 시스템 분야별 협진 기본 입원실 전담회복실 사후관리 영어 응대 중국어 응대 일본어 응대,,VAT 포함,,,,써마지 시술시간 30분 마취여부 냉각마취 회복시간 당일 시술효과 3달 후,,크림마취 수면마취 전신마취 국소마취,수요일 10:00 ~ 19:00 / 목요일 10:00 ~ 19:00 / 금요일 10:00 ~ 20:30 / 토요일 10:00 ~ 17:00 / 일요일 휴진 / 월요일 10:00 ~ 20:30,0508-0353-5445
https://www.yeoshin.co.kr/event/mobile/11094,,,,당신만을 위한 하나의 정품팁! 명동루비_써마지FLX,"#타이트닝
#리프팅레이저",https://d3gurpvil0se70.cloudfront.net/upfiles/images/product/71282023.jpg?q=90&f=webp&w=1024,8.4,143.0,990000.0,983000,VAT 포함,루비의원(명동점),,,,VAT 포함,,,,써마지 시술시간 30분 마취여부 냉각마취 회복시간 당일 시술효과 3달 후,,,수요일 10:30 ~ 20:30 (점심 13:30 ~ 15:00) / 목요일 10:30 ~ 20:30 (점심 13:30 ~ 15:00) / 금요일 10:30 ~ 20:30 (점심 13:30 ~ 15:00) / 토요일 10:00 ~ 16:00 / 일요일 12:00 ~ 17:00 / 월요일 10:30 ~ 20:30 (점심 13:30 ~ 15:00),0508-0353-8508
https://www.yeoshin.co.kr/event/mobile/26799,,,,잠실온 피부과전문의_ 써마지FLX 600샷,"#피부과 전문의
#타이트닝
#리프팅레이저",https://d3gurpvil0se70.cloudfront.net/upfiles/images/product/brUFV6UW7XZSEIJbFOMyNol1w4x.png?q=90&f=webp&w=1024,,,,1962000,,잠실온피부과의원,크림마취,전문의 2명 여의사 진료 사후관리,"써마지 #피부재생 #주름개선 #탄력개선 #콜라겐재생 #안티에이징 #항노화시술 #고주파 콜라겐 섬유의 변성과 수축을 일으켜 콜라겐 재생, 주름개선에 효과 #안전성UP 열이 전달되는 동안에도 쿨링펄스를 통해 피부 표면을 보호하여 안전성UP #고주파 시술의 끝판왕 단극성 고주파 시술 중 가장 강력하고 유지기간이 오래가는 고주파 리프팅 권장주기 10~12개월 / 1회 이상 시술",,얼굴의 주름이 고민인 분 / 피부를 젊고 건강하게 만들고 싶은 분 / 피부가 얇아서 다른 시술이 부담스러운 분 / 두툼한 이중턱이 고민인 분,시술 특장점 고주파 리프팅 고주파 에너지가 피부 속 콜라겐 섬유를 수축시켜 콜라겐 재생을 유도합니다. 눈가 주름 개선 피부 탄력 개선 뿐만 아니라 눈가 및 안면 주름 개선에도 효과적입니다. 강력한 리프팅 강력한 고주파 에너지로 피부의 탄력을 증대시키는 리프팅입니다.,"써마지와 울쎄라의 차이는 무엇인가요? 초음파 리프팅인 울쎄라와 다르게 써마지는 고주파 에너지를 사용하고 진피층이 주 타깃입니다. 스킨 타이트닝, 잔주름 개선 등의 효과가 있습니다. 시술 후 부작용이 있나요? 부기나 각질이 평소보다 많이 발생할 수 있으나 일시적입니다. 잔물집이나 딱지 같은 반응이 생길 수 있지만 보통 1주일 내로 회복됩니다.",써마지 시술시간 60분 마취여부 크림/신경마취 회복시간 당일 시술효과 3개월 후,주의사항 1 가벼운 세안과 샤워는 시술 다음날부터 가능합니다. 2 가벼운 화장은 다음날부터 가능합니다. 3 피부 재생 세럼과 보습 제품을 꼼꼼히 발라주세요.,크림마취 국소마취,수요일 10:00 ~ 20:00 (점심 13:00 ~ 14:00) / 목요일 10:00 ~ 20:00 (점심 13:00 ~ 14:00) / 금요일 10:00 ~ 20:00 (점심 13:00 ~ 14:00) / 토요일 10:00 ~ 16:00 / 일요일 휴진 / 월요일 10:00 ~ 20:00 (점심 13:00 ~ 14:00),050803543275
https://www.yeoshin.co.kr/event/mobile/5903,,,,써마지FLX,"#타이트닝
#리프팅레이저",https://d3gurpvil0se70.cloudfront.net/upfiles/images/product/XtoJQocu1sAqMR9aInRSPIQJa6Z6.png?q=90&f=webp&w=1024,10.0,1.0,1089000.0,1082000,VAT 포함,다이아의원,크림마취,영어 응대 중국어 응대 일본어 응대,,VAT 포함,,,,써마지 시술시간 30~60분 마취여부 크림마취 회복시간 당일 시술효과 3개월 후,,크림마취 국소마취,수요일 10:00 ~ 20:00 / 목요일 10:00 ~ 20:00 / 금요일 10:00 ~ 20:00 / 토요일 10:00 ~ 16:00 / 일요일 휴진 / 월요일 10:00 ~ 20:00,0508-0353-7788
https://www.yeoshin.co.kr/event/mobile/26733,,,,홍대입구역 포레나 써마지 FLX,"#타이트닝
#리프팅레이저",https://d3gurpvil0se70.cloudfront.net/upfiles/images/product/wvlh8MAFjDiDPQ7IVml8ywGCIyiA.png?q=90&f=webp&w=1024,,,2420000.0,2413000,VAT 포함,포레나의원,크림마취,여의사 진료 영어 응대 중국어 응대 일본어 응대,,VAT 포함,,,,써마지 시술시간 60분 마취여부 크림마취 회복시간 당일 시술효과 3개월 후,,크림마취,수요일 10:00 ~ 20:30 / 목요일 10:00 ~ 20:30 / 금요일 10:00 ~ 20:30 / 토요일 10:00 ~ 17:00 / 일요일 10:00 ~ 17:00 / 월요일 10:00 ~ 20:30 / 공휴일 10:00-17:00,0508-0353-2218
https://www.yeoshin.co.kr/event/mobile/25169,,,,정품 써마지FLX 피부과전문의,"#피부과 전문의
#타이트닝
#리프팅레이저",https://d3gurpvil0se70.cloudfront.net/upfiles/images/product/I3UGBtaMPsrFl9kAObT81YX5pEV6.jpg?q=90&f=webp&w=1024,,,1199000.0,1192000,VAT 포함,닥터스피부과의원(공덕점),서울특별시 마포구 마포대로 127 닥터스피부과의원(공덕점)주소복사,전문의 4명,,VAT 포함,,,,써마지 시술시간 30~60분 마취여부 크림마취 회복시간 당일 시술효과 3개월 후,,,수요일 10:00 ~ 19:30 (점심 13:00 ~ 14:00) / 목요일 10:00 ~ 20:00 (점심 13:00 ~ 14:00) / 금요일 10:00 ~ 20:00 (점심 13:00 ~ 14:00) / 토요일 10:00 ~ 15:00 / 일요일 휴진 / 월요일 10:00 ~ 20:00 (점심 13:00 ~ 14:00) / 공휴일은 휴진,0508-0353-8201
https://www.yeoshin.co.kr/event/mobile/4351,,,,"써마지 300샷,108만 9천원","#타이트닝
#리프팅레이저",https://d3gurpvil0se70.cloudfront.net/upfiles/images/product/nKNYk5owW4Wh2zfhzmTv1kiUnP3A.jpg?q=90&f=webp&w=1024,9.7,3.0,1089000.0,1082000,VAT 포함,메이필클리닉,크림마취,전문의 1명 여의사 진료 수술실 CCTV 분야별 협진 전담회복실 중국어 응대 일본어 응대,,VAT 포함,,,,써마지 시술시간 30분 마취여부 국소마취 회복시간 당일 시술효과 1달 후,,크림마취 수면마취 국소마취,수요일 10:00 ~ 19:00 / 목요일 10:00 ~ 19:00 / 금요일 10:00 ~ 19:00 / 토요일 10:00 ~ 16:00 / 일요일 휴진 / 월요일 10:00 ~ 19:00,0508-0353-7137
https://www.yeoshin.co.kr/event/mobile/6532,,,,고주파를 이용한 비침습적 모찌 리프팅 4세대써마지FLX,"#타이트닝
#리프팅레이저",https://d3gurpvil0se70.cloudfront.net/upfiles/images/product/3963595566.jpg?q=90&f=webp&w=1024,10.0,1.0,1650000.0,1643000,VAT 포함,넬의원,,,써마지 #써마지FLX 써마지는 표피를 냉각시키고 진피 조직에 열을 발생시켜 콜라겐 섬유의 변성 및 수축을 일으켜 콜라겐 재생 및 주름 개선 효과를 줍니다. 열이 전달되는 동안에도 쿨링펄스를 통해 비교적 안전하게 피부 표면을 보호하기 때문에 피부 자극 거의 없이 강력한 피부 리프팅 및 타이트닝이 가능합니다. 권장주기 6~12개월 / 1회 이상 시술,VAT 포함,얼굴의 주름이 고민인 분 / 피부를 젊고 건강하게 만들고 싶은 분 / 피부가 얇아서 다른 시술이 부담스러운 분 / 늘어진 볼살이 고민인 분,,써마지 VS 울쎄라 차이점은요? 써마지는 고주파를 이용한 리프팅으로 진피층을 타켓합니다. 효과로는 스킨타이트닝. 잔주름 개선입니다. 3세대 써마지와의 차이점은요? 3세대 모델인 써마지CPT 다음 모델이 4세대 써마지 FLX 입니다. 써마지FLX는 CPT에 비해 통증경감효과와 빠른 시술이 가능합니다.,써마지 시술시간 30분 마취여부 크림마취 회복시간 7일 시술효과 1~3달 후,주의사항 1 가벼운 세안과 샤워는 시술 다음날부터 가능합니다. 2 시술 부위에 진정크림이나 보습제를 잘 발라주세요. 3 색소 침착 방지를 위해 자외선 차단제를 발라주세요.,,수요일 10:00 ~ 19:00 (점심 13:00 ~ 14:00) / 목요일 10:00 ~ 19:00 (점심 13:00 ~ 14:00) / 금요일 10:00 ~ 21:00 (점심 13:00 ~ 14:00) / 토요일 10:00 ~ 15:00 / 일요일 휴진 / 월요일 10:00 ~ 19:00 (점심 13:00 ~ 14:00),0508-0354-2100
https://www.yeoshin.co.kr/event/mobile/26115,,,,순플러스_써마지FLX 리프팅,"#타이트닝
#리프팅레이저",https://d3gurpvil0se70.cloudfront.net/upfiles/images/product/9uhLv0RZLxddSFJn5qWrVrgbH873.jpg?q=90&f=webp&w=1024,,,1320000.0,1313000,VAT 포함,순플러스성형외과의원,크림마취,전문의 3명 여의사 진료 수술실 CCTV 응급처치 시스템 전담회복실 사후관리 영어 응대 중국어 응대,,VAT 포함,,,,써마지 시술시간 30분 마취여부 크림마취 회복시간 당일 시술효과 1개월 후,,크림마취 수면마취 국소마취,수요일 10:00 ~ 19:00 / 목요일 10:00 ~ 19:00 / 금요일 10:00 ~ 19:00 / 토요일 10:00 ~ 16:00 / 일요일 휴진 / 월요일 10:00 ~ 19:00,050803533332
https://www.yeoshin.co.kr/event/mobile/26234,,,,리드 써마지FLX,"#타이트닝
#리프팅레이저",https://d3gurpvil0se70.cloudfront.net/upfiles/images/product/n9DH5zFTFi3Hx3iMCk0hb7Yrcor.jpg?q=90&f=webp&w=1024,,,1200000.0,1193000,VAT 포함,리드성형외과의원,크림마취,전문의 1명 응급처치 시스템 전담회복실 사후관리 영어 응대,,VAT 포함,,,,써마지 시술시간 60분 마취여부 크림마취 회복시간 당일 시술효과 3개월 후,,크림마취 수면마취 비수면 무통마취 국소마취,수요일 10:00 ~ 20:30 (점심 13:00 ~ 14:00) / 목요일 10:00 ~ 20:30 (점심 13:00 ~ 14:00) / 금요일 10:00 ~ 18:00 (점심 13:00 ~ 14:00) / 토요일 09:00 ~ 16:00 / 일요일 휴진 / 월요일 휴진,0508-0353-7926
https://www.yeoshin.co.kr/event/mobile/27116,,,,피부과전문의 써마지FLX 300샷,"#피부과 전문의
#타이트닝
#리프팅레이저",https://d3gurpvil0se70.cloudfront.net/upfiles/images/product/dWXiyUb5jedhYeTv251aeuzCINx9.jpg?q=90&f=webp&w=1024,,,1199000.0,1192000,VAT 포함,오체안피부과의원(과천점),크림마취,전문의 2명 여의사 진료,"써마지 #피부재생 #주름개선 콜라겐 섬유의 변성과 수축을 일으켜 콜라겐 재생, 주름개선에 효과 #안전성UP 열이 전달되는 동안에도 쿨링펄스를 통해 피부 표면을 보호하여 안전성UP #다양한시술부위 다양한 팁 사이즈로 시술 부위 상관없이 높은 효과 기대",VAT 포함,얼굴의 주름이 고민인 분 / 피부를 젊고 건강하게 만들고 싶은 분 / 피부가 얇아서 다른 시술이 부담스러운 분 / 두툼한 이중턱이 고민인 분,,,써마지 시술시간 60분 마취여부 크림마취 회복시간 당일 시술효과 1~3개월 후,,크림마취,수요일 10:00 ~ 19:00 (점심 13:30 ~ 14:30) / 목요일 10:00 ~ 20:00 (점심 13:30 ~ 14:30) / 금요일 10:00 ~ 19:00 (점심 13:30 ~ 14:30) / 토요일 09:00 ~ 14:00 / 일요일 휴진 / 월요일 10:00 ~ 20:00 (점심 13:30 ~ 14:30),050803547663
https://www.yeoshin.co.kr/event/mobile/26038,,,,대구 써마지FLX 리프팅 300샷,"#타이트닝
#리프팅레이저",https://d3gurpvil0se70.cloudfront.net/upfiles/images/product/tDiVTY3G9Vs1cEqkTd43NGxOagr7.jpg?q=90&f=webp&w=1024,,,1210000.0,1203000,VAT 포함,에디트의원,"대구광역시 수성구 달구벌대로 2442 (범어동) 7층, 702호주소복사",,,VAT 포함,,,,써마지 시술시간 30~60분 마취여부 크림마취 회복시간 당일 시술효과 3개월 후,,크림마취 국소마취,수요일 10:00 ~ 20:00 (점심 13:00 ~ 14:30) / 목요일 10:00 ~ 20:00 (점심 13:00 ~ 14:30) / 금요일 10:00 ~ 20:00 (점심 13:00 ~ 14:30) / 토요일 10:00 ~ 17:00 (점심 13:00 ~ 14:00) / 일요일 휴진 / 월요일 10:00 ~ 20:00 (점심 13:00 ~ 14:30),"대구광역시 수성구 달구벌대로 2442, ,동소 189-34, 7층 702호(범어 동)"
https://www.yeoshin.co.kr/event/mobile/25025,,,,써마지 FLX 600샷,"#피부과 전문의
#타이트닝
#리프팅레이저",https://d3gurpvil0se70.cloudfront.net/upfiles/images/product/4o0myG8jgWIUmy4yYCoFRkQb3Eh1.jpg?q=90&f=webp&w=1024,10.0,1.0,1990000.0,1983000,VAT 포함,CNP차앤박피부과(명동점),크림마취,전문의 1명 여의사 진료,써마지 #피부재생 #주름개선 콜라겐 섬유의 변성 및 수축을 일으켜 콜라겐 재생 및 주름 개선에 효과적 #안전성UP 열이 전달되는 동안에도 쿨링펄스를 통해 피부 표면을 보호하여 안전성UP #다양한시술부위 다양한 팁 사이즈로 시술 부위 상관없이 높은 효과 기대 권장주기 6~12개월 / 1회 이상 시술,VAT 포함,얼굴의 주름이 고민인 분 / 피부를 젊고 건강하게 만들고 싶은 분 / 피부가 얇아서 다른 시술이 부담스러운 분 / 늘어진 볼살이 고민인 분,"시술 특장점 콜라겐 재생 촉진 고주파 에너지가 콜라겐 섬유의 변경 및 수축을 일으켜 콜라겐 재생을 유도합니다. 다양한 팁으로 효과적 시술 다양한 팁 사이즈로 시술 부위 상관없이 높은 효과를 기대할 수 있습니다. 적은 통증 Pluse RF, Cooling burst 진동기능으로 통증이 비교적 적습니다.",써마지FLX와 써마지CPT의 차이는? 써마지CPT는 써마지FLX의 전 단계 모델입니다. 써마지FLX는 이전 모델보다 통증이 줄어들었으며 보다 정교하고 신속한 시술이 가능합니다. 시술 후 부작용이 있나요? 부기나 각질이 평소보다 많이 발생할 수 있으나 일시적입니다. 잔물집이나 딱지 같은 반응이 생길 수 있지만 보통 일주일 내로 회복됩니다.,써마지 시술시간 30~60분 마취여부 크림마취 회복시간 당일 시술효과 3개월 후,주의사항 1 가벼운 세안과 샤워는 시술 다음날부터 가능합니다. 2 가벼운 화장은 다음날부터 가능합니다. 3 피부 재생 세럼과 보습 제품을 꼼꼼히 발라주세요.,크림마취,수요일 10:30 ~ 20:00 (점심 13:00 ~ 14:00) / 목요일 10:30 ~ 20:00 (점심 13:00 ~ 14:00) / 금요일 10:30 ~ 20:00 (점심 13:00 ~ 14:00) / 토요일 10:00 ~ 16:30 / 일요일 휴진 / 월요일 10:30 ~ 20:00 (점심 13:00 ~ 14:00),050803532612
https://www.yeoshin.co.kr/event/mobile/16965,,,,써마지,"#피부과 전문의
#타이트닝
#리프팅레이저",https://d3gurpvil0se70.cloudfront.net/upfiles/images/product/wyh8VoA9AJAtooxVnpdgPU74SJv7.jpg?q=90&f=webp&w=1024,,,2750000.0,2743000,VAT 포함,셀린피부과의원,크림마취,전문의 1명 여의사 진료 영어 응대,써마지 #피부재생 #주름개선 콜라겐 섬유의 변성 및 수추글 일으켜 콜라겐 재생 및 주름 개선에 효과적 #안전성UP 열이 전달되는 동안에도 쿨링펄스를 통해 피부 표면을 보호하여 안전성UP #다양한시술부위 다양한 팁 사이즈로 시술 부위 상관없이 높은 효과 기대 권장주기 6~12개월 / 1회 이상 시술,VAT 포함,얼굴의 주름이 고민인 분 / 피부를 젊고 건강하게 만들고 싶은 분 / 피부가 얇아서 다른 시술이 부담스러운 분 / 늘어진 볼살이 고민인 분,,,써마지 시술시간 30~60분 마취여부 크림마취 회복시간 당일 시술효과 3달 후,,크림마취 수면마취 비수면 무통마취 국소마취,수요일 10:00 ~ 19:00 (점심 13:00 ~ 14:00) / 목요일 10:00 ~ 19:00 (점심 13:00 ~ 14:00) / 금요일 10:00 ~ 20:00 (점심 13:00 ~ 14:00) / 토요일 10:00 ~ 14:00 / 일요일 휴진 / 월요일 10:00 ~ 19:00 (점심 13:00 ~ 14:00) / 토요일 격주 휴진 (홀수주 휴진),0508-0353-4201
https://www.yeoshin.co.kr/event/mobile/20631,,,,[NIKS] 써마지FLX 600랩 이벤트,"#타이트닝
#리프팅레이저",https://d3gurpvil0se70.cloudfront.net/upfiles/images/product/G284zcE8ndadjbTQA5op2vskaTS4.png?q=90&f=webp&w=1024,,,2750000.0,2743000,VAT 포함,닉스의원(수원점),크림마취,여의사 진료,써마지 #피부재생 #주름개선 콜라겐 섬유의 변성 및 수축을 일으켜 콜라겐 재생 및 주름 개선에 효과적 #안전성UP 열이 전달되는 동안에도 쿨링펄스를 통해 피부 표면을 보호하여 안전성UP #다양한시술부위 다양한 팁 사이즈로 시술 부위 상관없이 높은 효과 기대 권장주기 6~12개월 / 3회 이상 시술,VAT 포함,얼굴의 주름이 고민인 분 / 피부를 젊고 건강하게 만들고 싶은 분 / 피부가 얇아서 다른 시술이 부담스러운 분 / 늘어진 볼살이 고민인 분,,,써마지 시술시간 30~60분 마취여부 크림마취 회복시간 당일 시술효과 3개월 후,,크림마취 수면마취 국소마취,수요일 10:30 ~ 20:30 (점심 14:00 ~ 15:00) / 목요일 10:30 ~ 20:30 (점심 14:00 ~ 15:00) / 금요일 10:30 ~ 20:30 (점심 14:00 ~ 15:00) / 토요일 10:30 ~ 16:30 / 일요일 휴진 / 월요일 10:30 ~ 20:30 (점심 14:00 ~ 15:00) / *일요일/공휴일 휴진,0508-0354-3026
https://www.yeoshin.co.kr/event/mobile/25464,,,,써마지 FLX 런칭특가[피부과전문의],"#피부과 전문의
#타이트닝
#리프팅레이저",https://d3gurpvil0se70.cloudfront.net/upfiles/images/product/SMFB8YXbHaoS2KhDRLMRr1uG2rdA.jpg?q=90&f=webp&w=1024,,,1320000.0,1313000,VAT 포함,파스텔휴먼피부과의원(왕십리),크림마취,전문의 1명 여의사 진료,써마지 #피부재생 #주름개선 콜라겐 섬유의 변성 및 수축을 일으켜 콜라겐 재생 및 주름 개선에 효과적 #안전성UP 열이 전달되는 동안에도 쿨링펄스를 통해 피부 표면을 보호하여 안전성UP #다양한시술부위 다양한 팁 사이즈로 시술 부위 상관없이 높은 효과 기대 권장주기 6~12개월 / 1회 이상 시술,VAT 포함,얼굴의 주름이 고민인 분 / 피부를 젊고 건강하게 만들고 싶은 분 / 피부가 얇아서 다른 시술이 부담스러운 분 / 늘어진 볼살이 고민인 분,"시술 특장점 콜라겐 재생 촉진 고주파 에너지가 콜라겐 섬유의 변경 및 수축을 일으켜 콜라겐 재생을 유도합니다. 다양한 팁으로 효과적 시술 다양한 팁 사이즈로 시술 부위 상관없이 높은 효과를 기대할 수 있습니다. 적은 통증 Pluse RF, Cooling burst 진동기능으로 통증이 비교적 적습니다.",써마지FLX와 써마지CPT의 차이는? 써마지CPT는 써마지FLX의 전 단계 모델입니다. 써마지FLX는 이전 모델보다 통증이 줄어들었으며 보다 정교하고 신속한 시술이 가능합니다. 시술 후 부작용이 있나요? 부기나 각질이 평소보다 많이 발생할 수 있으나 일시적입니다. 잔물집이나 딱지 같은 반응이 생길 수 있지만 보통 일주일 내로 회복됩니다.,써마지 시술시간 30~60분 마취여부 크림마취 회복시간 당일 시술효과 3개월 후,주의사항 1 가벼운 세안과 샤워는 시술 다음날부터 가능합니다. 2 가벼운 화장은 다음날부터 가능합니다. 3 피부 재생 세럼과 보습 제품을 꼼꼼히 발라주세요.,크림마취 비수면 무통마취 국소마취,수요일 10:00 ~ 19:00 (점심 13:00 ~ 14:00) / 목요일 10:00 ~ 19:00 (점심 13:00 ~ 14:00) / 금요일 10:00 ~ 20:00 (점심 13:00 ~ 14:00) / 토요일 09:30 ~ 15:00 / 일요일 휴진 / 월요일 10:00 ~ 19:00 (점심 13:00 ~ 14:00),0508-0353-7815
https://www.yeoshin.co.kr/event/mobile/27233,,,,유이 써마지FLX 600샷,"#타이트닝
#리프팅레이저",https://d3gurpvil0se70.cloudfront.net/upfiles/images/product/j90iPuArtSjCnAB4n2nXvMtJdcJ4.jpg?q=90&f=webp&w=1024,,,2420000.0,2413000,VAT 포함,유이성형외과의원,크림마취,전문의 1명 여의사 진료 전담회복실 사후관리,,VAT 포함,,,,써마지 시술시간 60분 마취여부 크림/수면 회복시간 당일 시술효과 3개월 후,,크림마취 수면마취 비수면 무통마취 전신마취 국소마취,수요일 10:00 ~ 19:00 / 목요일 10:00 ~ 19:00 / 금요일 10:00 ~ 19:00 / 토요일 09:30 ~ 15:30 / 일요일 휴진 / 월요일 10:00 ~ 19:00,"서울특별시 강남구 강남대로 616, 16층 1601,1602호 B518, B519호(신 사동, 외 1필지 신사미타워)"
https://www.yeoshin.co.kr/event/mobile/24107,,,,"프리미엄 안티에이징, 써마지 FLX","#타이트닝
#리프팅레이저",https://d3gurpvil0se70.cloudfront.net/upfiles/images/product/9JyU2FdYUNkREplmz9CHs5e9gtpA.jpg?q=90&f=webp&w=1024,,,2189000.0,2182000,VAT 포함,피어봄의원(송도점),,,써마지 #피부재생 #주름개선 콜라겐 섬유의 변성 및 수축을 일으켜 콜라겐 재생 및 주름 개선에 효과적 #안전성UP 열이 전달되는 동안에도 쿨링펄스를 통해 피부 표면을 보호하여 안전성UP #다양한시술부위 다양한 팁 사이즈로 시술 부위 상관없이 높은 효과 기대 권장주기 6~12개월 / 1회 이상 시술,VAT 포함,얼굴의 주름이 고민인 분 / 피부를 젊고 건강하게 만들고 싶은 분 / 피부가 얇아서 다른 시술이 부담스러운 분 / 늘어진 볼살이 고민인 분,,,써마지 시술시간 30~60분 마취여부 크림마취 회복시간 당일 시술효과 3개월 후,,,수요일 10:00 ~ 21:00 (점심 13:00 ~ 14:00) / 목요일 휴진 / 금요일 10:00 ~ 21:00 (점심 13:00 ~ 14:00) / 토요일 09:00 ~ 15:00 / 일요일 휴진 / 월요일 10:00 ~ 19:00 (점심 13:00 ~ 14:00),0508-0353-0869
https://www.yeoshin.co.kr/event/mobile/23334,,,,원장님 1:1 맞춤 써마지FLX 600샷,"#타이트닝
#리프팅레이저",https://d3gurpvil0se70.cloudfront.net/upfiles/images/product/zPhrMWwSVz4IlRHmeXZyFHokh5I7.jpg?q=90&f=webp&w=1024,8.5,2.0,1990000.0,1983000,VAT 포함,리드림의원(의료법인미래의료재단),,,,VAT 포함,,,,써마지 시술시간 30~60분 마취여부 크림마취 회복시간 당일 시술효과 3개월 후,,,수요일 10:00 ~ 19:00 / 목요일 10:00 ~ 20:00 / 금요일 10:00 ~ 19:00 / 토요일 10:00 ~ 16:00 / 일요일 휴진 / 월요일 10:00 ~ 19:00,0508-0353-4648
https://www.yeoshin.co.kr/event/mobile/11967,,,,써마지FLX 300샷,"#피부과 전문의
#타이트닝
#리프팅레이저",https://d3gurpvil0se70.cloudfront.net/upfiles/images/product/555889792.jpg?q=90&f=webp&w=1024,,,1320000.0,1313000,VAT 포함,동탄오라클피부과의원,경기도 화성시 동탄역로 150 동탄오라클피부과의원주소복사,전문의 3명,써마지 #써마지FLX300샷 #프리미엄고주파 써마지는 표피를 냉각시키고 진피 조직에 열을 발생시켜 콜라겐 섬유의 변성 및 수축을 일으켜 콜라겐 재생 및 주름 개선 효과를 줍니다. 열이 전달되는 동안에도 쿨링펄스를 통해 비교적 안전하게 피부 표면을 보호하기 때문에 피부 자극 거의 없이 강력한 피부 리프팅 및 타이트닝이 가능합니다. 권장주기 6~12개월 / 1회 시술,VAT 포함,늘어진 볼살이 고민인 분,,"써마지FLX와 써마지CPT의 차이는? CPT는 FLX의 전버전으로로 FLX는 CPT에 비해 통증경감효과가 우수하고, 고주파 방사 시스템이 보다 정교화되어 신속한 시술이 가능합니다. 써마지와 울쎄라의 차이는 무엇인가요? 써마지는 고주파에너지,진피층이 주 타깃으로 스킨타이트닝, 잔주름개선 효과. 울쎄라는 초음파를 이용 근막층에 작용 처진피부 리프팅에 효과적입니다.",써마지 시술시간 30분 마취여부 크림마취 회복시간 당일 시술효과 3달 후,주의사항 1 가벼운 세안과 샤워는 시술 다음날부터 가능합니다. 2 시술 부위에 피부 재생세럼과 보습을 꼼꼼히 해주세요. 3 가벼운 화장은 다음날부터 가능합니다.,,수요일 10:00 ~ 19:00 (점심 13:00 ~ 14:00) / 목요일 10:00 ~ 19:00 (점심 13:00 ~ 14:00) / 금요일 10:00 ~ 19:00 (점심 13:00 ~ 14:00) / 토요일 10:00 ~ 14:00 / 일요일 휴진 / 월요일 10:00 ~ 19:00 (점심 13:00 ~ 14:00),0508-0353-9999
https://www.yeoshin.co.kr/event/mobile/15958,,,,써마지 FLX,"#타이트닝
#리프팅레이저",https://d3gurpvil0se70.cloudfront.net/upfiles/images/product/90n2ha9Ow2xYVxPwMMlBaLjsW5w5.jpg?q=90&f=webp&w=1024,,,1320000.0,1313000,VAT 포함,제이린의원(서면점),,,써마지 #피부재생 #주름개선 콜라겐 섬유의 변성 및 수추글 일으켜 콜라겐 재생 및 주름 개선에 효과적 #안전성UP 열이 전달되는 동안에도 쿨링펄스를 통해 피부 표면을 보호하여 안전성UP #다양한시술부위 다양한 팁 사이즈로 시술 부위 상관없이 높은 효과 기대 권장주기 6~12개월 / 1회 이상 시술,VAT 포함,얼굴의 주름이 고민인 분 / 피부를 젊고 건강하게 만들고 싶은 분 / 피부가 얇아서 다른 시술이 부담스러운 분 / 늘어진 볼살이 고민인 분,"시술 특장점 콜라겐 재생 촉진 고주파 에너지를 통해 피부 속 콜라겐 섬유의 변경 및 수축을 일으켜 콜라겐이 재생되도록 유도합니다. 다양한 팁으로 효과적 시술 다양한 팁 사이즈로 시술 부위 상관없이 높은 효과를 기대할 수 있습니다. 적은 통증 Pluse RF, Cooling burst 진동기능으로 통증이 비교적 적습니다.","써마지FLX와 써마지CPT의 차이는? 써마지CPT는 써마지FLX의 전 단계 모델입니다. 써마지FLX는 CPT에 비해 통증 경감 효과가 우수하고, 고주파 방사 시스템이 보다 정교화되어 신속한 시술이 가능합니다. 시술 후 부작용이 있나요? 부기나 각질이 평소보다 많이 발생할 수 있으나 일시적입니다. 잔물집이나 딱지 같은 반응이 생길 수 있지만 보통 일주일 내로 회복됩니다.",써마지 시술시간 60분 마취여부 크림마취 회복시간 당일 시술효과 3달 후,주의사항 1 가벼운 세안과 샤워는 시술 다음날부터 가능합니다. 2 가벼운 화장은 다음날부터 가능합니다. 3 피부 재생 세럼과 보습 제품을 꼼꼼히 발라주세요.,,수요일 10:30 ~ 19:00 (점심 13:00 ~ 14:30) / 목요일 10:30 ~ 19:00 (점심 13:00 ~ 14:30) / 금요일 10:30 ~ 20:00 (점심 13:00 ~ 14:30) / 토요일 10:30 ~ 14:30 / 일요일 휴진 / 월요일 10:30 ~ 20:00 (점심 13:00 ~ 14:30),0508-0354-2276
https://www.yeoshin.co.kr/event/mobile/18080,,,,써마지FLX 피부탄력끌어~올려!,"#피부과 전문의
#타이트닝
#리프팅레이저",https://d3gurpvil0se70.cloudfront.net/upfiles/images/product/F5RT14ffGOOP6grYGMXKJN8Kryk5.jpg?q=90&f=webp&w=1024,,,1650000.0,1643000,VAT 포함,휴먼피부과의원(청라점),크림마취,전문의 4명 여의사 진료,,VAT 포함,,,,써마지 시술시간 30~60분 마취여부 크림마취 회복시간 당일 시술효과 3개월 후,,크림마취 수면마취 비수면 무통마취,수요일 10:00 ~ 20:30 (점심 12:00 ~ 14:00) / 목요일 10:00 ~ 19:00 (점심 12:00 ~ 14:00) / 금요일 10:00 ~ 20:30 (점심 12:00 ~ 14:00) / 토요일 10:00 ~ 16:00 / 일요일 휴진 / 월요일 10:00 ~ 20:30 (점심 12:00 ~ 14:00) / 진료마감 : 월수금 19:30 / 화목 18:00 / 토 15:00,0508-0354-1088
https://www.yeoshin.co.kr/event/mobile/20666,,,,[NIKS] 써마지 FLX,"#타이트닝
#리프팅레이저",https://d3gurpvil0se70.cloudfront.net/upfiles/images/product/yY8aH62rPqGUEKOYG29VNfIgUSrA.jpg?q=90&f=webp&w=1024,,,2750000.0,2743000,VAT 포함,닉스의원(천안점),충청남도 천안시 서북구 불당21로 67-8 (불당동) 정석프라자4차 3층 (닉스의원)주소복사,,써마지 #피부재생 #주름개선 콜라겐 섬유의 변성 및 수축을 일으켜 콜라겐 재생 및 주름 개선에 효과적 #안전성UP 열이 전달되는 동안에도 쿨링펄스를 통해 피부 표면을 보호하여 안전성UP #다양한시술부위 다양한 팁 사이즈로 시술 부위 상관없이 높은 효과 기대 권장주기 6~12개월 / 1회 이상 시술,VAT 포함,얼굴의 주름이 고민인 분 / 피부를 젊고 건강하게 만들고 싶은 분 / 피부가 얇아서 다른 시술이 부담스러운 분 / 늘어진 볼살이 고민인 분,"시술 특장점 콜라겐 재생 촉진 고주파 에너지가 콜라겐 섬유의 변경 및 수축을 일으켜 콜라겐 재생을 유도합니다. 다양한 팁으로 효과적 시술 다양한 팁 사이즈로 시술 부위 상관없이 높은 효과를 기대할 수 있습니다. 적은 통증 Pluse RF, Cooling burst 진동기능으로 통증이 비교적 적습니다.",써마지FLX와 써마지CPT의 차이는? 써마지CPT는 써마지FLX의 전 단계 모델입니다. 써마지FLX는 이전 모델보다 통증이 줄어들었으며 보다 정교하고 신속한 시술이 가능합니다. 시술 후 부작용이 있나요? 부기나 각질이 평소보다 많이 발생할 수 있으나 일시적입니다. 잔물집이나 딱지 같은 반응이 생길 수 있지만 보통 일주일 내로 회복됩니다.,써마지 시술시간 30~60분 마취여부 크림마취 회복시간 당일 시술효과 3개월 후,"주의사항 1 가벼운 세안과 샤워는 시술 다음날부터 가능합니다. 2 가벼운 화장은 다음날부터 가능합니다. 3 피부 재생 세럼과 보습 제품을 꼼꼼히 발라주세요. 4 SPF 30 이상의 자외선 차단제를 발라주세요. 5 일주일간 무리한 운동, 고온다습한 사우나는 삼가주세요. 6 치료 후 2주 동안은 음주, 흡연을 삼가주세요.",크림마취 수면마취 비수면 무통마취 국소마취,수요일 10:00 ~ 20:00 (점심 14:00 ~ 15:00) / 목요일 10:00 ~ 20:00 (점심 14:00 ~ 15:00) / 금요일 10:00 ~ 20:00 (점심 14:00 ~ 15:00) / 토요일 10:00 ~ 16:00 / 일요일 휴진 / 월요일 10:00 ~ 20:00 (점심 14:00 ~ 15:00) / [일요일/공휴일 휴진],0508-0354-2993
https://www.yeoshin.co.kr/event/mobile/20600,,,,[NIKS] 써마지 FLX 600랩,"#타이트닝
#리프팅레이저",https://d3gurpvil0se70.cloudfront.net/upfiles/images/product/JmwOwma1aIarO0WKUOonmk21y6i.png?q=90&f=webp&w=1024,,,2750000.0,2743000,VAT 포함,닉스의원(대전점),대전광역시 서구 대덕대로 194 (둔산동) 2층 (닉스의원)주소복사,,써마지 #피부재생 #주름개선 콜라겐 섬유의 변성 및 수축을 일으켜 콜라겐 재생 및 주름 개선에 효과적 #안전성UP 열이 전달되는 동안에도 쿨링펄스를 통해 피부 표면을 보호하여 안전성UP #다양한시술부위 다양한 팁 사이즈로 시술 부위 상관없이 높은 효과 기대 권장주기 6~12개월 / 1회 이상 시술,VAT 포함,얼굴의 주름이 고민인 분 / 피부를 젊고 건강하게 만들고 싶은 분 / 피부가 얇아서 다른 시술이 부담스러운 분 / 늘어진 볼살이 고민인 분,"시술 특장점 콜라겐 재생 촉진 고주파 에너지가 콜라겐 섬유의 변경 및 수축을 일으켜 콜라겐 재생을 유도합니다. 다양한 팁으로 효과적 시술 다양한 팁 사이즈로 시술 부위 상관없이 높은 효과를 기대할 수 있습니다. 적은 통증 Pluse RF, Cooling burst 진동기능으로 통증이 비교적 적습니다.",써마지FLX와 써마지CPT의 차이는? 써마지CPT는 써마지FLX의 전 단계 모델입니다. 써마지FLX는 이전 모델보다 통증이 줄어들었으며 보다 정교하고 신속한 시술이 가능합니다. 시술 후 부작용이 있나요? 부기나 각질이 평소보다 많이 발생할 수 있으나 일시적입니다. 잔물집이나 딱지 같은 반응이 생길 수 있지만 보통 일주일 내로 회복됩니다.,써마지 시술시간 30~60분 마취여부 크림마취 회복시간 당일 시술효과 3개월 후,"주의사항 1 가벼운 세안과 샤워는 시술 다음날부터 가능합니다. 2 가벼운 화장은 다음날부터 가능합니다. 3 피부 재생 세럼과 보습 제품을 꼼꼼히 발라주세요. 4 SPF 30 이상의 자외선 차단제를 발라주세요. 5 일주일간 무리한 운동, 고온다습한 사우나는 삼가주세요. 6 치료 후 2주 동안은 음주, 흡연을 삼가주세요.",크림마취 수면마취 국소마취,"수요일 10:00 ~ 20:00 (점심 14:00 ~ 15:00) / 목요일 10:00 ~ 20:00 (점심 14:00 ~ 15:00) / 금요일 10:00 ~ 20:00 (점심 14:00 ~ 15:00) / 토요일 10:00 ~ 16:00 / 일요일 휴진 / 월요일 10:00 ~ 20:00 (점심 14:00 ~ 15:00) / [일요일, 공휴일 휴진]",0508-0354-2955
https://www.yeoshin.co.kr/event/mobile/18614,,,,정품팁 써마지 FLX 300샷,"#타이트닝
#리프팅레이저",https://d3gurpvil0se70.cloudfront.net/upfiles/images/product/lnIhyuchdidARq76daufKaaf2Qd1.jpg?q=90&f=webp&w=1024,,,1199000.0,1192000,VAT 포함,브라운성형외과의원,서울특별시 서초구 강남대로 475 (반포동) 브라운성형외과의원주소복사,전문의 3명 영어 응대 중국어 응대 일본어 응대,써마지 #피부재생 #주름개선 콜라겐 섬유의 변성 및 수축을 일으켜 콜라겐 재생 및 주름 개선에 효과적 #안전성UP 열이 전달되는 동안에도 쿨링펄스를 통해 피부 표면을 보호하여 안전성UP #다양한시술부위 다양한 팁 사이즈로 시술 부위 상관없이 높은 효과 기대 권장주기 6~12개월 / 1회 이상 시술,VAT 포함,얼굴의 주름이 고민인 분 / 피부를 젊고 건강하게 만들고 싶은 분 / 피부가 얇아서 다른 시술이 부담스러운 분 / 늘어진 볼살이 고민인 분,,,써마지 시술시간 30~60분 마취여부 크림마취 회복시간 당일 시술효과 1개월후,,,수요일 10:00 ~ 19:00 / 목요일 10:00 ~ 19:00 / 금요일 10:00 ~ 20:30 / 토요일 10:00 ~ 17:00 / 일요일 휴진 / 월요일 10:00 ~ 19:00 / 일요일&공휴일 휴진/금요일 야간진료,0508-0353-4515
https://www.yeoshin.co.kr/event/mobile/2974,,,,[원장님 영상]베이드 써마지FLX 300샷,"#타이트닝
#리프팅레이저",https://d3gurpvil0se70.cloudfront.net/upfiles/images/product/H7vcfKTlJQFB25bqyqu1doINnQa6.png?q=90&f=webp&w=1024,9.6,81.0,1199000.0,1192000,VAT 포함,베이드의원,서울특별시 강남구 논현로 839 베이드의원주소복사,전문의 3명 영어 응대 중국어 응대 피부진단기 F-RAY 촬영 >,,VAT 포함,,,,써마지 시술시간 30분 마취여부 냉각마취 회복시간 당일 시술효과 3달 후,,,수요일 10:00 ~ 20:00 (점심 13:00 ~ 14:00) / 목요일 10:00 ~ 20:00 (점심 13:00 ~ 14:00) / 금요일 10:00 ~ 20:00 (점심 13:00 ~ 14:00) / 토요일 10:00 ~ 16:00 / 일요일 휴진 / 월요일 10:00 ~ 20:00 (점심 13:00 ~ 14:00),0508-0353-3673
https://www.yeoshin.co.kr/event/mobile/27790,,,,정품인증 맞춤 써마지FLX600샷+LDM,"#타이트닝
#리프팅레이저",https://d3gurpvil0se70.cloudfront.net/upfiles/images/product/yJoS6OLOzLQruXbxzgTgViikgiQ2.jpg?q=90&f=webp&w=1024,,,2189000.0,2182000,VAT 포함,연의원 범계(안양),,,"써마지 #피부재생 #주름개선 콜라겐 섬유의 변성과 수축을 일으켜 콜라겐 재생, 주름개선에 효과 #안전성UP 열이 전달되는 동안에도 쿨링펄스를 통해 피부 표면을 보호하여 안전성UP #다양한시술부위 다양한 팁 사이즈로 시술 부위 상관없이 높은 효과 기대 권장주기 6~12개월 / 1회 이상 시술",VAT 포함,얼굴의 주름이 고민인 분 / 피부를 젊고 건강하게 만들고 싶은 분 / 피부가 얇아서 다른 시술이 부담스러운 분 / 두툼한 이중턱이 고민인 분,,,써마지 시술시간 60분 마취여부 크림마취 회복시간 당일 시술효과 3개월 후,,,수요일 휴진 / 목요일 10:30 ~ 20:30 (점심 13:30 ~ 14:30) / 금요일 10:00 ~ 18:00 (점심 13:30 ~ 14:30) / 토요일 10:00 ~ 16:00 / 일요일 휴진 / 월요일 10:30 ~ 20:30 (점심 13:30 ~ 14:30),0508-0354-1067
https://www.yeoshin.co.kr/event/mobile/25336,,,,"LDM,4세대 써마지FLX,리쥬란","#타이트닝
#리프팅레이저",https://d3gurpvil0se70.cloudfront.net/upfiles/images/product/UehvvtMJLswIEGetxP2XBUptrye1.jpg?q=90&f=webp&w=1024,,,2090000.0,2083000,VAT 포함,반니성형외과의원,"서울특별시 강남구 테헤란로 107 (역삼동) 8층 (역삼동, 메디타워)주소복사",전문의 2명 여의사 진료 수술실 CCTV 전담회복실 사후관리 중국어 응대 일본어 응대,,VAT 포함,,,,써마지 시술시간 30~60분 마취여부 수면마취 회복시간 당일 시술효과 3개월 후,,,수요일 10:00 ~ 19:00 / 목요일 10:00 ~ 19:00 / 금요일 10:00 ~ 21:00 / 토요일 10:00 ~ 17:00 / 일요일 휴진 / 월요일 10:00 ~ 19:00,0508-0353-6588
https://www.yeoshin.co.kr/event/mobile/24987,,,,써마지,"#타이트닝
#리프팅레이저",https://d3gurpvil0se70.cloudfront.net/upfiles/images/product/1z8zf7kisZGgvaCVboAepfGE31i3.jpg?q=90&f=webp&w=1024,,,2079000.0,2072000,VAT 포함,휴먼피부과의원(광명철산점),경기도 광명시 철산로 24 다인빌딩 301호 (철산동)주소복사,분야별 협진 전담회복실 사후관리 피부진단기 F-RAY 촬영 >,써마지 #피부재생 #주름개선 콜라겐 섬유의 변성 및 수축을 일으켜 콜라겐 재생 및 주름 개선에 효과적 #안전성UP 열이 전달되는 동안에도 쿨링펄스를 통해 피부 표면을 보호하여 안전성UP #다양한시술부위 다양한 팁 사이즈로 시술 부위 상관없이 높은 효과 기대 권장주기 6~12개월 / 1회 이상 시술,VAT 포함,얼굴의 주름이 고민인 분 / 피부를 젊고 건강하게 만들고 싶은 분 / 피부가 얇아서 다른 시술이 부담스러운 분 / 늘어진 볼살이 고민인 분,"시술 특장점 콜라겐 재생 촉진 고주파 에너지가 콜라겐 섬유의 변경 및 수축을 일으켜 콜라겐 재생을 유도합니다. 다양한 팁으로 효과적 시술 다양한 팁 사이즈로 시술 부위 상관없이 높은 효과를 기대할 수 있습니다. 적은 통증 Pluse RF, Cooling burst 진동기능으로 통증이 비교적 적습니다.",써마지FLX와 써마지CPT의 차이는? 써마지CPT는 써마지FLX의 전 단계 모델입니다. 써마지FLX는 이전 모델보다 통증이 줄어들었으며 보다 정교하고 신속한 시술이 가능합니다. 시술 후 부작용이 있나요? 부기나 각질이 평소보다 많이 발생할 수 있으나 일시적입니다. 잔물집이나 딱지 같은 반응이 생길 수 있지만 보통 일주일 내로 회복됩니다.,써마지 시술시간 30~60분 마취여부 크림마취 회복시간 당일 시술효과 3개월 후,주의사항 1 가벼운 세안과 샤워는 시술 다음날부터 가능합니다. 2 가벼운 화장은 다음날부터 가능합니다. 3 피부 재생 세럼과 보습 제품을 꼼꼼히 발라주세요.,,수요일 10:30 ~ 20:30 (점심 13:00 ~ 14:00) / 목요일 10:30 ~ 20:30 (점심 13:00 ~ 14:00) / 금요일 10:30 ~ 21:00 (점심 13:00 ~ 14:00) / 토요일 10:00 ~ 17:00 (점심 13:00 ~ 14:00) / 일요일 휴진 / 월요일 10:30 ~ 20:30 (점심 13:00 ~ 14:00),0508-0355-6373
https://www.yeoshin.co.kr/event/mobile/16093,,,,써마지 CPT,"#타이트닝
#리프팅레이저",https://d3gurpvil0se70.cloudfront.net/upfiles/images/product/1FiMqc1snmkUZjkqLe3GMS7mZkr7.jpg?q=90&f=webp&w=1024,,,1639000.0,1632000,VAT 포함,동안중심의원,서울특별시 강남구 압구정로48길 26 (신사동) 동안중심의원주소복사,전문의 2명,"써마지 #균일한에너지 고주파 에너지를 피부 속 깊은 곳까지 균일하게 전달하여 피부 탄력 증대에 효과적 #주름개선 #탄력증대 #모공축소 콜라겐 및 탄력 섬유의 재생을 촉진시켜 주름개선, 탄력증대, 모공축소 효과 기대 권장주기 6~12개월 / 1회 이상 시술",VAT 포함,피부를 젊고 건강하게 만들고 싶은 분 / 자연스러운 리프팅을 원하는 분 / 탄력없는 피부와 잔주름이 고민인 분 / 넓은 모공을 수축하고 피부 탄력을 높이고 싶은 분,시술 특장점 강력한 리프팅 강력한 고주파 에너지로 피부의 탄력을 증대시키는 리프팅입니다. 콜라겐 리모델링 콜라겐 및 탄력섬유를 촉진시켜 피부 재생 효과를 기대할 수 있습니다. 모공 축소 모공을 축소시켜 매끈한 피부로 개선할 수 있습니다.,"시술이 아프지 않나요? 적은 에너지로 충분한 치료가 가능하며 효과를 낼 수 있기 때문에 통증이 줄어들어 편안하게 시술을 받으실수 있습니다. 시술 후 부작용이 있나요? 부기, 붉은 기, 감각이 둔해지는 증상, 통증 등이 일시적으로 발생할 수 있으며, 자연스럽게 호전됩니다.",써마지 시술시간 30~60분 마취여부 크림마취 회복시간 당일 시술효과 3달 후,주의사항 1 시술 부위를 강하게 문지르거나 자극을 주지마세요. 2 과격한 운동이나 사우나는 피해주세요. 3 경락이나 얼굴 마사지는 피해주시길 바랍니다. 4 가벼운 화장은 다음날부터 가능합니다.,,수요일 10:00 ~ 19:00 (점심 13:00 ~ 14:00) / 목요일 10:00 ~ 19:00 (점심 13:00 ~ 14:00) / 금요일 12:00 ~ 21:00 / 토요일 10:00 ~ 16:00 / 일요일 휴진 / 월요일 10:00 ~ 19:00 (점심 13:00 ~ 14:00),0508-0353-9614
https://www.yeoshin.co.kr/event/mobile/25288,,,,덜아픈 반니 써마지_대표원장 시술 정품정량,"#타이트닝
#리프팅레이저",https://d3gurpvil0se70.cloudfront.net/upfiles/images/product/wNG8dJdYvdvTaA1cCZIR58HPT94.jpg?q=90&f=webp&w=1024,,,1309000.0,1302000,VAT 포함,반니성형외과의원,"서울특별시 강남구 테헤란로 107 (역삼동) 8층 (역삼동, 메디타워)주소복사",전문의 2명 여의사 진료 수술실 CCTV 전담회복실 사후관리 중국어 응대 일본어 응대,,VAT 포함,,,,써마지 시술시간 30~60분 마취여부 크림마취 회복시간 당일 시술효과 3개월 후,,,수요일 10:00 ~ 19:00 / 목요일 10:00 ~ 19:00 / 금요일 10:00 ~ 21:00 / 토요일 10:00 ~ 17:00 / 일요일 휴진 / 월요일 10:00 ~ 19:00,0508-0353-6588
https://www.yeoshin.co.kr/event/mobile/22590,,,,연예인 리프팅 써마지 flx 600샷,"#타이트닝
#리프팅레이저",https://d3gurpvil0se70.cloudfront.net/upfiles/images/product/vUSbGTKx9Dea0e0K1xxfZFUNpXF7.jpg?q=90&f=webp&w=1024,9.8,33.0,,1893000,,메이드유의원(강남점),서울시 강남구 강남대로 516 메이드유의원(강남점)주소복사,전문의 1명,,,,,,써마지 시술시간 30~60분 마취여부 크림마취 회복시간 당일 시술효과 3개월 후,,,수요일 10:00 ~ 19:00 (점심 14:00 ~ 15:00) / 목요일 10:00 ~ 20:00 (점심 14:00 ~ 15:00) / 금요일 10:00 ~ 19:00 (점심 14:00 ~ 15:00) / 토요일 10:00 ~ 16:00 / 일요일 휴진 / 월요일 10:00 ~ 19:00 (점심 14:00 ~ 15:00),0508-0353-5966
https://www.yeoshin.co.kr/event/mobile/16094,,,,써마지 FLX,"#타이트닝
#리프팅레이저",https://d3gurpvil0se70.cloudfront.net/upfiles/images/product/OeQ9F2xG4Jsznf46nigfQbHEuIm5.jpg?q=90&f=webp&w=1024,,,2420000.0,2413000,VAT 포함,동안중심의원,서울특별시 강남구 압구정로48길 26 (신사동) 동안중심의원주소복사,전문의 2명,써마지 #피부재생 #주름개선 콜라겐 섬유의 변성 및 수추글 일으켜 콜라겐 재생 및 주름 개선에 효과적 #안전성UP 열이 전달되는 동안에도 쿨링펄스를 통해 피부 표면을 보호하여 안전성UP #다양한시술부위 다양한 팁 사이즈로 시술 부위 상관없이 높은 효과 기대 권장주기 6~12개월 / 1회 이상 시술,VAT 포함,얼굴의 주름이 고민인 분 / 피부를 젊고 건강하게 만들고 싶은 분 / 피부가 얇아서 다른 시술이 부담스러운 분 / 늘어진 볼살이 고민인 분,"시술 특장점 콜라겐 재생 촉진 고주파 에너지를 통해 피부 속 콜라겐 섬유의 변경 및 수축을 일으켜 콜라겐이 재생되도록 유도합니다. 다양한 팁으로 효과적 시술 다양한 팁 사이즈로 시술 부위 상관없이 높은 효과를 기대할 수 있습니다. 적은 통증 Pluse RF, Cooling burst 진동기능으로 통증이 비교적 적습니다.","기존 리프팅 시술과 다른 점이 무엇인가요? 울쎄라는 초음파 영상으로 시술부위를 보여주고, 동시에 치료도 할 수 있는 장비로 비교적 안전하고 만족스러운 결과를 기대할 수 있습니다. 시술이 아프지 않나요? 적은 에너지로 충분한 치료가 가능하며 효과를 낼 수 있기 때문에 통증이 줄어들어 편안하게 시술을 받으실수 있습니다.",써마지 시술시간 30~60분 마취여부 크림마취 회복시간 당일 시술효과 3달 후,주의사항 1 가벼운 세안과 샤워는 시술 다음날부터 가능합니다. 2 가벼운 화장은 다음날부터 가능합니다. 3 피부 재생 세럼과 보습 제품을 꼼꼼히 발라주세요. 4 SPF 30 이상의 자외선 차단제를 발라주세요.,,수요일 10:00 ~ 19:00 (점심 13:00 ~ 14:00) / 목요일 10:00 ~ 19:00 (점심 13:00 ~ 14:00) / 금요일 12:00 ~ 21:00 / 토요일 10:00 ~ 16:00 / 일요일 휴진 / 월요일 10:00 ~ 19:00 (점심 13:00 ~ 14:00),0508-0353-9614
https://www.yeoshin.co.kr/event/mobile/26410,,,,써마지FLX 600샷,"#타이트닝
#리프팅레이저",https://d3gurpvil0se70.cloudfront.net/upfiles/images/product/5RQo46JukWBQJXuHPhxM6SEJhj1.jpg?q=90&f=webp&w=1024,9.9,16.0,1590000.0,1583000,VAT 포함,르모아의원,크림마취,전문의 1명 여의사 진료 전담회복실 사후관리,"써마지 #피부재생 #주름개선 콜라겐 섬유의 변성과 수축을 일으켜 콜라겐 재생, 주름개선에 효과 #안전성UP 열이 전달되는 동안에도 쿨링펄스를 통해 피부 표면을 보호하여 안전성UP #다양한시술부위 다양한 팁 사이즈로 시술 부위 상관없이 높은 효과 기대 권장주기 6~12개월 / 1회 이상 시술",VAT 포함,얼굴의 주름이 고민인 분 / 피부를 젊고 건강하게 만들고 싶은 분 / 피부가 얇아서 다른 시술이 부담스러운 분 / 두툼한 이중턱이 고민인 분,,,써마지 시술시간 60분 마취여부 크림마취 회복시간 당일 시술효과 3개월 후,,크림마취 수면마취 비수면 무통마취 국소마취,수요일 10:00 ~ 20:00 (점심 14:00 ~ 15:00) / 목요일 10:00 ~ 20:00 (점심 14:00 ~ 15:00) / 금요일 10:00 ~ 20:00 (점심 14:00 ~ 15:00) / 토요일 10:00 ~ 16:00 / 일요일 휴진 / 월요일 10:00 ~ 20:00 (점심 14:00 ~ 15:00),0508-0353-6869
https://www.yeoshin.co.kr/event/mobile/26204,,,,써마지FLX 단극성 고주파의 원조,"#타이트닝
#리프팅레이저",https://d3gurpvil0se70.cloudfront.net/upfiles/images/product/4kJGfya3N19t4ITMnVuWlxGayR92.jpg?q=90&f=webp&w=1024,,,1067000.0,1060000,VAT 포함,라클라쎄의원,,,써마지 #아큐렙 (AccuREP Technology) 각 샷마다 Impedance를 측정해서 부위마다 동일한 출력을 인가 #안전성UP 열이 전달되는 동안에도 쿨링펄스를 통해 피부 표면을 보호하여 안전성UP #즉각적인 리프팅 효과 짧은 다운타임과 즉각적으로 달라붙는 피부를 통해 얻는 즉각적인 리프팅 효과,VAT 포함,얼굴의 주름이 고민인 분 / 피부를 젊고 건강하게 만들고 싶은 분 / 피부가 얇아서 다른 시술이 부담스러운 분 / 두툼한 이중턱이 고민인 분,,,써마지 시술시간 30분 마취여부 크림마취 회복시간 당일 시술효과,,,수요일 10:00 ~ 20:00 (점심 13:00 ~ 14:00) / 목요일 10:00 ~ 20:00 (점심 13:00 ~ 14:00) / 금요일 10:00 ~ 20:00 (점심 13:00 ~ 14:00) / 토요일 10:00 ~ 16:00 / 일요일 10:00 ~ 16:00 / 월요일 10:00 ~ 20:00 (점심 13:00 ~ 14:00),0508-0353-6793
https://www.yeoshin.co.kr/event/mobile/25910,,,,써마지,"#타이트닝
#리프팅레이저",https://d3gurpvil0se70.cloudfront.net/upfiles/images/product/dsGwkrKehg5jcHugpbFvJjwnE6D7.png?q=90&f=webp&w=1024,,,,1973000,,유넬의원,크림마취,여의사 진료,"써마지 #피부재생 #주름개선 콜라겐 섬유의 변성과 수축을 일으켜 콜라겐 재생, 주름개선에 효과 #안전성UP 열이 전달되는 동안에도 쿨링펄스를 통해 피부 표면을 보호하여 안전성UP #다양한시술부위 다양한 팁 사이즈로 시술 부위 상관없이 높은 효과 기대 권장주기 6~12개월 / 1회 이상 시술",,얼굴의 주름이 고민인 분 / 피부를 젊고 건강하게 만들고 싶은 분 / 피부가 얇아서 다른 시술이 부담스러운 분 / 두툼한 이중턱이 고민인 분,시술 특장점 고주파 리프팅 고주파 에너지가 피부 속 콜라겐 섬유를 수축시켜 콜라겐 재생을 유도합니다. 눈가 주름 개선 피부 탄력 개선 뿐만 아니라 눈가 및 안면 주름 개선에도 효과적입니다. 강력한 리프팅 강력한 고주파 에너지로 피부의 탄력을 증대시키는 리프팅입니다.,"써마지와 울쎄라의 차이는 무엇인가요? 초음파 리프팅인 울쎄라와 다르게 써마지는 고주파 에너지를 사용하고 진피층이 주 타깃입니다. 스킨 타이트닝, 잔주름 개선 등의 효과가 있습니다. 시술 후 부작용이 있나요? 부기나 각질이 평소보다 많이 발생할 수 있으나 일시적입니다. 잔물집이나 딱지 같은 반응이 생길 수 있지만 보통 1주일 내로 회복됩니다.",써마지 시술시간 60분 마취여부 크림마취 회복시간 당일 시술효과 3개월 후,주의사항 1 가벼운 세안과 샤워는 시술 다음날부터 가능합니다. 2 가벼운 화장은 다음날부터 가능합니다. 3 피부 재생 세럼과 보습 제품을 꼼꼼히 발라주세요.,크림마취 수면마취,수요일 10:30 ~ 20:00 / 목요일 10:30 ~ 20:00 / 금요일 10:30 ~ 20:00 / 토요일 10:30 ~ 17:00 / 일요일 휴진 / 월요일 10:30 ~ 20:00,050803534023
https://www.yeoshin.co.kr/event/mobile/389,,,,피부재생과 피부보습 효과 LDM 물방울리프팅 관리,"#피부관리
#수분관리
#염증진정관리",https://d3gurpvil0se70.cloudfront.net/upfiles/images/product/3163280302.jpg?q=90&f=webp&w=1024,9.6,50.0,39600.0,32600,VAT 포함,VS라인의원(인천구월점),인천광역시 남동구 인하로489번길 10 VS라인의원(인천구월점)주소복사,피부진단기 F-RAY 촬영 >,"LDM #피부재생 #보습효과 고밀도 초음파가 피부 속에 침투해 콜라겐을 촉진시켜 피부재생과 보습효과를 얻을 수 있는 리프팅관리입니다 시술 후 피부가 촉촉하고 맑아보이게 해주며 매일 받아도 자극이 없는 리프팅 관리로 재생효과가 높아 여드름, 홍조 개선에도 도움을 줍니다. 권장주기 1주 / 10회 이상 시술",VAT 포함,"노화로 인한 탄력 저하가 고민인 분 / 다양한 피부 트러블을 개선하고 싶은 분 / 피부가 예민해 레이저 시술을 받을 수 없는 분 / 진정, 보습 효과의 스킨케어를 원하는 분",,,LDM 시술시간 15분 마취여부 마취없음 회복시간 당일 시술효과 1~2주 후,,,수요일 10:00 ~ 20:00 / 목요일 10:00 ~ 20:00 / 금요일 10:00 ~ 20:00 / 토요일 10:00 ~ 17:00 / 일요일 휴진 / 월요일 10:00 ~ 20:00,0508-0354-1766
https://www.yeoshin.co.kr/event/mobile/26171,,,,[대표원장 시술]리쥬란HB 4cc+LDM,"#스킨부스터
#탄력관리",https://d3gurpvil0se70.cloudfront.net/upfiles/images/product/Xz1KkRqZcCqyp1XQ1mbBbklqEae8.png?q=90&f=webp&w=1024,9.0,1.0,770000.0,763000,VAT 포함,루셀의원,크림마취,전문의 1명 여의사 진료 사후관리,리쥬란HB #통증DOWN 리도카인이 포함 되어있어 기존 리쥬란힐러에 비해 통증 DOWN #피부방어능력UP 피부 고유의 재생 능력을 활성화시켜 피부 방어 능력 상승 #유수분 #밸런스 무너진 유수분 밸런스 균형을 회복하여 건강한 피부로 개선 권장주기 4주 / 3~5회 시술,VAT 포함,건강한 피부결을 원하는 분 / 시술시 통증에 대한 두려움이 큰 분 / 강한 자극으로 피부가 손상되어 고민인 분 / 피부의 유수분 밸런스를 조절하고 싶은 분,,,리쥬란HB 시술시간 40~60분 마취여부 크림마취 회복시간 약 3일 시술효과 1~2주 후,,크림마취 수면마취 국소마취,수요일 10:00 ~ 19:00 (점심 13:00 ~ 14:00) / 목요일 휴진 / 금요일 10:00 ~ 21:00 (점심 13:00 ~ 14:00) / 토요일 10:00 ~ 15:00 / 일요일 휴진 / 월요일 10:00 ~ 19:00 (점심 13:00 ~ 14:00),0508-0353-7953
https://www.yeoshin.co.kr/event/mobile/18797,,,,고강도 티타늄 리프팅+ldm6분,"#리프팅레이저
#타이트닝",https://d3gurpvil0se70.cloudfront.net/upfiles/images/product/XZ7xLhAryOQcRxsSKDugkmkhQ74.jpg?q=90&f=webp&w=1024,8.9,60.0,319000.0,312000,VAT 포함,뷰티앤디지털치과병원,"경기도 파주시 경의로1240번길 19 (와동동) 월드타워15차 7층, 8층주소복사",전문의 9명 피부진단기 F-RAY 촬영 >,,VAT 포함,,,,티타늄 시술시간 20분 마취여부 마취없음 회복시간 당일 시술효과 개인별 상이,,,수요일 10:00 ~ 20:00 / 목요일 10:00 ~ 20:00 / 금요일 10:00 ~ 18:00 / 토요일 10:00 ~ 16:00 / 일요일 휴진 / 월요일 10:00 ~ 20:00 / 월~금 점심시간은 2시~3시 입니다,0508-0353-9799
https://www.yeoshin.co.kr/event/mobile/18798,,,,고강도 튠페이스 + LDM6분,"#타이트닝
#리프팅레이저",https://d3gurpvil0se70.cloudfront.net/upfiles/images/product/QqajcbAgfXEiCzHwcpIMP8LKgEW4.jpg?q=90&f=webp&w=1024,9.0,37.0,319000.0,312000,VAT 포함,뷰티앤디지털치과병원,"경기도 파주시 경의로1240번길 19 (와동동) 월드타워15차 7층, 8층주소복사",전문의 9명 피부진단기 F-RAY 촬영 >,,VAT 포함,,,,튠페이스 시술시간 20분 마취여부 마취없음 회복시간 1주 시술효과 개인별 상이,,,수요일 10:00 ~ 20:00 / 목요일 10:00 ~ 20:00 / 금요일 10:00 ~ 18:00 / 토요일 10:00 ~ 16:00 / 일요일 휴진 / 월요일 10:00 ~ 20:00 / 월~금 점심시간은 2시~3시 입니다,0508-0353-9799
https://www.yeoshin.co.kr/event/mobile/19724,,,,LDM물방울리프팅모드 24분 1회,"#피부관리
#수분관리
#염증진정관리",https://d3gurpvil0se70.cloudfront.net/upfiles/images/product/v5YRw7zQYbWuZynEWS9nm6aPEnBA.jpg?q=90&f=webp&w=1024,9.3,58.0,77000.0,70000,VAT 포함,뷰티앤디지털치과병원,"경기도 파주시 경의로1240번길 19 (와동동) 월드타워15차 7층, 8층주소복사",전문의 9명 피부진단기 F-RAY 촬영 >,,VAT 포함,,,,LDM 시술시간 20~30분 마취여부 마취없음 회복시간 당일 시술효과 1~2주 후,,,수요일 10:00 ~ 20:00 / 목요일 10:00 ~ 20:00 / 금요일 10:00 ~ 18:00 / 토요일 10:00 ~ 16:00 / 일요일 휴진 / 월요일 10:00 ~ 20:00 / 월~금 점심시간은 2시~3시 입니다,0508-0353-9799
https://www.yeoshin.co.kr/event/mobile/27341,,,,[정품] 촉촉 피부 LDM,"#피부관리
#수분관리
#염증진정관리",https://d3gurpvil0se70.cloudfront.net/upfiles/images/product/YGuOR6BGisSyWKnm3ZD66rYaV5h8.jpg?q=90&f=webp&w=1024,9.5,2.0,49500.0,42500,VAT 포함,유앤아이의원(창동점),서울특별시 도봉구 마들로11길 51 (창동) 4층주소복사,,,VAT 포함,,,,LDM 시술시간 20~30분 마취여부 마취없음 회복시간 당일 시술효과 1~2주 후,,크림마취,수요일 10:00 ~ 20:30 / 목요일 10:00 ~ 20:30 / 금요일 10:00 ~ 20:30 / 토요일 10:00 ~ 16:00 / 일요일 10:00 ~ 16:00 / 월요일 10:00 ~ 20:30,050803543360
https://www.yeoshin.co.kr/event/mobile/22859,,,,탄방동 LDM 관리 12분,"#피부관리
#수분관리
#염증진정관리",https://d3gurpvil0se70.cloudfront.net/upfiles/images/product/rmnxSLscvEh26ysREuxfDipNXnW6.png?q=90&f=webp&w=1024,9.5,10.0,52800.0,45800,VAT 포함,닥터쁘띠의원(대전점),대전광역시 서구 문정로48번길 70 (탄방동) 우리병원건물 2층 닥터쁘띠의원 대전점 주소복사,여의사 진료,"LDM #고밀도초음파 #콜라겐생성 고밀도 초음파가 피부에 침투해 콜라겐을 촉진 #재생효과 #촉촉보습 피부 재생과 보습 효과로 시술 후 촉촉하고 맑아보이는 피부! #자극적은 #리프팅관리 자극이 거의 없는 리프팅 관리로 여드름, 홍조 개선에도 효과적 권장주기 1주 / 10회 이상 시술",VAT 포함,"진정, 보습 효과의 스킨케어를 원하는 분 / 건조한 피부 때문에 화장이 잘 받지 않는 분 / 피부가 예민해 레이저 시술을 받을 수 없는 분 / 자연스러운 피부 탄력 개선이 필요한 분",,,LDM 시술시간 20~30분 마취여부 마취없음 회복시간 당일 시술효과 1~2주 후,,,수요일 10:00 ~ 20:00 (점심 13:00 ~ 14:00) / 목요일 10:00 ~ 20:00 (점심 13:00 ~ 14:00) / 금요일 10:00 ~ 20:00 (점심 13:00 ~ 14:00) / 토요일 10:00 ~ 16:30 / 일요일 휴진 / 월요일 10:00 ~ 20:00 (점심 13:00 ~ 14:00) / *공휴일 : 10:00 ~ 17:00,0508-0353-0924
https://www.yeoshin.co.kr/event/mobile/21108,,,,LDM 물방울 리프팅 12분 특가,"#피부관리
#수분관리
#염증진정관리",https://d3gurpvil0se70.cloudfront.net/upfiles/images/product/CFSLJJSRFkJ4O4DBlMSx2zro8C82.jpg?q=90&f=webp&w=1024,8.4,8.0,77000.0,70000,VAT 포함,제너리스의원(연신내점),,,"LDM #고밀도초음파 #콜라겐생성 고밀도 초음파가 피부에 침투해 콜라겐을 촉진 #재생효과 #촉촉보습 피부 재생과 보습 효과로 시술 후 촉촉하고 맑아보이는 피부! #자극적은 #리프팅관리 자극이 거의 없는 리프팅 관리로 여드름, 홍조 개선에도 효과적 권장주기 1주 / 10회 이상 시술",VAT 포함,"진정, 보습 효과의 스킨케어를 원하는 분 / 건조한 피부 때문에 화장이 잘 받지 않는 분 / 피부가 예민해 레이저 시술을 받을 수 없는 분 / 자연스러운 피부 탄력 개선이 필요한 분",,,LDM 시술시간 20~30분 마취여부 마취없음 회복시간 당일 시술효과 1~2주 후,,,수요일 10:30 ~ 20:00 (점심 13:00 ~ 14:00) / 목요일 10:30 ~ 20:00 (점심 13:00 ~ 14:00) / 금요일 10:30 ~ 20:00 (점심 13:00 ~ 14:00) / 토요일 10:00 ~ 17:00 (점심 13:00 ~ 14:00) / 일요일 휴진 / 월요일 10:30 ~ 20:00 (점심 13:00 ~ 14:00),0508-0353-9732
https://www.yeoshin.co.kr/event/mobile/27654,,,,엘라비에 리투오 5cc + LDM,"#스킨부스터
#탄력관리",https://d3gurpvil0se70.cloudfront.net/upfiles/images/product/lOB3Qib0fnpnGO1gUrBpaEarBxa8.png?q=90&f=webp&w=1024,,,660000.0,653000,VAT 포함,제너리스의원(연신내점),,,"엘라비에리투오 #5세대ECM #콜라겐재생 인체에서 유래된 자연 진피 성분을 피부 진피층에 보충하여 콜라겐과 엘라스틴 생성을 촉진 #모공축소 #잔주름완화 작고 고른 입자 크기로 피부 침투력이 좋으며, 모공 축소·잔주름 완화·흉터 개선에 효과적 #ECM성분 #건강한피부 노화의 원인인 ECM 손상을 개선하여 탄탄한 피부 유지 가능 권장주기 1개월 / 3회 시술",VAT 포함,탄력없는 피부와 잔주름이 고민인 분 / 늘어진 모공과 피부결을 개선하고 싶은 분 / 푸석푸석한 피부가 고민인 분 / 피부를 근본적으로 재생시키고 싶은 분,,,엘라비에리투오 시술시간 20~30분 마취여부 크림마취 회복시간 당일 시술효과 1~2주 후,,,수요일 10:30 ~ 20:00 (점심 13:00 ~ 14:00) / 목요일 10:30 ~ 20:00 (점심 13:00 ~ 14:00) / 금요일 10:30 ~ 20:00 (점심 13:00 ~ 14:00) / 토요일 10:00 ~ 17:00 (점심 13:00 ~ 14:00) / 일요일 휴진 / 월요일 10:30 ~ 20:00 (점심 13:00 ~ 14:00),0508-0353-9732
https://www.yeoshin.co.kr/event/mobile/26196,,,,LDM 12분 피부재생+모델링팩,"#피부관리
#수분관리
#염증진정관리",https://d3gurpvil0se70.cloudfront.net/upfiles/images/product/vKXbszSmoH8REijlQAxtwphQKbE7.jpg?q=90&f=webp&w=1024,10.0,1.0,68200.0,61200,VAT 포함,유온느의원,서울특별시 마포구 신촌로 92 (노고산동) 신촌카리스빌딩 9층주소복사,,"LDM #고밀도초음파 #콜라겐생성 고밀도 초음파가 피부에 침투해 콜라겐을 촉진 #재생효과 #촉촉보습 피부 재생과 보습 효과로 시술 후 촉촉하고 맑아보이는 피부! #자극적은 #리프팅관리 자극이 거의 없는 리프팅 관리로 여드름, 홍조 개선에도 효과적",VAT 포함,"진정, 보습 효과의 스킨케어를 원하는 분 / 건조한 피부 때문에 화장이 잘 받지 않는 분 / 피부가 예민해 레이저 시술을 받을 수 없는 분 / 자연스러운 피부 탄력 개선이 필요한 분",시술 특장점 콜라겐을 촉진해 피부재생 콜라겐 생성을 유도해 피부재생 및 방어력을 높여주어 건강한 피부로 개선합니다. 유수분 밸런스 조절 유수분 밸런스 저하로 건조한 피부에 히알루론산 균형을 잡아줍니다. 자극이 적은 관리 시술시 적당한 온열감 정도만 느껴지며 예민한 피부에도 적용이 가능합니다.,"LDM 관리는 어떤 피부 타입에 적합한가요? 모든 피부에 가능한 관리로 염증성 피부, 아토피 피부 등 피부가 예민해서 자극적인 시술이 어려운 경우 LDM 관리를 추천드립니다. 언제부터 효과가 있나요? 개인차가 있지만 약 1~2주 안으로 효과가 나타납니다.",LDM 시술시간 20~30분 마취여부 마취없음 회복시간 당일 시술효과 1~2주 후,"주의사항 1 시술 후 음주 및 흡연을 자제해주세요. 2 시술 후 3~4일간 과격하고 무리한 운동은 자제해주세요. 3 시술 후 약 일주일간은 사우나, 찜질방 등 고온다습한 곳은 피해주세요.",크림마취 비수면 무통마취,수요일 휴진 / 목요일 10:00 ~ 20:00 (점심 13:00 ~ 14:00) / 금요일 10:00 ~ 20:00 (점심 13:00 ~ 14:00) / 토요일 10:00 ~ 16:00 / 일요일 휴진 / 월요일 10:00 ~ 20:00 (점심 13:00 ~ 14:00) / 공휴일 10:00~16:00,050803531287
https://www.yeoshin.co.kr/event/mobile/11993,,,,신사역 LDM 인텐스울트라,"#피부관리
#수분관리
#탄력관리",https://d3gurpvil0se70.cloudfront.net/upfiles/images/product/eYtvz29P16vPmGgbZLF3viSuznAA.png?q=90&f=webp&w=1024,9.3,6.0,88000.0,81000,VAT 포함,신사에그의원,크림마취,여의사 진료 영어 응대 중국어 응대 일본어 응대,인텐스울트라 #피부재생 #안티에이징 #수분공급 독일 프리미엄 고밀도 초음파 에너지를 이용하여 관리가 진행됩니다 권장주기 1주 / 3회 이상 시술,VAT 포함,"부작용이 적은 안티에이징 시술을 원하는 분 / 피부 탄력을 회복하고 싶은 분 / 피부의 유수분 밸런스를 조절하고 싶은 분 / 팔자, 입 주변 등 깊은 주름이 고민인 분",,주기가 어떻게 되나요? 1주 간격으로 꾸준히 받으시는 것을 권장 드립니다. 바로 일상생활 가능한가요? 시술 후 메이크업이 바로 가능하며 일상생활에 지장이 없습니다.,인텐스울트라 시술시간 30분 마취여부 마취없음 회복시간 3일 시술효과 2달 후,"주의사항 1 일주일간 음주, 사우나, 격한운동은 피해주세요 2 2~3일간 과도한 압박이나 경락, 마사지는 피해주세요. 3 시술 후 수분 크림, 자외선 차단제를 잘 발라주세요..",크림마취 수면마취 국소마취,수요일 11:00 ~ 20:30 (점심 14:00 ~ 15:00) / 목요일 11:00 ~ 20:30 (점심 14:00 ~ 15:00) / 금요일 11:00 ~ 20:30 (점심 14:00 ~ 15:00) / 토요일 11:00 ~ 17:00 / 일요일 11:00 ~ 17:00 / 월요일 11:00 ~ 20:30 (점심 14:00 ~ 15:00),0508-0353-5368
https://www.yeoshin.co.kr/event/mobile/4138,,,,LDM 물방울 리프팅,"#피부관리
#수분관리
#염증진정관리",https://d3gurpvil0se70.cloudfront.net/upfiles/images/product/3149748443.jpg?q=90&f=webp&w=1024,9.4,150.0,44000.0,37000,VAT 포함,VS라인의원(압구정점),크림마취,여의사 진료 영어 응대 중국어 응대,"LDM #고밀도초음파 #콜라겐생성 고밀도 초음파가 피부에 침투해 콜라겐을 촉진 #재생효과 #촉촉보습 피부 재생과 보습 효과로 시술 후 촉촉하고 맑아보이는 피부! #자극적은 #리프팅관리 자극이 거의 없는 리프팅 관리로 여드름, 홍조 개선에도 효과적 권장주기 1주 / 10회 이상 시술",VAT 포함,"노화로 인한 탄력 저하가 고민인 분 / 피부가 예민해 레이저 시술을 받을 수 없는 분 / 진정, 보습 효과의 스킨케어를 원하는 분",,,LDM 시술시간 20~30분 마취여부 마취없음 회복시간 당일 시술효과 1~2주 후,,크림마취 국소마취,수요일 10:00 ~ 20:00 / 목요일 10:00 ~ 20:00 / 금요일 10:00 ~ 20:00 / 토요일 10:00 ~ 17:00 / 일요일 휴진 / 월요일 10:00 ~ 20:00,0508-0353-7795
https://www.yeoshin.co.kr/event/mobile/27119,,,,리쥬란힐러 2CC+LDM엠보진정관리,"#스킨부스터
#탄력관리",https://d3gurpvil0se70.cloudfront.net/upfiles/images/product/wzhixlw4hgL7ZdtJLfQ5EjUPuqdA.png?q=90&f=webp&w=1024,9.5,2.0,220000.0,213000,VAT 포함,서울탑초이스의원,"서울특별시 강남구 도산대로 104 (논현동) 5층(논현동, 퍼스트에비뉴타워)주소복사",,"리쥬란힐러 #피부재생 #스킨부스터 피부의 DNA를 이루는 폴리뉴클레오티드(PN)를 진피층에 주사하는 시술 #피부환경개선 #건강한피부 노화나 자외선 등 다양한 피부 자극으로부터 피부 속 환경을 개선 #주름개선 #콜라겐재생 콜라겐 재생, 섬유아세포 증식 촉진 등으로 주름을 완화시키고 피부 구조를 개선 권장주기 2~3주 / 3~5회 시술",VAT 포함,촉촉하고 수분감 있는 피부를 원하는 분 / 자연스러운 광채효과를 원하는 분 / 잔주름 때문에 나이가 더 들어보이는 분 / 피부의 유수분 밸런스를 조절하고 싶은 분,,,리쥬란힐러 시술시간 30~60분 마취여부 크림마취 회복시간 약 3일 시술효과 1~2주 후,,크림마취 국소마취,수요일 휴진 / 목요일 10:00 ~ 19:00 (점심 13:00 ~ 14:00) / 금요일 10:00 ~ 20:00 (점심 13:00 ~ 14:00) / 토요일 10:00 ~ 15:00 / 일요일 휴진 / 월요일 10:00 ~ 19:00 (점심 13:00 ~ 14:00),050803543326
https://www.yeoshin.co.kr/event/mobile/27604,,,,BTQ LDM 100분 패키지,"#피부관리
#수분관리
#염증진정관리",https://d3gurpvil0se70.cloudfront.net/upfiles/images/product/HUWQOfDOADzlWnlj9giQYl8xovB2.jpg?q=90&f=webp&w=1024,10.0,6.0,440000.0,433000,VAT 포함,비티큐의원,크림마취,전문의 1명 여의사 진료 전담회복실 중국어 응대 피부진단기 F-RAY 촬영 >,"LDM #고밀도초음파 #콜라겐생성 고밀도 초음파가 피부에 침투해 콜라겐을 촉진 #재생효과 #촉촉보습 피부 재생과 보습 효과로 시술 후 촉촉하고 맑아보이는 피부! #자극적은 #리프팅관리 자극이 거의 없는 리프팅 관리로 여드름, 홍조 개선에도 효과적 권장주기 1주 / 10회 이상 시술",VAT 포함,"진정, 보습 효과의 스킨케어를 원하는 분 / 건조한 피부 때문에 화장이 잘 받지 않는 분 / 피부가 예민해 레이저 시술을 받을 수 없는 분 / 자연스러운 피부 탄력 개선이 필요한 분",시술 특장점 콜라겐을 촉진해 피부재생 콜라겐 생성을 유도해 피부재생 및 방어력을 높여주어 건강한 피부로 개선합니다. 유수분 밸런스 조절 유수분 밸런스 저하로 건조한 피부에 히알루론산 균형을 잡아줍니다. 자극이 적은 관리 시술시 적당한 온열감 정도만 느껴지며 예민한 피부에도 적용이 가능합니다.,"LDM 관리는 어떤 피부 타입에 적합한가요? 모든 피부에 가능한 관리로 염증성 피부, 아토피 피부 등 피부가 예민해서 자극적인 시술이 어려운 경우 LDM 관리를 추천드립니다. 언제부터 효과가 있나요? 개인차가 있지만 약 1~2주 안으로 효과가 나타납니다.",LDM 시술시간 20~30분 마취여부 마취없음 회복시간 당일 시술효과 1~2주 후,"주의사항 1 시술 후 음주 및 흡연을 자제해주세요. 2 시술 후 3~4일간 과격하고 무리한 운동은 자제해주세요. 3 시술 후 약 일주일간은 사우나, 찜질방 등 고온다습한 곳은 피해주세요.",크림마취 가글마취 비수면 무통마취 국소마취,수요일 10:00 ~ 20:00 / 목요일 10:00 ~ 20:00 / 금요일 10:00 ~ 20:00 / 토요일 10:00 ~ 16:00 / 일요일 휴진 / 월요일 10:00 ~ 20:00 / 공휴일 : 10:00 ~ 16:00,050803542323
https://www.yeoshin.co.kr/event/mobile/17919,,,,촉촉 물방울 LDM,"#피부관리
#수분관리
#염증진정관리",https://d3gurpvil0se70.cloudfront.net/upfiles/images/product/tsW8ePch3RV0QCwGWbin1AeCfQX8.jpg?q=90&f=webp&w=1024,9.2,17.0,77000.0,70000,VAT 포함,브리에의원,크림마취,전문의 1명 영어 응대 중국어 응대 일본어 응대,"LDM #고밀도초음파 #콜라겐생성 고밀도 초음파가 피부에 침투해 콜라겐을 촉진 #재생효과 #촉촉보습 피부 재생과 보습 효과로 시술 후 촉촉하고 맑아보이는 피부! #자극적은 #리프팅관리 자극이 거의 없는 리프팅 관리로 여드름, 홍조 개선에도 효과적 권장주기 1주 / 10회 이상 시술",VAT 포함,"진정, 보습 효과의 스킨케어를 원하는 분 / 건조한 피부 때문에 화장이 잘 받지 않는 분 / 피부가 예민해 레이저 시술을 받을 수 없는 분 / 자연스러운 피부 탄력 개선이 필요한 분",,,LDM 시술시간 20~30분 마취여부 마취없음 회복시간 당일 시술효과 1~2주 후,,크림마취 국소마취,"수요일 휴진 / 목요일 10:00 ~ 20:00 (점심 13:00 ~ 14:00) / 금요일 10:00 ~ 20:00 (점심 13:00 ~ 14:00) / 토요일 10:00 ~ 15:30 / 일요일 휴진 / 월요일 10:00 ~ 20:00 (점심 13:00 ~ 14:00) / 수요일, 일요일 휴진 / 공휴일 일부 휴진",0508-0353-1587
https://www.yeoshin.co.kr/event/mobile/22650,,,,대전 미라클필링/ 퀸즈필링/ 물방울리프팅,"#필링
#피부관리
#수분관리",https://d3gurpvil0se70.cloudfront.net/upfiles/images/product/b7PpASbzXg89K7XQZJs8APRwF2x9.png?q=90&f=webp&w=1024,,,55000.0,48000,VAT 포함,신아웰니스의원,크림마취,응급처치 시스템 사후관리,"필링 #물광피부 #피부장벽강화 피부 장벽을 강화하여 촉촉하고 깨끗한 피부결로 개선 #기미 #주근깨 #흉터개선 재생과정을 통하여 기미, 주근깨, 흉터, 주름 등을 개선 가능 권장주기 1~2주 / 1회 시술",VAT 포함,피부에 쌓인 각종 노폐물 제거를 원하는 분 / 피지분비로 인한 블랙헤드가 고민인 분 / 막힌 모공으로 피지 배출이 원활하지 못한 분 / 피지 과다 분비로 얼굴에 기름기가 많아 고민인 분,,,필링 시술시간 30~60분 마취여부 마취없음 회복시간 당일 시술효과 약 1주 후,,크림마취 비수면 무통마취 국소마취,수요일 09:30 ~ 18:00 (점심 13:00 ~ 14:00) / 목요일 휴진 / 금요일 09:30 ~ 18:00 (점심 13:00 ~ 14:00) / 토요일 09:30 ~ 16:00 / 일요일 휴진 / 월요일 09:30 ~ 18:00 (점심 13:00 ~ 14:00),0508-0353-0932
https://www.yeoshin.co.kr/event/mobile/21231,,,,LDM물방울 촉촉 수분관리,"#피부관리
#수분관리
#염증진정관리",https://d3gurpvil0se70.cloudfront.net/upfiles/images/product/kGCSh1Fs6iWVoZGG6ogjphkwNwU9.jpg?q=90&f=webp&w=1024,9.5,11.0,44000.0,37000,VAT 포함,가산시그니처정형외과의원,크림마취,전문의 1명 분야별 협진 전담회복실,"LDM #고밀도초음파 #콜라겐생성 고밀도 초음파가 피부에 침투해 콜라겐을 촉진 #재생효과 #촉촉보습 피부 재생과 보습 효과로 시술 후 촉촉하고 맑아보이는 피부! #자극적은 #리프팅관리 자극이 거의 없는 리프팅 관리로 여드름, 홍조 개선에도 효과적 권장주기 1주 / 10회 이상 시술",VAT 포함,"진정, 보습 효과의 스킨케어를 원하는 분 / 건조한 피부 때문에 화장이 잘 받지 않는 분 / 피부가 예민해 레이저 시술을 받을 수 없는 분 / 자연스러운 피부 탄력 개선이 필요한 분",,,LDM 시술시간 20~30분 마취여부 마취없음 회복시간 당일 시술효과 1~2주 후,,크림마취 수면마취 비수면 무통마취 국소마취,수요일 09:00 ~ 20:00 (점심 14:00 ~ 15:00) / 목요일 09:00 ~ 20:00 (점심 14:00 ~ 15:00) / 금요일 09:00 ~ 20:00 (점심 14:00 ~ 15:00) / 토요일 09:00 ~ 14:00 / 일요일 휴진 / 월요일 09:00 ~ 20:00 (점심 14:00 ~ 15:00),0508-0353-8080
https://www.yeoshin.co.kr/event/mobile/27190,,,,LDM 물방울 리프팅 맛집(피부맞춤모드),"#피부관리
#수분관리
#염증진정관리",https://d3gurpvil0se70.cloudfront.net/upfiles/images/product/tfadxdcds7T9el85MeYdoUNkBrC5.jpg?q=90&f=webp&w=1024,9.0,3.0,38000.0,31000,VAT 포함,서울탑초이스의원,"서울특별시 강남구 도산대로 104 (논현동) 5층(논현동, 퍼스트에비뉴타워)주소복사",,"LDM #고밀도초음파 #콜라겐생성 고밀도 초음파가 피부에 침투해 콜라겐을 촉진 #재생효과 #촉촉보습 피부 재생과 보습 효과로 시술 후 촉촉하고 맑아보이는 피부! #자극적은 #리프팅관리 자극이 거의 없는 리프팅 관리로 여드름, 홍조 개선에도 효과적 권장주기 1주 / 10회 이상 시술",VAT 포함,"진정, 보습 효과의 스킨케어를 원하는 분 / 건조한 피부 때문에 화장이 잘 받지 않는 분 / 피부가 예민해 레이저 시술을 받을 수 없는 분 / 자연스러운 피부 탄력 개선이 필요한 분",,,LDM 시술시간 20~30분 마취여부 마취없음 회복시간 당일 시술효과 1~2주 후,,크림마취 국소마취,수요일 휴진 / 목요일 10:00 ~ 19:00 (점심 13:00 ~ 14:00) / 금요일 10:00 ~ 20:00 (점심 13:00 ~ 14:00) / 토요일 10:00 ~ 15:00 / 일요일 휴진 / 월요일 10:00 ~ 19:00 (점심 13:00 ~ 14:00),050803543326
https://www.yeoshin.co.kr/event/mobile/24442,,,,LDM관리(재생/홍조/타이트닝/여드름),"#피부과 전문의
#피부관리
#수분관리",https://d3gurpvil0se70.cloudfront.net/upfiles/images/product/ETqYH3b2pyqpU7rpgs8fmdpSZWs5.png?q=90&f=webp&w=1024,,,165000.0,158000,VAT 포함,휴먼피부과의원(평택점),크림마취,전문의 5명 여의사 진료 사후관리 영어 응대,"LDM #고밀도초음파 #콜라겐생성 고밀도 초음파가 피부에 침투해 콜라겐을 촉진 #재생효과 #촉촉보습 피부 재생과 보습 효과로 시술 후 촉촉하고 맑아보이는 피부! #자극적은 #리프팅관리 자극이 거의 없는 리프팅 관리로 여드름, 홍조 개선에도 효과적 권장주기 1주 / 10회 이상 시술",VAT 포함,"진정, 보습 효과의 스킨케어를 원하는 분 / 건조한 피부 때문에 화장이 잘 받지 않는 분 / 피부가 예민해 레이저 시술을 받을 수 없는 분 / 자연스러운 피부 탄력 개선이 필요한 분",시술 특장점 콜라겐을 촉진해 피부재생 콜라겐 생성을 유도해 피부재생 및 방어력을 높여주어 건강한 피부로 개선합니다. 유수분 밸런스 조절 유수분 밸런스 저하로 건조한 피부에 히알루론산 균형을 잡아줍니다. 자극이 적은 관리 시술시 적당한 온열감 정도만 느껴지며 예민한 피부에도 적용이 가능합니다.,"LDM 관리는 어떤 피부 타입에 적합한가요? 모든 피부에 가능한 관리로 염증성 피부, 아토피 피부 등 피부가 예민해서 자극적인 시술이 어려운 경우 LDM 관리를 추천드립니다. 언제부터 효과가 있나요? 개인차가 있지만 약 1~2주 안으로 효과가 나타납니다.",LDM 시술시간 20~30분 마취여부 마취없음 회복시간 당일 시술효과 1~2주 후,"주의사항 1 시술 후 음주 및 흡연을 자제해주세요. 2 시술 후 3~4일간 과격하고 무리한 운동은 자제해주세요. 3 시술 후 약 일주일간은 사우나, 찜질방 등 고온다습한 곳은 피해주세요.",크림마취 수면마취,수요일 10:00 ~ 21:00 (점심 13:00 ~ 14:30) / 목요일 10:00 ~ 21:00 (점심 13:00 ~ 14:30) / 금요일 10:00 ~ 21:00 (점심 13:00 ~ 14:30) / 토요일 10:00 ~ 17:00 / 일요일 휴진 / 월요일 10:00 ~ 21:00 (점심 13:00 ~ 14:30) / 평일) 접수마감 8시 30분 / 토요일) 점수마감 4시,0508-0353-0418
https://www.yeoshin.co.kr/event/mobile/15771,,,,피부과전문의_여의사_LDM,"#피부과 전문의
#피부관리
#수분관리",https://d3gurpvil0se70.cloudfront.net/upfiles/images/product/6x2XijY9zTqA9Scr5y1ciKEg0vk5.jpg?q=90&f=webp&w=1024,10.0,3.0,110000.0,103000,VAT 포함,페이브피부과의원(용산),"서울특별시 용산구 한강대로 69 (한강로2가, 용산푸르지오써밋) 페이브피부과의원주소복사",전문의 1명 여의사 진료 수술실 CCTV 사후관리 영어 응대 중국어 응대 일본어 응대,"LDM #고밀도초음파 #콜라겐생성 고밀도 초음파가 피부에 침투해 콜라겐을 촉진 #재생효과 #촉촉보습 피부 재생과 보습 효과로 시술 후 촉촉하고 맑아보이는 피부! #자극적은 #리프팅관리 자극이 거의 없는 리프팅 관리로 여드름, 홍조 개선에도 효과적 권장주기 1~2주 / 10~20회 이상 시술",VAT 포함,"진정, 보습 효과의 스킨케어를 원하는 분 / 건조한 피부 때문에 화장이 잘 받지 않는 분 / 피부가 예민해 레이저 시술을 받을 수 없는 분 / 자연스러운 피부 탄력 개선이 필요한 분","시술 특장점 콜라겐을 촉진해 피부재생 콜라겐 생성을 유도해 피부 재생 효과가 있으며, 피부 방어력을 증대시켜 건강하고 탱탱한 피부로 개선시켜줍니다. 유수분 밸런스 조절 유수분 밸런스 저하로 건조한 피부에 히알루론산 균형을 잡아주어 충분한 양의 수분이 피부 속 깊이 균형있게 분포되도록 도와줍니다. 자극이 적은 관리 시술시 적당한 온열감 정도만 느껴지며 통증이나 부기, 붉음증이 적어 예민한 피부에도 적용이 가능합니다.","LDM 관리는 어떤 피부 타입에 적합한가요? 탄력이 없고 건조한 피부, 염증성 피부, 아토피 피부 등 피부가 예민해서 자극적인 시술이 어려운 경우 LDM 관리를 추천드립니다. 언제부터 효과가 있나요? 개인차가 있지만 약 1~2주 안으로 효과가 나타납니다. 시술 시 통증이 있나요? 개인차가 있으며 약간 따끔거리는 정도로 통증은 미미합니다. 일상생활에는 지장이 있나요? 비교적 간단한 레이저 방식의 시술로 일상생활에 지장은 거의 없습니다.",LDM 시술시간 20~30분 마취여부 마취없음 회복시간 당일 시술효과 1~2주 후,"주의사항 1 시술 후 음주 및 흡연을 자제해주세요. 2 시술 후 3~4일간 과격하고 무리한 운동은 자제해주세요. 3 시술 후 약 일주일간은 사우나, 찜질방 등 고온다습한 곳은 피해주세요. 4 시술 후 드물게 붉은 기나 각질이 발생할 수 있으나 일시적인 현상입니다. 5 외출 시 반드시 선크림을 사용해주세요. 6 시술 기간 중에는 스크럽제 사용 및 필링 시술을 피해주시기 바랍니다. 7 시술 후 붓기, 화끈거림, 가벼운 통증은 시간이 지나며 사라집니다. 8 시술 후에는 보습제 사용을 권장합니다. 9 시술 후 시술 부위를 강하게 마사지하거나 누르지 말아주세요.",,수요일 휴진 / 목요일 10:00 ~ 20:00 (점심 13:00 ~ 14:00) / 금요일 10:00 ~ 20:00 (점심 13:00 ~ 14:00) / 토요일 09:30 ~ 15:00 / 일요일 휴진 / 월요일 10:00 ~ 20:00 (점심 13:00 ~ 14:00) / (공휴일이 있는 주는 수요일 정상진료),0508-0353-1618
https://www.yeoshin.co.kr/event/mobile/26439,,,,LDM eco 피부재생/물방울 리프팅,"#피부관리
#수분관리
#염증진정관리",https://d3gurpvil0se70.cloudfront.net/upfiles/images/product/FX17VO1pkUZBIxWUm1gkgcObIrc3.jpg?q=90&f=webp&w=1024,,,121000.0,114000,VAT 포함,뉴엘라인의원,크림마취,전문의 1명 여의사 진료 마취과의 진료 수술실 CCTV,"LDM #고밀도초음파 #콜라겐생성 고밀도 초음파가 피부에 침투해 콜라겐을 촉진 #재생효과 #촉촉보습 피부 재생과 보습 효과로 시술 후 촉촉하고 맑아보이는 피부! #자극적은 #리프팅관리 자극이 거의 없는 리프팅 관리로 여드름, 홍조 개선에도 효과적 권장주기 1주 / 10회 이상 시술",VAT 포함,"진정, 보습 효과의 스킨케어를 원하는 분 / 건조한 피부 때문에 화장이 잘 받지 않는 분 / 피부가 예민해 레이저 시술을 받을 수 없는 분 / 자연스러운 피부 탄력 개선이 필요한 분",,,LDM 시술시간 40-50분 마취여부 마취없음 회복시간 당일 시술효과 1~2주 후,,크림마취 수면마취,수요일 11:00 ~ 20:00 (점심 14:00 ~ 15:00) / 목요일 11:00 ~ 20:00 (점심 14:00 ~ 15:00) / 금요일 11:00 ~ 21:00 (점심 14:00 ~ 15:00) / 토요일 11:00 ~ 16:00 / 일요일 휴진 / 월요일 11:00 ~ 20:00 (점심 14:00 ~ 15:00),0508-0353-1719
https://www.yeoshin.co.kr/event/mobile/24576,,,,"피부고민개선 LDM_수분,재생,진정","#피부관리
#수분관리
#염증진정관리",https://d3gurpvil0se70.cloudfront.net/upfiles/images/product/hGZHmi4INSu76JJjS0xVJMzps8j3.jpg?q=90&f=webp&w=1024,8.0,1.0,49500.0,42500,VAT 포함,유앤아이의원(수원점),경기도 수원시 팔달구 효원로 265번길 54 유앤아이의원(수원점)주소복사,전문의 1명 영어 응대 중국어 응대,,VAT 포함,,,,LDM 시술시간 20~30분 마취여부 마취없음 회복시간 당일 시술효과 1~2주 후,,,수요일 10:00 ~ 20:30 / 목요일 10:00 ~ 20:30 / 금요일 10:00 ~ 20:30 / 토요일 휴진 / 일요일 휴진 / 월요일 10:00 ~ 20:30,0508-0354-0319
https://www.yeoshin.co.kr/event/mobile/16079,,,,16분 보장 · LDM 물방울 리프팅,"#피부관리
#수분관리
#염증진정관리",https://d3gurpvil0se70.cloudfront.net/upfiles/images/product/XoLMchnipp6Vts4U913O3G4sowv9.jpg?q=90&f=webp&w=1024,9.5,271.0,55000.0,48000,VAT 포함,에디션성형외과,서울특별시 서초구 강남대로 407 (서초동) OPUS 407 빌딩 6층주소복사,전문의 1명,,VAT 포함,,,,LDM 시술시간 16분 마취여부 별도문의 회복시간 당일 시술효과 1~2주 후,,,수요일 10:00 ~ 19:00 / 목요일 10:00 ~ 19:00 / 금요일 10:00 ~ 19:00 / 토요일 10:00 ~ 17:00 / 일요일 휴진 / 월요일 10:00 ~ 19:00,0508-0353-9700
https://www.yeoshin.co.kr/event/mobile/26392,,,,대표원장시술! 리쥬란힐러+물광+LDM,"#스킨부스터
#탄력관리",https://d3gurpvil0se70.cloudfront.net/upfiles/images/product/qwDMBETFJfO1UZ24OMN8Za98dT33.png?q=90&f=webp&w=1024,,,660000.0,653000,VAT 포함,루셀의원,크림마취,전문의 1명 여의사 진료 사후관리,"리쥬란힐러 #피부재생 #스킨부스터 피부의 DNA를 이루는 폴리뉴클레오티드(PN)를 진피층에 주사하는 시술 #피부환경개선 #건강한피부 노화나 자외선 등 다양한 피부 자극으로부터 피부 속 환경을 개선 #주름개선 #콜라겐재생 콜라겐 재생, 섬유아세포 증식 촉진 등으로 주름을 완화시키고 피부 구조를 개선 권장주기 4주 / 3~5회 시술",VAT 포함,촉촉하고 수분감 있는 피부를 원하는 분 / 자연스러운 광채효과를 원하는 분 / 잔주름 때문에 나이가 더 들어보이는 분 / 피부의 유수분 밸런스를 조절하고 싶은 분,,,리쥬란힐러 시술시간 30~60분 마취여부 크림마취 회복시간 약 3일 시술효과 1~2주 후,,크림마취 수면마취 국소마취,수요일 10:00 ~ 19:00 (점심 13:00 ~ 14:00) / 목요일 휴진 / 금요일 10:00 ~ 21:00 (점심 13:00 ~ 14:00) / 토요일 10:00 ~ 15:00 / 일요일 휴진 / 월요일 10:00 ~ 19:00 (점심 13:00 ~ 14:00),0508-0353-7953
https://www.yeoshin.co.kr/event/mobile/24651,,,,모공 쫀쫀 포텐자 풀페이스+LDM,"#피지관리
#흉터개선
#모공관리",https://d3gurpvil0se70.cloudfront.net/upfiles/images/product/uncvmm5ZwtnXqATJL7KWuHu2rx15.png?q=90&f=webp&w=1024,,,,178900,,더이뻐의원,크림마취,일본어 응대,"포텐자 #니들팁 #맞춤치료 다양한 니들 팁으로 개인의 피부상태에 맞는 맞춤 치료가 가능한 멀티레이저 #고주파 #콜라겐생성 피부 진피층에 마이크로 니들을 삽입해 고주파를 발생시켜 새로운 콜라겐 생성 #여드름 #모공흉터 #색소홍조 모공, 흉터, 여드름, 색소, 홍조, 피부 탄력 등 다양한 고민 개선 가능 권장주기 2~3주 / 3회 이상 시술",,여드름 흉터가 고민인 분 / 전체적인 피부 개선을 원하는 분 / 넓은 모공 크기를 축소시키고 싶은 분 / 자연스러운 피부 탄력 개선이 필요한 분,"시술 특장점 다양한 종류의 팁 다양한 종류의 팁으로 선택적으로 조직을 응고시켜 피부 맞춤 치료가 가능합니다. 피부 콜라겐 생성 고압의 고주파 레이저로 흉터, 모공 개선 및 콜라겐 생성에 효과적입니다. 피부 진피층에 고주파 발생 피부 진피층에 삽입된 마이크로 니들을 통해 순간적인 고주파를 발생시킵니다.",시술 전 주의사항이 있나요? 자외선에 심하게 노출되어 화상(sun burn)이 있다면 치료가 힘들 수 있습니다. 다른 시술을 받았다면 최소 4주 후에 받는 것을 권장합니다. 일상생활에 지장은 없나요? 시술 당일에는 붉음증이 있을 수 있으나 다음날부터 거의 사라져 일상생활에 빠르게 복귀할 수 있습니다.,포텐자 시술시간 30~60분 마취여부 크림마취 회복시간 약 1주 시술효과 2~3일 후,"주의사항 1 세안, 화장은 시술 다음날부터 가능합니다. 2 열감, 홍반, 따끔거림, 건조함은 7일 내 호전됩니다. 3 각질이 평소보다 많아질 수 있으나 2주 내 호전됩니다.",크림마취 수면마취 국소마취,수요일 10:00 ~ 20:00 / 목요일 10:00 ~ 20:00 / 금요일 10:00 ~ 20:00 / 토요일 10:00 ~ 16:00 / 일요일 휴진 / 월요일 10:00 ~ 20:00 / 12월 25일 성탄절 휴무,050803530151
https://www.yeoshin.co.kr/event/mobile/26398,,,,LDM 물방울 리프팅 / 1인실 프라이빗룸,"#피부관리
#수분관리
#염증진정관리",https://d3gurpvil0se70.cloudfront.net/upfiles/images/product/5bvfU4qI9NQOvS1D8SOZkU9YWq33.jpg?q=90&f=webp&w=1024,,,165000.0,158000,VAT 포함,루셀의원,크림마취,전문의 1명 여의사 진료 사후관리,"LDM #고밀도초음파 #콜라겐생성 고밀도 초음파가 피부에 침투해 콜라겐을 촉진 #재생효과 #촉촉보습 피부 재생과 보습 효과로 시술 후 촉촉하고 맑아보이는 피부! #자극적은 #리프팅관리 자극이 거의 없는 리프팅 관리로 여드름, 홍조 개선에도 효과적 권장주기 1주 / 10회 이상 시술",VAT 포함,"진정, 보습 효과의 스킨케어를 원하는 분 / 건조한 피부 때문에 화장이 잘 받지 않는 분 / 피부가 예민해 레이저 시술을 받을 수 없는 분 / 자연스러운 피부 탄력 개선이 필요한 분",,,LDM 시술시간 20~30분 마취여부 마취없음 회복시간 당일 시술효과 1~2주 후,,크림마취 수면마취 국소마취,수요일 10:00 ~ 19:00 (점심 13:00 ~ 14:00) / 목요일 휴진 / 금요일 10:00 ~ 21:00 (점심 13:00 ~ 14:00) / 토요일 10:00 ~ 15:00 / 일요일 휴진 / 월요일 10:00 ~ 19:00 (점심 13:00 ~ 14:00),0508-0353-7953
https://www.yeoshin.co.kr/event/mobile/24116,,,,리얼콜라겐 엘라비에 리투오 + LDM,"#스킨부스터
#탄력관리",https://d3gurpvil0se70.cloudfront.net/upfiles/images/product/Ms2LtGLsMqM3bMT7LlrtehPAtnK7.jpg?q=90&f=webp&w=1024,9.4,8.0,600000.0,593000,VAT 포함,포레웰의원,크림마취,여의사 진료 수술실 CCTV 응급처치 시스템 분야별 협진 사후관리,,VAT 포함,,,,엘라비에리투오 시술시간 50분 마취여부 크림마취 회복시간 약 3일 시술효과 1~2주 후,,크림마취,수요일 휴진 / 목요일 10:00 ~ 19:00 (점심 13:00 ~ 14:00) / 금요일 10:00 ~ 19:00 (점심 13:00 ~ 14:00) / 토요일 10:00 ~ 15:00 / 일요일 휴진 / 월요일 10:00 ~ 19:00 (점심 13:00 ~ 14:00),050803537984
https://www.yeoshin.co.kr/event/mobile/22448,,,,LDM 리프팅 12분 + 재생 LED +팩,"#피부관리
#수분관리
#염증진정관리",https://d3gurpvil0se70.cloudfront.net/upfiles/images/product/9gaiUggswSQsMATVgmDcMXX8KM1.jpg?q=90&f=webp&w=1024,9.7,118.0,57000.0,50000,VAT 포함,퀸스유피에스의원,크림마취,전문의 1명 여의사 진료 분야별 협진 사후관리,"LDM #수분 #재생관리 #콜라겐생성 고밀도 초음파가 피부에 침투해 콜라겐을 촉진 #재생효과 #촉촉보습 피부 재생과 보습 효과로 시술 후 촉촉하고 맑아보이는 피부! #자극적은 #리프팅관리 자극이 거의 없는 리프팅 관리로 여드름, 홍조 개선에도 효과적 권장주기 1주 / 10회 이상 시술",VAT 포함,"진정, 보습 효과의 스킨케어를 원하는 분 / 건조한 피부 때문에 화장이 잘 받지 않는 분 / 피부가 예민해 레이저 시술을 받을 수 없는 분 / 자연스러운 피부 탄력 개선이 필요한 분",,,LDM 시술시간 20~30분 마취여부 마취없음 회복시간 당일 시술효과 1~2주 후,,크림마취,수요일 10:00 ~ 19:00 (점심 13:00 ~ 14:00) / 목요일 10:00 ~ 19:00 (점심 13:00 ~ 14:00) / 금요일 10:00 ~ 20:00 (점심 13:00 ~ 14:00) / 토요일 10:00 ~ 16:00 / 일요일 휴진 / 월요일 10:00 ~ 20:00 (점심 13:00 ~ 14:00),0508-0353-8045
https://www.yeoshin.co.kr/event/mobile/20312,,,,LDM(인텐스울트라)15분+LED+모델링팩,"#피부관리
#수분관리
#염증진정관리",https://d3gurpvil0se70.cloudfront.net/upfiles/images/product/tR88kLxMSEPlGhzZmrDlYKvPntN6.jpg?q=90&f=webp&w=1024,8.9,38.0,89000.0,82000,VAT 포함,닥터고운선의원,크림마취,수술실 CCTV 응급처치 시스템 전담회복실 사후관리 중국어 응대,"LDM #고밀도초음파 #콜라겐생성 고밀도 초음파가 피부에 침투해 콜라겐을 촉진 #재생효과 #촉촉보습 피부 재생과 보습 효과로 시술 후 촉촉하고 맑아보이는 피부! #자극적은 #리프팅관리 자극이 거의 없는 리프팅 관리로 여드름, 홍조 개선에도 효과적 권장주기 1주 / 10회 이상 시술",VAT 포함,"진정, 보습 효과의 스킨케어를 원하는 분 / 건조한 피부 때문에 화장이 잘 받지 않는 분 / 피부가 예민해 레이저 시술을 받을 수 없는 분 / 자연스러운 피부 탄력 개선이 필요한 분",,,LDM 시술시간 20~30분 마취여부 마취없음 회복시간 당일 시술효과 1~2주 후,,크림마취 수면마취 국소마취,수요일 휴진 / 목요일 10:00 ~ 19:00 (점심 13:00 ~ 14:00) / 금요일 10:00 ~ 21:00 (점심 13:00 ~ 14:00) / 토요일 10:00 ~ 17:00 (점심 13:00 ~ 14:00) / 일요일 휴진 / 월요일 10:00 ~ 19:00 (점심 13:00 ~ 14:00),0508-0353-3733
https://www.yeoshin.co.kr/event/mobile/15240,,,,LDM관리+LED재생+모델링팩,"#피부관리
#수분관리
#염증진정관리",https://d3gurpvil0se70.cloudfront.net/upfiles/images/product/TO9FRYvach3K6DigeE223zlRAcR9.jpg?q=90&f=webp&w=1024,9.2,126.0,64900.0,57900,VAT 포함,다이아의원,크림마취,영어 응대 중국어 응대 일본어 응대,"LDM #쫀쫀하고 촉촉한 #다이아 물방울 리프팅 고밀도 초음파가 피부에 침투해 콜라겐을 촉진 #재생효과 #촉촉보습 피부 재생과 보습 효과로 시술 후 촉촉하고 맑아보이는 피부! #자극적은 #리프팅관리 자극이 거의 없는 리프팅 관리로 여드름, 홍조 개선에도 효과적 권장주기 1주 / 10회 이상 시술",VAT 포함,"진정, 보습 효과의 스킨케어를 원하는 분 / 건조한 피부 때문에 화장이 잘 받지 않는 분 / 노화로 인한 탄력 저하가 고민인 분 / 자연스러운 피부 탄력 개선이 필요한 분",,,LDM 시술시간 20~30분 마취여부 마취없음 회복시간 당일 시술효과 1~2주 후,,크림마취 국소마취,수요일 10:00 ~ 20:00 / 목요일 10:00 ~ 20:00 / 금요일 10:00 ~ 20:00 / 토요일 10:00 ~ 16:00 / 일요일 휴진 / 월요일 10:00 ~ 20:00,0508-0353-7788
https://www.yeoshin.co.kr/event/mobile/23626,,,,LDM,"#피부관리
#수분관리
#염증진정관리",https://d3gurpvil0se70.cloudfront.net/upfiles/images/product/cUuYokEQRy1jfp6K0jHJE1DHZUZ8.jpg?q=90&f=webp&w=1024,8.7,6.0,55000.0,48000,VAT 포함,샤인유의원(수원점),,,"LDM #고밀도초음파 #콜라겐생성 고밀도 초음파가 피부에 침투해 콜라겐을 촉진 #재생효과 #촉촉보습 피부 재생과 보습 효과로 시술 후 촉촉하고 맑아보이는 피부! #자극적은 #리프팅관리 자극이 거의 없는 리프팅 관리로 여드름, 홍조 개선에도 효과적",VAT 포함,"진정, 보습 효과의 스킨케어를 원하는 분 / 건조한 피부 때문에 화장이 잘 받지 않는 분 / 피부가 예민해 레이저 시술을 받을 수 없는 분 / 자연스러운 피부 탄력 개선이 필요한 분",,,LDM 시술시간 20~30분 마취여부 마취없음 회복시간 당일 시술효과 1~2주 후,,,수요일 10:30 ~ 20:30 (점심 14:00 ~ 15:00) / 목요일 10:30 ~ 20:30 (점심 14:00 ~ 15:00) / 금요일 10:30 ~ 20:30 (점심 14:00 ~ 15:00) / 토요일 10:00 ~ 16:00 / 일요일 휴진 / 월요일 10:30 ~ 20:30 (점심 14:00 ~ 15:00),0508-0354-0678
https://www.yeoshin.co.kr/event/mobile/25447,,,,LDM 관리 12분,"#피부관리
#수분관리
#염증진정관리",https://d3gurpvil0se70.cloudfront.net/upfiles/images/product/OoS7tX0ANwm945zmGedfq2ZmOpq5.jpg?q=90&f=webp&w=1024,8.5,6.0,66000.0,59000,VAT 포함,뷰티크의원(방배이수점),,,"LDM #고밀도초음파 #콜라겐생성 고밀도 초음파가 피부에 침투해 콜라겐을 촉진 #재생효과 #촉촉보습 피부 재생과 보습 효과로 시술 후 촉촉하고 맑아보이는 피부! #자극적은 #리프팅관리 자극이 거의 없는 리프팅 관리로 여드름, 홍조 개선에도 효과적 권장주기 1주 / 10회 이상 시술",VAT 포함,"진정, 보습 효과의 스킨케어를 원하는 분 / 건조한 피부 때문에 화장이 잘 받지 않는 분 / 피부가 예민해 레이저 시술을 받을 수 없는 분 / 자연스러운 피부 탄력 개선이 필요한 분",,,LDM 시술시간 20~30분 마취여부 마취없음 회복시간 당일 시술효과 1~2주 후,,,수요일 11:00 ~ 20:00 / 목요일 11:00 ~ 20:00 / 금요일 11:00 ~ 20:00 / 토요일 10:00 ~ 16:30 / 일요일 휴진 / 월요일 11:00 ~ 20:00 / 공휴일은 휴진입니다.,0507-0094-5649
https://www.yeoshin.co.kr/event/mobile/25463,,,,순플러스_크라이오셀 LDM 쿨링 아이스관리,"#피부관리
#수분관리
#염증진정관리",https://d3gurpvil0se70.cloudfront.net/upfiles/images/product/uKQguZ85T7dSNAwV5mS17i74HOnA.jpg?q=90&f=webp&w=1024,9.7,3.0,55000.0,48000,VAT 포함,순플러스성형외과의원,크림마취,전문의 3명 여의사 진료 수술실 CCTV 응급처치 시스템 전담회복실 사후관리 영어 응대 중국어 응대,,VAT 포함,,,,크라이오셀 시술시간 40~50분 마취여부 마취없음 회복시간 당일 시술효과 시술 직후,,크림마취 수면마취 국소마취,수요일 10:00 ~ 19:00 / 목요일 10:00 ~ 19:00 / 금요일 10:00 ~ 19:00 / 토요일 10:00 ~ 16:00 / 일요일 휴진 / 월요일 10:00 ~ 19:00,050803533332
https://www.yeoshin.co.kr/event/mobile/24960,,,,쎄라필+ldm+팩관리+재생레이저,"#필링
#피부관리
#수분관리",https://d3gurpvil0se70.cloudfront.net/upfiles/images/product/jqzqIQzk8m70jOoaFMYSvyPh8zx4.jpg?q=90&f=webp&w=1024,9.6,8.0,132000.0,125000,VAT 포함,순플러스성형외과의원,크림마취,전문의 3명 여의사 진료 수술실 CCTV 응급처치 시스템 전담회복실 사후관리 영어 응대 중국어 응대,,VAT 포함,,,,쎄라필 시술시간 1시간 마취여부 마취없음 회복시간 당일 시술효과,,크림마취 수면마취 국소마취,수요일 10:00 ~ 19:00 / 목요일 10:00 ~ 19:00 / 금요일 10:00 ~ 19:00 / 토요일 10:00 ~ 16:00 / 일요일 휴진 / 월요일 10:00 ~ 19:00,050803533332
https://www.yeoshin.co.kr/event/mobile/25075,,,,순플러스_LDM 물방울 리프팅,"#피부관리
#수분관리
#염증진정관리",https://d3gurpvil0se70.cloudfront.net/upfiles/images/product/i79L3TiHG6ZSCcnqCjsUrXHMSUe3.jpg?q=90&f=webp&w=1024,9.5,10.0,66000.0,59000,VAT 포함,순플러스성형외과의원,크림마취,전문의 3명 여의사 진료 수술실 CCTV 응급처치 시스템 전담회복실 사후관리 영어 응대 중국어 응대,,VAT 포함,,,,LDM 시술시간 12~24분 마취여부 마취없음 회복시간 당일 시술효과 1일 후,,크림마취 수면마취 국소마취,수요일 10:00 ~ 19:00 / 목요일 10:00 ~ 19:00 / 금요일 10:00 ~ 19:00 / 토요일 10:00 ~ 16:00 / 일요일 휴진 / 월요일 10:00 ~ 19:00,050803533332
https://www.yeoshin.co.kr/event/mobile/26624,,,,"쎄라필 1제+2제+LDM+토닝, 물광 관리","#필링
#피부관리
#수분관리",https://d3gurpvil0se70.cloudfront.net/upfiles/images/product/0g8yDQC4uY80lAERZMWO6jCilPH4.jpg?q=90&f=webp&w=1024,10.0,1.0,55000.0,48000,VAT 포함,경희다나은한의원,서울특별시 강서구 화곡로68길 3 (등촌동) 영스퀘어 3층 경희다나은한의원주소복사,피부진단기 F-RAY 촬영 >,쎄라필 #섬유아세포 #활성화 각질층을 부드럽게 녹여주고 피부 깊숙히 유효성분을 침투시켜 섬유아세포 활성화 #항균효과 #피부보호 높은 항균 효과로 여드름 예방에 효과적이며 피부 표면을 보호 #멜라닌용해 #색소개선 멜라닌 세포 배출을 촉진하여 색소 개선에 효과적 권장주기 1주 / 3회 시술,VAT 포함,피부가 예민해 필링 시술을 받아보기 힘든 분 / 촉촉하고 수분감 있는 피부를 원하는 분 / 건조한 피부 때문에 화장이 잘 받지 않는 분 / 손상된 피부 장벽을 회복시켜 재생을 원하는 분,시술 특장점 섬유아세포 활성화 깊은 침투력으로 섬유아세포 활성화를 유도합니다. 저자극 각질 제거 자극없이 부드럽게 각질을 제거합니다. 즉각적 미백효과 멜라닌 결합 빈도를 줄여 미백과 물광효과를 느낄 수 있습니다.,"쎄라필은 어떤 효과가 있나요? 미백, 물광, 모공 축소, 여드름 개선 및 예방 등의 효과를 기대할 수 있습니다. 시술 후 피부 자극이 있나요? 각질을 부드럽게 녹여낸 뒤 피부 깊숙이 영양성분을 침투시키는 원리이기 때문에 열감과 따가움 등의 자극이 적습니다.",쎄라필 시술시간 20~30분 마취여부 마취없음 회복시간 당일 시술효과,주의사항 1 시술 후 3일간 알코올 성분 화장품 사용을 자제해주세요. 2 타 필링 시술은 일주일간 피해주세요. 3 외출 시 자외선 차단제를 잘 발라주세요.,,수요일 10:00 ~ 20:00 (점심 13:00 ~ 14:00) / 목요일 10:00 ~ 20:00 (점심 13:00 ~ 14:00) / 금요일 10:00 ~ 20:00 (점심 13:00 ~ 14:00) / 토요일 10:00 ~ 14:00 / 일요일 휴진 / 월요일 10:00 ~ 20:00 (점심 13:00 ~ 14:00) / 공휴일 : 10:00 - 17:00 (점심시간 13:00-14:00),050803537156
https://www.yeoshin.co.kr/event/mobile/26464,,,,홍대 포레나 LDM 물방울 리프팅,"#피부관리
#수분관리
#염증진정관리",https://d3gurpvil0se70.cloudfront.net/upfiles/images/product/9aYImSHApsAcHlqXmH8qYOBvpDv2.jpg?q=90&f=webp&w=1024,9.0,1.0,86900.0,79900,VAT 포함,포레나의원,크림마취,여의사 진료 영어 응대 중국어 응대 일본어 응대,,VAT 포함,,,,LDM 시술시간 20~30분 마취여부 마취없음 회복시간 당일 시술효과 1~2주 후,,크림마취,수요일 10:00 ~ 20:30 / 목요일 10:00 ~ 20:30 / 금요일 10:00 ~ 20:30 / 토요일 10:00 ~ 17:00 / 일요일 10:00 ~ 17:00 / 월요일 10:00 ~ 20:30 / 공휴일 10:00-17:00,0508-0353-2218
https://www.yeoshin.co.kr/event/mobile/26503,,,,트리플 LDM관리,"#피부관리
#수분관리
#염증진정관리",https://d3gurpvil0se70.cloudfront.net/upfiles/images/product/oXo7Eh2sRe3S4iXMEIb1cZkaxciA.jpg?q=90&f=webp&w=1024,9.3,4.0,36300.0,29300,VAT 포함,경희다나은한의원,서울특별시 강서구 화곡로68길 3 (등촌동) 영스퀘어 3층 경희다나은한의원주소복사,피부진단기 F-RAY 촬영 >,"LDM #고밀도초음파 #콜라겐생성 고밀도 초음파가 피부에 침투해 콜라겐을 촉진 #재생효과 #촉촉보습 피부 재생과 보습 효과로 시술 후 촉촉하고 맑아보이는 피부! #자극적은 #리프팅관리 자극이 거의 없는 리프팅 관리로 여드름, 홍조 개선에도 효과적 권장주기 1주 / 10회 이상 시술",VAT 포함,"진정, 보습 효과의 스킨케어를 원하는 분 / 건조한 피부 때문에 화장이 잘 받지 않는 분 / 피부가 예민해 레이저 시술을 받을 수 없는 분 / 자연스러운 피부 탄력 개선이 필요한 분",시술 특장점 콜라겐을 촉진해 피부재생 콜라겐 생성을 유도해 피부재생 및 방어력을 높여주어 건강한 피부로 개선합니다. 유수분 밸런스 조절 유수분 밸런스 저하로 건조한 피부에 히알루론산 균형을 잡아줍니다. 자극이 적은 관리 시술시 적당한 온열감 정도만 느껴지며 예민한 피부에도 적용이 가능합니다.,"LDM 관리는 어떤 피부 타입에 적합한가요? 모든 피부에 가능한 관리로 염증성 피부, 아토피 피부 등 피부가 예민해서 자극적인 시술이 어려운 경우 LDM 관리를 추천드립니다. 언제부터 효과가 있나요? 개인차가 있지만 약 1~2주 안으로 효과가 나타납니다.",LDM 시술시간 20~30분 마취여부 마취없음 회복시간 당일 시술효과 1~2주 후,"주의사항 1 시술 후 음주 및 흡연을 자제해주세요. 2 시술 후 3~4일간 과격하고 무리한 운동은 자제해주세요. 3 시술 후 약 일주일간은 사우나, 찜질방 등 고온다습한 곳은 피해주세요.",,수요일 10:00 ~ 20:00 (점심 13:00 ~ 14:00) / 목요일 10:00 ~ 20:00 (점심 13:00 ~ 14:00) / 금요일 10:00 ~ 20:00 (점심 13:00 ~ 14:00) / 토요일 10:00 ~ 14:00 / 일요일 휴진 / 월요일 10:00 ~ 20:00 (점심 13:00 ~ 14:00) / 공휴일 : 10:00 - 17:00 (점심시간 13:00-14:00),050803537156
https://www.yeoshin.co.kr/event/mobile/27444,,,,아쿠아필·라라필·LDM 피부관리 기획전,"#필링
#피부관리
#수분관리",https://d3gurpvil0se70.cloudfront.net/upfiles/images/product/JFiwJc0xafP7ZQ9OJmHKG52RHX01.png?q=90&f=webp&w=1024,,,59000.0,52000,VAT 포함,샤인유의원(수원점),,,,VAT 포함,,,,필링 시술시간 30~60분 마취여부 마취없음 회복시간 당일 시술효과 약 1주 후,,,수요일 10:30 ~ 20:30 (점심 14:00 ~ 15:00) / 목요일 10:30 ~ 20:30 (점심 14:00 ~ 15:00) / 금요일 10:30 ~ 20:30 (점심 14:00 ~ 15:00) / 토요일 10:00 ~ 16:00 / 일요일 휴진 / 월요일 10:30 ~ 20:30 (점심 14:00 ~ 15:00),0508-0354-0678
https://www.yeoshin.co.kr/event/mobile/16766,,,,LDM 물방울 리프팅,"#피부관리
#수분관리
#염증진정관리",https://d3gurpvil0se70.cloudfront.net/upfiles/images/product/6QPApvarIIrUBW6tZO1NPMG3a67A.jpg?q=90&f=webp&w=1024,10.0,7.0,77000.0,70000,VAT 포함,유앤아이의원(대전점),,,,VAT 포함,,,,LDM 시술시간 20~30분 마취여부 마취없음 회복시간 당일 시술효과 1~2주 후,,,수요일 10:30 ~ 20:30 / 목요일 10:30 ~ 20:30 / 금요일 10:30 ~ 20:30 / 토요일 10:30 ~ 17:00 / 일요일 휴진 / 월요일 10:30 ~ 20:30,0508-0354-1943
https://www.yeoshin.co.kr/event/mobile/26945,,,,순플러스_아쿠아필 모공관리 블랙헤드 LDM,"#피지관리
#필링
#여드름개선",https://d3gurpvil0se70.cloudfront.net/upfiles/images/product/OiR9KAplwvPPLYHywVNt6S8gAfW6.jpg?q=90&f=webp&w=1024,,,55000.0,48000,VAT 포함,순플러스성형외과의원,크림마취,전문의 3명 여의사 진료 수술실 CCTV 응급처치 시스템 전담회복실 사후관리 영어 응대 중국어 응대,,VAT 포함,,,,아쿠아필 시술시간 40~50분 마취여부 마취없음 회복시간 당일 시술효과,,크림마취 수면마취 국소마취,수요일 10:00 ~ 19:00 / 목요일 10:00 ~ 19:00 / 금요일 10:00 ~ 19:00 / 토요일 10:00 ~ 16:00 / 일요일 휴진 / 월요일 10:00 ~ 19:00,050803533332
https://www.yeoshin.co.kr/event/mobile/27392,,,,촉촉 물방울 초음파 LDM / 1인실,"#피부관리
#수분관리
#염증진정관리",https://d3gurpvil0se70.cloudfront.net/upfiles/images/product/X3PZPHiThBPXXeaKg95id6N2E8J2.jpg?q=90&f=webp&w=1024,10.0,1.0,55000.0,48000,VAT 포함,웰니스365의원(강서),크림마취,수술실 CCTV 응급처치 시스템 사후관리 영어 응대,"LDM #고밀도초음파 #콜라겐생성 고밀도 초음파가 피부에 침투해 콜라겐을 촉진 #재생효과 #촉촉보습 피부 재생과 보습 효과로 시술 후 촉촉하고 맑아보이는 피부! #자극적은 #리프팅관리 자극이 거의 없는 리프팅 관리로 여드름, 홍조 개선에도 효과적 권장주기 1주 / 10회 이상 시술",VAT 포함,"진정, 보습 효과의 스킨케어를 원하는 분 / 건조한 피부 때문에 화장이 잘 받지 않는 분 / 피부가 예민해 레이저 시술을 받을 수 없는 분 / 자연스러운 피부 탄력 개선이 필요한 분",,,LDM 시술시간 20~30분 마취여부 마취없음 회복시간 당일 시술효과 1~2주 후,,크림마취 국소마취,수요일 10:00 ~ 22:00 (점심 14:00 ~ 15:00) / 목요일 10:00 ~ 22:00 (점심 14:00 ~ 15:00) / 금요일 10:00 ~ 22:00 (점심 14:00 ~ 15:00) / 토요일 10:00 ~ 22:00 (점심 14:00 ~ 15:00) / 일요일 10:00 ~ 19:00 (점심 14:00 ~ 15:00) / 월요일 10:00 ~ 22:00 (점심 14:00 ~ 15:00),050803531375
https://www.yeoshin.co.kr/event/mobile/27296,,,,순플러스_엑소좀+LDM,"#스킨부스터
#탄력관리",https://d3gurpvil0se70.cloudfront.net/upfiles/images/product/sHjorUpjfFac4c7dVk84r31c0RN9.jpg?q=90&f=webp&w=1024,,,330000.0,323000,VAT 포함,순플러스성형외과의원,크림마취,전문의 3명 여의사 진료 수술실 CCTV 응급처치 시스템 전담회복실 사후관리 영어 응대 중국어 응대,,VAT 포함,,,,엑소좀 시술시간 30~60분 마취여부 없음 회복시간 당일 시술효과 1~2주 후,,크림마취 수면마취 국소마취,수요일 10:00 ~ 19:00 / 목요일 10:00 ~ 19:00 / 금요일 10:00 ~ 19:00 / 토요일 10:00 ~ 16:00 / 일요일 휴진 / 월요일 10:00 ~ 19:00,050803533332
https://www.yeoshin.co.kr/event/mobile/24115,,,,"채우는 필링, 쎄라필 1.2제+LDM","#필링
#피부관리
#수분관리",https://d3gurpvil0se70.cloudfront.net/upfiles/images/product/Q0Jvelt5DsCm2eIWawIApqKjUxF.jpg?q=90&f=webp&w=1024,,,88000.0,81000,VAT 포함,블랑여성의원,크림마취,전문의 1명,,VAT 포함,,,,쎄라필 시술시간 30~1시간 마취여부 마취없음 회복시간 당일 시술효과,,크림마취,"수요일 09:30 ~ 18:30 (점심 12:30 ~ 13:30) / 목요일 09:30 ~ 18:30 (점심 12:30 ~ 13:30) / 금요일 09:30 ~ 18:30 (점심 12:30 ~ 13:30) / 토요일 09:30 ~ 13:00 / 일요일 휴진 / 월요일 09:30 ~ 18:30 (점심 12:30 ~ 13:30) / 토요일, 공휴일: 9:30~1:00",0508-0354-8910
https://www.yeoshin.co.kr/event/mobile/26141,,,,리프성형외과 LDM 물방울 리프팅,"#피부관리
#수분관리
#염증진정관리",https://d3gurpvil0se70.cloudfront.net/upfiles/images/product/EK0VtYF5vU8dc48FSqKj4PXLESo8.jpg?q=90&f=webp&w=1024,,,77000.0,70000,VAT 포함,리프성형외과의원,서울특별시 강남구 논현로167길 9 (신사동) 3층 리프성형외과 주소복사,전문의 1명 마취과의 진료 수술실 CCTV 응급처치 시스템 사후관리,,VAT 포함,,,,LDM 시술시간 20~30분 마취여부 마취없음 회복시간 당일 시술효과 1주 후,,,수요일 10:00 ~ 19:00 / 목요일 휴진 / 금요일 10:00 ~ 19:00 / 토요일 10:00 ~ 16:00 / 일요일 휴진 / 월요일 10:00 ~ 19:00,050803536787
https://www.yeoshin.co.kr/event/mobile/26513,,,,물방울 리프팅,"#피부관리
#수분관리
#염증진정관리",https://d3gurpvil0se70.cloudfront.net/upfiles/images/product/6UWlV8FUc2UJWuY8yYROvlr8wK5.jpg?q=90&f=webp&w=1024,10.0,1.0,64900.0,57900,VAT 포함,당산센트럴내과의원,크림마취,전문의 1명 응급처치 시스템 사후관리,"LDM #고밀도초음파 #콜라겐생성 고밀도 초음파가 피부에 침투해 콜라겐을 촉진 #재생효과 #촉촉보습 피부 재생과 보습 효과로 시술 후 촉촉하고 맑아보이는 피부! #자극적은 #리프팅관리 자극이 거의 없는 리프팅 관리로 여드름, 홍조 개선에도 효과적 권장주기 1주 / 10회 이상 시술",VAT 포함,"진정, 보습 효과의 스킨케어를 원하는 분 / 건조한 피부 때문에 화장이 잘 받지 않는 분 / 피부가 예민해 레이저 시술을 받을 수 없는 분 / 자연스러운 피부 탄력 개선이 필요한 분",시술 특장점 콜라겐을 촉진해 피부재생 콜라겐 생성을 유도해 피부재생 및 방어력을 높여주어 건강한 피부로 개선합니다. 유수분 밸런스 조절 유수분 밸런스 저하로 건조한 피부에 히알루론산 균형을 잡아줍니다. 자극이 적은 관리 시술시 적당한 온열감 정도만 느껴지며 예민한 피부에도 적용이 가능합니다.,"LDM 관리는 어떤 피부 타입에 적합한가요? 모든 피부에 가능한 관리로 염증성 피부, 아토피 피부 등 피부가 예민해서 자극적인 시술이 어려운 경우 LDM 관리를 추천드립니다. 언제부터 효과가 있나요? 개인차가 있지만 약 1~2주 안으로 효과가 나타납니다.",LDM 시술시간 20~30분 마취여부 마취없음 회복시간 당일 시술효과 1~2주 후,"주의사항 1 시술 후 음주 및 흡연을 자제해주세요. 2 시술 후 3~4일간 과격하고 무리한 운동은 자제해주세요. 3 시술 후 약 일주일간은 사우나, 찜질방 등 고온다습한 곳은 피해주세요.",크림마취 수면마취 국소마취,수요일 09:00 ~ 19:00 (점심 13:00 ~ 14:00) / 목요일 09:00 ~ 19:00 (점심 13:00 ~ 14:00) / 금요일 09:00 ~ 19:00 (점심 13:00 ~ 14:00) / 토요일 09:00 ~ 14:00 / 일요일 휴진 / 월요일 09:00 ~ 19:00 (점심 13:00 ~ 14:00),050803543093
https://www.yeoshin.co.kr/event/mobile/26370,,,,순플러스_리쥬란 리쥬란아이 LDM 물광주사,"#스킨부스터
#탄력관리",https://d3gurpvil0se70.cloudfront.net/upfiles/images/product/AZHjgdAChNH6VdcCaNPtZMkz8Rn5.jpg?q=90&f=webp&w=1024,,,330000.0,323000,VAT 포함,순플러스성형외과의원,크림마취,전문의 3명 여의사 진료 수술실 CCTV 응급처치 시스템 전담회복실 사후관리 영어 응대 중국어 응대,,VAT 포함,,,,리쥬란힐러 시술시간 30~60분 마취여부 크림마취 회복시간 약 3일 시술효과 1~2주 후,,크림마취 수면마취 국소마취,수요일 10:00 ~ 19:00 / 목요일 10:00 ~ 19:00 / 금요일 10:00 ~ 19:00 / 토요일 10:00 ~ 16:00 / 일요일 휴진 / 월요일 10:00 ~ 19:00,050803533332
https://www.yeoshin.co.kr/event/mobile/27182,,,,프리미엄 LDM Tri MED 24분,"#피부관리
#수분관리
#염증진정관리",https://d3gurpvil0se70.cloudfront.net/upfiles/images/product/cQIVrw0NZ2Ohv20mPuuZUBXsMbI.png?q=90&f=webp&w=1024,,,96800.0,89800,VAT 포함,나은내일한의원,크림마취,사후관리,"LDM #고밀도초음파 #콜라겐생성 고밀도 초음파가 피부에 침투해 콜라겐을 촉진 #재생효과 #촉촉보습 피부 재생과 보습 효과로 시술 후 촉촉하고 맑아보이는 피부! #자극적은 #리프팅관리 자극이 거의 없는 리프팅 관리로 여드름, 홍조 개선에도 효과적 권장주기 1주 / 10회 이상 시술",VAT 포함,"진정, 보습 효과의 스킨케어를 원하는 분 / 건조한 피부 때문에 화장이 잘 받지 않는 분 / 피부가 예민해 레이저 시술을 받을 수 없는 분 / 자연스러운 피부 탄력 개선이 필요한 분",,,LDM 시술시간 20~30분 마취여부 마취없음 회복시간 당일 시술효과 1~2주 후,,크림마취,수요일 09:30 ~ 20:00 (점심 13:00 ~ 14:00) / 목요일 09:30 ~ 20:00 (점심 13:00 ~ 14:00) / 금요일 09:30 ~ 20:00 (점심 13:00 ~ 14:00) / 토요일 휴진 / 일요일 휴진 / 월요일 09:30 ~ 20:00 (점심 13:00 ~ 14:00),0508-0353-0839
https://www.yeoshin.co.kr/event/mobile/20596,,,,물방울리프팅 LDM,"#피부관리
#수분관리
#염증진정관리",https://d3gurpvil0se70.cloudfront.net/upfiles/images/product/Uddtj6x8eOlICnUbYFzFHg59J1J9.jpg?q=90&f=webp&w=1024,9.5,6.0,69000.0,62000,VAT 포함,세린의원,크림마취,영어 응대 중국어 응대,"LDM #고밀도초음파 #콜라겐생성 고밀도 초음파가 피부에 침투해 콜라겐을 촉진 #재생효과 #촉촉보습 피부 재생과 보습 효과로 시술 후 촉촉하고 맑아보이는 피부! #자극적은 #리프팅관리 자극이 거의 없는 리프팅 관리로 여드름, 홍조 개선에도 효과적 권장주기 1주 / 10회 이상 시술",VAT 포함,"진정, 보습 효과의 스킨케어를 원하는 분 / 건조한 피부 때문에 화장이 잘 받지 않는 분 / 피부가 예민해 레이저 시술을 받을 수 없는 분 / 자연스러운 피부 탄력 개선이 필요한 분",,,LDM 시술시간 20~30분 마취여부 마취없음 회복시간 당일 시술효과 1~2주 후,,크림마취 비수면 무통마취,수요일 휴진 / 목요일 11:00 ~ 20:00 / 금요일 11:00 ~ 20:00 / 토요일 11:00 ~ 16:00 / 일요일 휴진 / 월요일 11:00 ~ 20:00,0508-0353-3518
https://www.yeoshin.co.kr/event/mobile/24891,,,,물방울 LDM 관리 (수분/피부장벽개선),"#피부관리
#수분관리
#염증진정관리",https://d3gurpvil0se70.cloudfront.net/upfiles/images/product/P6kFe6sNv9ZgzAmNY1SoePmL1ke1.png?q=90&f=webp&w=1024,8.8,6.0,77000.0,70000,VAT 포함,셀린의원(삼성점),크림마취,사후관리,"LDM #고밀도초음파 #콜라겐생성 고밀도 초음파가 피부에 침투해 콜라겐을 촉진 #재생효과 #촉촉보습 피부 재생과 보습 효과로 시술 후 촉촉하고 맑아보이는 피부! #자극적은 #리프팅관리 자극이 거의 없는 리프팅 관리로 여드름, 홍조 개선에도 효과적 권장주기 1주 / 5회 이상 시술",VAT 포함,"진정, 보습 효과의 스킨케어를 원하는 분 / 건조한 피부 때문에 화장이 잘 받지 않는 분 / 피부가 예민해 레이저 시술을 받을 수 없는 분 / 자연스러운 피부 탄력 개선이 필요한 분",시술 특장점 콜라겐을 촉진해 피부재생 콜라겐 생성을 유도해 피부재생 및 방어력을 높여주어 건강한 피부로 개선합니다. 유수분 밸런스 조절 유수분 밸런스 저하로 건조한 피부에 히알루론산 균형을 잡아줍니다. 자극이 적은 관리 시술시 적당한 온열감 정도만 느껴지며 예민한 피부에도 적용이 가능합니다.,"LDM 관리는 어떤 피부 타입에 적합한가요? 모든 피부에 가능한 관리로 염증성 피부, 아토피 피부 등 피부가 예민해서 자극적인 시술이 어려운 경우 LDM 관리를 추천드립니다. 언제부터 효과가 있나요? 개인차가 있지만 약 1~2주 안으로 효과가 나타납니다.",LDM 시술시간 20~30분 마취여부 마취없음 회복시간 당일 시술효과 1~2주 후,"주의사항 1 시술 후 음주 및 흡연을 자제해주세요. 2 시술 후 3~4일간 과격하고 무리한 운동은 자제해주세요. 3 시술 후 약 일주일간은 사우나, 찜질방 등 고온다습한 곳은 피해주세요.",크림마취 수면마취 비수면 무통마취 국소마취,수요일 10:30 ~ 20:30 (점심 13:00 ~ 14:00) / 목요일 10:30 ~ 20:30 (점심 13:00 ~ 14:00) / 금요일 10:30 ~ 20:30 (점심 13:00 ~ 14:00) / 토요일 10:00 ~ 17:00 / 일요일 휴진 / 월요일 10:30 ~ 20:30 (점심 13:00 ~ 14:00),0508-0353-9455
https://www.yeoshin.co.kr/event/mobile/26342,,,,LDM(인텐스울트라),"#피부관리
#수분관리
#탄력관리",https://d3gurpvil0se70.cloudfront.net/upfiles/images/product/ibhduX6eTqySXcrgOH9vWddsB3b1.jpg?q=90&f=webp&w=1024,10.0,1.0,90000.0,83000,VAT 포함,미본한의원,,,인텐스울트라 #여드름 진정 #재생 #홍조 일정한 깊이에 고밀도 초음파를 조사해 피부조직 수축효과 & 진정 & 미백 #1MHz #3MHz #10MHz 3가지의 주파수로 모드를 조절해 피부 상태에 맞는 효과적 관리 권장주기 1~2주 / 3회 이상 시술,VAT 포함,"잡티, 색소 제거와 피부톤 개선을 원하는 분 / 요철있는 피부결을 개선하고 싶은 분 / 탄력없는 피부와 잔주름이 고민인 분 / 효과적인 피부 탄력 증대가 필요한 분",,,인텐스울트라 시술시간 30분 마취여부 마취없음 회복시간 당일 시술효과 1~2주 후,,,수요일 09:00 ~ 18:00 (점심 13:00 ~ 14:00) / 목요일 09:00 ~ 18:00 (점심 13:00 ~ 14:00) / 금요일 09:00 ~ 18:00 (점심 13:00 ~ 14:00) / 토요일 09:00 ~ 15:00 / 일요일 휴진 / 월요일 09:00 ~ 18:00 (점심 13:00 ~ 14:00),050803543087
https://www.yeoshin.co.kr/event/mobile/25326,,,,리즈셀줄기세포(얼굴) +PPP+물광+LDM,"#수분관리
#피부관리",https://d3gurpvil0se70.cloudfront.net/upfiles/images/product/ntzeJUDCnFKxnplIj234kSbfu3C7.jpg?q=90&f=webp&w=1024,10.0,1.0,,847000,,더리즈의원(강남),크림마취,전문의 1명 여의사 진료 수술실 CCTV 사후관리 피부진단기 F-RAY 촬영 >,줄기세포주사 #피부재생 #손상회복 줄기세포를 피부에 주입하여 손상된 세포 회복을 촉진 및 피부 재생 유도 #탄력개선 #주름개선 콜라겐과 엘라스틴 생성을 촉진해 피부 탄력을 높이고 잔주름 완화 권장주기 6~12개월 / 1회 시술,,피부 손상이 심하고 탄력이 없어 고민인 분 / 주름 개선과 자연스러운 볼륨감을 원하는 분 / 안티에이징 및 잔주름 개선을 원하는 분 / 피부를 근본적으로 재생시키고 싶은 분,,,"줄기세포주사 시술시간 1~2시간 마취여부 크림,수면 회복시간 1~2일 시술효과 2~3달 후",,크림마취 수면마취 국소마취,수요일 휴진 / 목요일 10:00 ~ 19:00 (점심 13:00 ~ 14:00) / 금요일 10:00 ~ 20:00 (점심 13:00 ~ 14:00) / 토요일 10:00 ~ 16:00 / 일요일 휴진 / 월요일 10:00 ~ 20:00 (점심 13:00 ~ 14:00),050803531297
https://www.yeoshin.co.kr/event/mobile/16474,,,,"미케이 피부재생, 여드름흉터_LDM","#수분관리
#탄력관리",https://d3gurpvil0se70.cloudfront.net/upfiles/images/product/fQriQYaMbR6es6CtC8rAGqGVKHO6.jpg?q=90&f=webp&w=1024,10.0,1.0,110000.0,103000,VAT 포함,미케이의원,크림마취,전문의 1명 분야별 협진 일본어 응대,,VAT 포함,,,,소노케어 시술시간 30분 마취여부 마취없음 회복시간 당일 시술효과 1~2주 후,,크림마취 국소마취,수요일 10:00 ~ 19:00 / 목요일 10:00 ~ 19:00 / 금요일 10:00 ~ 19:00 / 토요일 10:00 ~ 17:00 / 일요일 10:00 ~ 17:00 / 월요일 10:00 ~ 19:00,0508-0353-1137
https://www.yeoshin.co.kr/event/mobile/26274,,,,LDM,"#피부관리
#수분관리
#염증진정관리",https://d3gurpvil0se70.cloudfront.net/upfiles/images/product/ZfBDYGfpojPrkETA91TcUTcVq095.jpg?q=90&f=webp&w=1024,,,77000.0,70000,VAT 포함,뮤즈의원(김해점),경상남도 김해시 내외중앙로 92 (내동) 5층 뮤즈의원 김해주소복사,,"LDM #고밀도초음파 #콜라겐생성 고밀도 초음파가 피부에 침투해 콜라겐을 촉진 #재생효과 #촉촉보습 피부 재생과 보습 효과로 시술 후 촉촉하고 맑아보이는 피부! #자극적은 #리프팅관리 자극이 거의 없는 리프팅 관리로 여드름, 홍조 개선에도 효과적 권장주기 1주 / 10회 이상 시술",VAT 포함,"진정, 보습 효과의 스킨케어를 원하는 분 / 건조한 피부 때문에 화장이 잘 받지 않는 분 / 피부가 예민해 레이저 시술을 받을 수 없는 분 / 자연스러운 피부 탄력 개선이 필요한 분",시술 특장점 콜라겐을 촉진해 피부재생 콜라겐 생성을 유도해 피부재생 및 방어력을 높여주어 건강한 피부로 개선합니다. 유수분 밸런스 조절 유수분 밸런스 저하로 건조한 피부에 히알루론산 균형을 잡아줍니다. 자극이 적은 관리 시술시 적당한 온열감 정도만 느껴지며 예민한 피부에도 적용이 가능합니다.,"LDM 관리는 어떤 피부 타입에 적합한가요? 모든 피부에 가능한 관리로 염증성 피부, 아토피 피부 등 피부가 예민해서 자극적인 시술이 어려운 경우 LDM 관리를 추천드립니다. 언제부터 효과가 있나요? 개인차가 있지만 약 1~2주 안으로 효과가 나타납니다.",LDM 시술시간 20~30분 마취여부 마취없음 회복시간 당일 시술효과 1~2주 후,"주의사항 1 시술 후 음주 및 흡연을 자제해주세요. 2 시술 후 3~4일간 과격하고 무리한 운동은 자제해주세요. 3 시술 후 약 일주일간은 사우나, 찜질방 등 고온다습한 곳은 피해주세요.",크림마취,수요일 10:00 ~ 20:00 (점심 13:00 ~ 14:00) / 목요일 10:00 ~ 20:00 (점심 13:00 ~ 14:00) / 금요일 10:00 ~ 20:00 (점심 13:00 ~ 14:00) / 토요일 10:00 ~ 16:00 / 일요일 휴진 / 월요일 10:00 ~ 20:00 (점심 13:00 ~ 14:00) / 접수마감) 평일 19:30 / 토요일 15:30,050803531484
https://www.yeoshin.co.kr/event/mobile/18810,,,,촉촉 LDM (12분) + 재생레이저,"#피부관리
#수분관리
#염증진정관리",https://d3gurpvil0se70.cloudfront.net/upfiles/images/product/pH5c6exVoMHymAWwX5c9OgFlH0I2.jpg?q=90&f=webp&w=1024,9.3,327.0,44000.0,37000,VAT 포함,유앤아이의원(영등포점),크림마취,여의사 진료 중국어 응대 일본어 응대,,VAT 포함,,,,LDM 시술시간 20~30분 마취여부 마취없음 회복시간 당일 시술효과 1~2주 후,,크림마취 수면마취,수요일 10:00 ~ 20:30 / 목요일 10:00 ~ 20:30 / 금요일 10:00 ~ 20:30 / 토요일 10:00 ~ 17:00 / 일요일 10:00 ~ 17:00 / 월요일 10:00 ~ 20:30 / 점심시간 없음 / 공휴일 진료,0508-0353-1932
https://www.yeoshin.co.kr/event/mobile/3808,,,,LDM 리프팅20분+LED10분,"#피부관리
#수분관리
#염증진정관리",https://d3gurpvil0se70.cloudfront.net/upfiles/images/product/HRJ7QAHPYlhXSc1bFMuYbixxIOJ7.jpg?q=90&f=webp&w=1024,9.7,970.0,88000.0,81000,VAT 포함,유올림의원,서울특별시 강남구 강남대로 606 유올림의원주소복사,전문의 1명,LDM #고밀도초음파 #콜라겐생성 고밀도 초음파가 피부에 침투해 콜라겐을 촉진 #재생효과 #촉촉보습 피부 재생과 보습 효과로 시술 후 촉촉하고 맑아보이는 피부! 시술 순서 자가세안 - ldm리프팅 20분 - 오메가 10분 권장주기 1주 / 3회 이상 시술,VAT 포함,노화로 인한 탄력 저하가 고민인 분 / 자극이 적은 안티에이징 관리를 원하는 분 / 자연스러운 피부 탄력 개선이 필요한 분,,,LDM 시술시간 40분 마취여부 마취없음 회복시간 당일 시술효과,,,수요일 10:30 ~ 20:30 (점심 14:30 ~ 15:00) / 목요일 10:30 ~ 20:30 (점심 14:30 ~ 15:00) / 금요일 10:30 ~ 20:30 (점심 14:00 ~ 15:00) / 토요일 10:00 ~ 16:30 / 일요일 휴진 / 월요일 10:30 ~ 20:30 (점심 14:30 ~ 15:00),0508-0353-7857
https://www.yeoshin.co.kr/event/mobile/17255,,,,수분촉촉 LDM,"#피부관리
#수분관리
#염증진정관리",https://d3gurpvil0se70.cloudfront.net/upfiles/images/product/KfYr8SmH3uzmb9YbpFGTQ9EfsVj.jpg?q=90&f=webp&w=1024,8.0,6.0,66000.0,59000,VAT 포함,유앤아이의원(평택점),,,,VAT 포함,,,,LDM 시술시간 20~30분 마취여부 마취없음 회복시간 당일 시술효과 1~2주 후,,,수요일 10:00 ~ 20:30 (점심 13:00 ~ 14:00) / 목요일 10:00 ~ 20:30 (점심 13:00 ~ 14:00) / 금요일 10:00 ~ 20:30 (점심 13:00 ~ 14:00) / 토요일 10:00 ~ 16:00 / 일요일 휴진 / 월요일 10:00 ~ 20:30 (점심 13:00 ~ 14:00),0508-0354-0339
https://www.yeoshin.co.kr/event/mobile/17233,,,,건조한 피부장벽 재생관리,"#피부관리
#수분관리
#염증진정관리",https://d3gurpvil0se70.cloudfront.net/upfiles/images/product/LWUbA7IY3dqe3QMHV5HLd50Xv6b1.jpg?q=90&f=webp&w=1024,10.0,3.0,88000.0,81000,VAT 포함,톡스앤필(제주점),,,"LDM #고밀도초음파 #콜라겐생성 고밀도 초음파가 피부에 침투해 콜라겐을 촉진 #재생효과 #촉촉보습 피부 재생과 보습 효과로 시술 후 촉촉하고 맑아보이는 피부! #자극적은 #리프팅관리 자극이 거의 없는 리프팅 관리로 여드름, 홍조 개선에도 효과적 권장주기 1주 / 10회 이상 시술",VAT 포함,"진정, 보습 효과의 스킨케어를 원하는 분 / 건조한 피부 때문에 화장이 잘 받지 않는 분 / 피부가 예민해 레이저 시술을 받을 수 없는 분 / 자연스러운 피부 탄력 개선이 필요한 분",,,LDM 시술시간 20~30분 마취여부 마취없음 회복시간 당일 시술효과 1~2주 후,,,수요일 10:00 ~ 19:00 (점심 13:00 ~ 14:00) / 목요일 10:00 ~ 20:00 (점심 13:00 ~ 14:00) / 금요일 10:00 ~ 19:30 (점심 13:00 ~ 14:00) / 토요일 09:30 ~ 15:30 / 일요일 휴진 / 월요일 10:00 ~ 20:00 (점심 13:00 ~ 14:00),0508-0354-2777
https://www.yeoshin.co.kr/event/mobile/22262,,,,유리움 LDM,"#피부관리
#수분관리
#염증진정관리",https://d3gurpvil0se70.cloudfront.net/upfiles/images/product/HYi0s9c6VjR8bbFGsOr9rMOOeCZ6.jpg?q=90&f=webp&w=1024,9.5,35.0,60000.0,53000,VAT 포함,유리움한의원,서울특별시 송파구 올림픽로35길 137 (신천동) 11층 3호주소복사,여의사 진료 영어 응대,,VAT 포함,,,,LDM 시술시간 20~30분 마취여부 마취없음 회복시간 당일 시술효과 1~2주 후,,,수요일 13:00 ~ 21:00 / 목요일 10:00 ~ 19:00 (점심 13:00 ~ 14:00) / 금요일 11:00 ~ 21:00 (점심 13:00 ~ 14:00) / 토요일 09:30 ~ 17:00 (점심 13:00 ~ 14:00) / 일요일 휴진 / 월요일 11:00 ~ 21:00 (점심 13:00 ~ 14:00) / 공휴일 : 09:30 ~ 17:00,0508-0353-7689
https://www.yeoshin.co.kr/event/mobile/16041,,,,4세대 필링 플라필,"#필링
#피부관리
#수분관리",https://d3gurpvil0se70.cloudfront.net/upfiles/images/product/9j1nhYW8b4OEgJhGhLZiA2BaRxx.jpg?q=90&f=webp&w=1024,9.6,13.0,90000.0,83000,VAT 포함,데이원의원(강남역점),서울시 서초구 강남대로 423 데이원의원(강남역점)주소복사,전문의 1명,"플라필 #백금 #PHA #LHA 3가지 주요 성분으로 적은 자극 탄탄한 피부로! #피부고민개선 각질제거는 물론, 유효성분이 깊숙히 작용해 영양,탄력,생기UP! #천연성분 #저자극 민감피부를 포함한 모든 피부타입 시술 가능!",VAT 포함,매끄러운 피부결을 원하는 분 / 피지분비로 인해 모공이 넓어지신 분 / 건강한 피부결을 원하는 분 / 트러블이 자주 일어나는 피부가 고민인 분,,,플라필 시술시간 30분 마취여부 마취없음 회복시간 당일 시술효과 3일 후,,,수요일 10:30 ~ 20:30 (점심 13:00 ~ 14:00) / 목요일 10:30 ~ 20:30 (점심 13:00 ~ 14:00) / 금요일 10:30 ~ 20:30 (점심 13:00 ~ 14:00) / 토요일 10:30 ~ 16:00 / 일요일 휴진 / 월요일 10:30 ~ 20:30 (점심 13:00 ~ 14:00),0508-0353-7131
https://www.yeoshin.co.kr/event/mobile/27284,,,,연예인 필링 라라필 + LDM,"#필링
#피부관리
#수분관리",https://d3gurpvil0se70.cloudfront.net/upfiles/images/product/BnybKUWOm8t9iwf52ZI9Efyq9xP1.jpg?q=90&f=webp&w=1024,,,110000.0,103000,VAT 포함,연세팜스의원(은평),"서울특별시 은평구 통일로 767 (대조동, 베르디움STAY1) 2층 226호 주소복사",,라라필 #피부속 #튼튼 피부 속 코어부터 건강하고 튼튼하게 개선 #섬유아세포 #활성화 각질층을 부드럽게 녹여주고 피부 깊숙히 유효성분을 침투시켜 섬유아세포 활성화 #피부장벽 #피부보호 단백질과 지질의 피부 장벽을 생성하여 피부 표면을 보호 권장주기 1주 / 3회 시술,VAT 포함,피부가 예민해 필링 시술을 받아보기 힘든 분 / 번들거리는 지성피부로 고민인 분 / 피부의 유수분 밸런스를 조절하고 싶은 분 / 건조한 피부 때문에 화장이 잘 받지 않는 분,"시술 특장점 섬유아세포 활성화 깊은 침투력으로 섬유아세포 활성화 유도 콜라겐 리모델링 단백질과 지질의 피부 장벽을 생성해 콜라겐과 섬유조직의 리모델링 효과 피부 세포 재생자극 모공 축소, 피지 분비 정상화, 여드름 개선","예민한 피부에도 괜찮을까요? 라라필은 각질을 부드럽게 녹여낸 뒤 피부 깊숙이 영양성분을 침투시키는 원리이기 때문에 열감과 따가움등의 자극이 적습니다. 장기적으로 시술 받으면 피부가 얇아지나요? 라라필은 각질층을 벗겨내는 시술이 아닌, 피부 장벽을 전반적으로 개선해주는 시술이기 때문에 피부가 얇아지거나 예민해지는 손상이 거의 없습니다.",라라필 시술시간 20~30분 마취여부 마취없음 회복시간 당일 시술효과,주의사항 1 피부가 예민한 경우 일시적으로 트러블이 생길 수 있으나 곧 완화됩니다. 2 시술기간 중에는 스크럽제 사용 및 필링 시술을 피해주시기 바랍니다. 3 시술 후 붉은기와 트러블이 악화된 경우 병원으로 연락 부탁드립니다.,크림마취 비수면 무통마취 국소마취,수요일 휴진 / 목요일 10:00 ~ 19:00 / 금요일 10:00 ~ 20:00 / 토요일 10:00 ~ 15:00 / 일요일 휴진 / 월요일 10:00 ~ 19:00,050803532856
https://www.yeoshin.co.kr/event/mobile/24663,,,,LDM관리 (재생/홍조/리프팅/여드름),"#피부관리
#수분관리
#염증진정관리",https://d3gurpvil0se70.cloudfront.net/upfiles/images/product/izf6HMBrRXJM0jFoKGVpjDFDF3Q9.jpg?q=90&f=webp&w=1024,9.7,3.0,66000.0,59000,VAT 포함,강남제이스타의원,크림마취,전문의 1명 여의사 진료 수술실 CCTV 응급처치 시스템 전담회복실 사후관리,"LDM #고밀도초음파 #콜라겐생성 고밀도 초음파가 피부에 침투해 콜라겐을 촉진 #재생효과 #촉촉보습 피부 재생과 보습 효과로 시술 후 촉촉하고 맑아보이는 피부! #자극적은 #리프팅관리 자극이 거의 없는 리프팅 관리로 여드름, 홍조 개선에도 효과적 권장주기 1주 / 10회 이상 시술",VAT 포함,"진정, 보습 효과의 스킨케어를 원하는 분 / 건조한 피부 때문에 화장이 잘 받지 않는 분 / 피부가 예민해 레이저 시술을 받을 수 없는 분 / 자연스러운 피부 탄력 개선이 필요한 분",,,LDM 시술시간 20~30분 마취여부 마취없음 회복시간 당일 시술효과 1~2주 후,,크림마취 수면마취 국소마취,수요일 14:00 ~ 19:00 / 목요일 10:00 ~ 19:00 (점심 12:30 ~ 13:30) / 금요일 10:00 ~ 19:00 (점심 12:30 ~ 13:30) / 토요일 10:00 ~ 14:00 / 일요일 휴진 / 월요일 10:00 ~ 19:00 (점심 12:30 ~ 13:30),050803544136
https://www.yeoshin.co.kr/event/mobile/16156,,,,리쥬란 2cc (콜라겐 LDM+모델링팩),"#스킨부스터
#탄력관리",https://d3gurpvil0se70.cloudfront.net/upfiles/images/product/iFoT1qrlBir7PPU4y1GTPf12VRo5.jpg?q=90&f=webp&w=1024,,,350000.0,343000,VAT 포함,청담르벨의원,서울특별시 강남구 선릉로 756 (청담동) 대성빌딩 3층주소복사,전문의 1명,"리쥬란힐러 #피부재생 #스킨부스터 피부의 DNA를 이루는 폴리뉴클레오티드(PN)를 진피층에 주사하는 시술 #피부환경개선 #건강한피부 노화나 자외선 등 다양한 피부 자극으로부터 피부 속 환경을 개선 #주름개선 #콜라겐재생 콜라겐 재생, 섬유아세포 증식 촉진 등으로 주름을 완화시키고 피부 구조를 개선 권장주기 2~3주 / 3~5회 시술",VAT 포함,촉촉하고 수분감 있는 피부를 원하는 분 / 자연스러운 광채효과를 원하는 분 / 잔주름 때문에 나이가 더 들어보이는 분 / 피부의 유수분 밸런스를 조절하고 싶은 분,시술 특장점 피부 방어력 상승 피부 건강을 회복시켜 자연적인 피부 방어력을 상승시킵니다. 피부 탄력 회복 노화에 의한 피부 탄력 섬유 감소로 처진 피부 속을 채워 회복시킵니다. 유수분 균형 회복 피부가 가진 고유의 재생 능력을 활성화해 유수분 균형을 회복시킵니다.,"효과는 언제 나타나나요? 개인차가 있지만, 약 3~5회 이상 꾸준하게 시술받을 경우 좋아지는 효과를 느낄 수 있습니다. 시술시 부작용이 있나요? 거부반응, 알러지 등이 거의 없는 편입니다.",리쥬란힐러 시술시간 30~60분 마취여부 크림마취 회복시간 3일 시술효과 1~2주 후,"주의사항 1 시술 후 시술 부위를 강하게 마사지하거나 누르지 말아주세요. 2 시술 후 약 일주일간은 필링 시술, 스크럽 제품 사용을 삼가주세요. 3 시술 후에는 보습제 사용을 권장합니다. 4 시술 후 주사자국 및 엠보현상이 생길 수 있으나 수일 내로 사라집니다.",,수요일 휴진 / 목요일 10:00 ~ 19:30 (점심 13:00 ~ 14:00) / 금요일 10:00 ~ 19:30 (점심 13:00 ~ 14:00) / 토요일 09:30 ~ 15:30 / 일요일 휴진 / 월요일 10:00 ~ 19:30 (점심 13:00 ~ 14:00),0508-0353-1257
https://www.yeoshin.co.kr/event/mobile/25431,,,,유이 LDM 오리지널 1회,"#피부관리
#수분관리
#염증진정관리",https://d3gurpvil0se70.cloudfront.net/upfiles/images/product/asp5DvlgsgzDpfFDO3HBdWYPXWnA.jpg?q=90&f=webp&w=1024,10.0,1.0,66000.0,59000,VAT 포함,유이성형외과의원,크림마취,전문의 1명 여의사 진료 전담회복실 사후관리,,VAT 포함,,,,LDM 시술시간 12분 마취여부 마취없음 회복시간 당일 시술효과 1~2주 후,,크림마취 수면마취 비수면 무통마취 전신마취 국소마취,수요일 10:00 ~ 19:00 / 목요일 10:00 ~ 19:00 / 금요일 10:00 ~ 19:00 / 토요일 09:30 ~ 15:30 / 일요일 휴진 / 월요일 10:00 ~ 19:00,"서울특별시 강남구 강남대로 616, 16층 1601,1602호 B518, B519호(신 사동, 외 1필지 신사미타워)"
https://www.yeoshin.co.kr/event/mobile/25028,,,,LDM(미백/여드름/타이트닝/보습/재생),"#피부과 전문의
#피부관리
#수분관리",https://d3gurpvil0se70.cloudfront.net/upfiles/images/product/98Z2fXzm9JnXhzYszbDP1rHo4Bn.jpg?q=90&f=webp&w=1024,10.0,1.0,99000.0,92000,VAT 포함,CNP차앤박피부과(명동점),크림마취,전문의 1명 여의사 진료,"LDM #고밀도초음파 #콜라겐생성 고밀도 초음파가 피부에 침투해 콜라겐을 촉진 #재생효과 #촉촉보습 피부 재생과 보습 효과로 시술 후 촉촉하고 맑아보이는 피부! #자극적은 #리프팅관리 자극이 거의 없는 리프팅 관리로 여드름, 홍조 개선에도 효과적 권장주기 1주 / 10회 이상 시술",VAT 포함,"진정, 보습 효과의 스킨케어를 원하는 분 / 건조한 피부 때문에 화장이 잘 받지 않는 분 / 피부가 예민해 레이저 시술을 받을 수 없는 분 / 자연스러운 피부 탄력 개선이 필요한 분",시술 특장점 콜라겐을 촉진해 피부재생 콜라겐 생성을 유도해 피부재생 및 방어력을 높여주어 건강한 피부로 개선합니다. 유수분 밸런스 조절 유수분 밸런스 저하로 건조한 피부에 히알루론산 균형을 잡아줍니다. 자극이 적은 관리 시술시 적당한 온열감 정도만 느껴지며 예민한 피부에도 적용이 가능합니다.,"LDM 관리는 어떤 피부 타입에 적합한가요? 모든 피부에 가능한 관리로 염증성 피부, 아토피 피부 등 피부가 예민해서 자극적인 시술이 어려운 경우 LDM 관리를 추천드립니다. 언제부터 효과가 있나요? 개인차가 있지만 약 1~2주 안으로 효과가 나타납니다.",LDM 시술시간 20~30분 마취여부 마취없음 회복시간 당일 시술효과 1~2주 후,"주의사항 1 시술 후 음주 및 흡연을 자제해주세요. 2 시술 후 3~4일간 과격하고 무리한 운동은 자제해주세요. 3 시술 후 약 일주일간은 사우나, 찜질방 등 고온다습한 곳은 피해주세요.",크림마취,수요일 10:30 ~ 20:00 (점심 13:00 ~ 14:00) / 목요일 10:30 ~ 20:00 (점심 13:00 ~ 14:00) / 금요일 10:30 ~ 20:00 (점심 13:00 ~ 14:00) / 토요일 10:00 ~ 16:30 / 일요일 휴진 / 월요일 10:30 ~ 20:00 (점심 13:00 ~ 14:00),050803532612
https://www.yeoshin.co.kr/event/mobile/19127,,,,"LDM리프팅? 통증,가격부담NO","#피부과 전문의
#피부관리
#수분관리",https://d3gurpvil0se70.cloudfront.net/upfiles/images/product/XtvicG6LWsKCZjs7mfrlkofTcpD9.jpg?q=90&f=webp&w=1024,,,165000.0,158000,VAT 포함,휴먼피부과의원(청라점),크림마취,전문의 4명 여의사 진료,"LDM #고밀도초음파 #콜라겐생성 고밀도 초음파가 피부에 침투해 콜라겐을 촉진 #재생효과 #촉촉보습 피부 재생과 보습 효과로 시술 후 촉촉하고 맑아보이는 피부! #자극적은 #리프팅관리 자극이 거의 없는 리프팅 관리로 여드름, 홍조 개선에도 효과적 권장주기 1주 / 10회 이상 시술",VAT 포함,"진정, 보습 효과의 스킨케어를 원하는 분 / 건조한 피부 때문에 화장이 잘 받지 않는 분 / 피부가 예민해 레이저 시술을 받을 수 없는 분 / 자연스러운 피부 탄력 개선이 필요한 분",시술 특장점 콜라겐을 촉진해 피부재생 콜라겐 생성을 유도해 피부재생 및 방어력을 높여주어 건강한 피부로 개선합니다. 유수분 밸런스 조절 유수분 밸런스 저하로 건조한 피부에 히알루론산 균형을 잡아줍니다. 자극이 적은 관리 시술시 적당한 온열감 정도만 느껴지며 예민한 피부에도 적용이 가능합니다.,"LDM 관리는 어떤 피부 타입에 적합한가요? 모든 피부에 가능한 관리로 염증성 피부, 아토피 피부 등 피부가 예민해서 자극적인 시술이 어려운 경우 LDM 관리를 추천드립니다. 언제부터 효과가 있나요? 개인차가 있지만 약 1~2주 안으로 효과가 나타납니다. 시술 시 통증이 있나요? 개인차가 있으며 약간 따끔거리는 정도로 통증은 미미합니다. 일상생활에는 지장이 있나요? 비교적 간단한 레이저 방식의 시술로 일상생활에 지장은 거의 없습니다.",LDM 시술시간 20~30분 마취여부 마취없음 회복시간 당일 시술효과 1~2주 후,"주의사항 1 시술 후 음주 및 흡연을 자제해주세요. 2 시술 후 3~4일간 과격하고 무리한 운동은 자제해주세요. 3 시술 후 약 일주일간은 사우나, 찜질방 등 고온다습한 곳은 피해주세요. 4 시술 후 드물게 붉은 기나 각질이 발생할 수 있으나 일시적인 현상입니다. 5 외출 시 반드시 선크림을 사용해주세요. 6 시술 기간 중에는 스크럽제 사용 및 필링 시술을 피해주시기 바랍니다. 7 시술 후 붓기, 화끈거림, 가벼운 통증은 시간이 지나며 사라집니다. 8 시술 후에는 보습제 사용을 권장합니다. 9 시술 후 시술 부위를 강하게 마사지하거나 누르지 말아주세요.",크림마취 수면마취 비수면 무통마취,수요일 10:00 ~ 20:30 (점심 12:00 ~ 14:00) / 목요일 10:00 ~ 19:00 (점심 12:00 ~ 14:00) / 금요일 10:00 ~ 20:30 (점심 12:00 ~ 14:00) / 토요일 10:00 ~ 16:00 / 일요일 휴진 / 월요일 10:00 ~ 20:30 (점심 12:00 ~ 14:00) / 진료마감 : 월수금 19:30 / 화목 18:00 / 토 15:00,0508-0354-1088
https://www.yeoshin.co.kr/event/mobile/25257,,,,[꽉채운] LDM 물방울 리프팅+모델링팩,"#피부관리
#수분관리
#염증진정관리",https://d3gurpvil0se70.cloudfront.net/upfiles/images/product/qvWoZfhC57WMHMeAO8aDFol9GMQ2.png?q=90&f=webp&w=1024,,,64900.0,57900,VAT 포함,끗한의원(수원),경기도 수원시 팔달구 효원로 278 (인계동) 4층(메가박스 건물)주소복사,여의사 진료,"LDM #고밀도초음파 #콜라겐생성 고밀도 초음파가 피부에 침투해 콜라겐을 촉진 #재생효과 #촉촉보습 #적은자극 자극이 거의 없는 리프팅 관리로, 시술 후 피부 재생과 보습 효과 촉촉하고 맑아보이는 피부! #자운고 모델링팩 수분 밸런스 유지, 외부 자극으로부터 피부 보호, 진정 집중 케어 권장주기 1주 / 10회 이상 시술",VAT 포함,"진정, 보습 효과의 스킨케어를 원하는 분 / 건조한 피부 때문에 화장이 잘 받지 않는 분 / 피부가 예민해 레이저 시술을 받을 수 없는 분 / 자연스러운 피부 탄력 개선이 필요한 분",시술 특장점 콜라겐을 촉진해 피부재생 콜라겐 생성을 유도해 피부재생 및 방어력을 높여주어 건강한 피부로 개선합니다. 유수분 밸런스 조절 유수분 밸런스 저하로 건조한 피부에 히알루론산 균형을 잡아줍니다. 자극이 적은 관리 시술시 적당한 온열감 정도만 느껴지며 예민한 피부에도 적용이 가능합니다.,"LDM 관리는 어떤 피부 타입에 적합한가요? 모든 피부에 가능한 관리로 염증성 피부, 아토피 피부 등 피부가 예민해서 자극적인 시술이 어려운 경우 LDM 관리를 추천드립니다. 언제부터 효과가 있나요? 개인차가 있지만 약 1~2주 안으로 효과가 나타납니다.",LDM 시술시간 20~50분 마취여부 마취없음 회복시간 당일 시술효과 1~2주 후,"주의사항 1 시술 후 음주 및 흡연을 자제해주세요. 2 시술 후 3~4일간 과격하고 무리한 운동은 자제해주세요. 3 시술 후 약 일주일간은 사우나, 찜질방 등 고온다습한 곳은 피해주세요. 4 시술 후 드물게 붉은 기나 각질이 발생할 수 있으나 일시적인 현상입니다. 5 외출 시 반드시 선크림을 사용해주세요. 6 시술 기간 중에는 스크럽제 사용 및 필링 시술을 피해주시기 바랍니다. 7 시술 후 붓기, 화끈거림, 가벼운 통증은 시간이 지나며 사라집니다.",,수요일 10:30 ~ 20:30 / 목요일 10:30 ~ 20:30 / 금요일 10:30 ~ 20:30 / 토요일 10:00 ~ 16:00 / 일요일 10:00 ~ 16:00 / 월요일 10:30 ~ 20:30,050803531328
https://www.yeoshin.co.kr/event/mobile/5490,,,,트리플LDM#1인실#LDMtriple19,"#피부관리
#수분관리
#염증진정관리",https://d3gurpvil0se70.cloudfront.net/upfiles/images/product/V5aHqcsp0dnRXVgkaHBUamwgsH58.jpg?q=90&f=webp&w=1024,10.0,5.0,42900.0,35900,VAT 포함,뷰티스카이의원,,,LDM #물방울리프팅 #속건조개선 #피부장벽회복 자극 없이 피부 속까지 초음파로 붉은기 진정·수분 공급·탄력 개선을 돕는 프리미엄관리,VAT 포함,"진정, 보습 효과의 스킨케어를 원하는 분 / 건조한 피부 때문에 화장이 잘 받지 않는 분 / 피부가 예민해 레이저 시술을 받을 수 없는 분 / 자연스러운 피부 탄력 개선이 필요한 분",,,LDM 시술시간 30분 마취여부 마취없음 회복시간 당일 시술효과 개인별 상이,,,수요일 10:00 ~ 20:00 / 목요일 10:00 ~ 20:00 / 금요일 10:30 ~ 20:30 / 토요일 09:30 ~ 16:30 / 일요일 휴진 / 월요일 10:30 ~ 20:30,0508-0353-3433
https://www.yeoshin.co.kr/event/mobile/16523,,,,수분폭탄 LDM물방울리프팅,"#피부관리
#수분관리
#염증진정관리",https://d3gurpvil0se70.cloudfront.net/upfiles/images/product/5ba57AWQKFD1llxHctQZubLL9Xn5.jpg?q=90&f=webp&w=1024,10.0,2.0,99000.0,92000,VAT 포함,용인미하나의원,경기도 용인시 처인구 금령로 86 용인미하나의원주소복사,전문의 1명,"LDM #고밀도초음파 #콜라겐생성 고밀도 초음파가 피부에 침투해 콜라겐을 촉진 #재생효과 #촉촉보습 피부 재생과 보습 효과로 시술 후 촉촉하고 맑아보이는 피부! #자극적은 #리프팅관리 자극이 거의 없는 리프팅 관리로 여드름, 홍조 개선에도 효과적 권장주기 1주 / 10회 이상 시술",VAT 포함,"진정, 보습 효과의 스킨케어를 원하는 분 / 건조한 피부 때문에 화장이 잘 받지 않는 분 / 피부가 예민해 레이저 시술을 받을 수 없는 분 / 자연스러운 피부 탄력 개선이 필요한 분","시술 특장점 콜라겐을 촉진해 피부재생 콜라겐 생성을 유도해 피부 재생 효과가 있으며, 피부 방어력을 증대시켜 건강하고 탱탱한 피부로 개선시켜줍니다. 유수분 밸런스 조절 유수분 밸런스 저하로 건조한 피부에 히알루론산 균형을 잡아줍니다. 자극이 적은 관리 시술시 적당한 온열감 정도만 느껴지며 예민한 피부에도 적용이 가능합니다.","LDM 관리는 어떤 피부 타입에 적합한가요? 모든 피부에 가능한 관리로 염증성 피부, 아토피 피부 등 피부가 예민해서 자극적인 시술이 어려운 경우 LDM 관리를 추천드립니다. 언제부터 효과가 있나요? 개인차가 있지만 약 1~2주 안으로 효과가 나타납니다. 시술 시 통증이 있나요? 개인차가 있으며 약간 따끔거리는 정도로 통증은 미미합니다. 일상생활에는 지장이 있나요? 비교적 간단한 레이저 방식의 시술로 일상생활에 지장은 거의 없습니다.",LDM 시술시간 20~30분 마취여부 마취없음 회복시간 당일 시술효과 1~2주 후,"주의사항 1 시술 후 음주 및 흡연을 자제해주세요. 2 시술 후 3~4일간 과격하고 무리한 운동은 자제해주세요. 3 시술 후 약 일주일간은 사우나, 찜질방 등 고온다습한 곳은 피해주세요. 4 시술 후 드물게 붉은 기나 각질이 발생할 수 있으나 일시적인 현상입니다. 5 외출 시 반드시 선크림을 사용해주세요. 6 시술 기간 중에는 스크럽제 사용 및 필링 시술을 피해주시기 바랍니다. 7 시술 후 붓기, 화끈거림, 가벼운 통증은 시간이 지나며 사라집니다. 8 시술 후에는 보습제 사용을 권장합니다. 9 시술 후 시술 부위를 강하게 마사지하거나 누르지 말아주세요.",,수요일 10:00 ~ 20:30 (점심 13:00 ~ 14:00) / 목요일 10:00 ~ 20:30 (점심 13:00 ~ 14:00) / 금요일 10:00 ~ 20:30 (점심 13:00 ~ 14:00) / 토요일 10:00 ~ 16:30 / 일요일 휴진 / 월요일 10:00 ~ 20:30 (점심 13:00 ~ 14:00),0508-0353-9926
https://www.yeoshin.co.kr/event/mobile/15076,,,,LDM+제네시스 토닝,"#미백레이저
#색소개선",https://d3gurpvil0se70.cloudfront.net/upfiles/images/product/t4kqhBS5smaPRmjVFujBbVqo5pm8.jpg?q=90&f=webp&w=1024,8.9,8.0,77000.0,70000,VAT 포함,오운의원(구리점),"경기도 구리시 산마루로 5 대방디엠시티 3층, 오운의원(구리점)주소복사",여의사 진료,,VAT 포함,,,,레이저토닝 시술시간 30~60분 마취여부 마취없음 회복시간 1~2일 시술효과 1~2주 후,,,수요일 10:00 ~ 20:00 (점심 13:00 ~ 14:00) / 목요일 10:00 ~ 20:00 (점심 13:00 ~ 14:00) / 금요일 10:00 ~ 20:00 (점심 13:00 ~ 14:00) / 토요일 10:00 ~ 16:00 / 일요일 휴진 / 월요일 10:00 ~ 20:00 (점심 13:00 ~ 14:00),0508-0353-9945
https://www.yeoshin.co.kr/event/mobile/22288,,,,ldm 최상위버전 트리플 트리플 LDM,"#피부관리
#수분관리
#염증진정관리",https://d3gurpvil0se70.cloudfront.net/upfiles/images/product/RLCRg2uKG19vffrjPPvnWiYobAP2.jpg?q=90&f=webp&w=1024,8.8,4.0,88000.0,81000,VAT 포함,루미의원,크림마취,여의사 진료,"LDM #고밀도초음파 #콜라겐생성 고밀도 초음파가 피부에 침투해 콜라겐을 촉진 #재생효과 #촉촉보습 피부 재생과 보습 효과로 시술 후 촉촉하고 맑아보이는 피부! #자극적은 #리프팅관리 자극이 거의 없는 리프팅 관리로 여드름, 홍조 개선에도 효과적 권장주기 1주 / 10회 이상 시술",VAT 포함,"진정, 보습 효과의 스킨케어를 원하는 분 / 건조한 피부 때문에 화장이 잘 받지 않는 분 / 피부가 예민해 레이저 시술을 받을 수 없는 분 / 자연스러운 피부 탄력 개선이 필요한 분",시술 특장점 콜라겐을 촉진해 피부재생 콜라겐 생성을 유도해 피부재생 및 방어력을 높여주어 건강한 피부로 개선합니다. 유수분 밸런스 조절 유수분 밸런스 저하로 건조한 피부에 히알루론산 균형을 잡아줍니다. 자극이 적은 관리 시술시 적당한 온열감 정도만 느껴지며 예민한 피부에도 적용이 가능합니다.,"LDM 관리는 어떤 피부 타입에 적합한가요? 모든 피부에 가능한 관리로 염증성 피부, 아토피 피부 등 피부가 예민해서 자극적인 시술이 어려운 경우 LDM 관리를 추천드립니다. 언제부터 효과가 있나요? 개인차가 있지만 약 1~2주 안으로 효과가 나타납니다. 시술 시 통증이 있나요? 개인차가 있으며 약간 따끔거리는 정도로 통증은 미미합니다. 일상생활에는 지장이 있나요? 비교적 간단한 레이저 방식의 시술로 일상생활에 지장은 거의 없습니다.",LDM 시술시간 20~30분 마취여부 마취없음 회복시간 당일 시술효과 1~2주 후,"주의사항 1 시술 후 음주 및 흡연을 자제해주세요. 2 시술 후 3~4일간 과격하고 무리한 운동은 자제해주세요. 3 시술 후 약 일주일간은 사우나, 찜질방 등 고온다습한 곳은 피해주세요. 4 시술 후 드물게 붉은 기나 각질이 발생할 수 있으나 일시적인 현상입니다. 5 외출 시 반드시 선크림을 사용해주세요. 6 시술 기간 중에는 스크럽제 사용 및 필링 시술을 피해주시기 바랍니다. 7 시술 후 붓기, 화끈거림, 가벼운 통증은 시간이 지나며 사라집니다. 8 시술 후에는 보습제 사용을 권장합니다. 9 시술 후 시술 부위를 강하게 마사지하거나 누르지 말아주세요.",크림마취 수면마취 국소마취,수요일 휴진 / 목요일 09:00 ~ 18:00 (점심 13:00 ~ 14:00) / 금요일 09:00 ~ 18:30 (점심 13:00 ~ 14:00) / 토요일 09:00 ~ 15:00 / 일요일 휴진 / 월요일 09:00 ~ 18:30 (점심 13:00 ~ 14:00) / 공휴일 휴진,0508-0353-3090
https://www.yeoshin.co.kr/event/mobile/24990,,,,LDM물방울리프팅,"#피부관리
#수분관리
#염증진정관리",https://d3gurpvil0se70.cloudfront.net/upfiles/images/product/dIKSQ2gDVy02xKOciUr85rQzKCo7.jpg?q=90&f=webp&w=1024,,,190000.0,183000,VAT 포함,휴먼피부과의원(광명철산점),경기도 광명시 철산로 24 다인빌딩 301호 (철산동)주소복사,분야별 협진 전담회복실 사후관리 피부진단기 F-RAY 촬영 >,"LDM #고밀도초음파 #콜라겐생성 고밀도 초음파가 피부에 침투해 콜라겐을 촉진 #재생효과 #촉촉보습 피부 재생과 보습 효과로 시술 후 촉촉하고 맑아보이는 피부! #자극적은 #리프팅관리 자극이 거의 없는 리프팅 관리로 여드름, 홍조 개선에도 효과적 권장주기 1주 / 10회 이상 시술",VAT 포함,"진정, 보습 효과의 스킨케어를 원하는 분 / 건조한 피부 때문에 화장이 잘 받지 않는 분 / 피부가 예민해 레이저 시술을 받을 수 없는 분 / 자연스러운 피부 탄력 개선이 필요한 분",시술 특장점 콜라겐을 촉진해 피부재생 콜라겐 생성을 유도해 피부재생 및 방어력을 높여주어 건강한 피부로 개선합니다. 유수분 밸런스 조절 유수분 밸런스 저하로 건조한 피부에 히알루론산 균형을 잡아줍니다. 자극이 적은 관리 시술시 적당한 온열감 정도만 느껴지며 예민한 피부에도 적용이 가능합니다.,"LDM 관리는 어떤 피부 타입에 적합한가요? 모든 피부에 가능한 관리로 염증성 피부, 아토피 피부 등 피부가 예민해서 자극적인 시술이 어려운 경우 LDM 관리를 추천드립니다. 언제부터 효과가 있나요? 개인차가 있지만 약 1~2주 안으로 효과가 나타납니다.",LDM 시술시간 20~30분 마취여부 마취없음 회복시간 당일 시술효과 1~2주 후,"주의사항 1 시술 후 음주 및 흡연을 자제해주세요. 2 시술 후 3~4일간 과격하고 무리한 운동은 자제해주세요. 3 시술 후 약 일주일간은 사우나, 찜질방 등 고온다습한 곳은 피해주세요.",,수요일 10:30 ~ 20:30 (점심 13:00 ~ 14:00) / 목요일 10:30 ~ 20:30 (점심 13:00 ~ 14:00) / 금요일 10:30 ~ 21:00 (점심 13:00 ~ 14:00) / 토요일 10:00 ~ 17:00 (점심 13:00 ~ 14:00) / 일요일 휴진 / 월요일 10:30 ~ 20:30 (점심 13:00 ~ 14:00),0508-0355-6373
https://www.yeoshin.co.kr/event/mobile/25888,,,,LDM 물방울 리프팅 / 1인실 클렌징,"#피부관리
#수분관리
#염증진정관리",https://d3gurpvil0se70.cloudfront.net/upfiles/images/product/dhitYDBeME7pkbBGFq20C3BOHMM4.jpg?q=90&f=webp&w=1024,9.7,11.0,,37000,,메이린의원(성수점),크림마취,여의사 진료 분야별 협진 사후관리 영어 응대 중국어 응대,LDM #고밀도초음파 #콜라겐생성 고밀도 초음파가 피부에 침투해 콜라겐을 촉진 #재생효과 #촉촉보습 피부 재생과 보습 효과로 시술 후 촉촉하고 맑아보이는 피부! 권장주기 1주 / 10회 이상 시술,,촉촉하고 수분감 있는 피부를 원하는 분 / 건조한 피부의 수분 공급을 원하는 분 / 피부의 유수분 밸런스를 조절하고 싶은 분,시술 특장점 콜라겐을 촉진해 피부재생 콜라겐 생성을 유도해 피부재생 및 방어력을 높여주어 건강한 피부로 개선합니다. 유수분 밸런스 조절 유수분 밸런스 저하로 건조한 피부에 히알루론산 균형을 잡아줍니다. 자극이 적은 관리 시술시 적당한 온열감 정도만 느껴지며 예민한 피부에도 적용이 가능합니다.,"LDM 관리는 어떤 피부 타입에 적합한가요? 모든 피부에 가능한 관리로 염증성 피부, 아토피 피부 등 피부가 예민해서 자극적인 시술이 어려운 경우 LDM 관리를 추천드립니다. 언제부터 효과가 있나요? 개인차가 있지만 약 1~2주 안으로 효과가 나타납니다.",LDM 시술시간 20~30분 마취여부 마취없음 회복시간 당일 시술효과 1~2주 후,"주의사항 1 시술 후 음주 및 흡연을 자제해주세요. 2 시술 후 3~4일간 과격하고 무리한 운동은 자제해주세요. 3 시술 후 약 일주일간은 사우나, 찜질방 등 고온다습한 곳은 피해주세요.",크림마취 수면마취,수요일 10:00 ~ 19:00 (점심 13:00 ~ 14:00) / 목요일 10:00 ~ 19:00 (점심 13:00 ~ 14:00) / 금요일 10:00 ~ 20:00 (점심 13:00 ~ 14:00) / 토요일 10:00 ~ 17:00 / 일요일 휴진 / 월요일 10:00 ~ 20:00 (점심 13:00 ~ 14:00),050803534978
https://www.yeoshin.co.kr/event/mobile/27037,,,,"4세대 물광 필링! 쎄라필 1,2제+LDM","#필링
#피부관리
#수분관리",https://d3gurpvil0se70.cloudfront.net/upfiles/images/product/Rw1WcktyaKJMHnnBubXbtkTpZYQ6.jpg?q=90&f=webp&w=1024,9.0,1.0,,92000,,메이린의원(성수점),크림마취,여의사 진료 분야별 협진 사후관리 영어 응대 중국어 응대,쎄라필 #섬유아세포 #활성화 각질층을 부드럽게 녹여주고 피부 깊숙히 유효성분을 침투시켜 섬유아세포 활성화 #항균효과 #피부보호 높은 항균 효과로 여드름 예방에 효과적이며 피부 표면을 보호 #멜라닌용해 #색소개선 멜라닌 세포 배출을 촉진하여 색소 개선에 효과적 권장주기 1주 / 3회 시술,,피부가 예민해 필링 시술을 받아보기 힘든 분 / 촉촉하고 수분감 있는 피부를 원하는 분 / 건조한 피부 때문에 화장이 잘 받지 않는 분 / 손상된 피부 장벽을 회복시켜 재생을 원하는 분,시술 특장점 섬유아세포 활성화 깊은 침투력으로 섬유아세포 활성화를 유도합니다. 저자극 각질 제거 자극없이 부드럽게 각질을 제거합니다. 즉각적 미백효과 멜라닌 결합 빈도를 줄여 미백과 물광효과를 느낄 수 있습니다.,"쎄라필은 어떤 효과가 있나요? 미백, 물광, 모공 축소, 여드름 개선 및 예방 등의 효과를 기대할 수 있습니다. 시술 후 피부 자극이 있나요? 각질을 부드럽게 녹여낸 뒤 피부 깊숙이 영양성분을 침투시키는 원리이기 때문에 열감과 따가움 등의 자극이 적습니다.",쎄라필 시술시간 20~30분 마취여부 마취없음 회복시간 당일 시술효과,주의사항 1 시술 후 3일간 알코올 성분 화장품 사용을 자제해주세요. 2 타 필링 시술은 일주일간 피해주세요. 3 외출 시 자외선 차단제를 잘 발라주세요.,크림마취 수면마취,수요일 10:00 ~ 19:00 (점심 13:00 ~ 14:00) / 목요일 10:00 ~ 19:00 (점심 13:00 ~ 14:00) / 금요일 10:00 ~ 20:00 (점심 13:00 ~ 14:00) / 토요일 10:00 ~ 17:00 / 일요일 휴진 / 월요일 10:00 ~ 20:00 (점심 13:00 ~ 14:00),050803534978
https://www.yeoshin.co.kr/event/mobile/26013,,,,바르는 스킨부스터 위코우노+LDM/1인실,"#스킨부스터
#탄력관리",https://d3gurpvil0se70.cloudfront.net/upfiles/images/product/spiwL116Dg5YwynaZ2P6zQTuRuf8.jpg?q=90&f=webp&w=1024,10.0,3.0,,173000,,메이린의원(성수점),크림마취,여의사 진료 분야별 협진 사후관리 영어 응대 중국어 응대,"스킨부스터 하나. 바르는 것만으로 진피층까지 도달하는 이탈리아산 신개념 스킨부스터 둘. 멍 ,엠보,다운타임 NO! 통증 DOWN! 셋. 60개국 , 600만건 이상 시술의 글로벌 특허 권장주기 1~2주 / 3~5회 시술",,촉촉하고 수분감 있는 피부를 원하는 분 / 자연스러운 광채효과를 원하는 분 / 피부의 유수분 밸런스를 조절하고 싶은 분 / 자연스러운 피부 회복을 원하는 분,,레이저 시술과 같이 복합적으로 받아도 괜찮나요? 원장님 상담 후에 당일 복합 시술 가능합니다 시술 시 통증이 있나요? 위코우노는 특별한 공법을 이용하여 주사없이 피부침투율을 높여 통증없는 시술이 가능합니다.,스킨부스터 시술시간 30분 마취여부 마취없음 회복시간 당일 시술효과 1~2주 후,"주의사항 1 시술 당일 세안 및 메이크업이 가능하나, 저자극 클렌저를 사용해주세요. 2 시술 후 약 일주일간은 필링 시술, 스크럽 제품 사용을 삼가주세요. 3 시술 후에는 보습제 사용을 권장합니다.",크림마취 수면마취,수요일 10:00 ~ 19:00 (점심 13:00 ~ 14:00) / 목요일 10:00 ~ 19:00 (점심 13:00 ~ 14:00) / 금요일 10:00 ~ 20:00 (점심 13:00 ~ 14:00) / 토요일 10:00 ~ 17:00 / 일요일 휴진 / 월요일 10:00 ~ 20:00 (점심 13:00 ~ 14:00),050803534978
https://www.yeoshin.co.kr/event/mobile/26422,,,,LDM 탄력 수분 관리 12회 패키지,#피부관리,https://d3gurpvil0se70.cloudfront.net/upfiles/images/product/4eFnoeHabYX1nvmSDE3SuFVHCM92.jpg?q=90&f=webp&w=1024,9.6,5.0,1000000.0,993000,VAT 포함,르모아의원,크림마취,전문의 1명 여의사 진료 전담회복실 사후관리,피부관리 #미백 #광채 #진정 관리로 하는 피부 개선 끝판왕 권장주기 1~3주 / 1~3회 이상 시술,VAT 포함,전체적인 피부 개선을 원하는 분 / 매끄러운 피부결을 원하는 분,,비올로직 제품이 무엇인가요? 순수하고 고농축 된 성분을 사용하여 혁신적이고 세심한 프로토콜과 절차를 기반으로 하는 커스터마이징 뷰티 케어입니다. 보떼비알 비올로직은 어디에서 제조 되나요? 프랑스에서 100% 제조 합니다.,피부관리 시술시간 30~60분 마취여부 마취없음 회복시간 당일 시술효과 개인별 상이,"주의사항 1 관리 당일 음주는 피하시길 바랍니다. 2 관리 당일 필링, 스크럽 제품은 자제해 주세요. 3 관리 이후 자외선 차단제 잘 발라주세요.",크림마취 수면마취 비수면 무통마취 국소마취,수요일 10:00 ~ 20:00 (점심 14:00 ~ 15:00) / 목요일 10:00 ~ 20:00 (점심 14:00 ~ 15:00) / 금요일 10:00 ~ 20:00 (점심 14:00 ~ 15:00) / 토요일 10:00 ~ 16:00 / 일요일 휴진 / 월요일 10:00 ~ 20:00 (점심 14:00 ~ 15:00),0508-0353-6869
https://www.yeoshin.co.kr/event/mobile/26561,,,,울킨LDM+LED+모델링팩 12분,"#피부관리
#수분관리
#염증진정관리",https://d3gurpvil0se70.cloudfront.net/upfiles/images/product/Ab5j2KzxTfqvwikUQQuhQWIbftB2.png?q=90&f=webp&w=1024,,,77000.0,70000,VAT 포함,유넬의원,크림마취,여의사 진료,"LDM #고밀도초음파 #콜라겐생성 고밀도 초음파가 피부에 침투해 콜라겐을 촉진 #재생효과 #촉촉보습 피부 재생과 보습 효과로 시술 후 촉촉하고 맑아보이는 피부! #자극적은 #리프팅관리 자극이 거의 없는 리프팅 관리로 여드름, 홍조 개선에도 효과적 권장주기 1주 / 10회 이상 시술",VAT 포함,"진정, 보습 효과의 스킨케어를 원하는 분 / 건조한 피부 때문에 화장이 잘 받지 않는 분 / 피부가 예민해 레이저 시술을 받을 수 없는 분 / 자연스러운 피부 탄력 개선이 필요한 분",,,LDM 시술시간 20~30분 마취여부 마취없음 회복시간 당일 시술효과 1~2주 후,,크림마취 수면마취,수요일 10:30 ~ 20:00 / 목요일 10:30 ~ 20:00 / 금요일 10:30 ~ 20:00 / 토요일 10:30 ~ 17:00 / 일요일 휴진 / 월요일 10:30 ~ 20:00,050803534023
https://www.yeoshin.co.kr/event/mobile/23073,,,,[파격] 즉각탄력 페이스 온다리프팅,"#리프팅레이저
#타이트닝",https://d3gurpvil0se70.cloudfront.net/upfiles/images/product/VudD8hzJUAAaDy9XTxEm18cvSss7.png?q=90&f=webp&w=1024,9.4,22.0,473000.0,466000,VAT 포함,뷰티블라썸의원,"서울특별시 마포구 양화로 66 (서교동) 5층,6층주소복사",여의사 진료 사후관리 영어 응대 중국어 응대 일본어 응대,,VAT 포함,,,,온다 시술시간 10~20분 마취여부 마취없음 회복시간 당일 시술효과 당일~,,,수요일 10:00 ~ 20:00 / 목요일 10:00 ~ 20:00 / 금요일 10:00 ~ 20:00 / 토요일 10:00 ~ 16:30 / 일요일 10:00 ~ 16:30 / 월요일 10:00 ~ 20:00 / 대체 공휴일 진료,0508-0353-9342
https://www.yeoshin.co.kr/event/mobile/26718,,,,"온다리프팅_즉각타이트닝, 리프팅","#리프팅레이저
#타이트닝",https://d3gurpvil0se70.cloudfront.net/upfiles/images/product/aaWrG1koacrPkIp2vhnbVurY8367.jpg?q=90&f=webp&w=1024,10.0,2.0,220000.0,213000,VAT 포함,제이필의원(홍대점),크림마취,전문의 1명 여의사 진료 수술실 CCTV 분야별 협진 사후관리,,VAT 포함,,,,온다 시술시간 10~20분 마취여부 마취없음 회복시간 당일 시술효과 2~3주 후,,크림마취 수면마취 비수면 무통마취,수요일 10:00 ~ 20:00 / 목요일 10:00 ~ 20:00 / 금요일 10:00 ~ 20:00 / 토요일 10:00 ~ 17:00 / 일요일 휴진 / 월요일 10:00 ~ 20:00,050803543270
https://www.yeoshin.co.kr/event/mobile/24564,,,,"온다리프팅_즉각타이트닝, 리프팅","#리프팅레이저
#타이트닝",https://d3gurpvil0se70.cloudfront.net/upfiles/images/product/qsvUcyXwE7zie84EVo8F9N1UX1Q1.jpg?q=90&f=webp&w=1024,10.0,2.0,220000.0,213000,VAT 포함,제이필의원(강남점),서울특별시 강남구 강남대로 438 (역삼동) 스타플렉스 B1주소복사,영어 응대 중국어 응대 일본어 응대,,VAT 포함,,,,온다 시술시간 10~20분 마취여부 마취없음 회복시간 당일 시술효과 2~3주 후,,,수요일 10:00 ~ 20:00 / 목요일 10:00 ~ 20:00 / 금요일 10:00 ~ 20:00 / 토요일 10:00 ~ 17:00 / 일요일 휴진 / 월요일 10:00 ~ 20:00,0508-0353-4730
https://www.yeoshin.co.kr/event/mobile/22892,,,,바디 온다리프팅,"#리프팅레이저
#타이트닝",https://d3gurpvil0se70.cloudfront.net/upfiles/images/product/IQuSe738On8G5kSK08m4hfE7lzn3.png?q=90&f=webp&w=1024,,,770000.0,763000,VAT 포함,엔디어트의원,,,온다 #피부손상최소화 에너지 전달이 필요한 부위에만 전달되어 피부 손상 위험도 최소화 #냉각시스템 #통증DOWM 냉각 시스템으로 온도를 낮춰 피부를 보호하여 적은 통증으로 시술 #극초단파 #콜라겐생성 극초단파 기술을 이용하여 새로운 콜라겐 생성을 유도 권장주기 3~4주 / 3~5회 시술,VAT 포함,리프팅 시술이 하고싶지만 통증이 두려운 분 / 늘어지고 처진 피부의 리프팅을 원하는 분 / 피부 타이트닝 효과를 얻고 싶은 분 / 탄력이 떨어져 무너진 턱선이 고민인 분,,,온다 시술시간 10~20분 마취여부 마취없음 회복시간 당일 시술효과 2~3주 후,,,수요일 10:00 ~ 20:00 (점심 13:00 ~ 14:00) / 목요일 10:00 ~ 20:00 (점심 13:00 ~ 14:00) / 금요일 10:00 ~ 20:00 (점심 13:00 ~ 14:00) / 토요일 10:00 ~ 17:00 (점심 13:00 ~ 14:00) / 일요일 휴진 / 월요일 10:00 ~ 20:00 (점심 13:00 ~ 14:00),0508-0353-7994
https://www.yeoshin.co.kr/event/mobile/24653,,,,대표원장 시술 온다리프팅 4만줄(40kJ),"#리프팅레이저
#타이트닝",https://d3gurpvil0se70.cloudfront.net/upfiles/images/product/LnwQhG8CzwergMTBSLnJWV2a66qA.jpg?q=90&f=webp&w=1024,10.0,2.0,,378000,,더이뻐의원,크림마취,일본어 응대,온다 #피부손상최소화 에너지 전달이 필요한 부위에만 전달되어 피부 손상 위험도 최소화 #냉각시스템 #통증DOWM 냉각 시스템으로 온도를 낮춰 피부를 보호하여 적은 통증으로 시술 #극초단파 #콜라겐생성 극초단파 기술을 이용하여 새로운 콜라겐 생성을 유도 권장주기 3~4주 / 3~5회 시술,,리프팅 시술이 하고싶지만 통증이 두려운 분 / 늘어지고 처진 피부의 리프팅을 원하는 분 / 피부 타이트닝 효과를 얻고 싶은 분 / 탄력이 떨어져 무너진 턱선이 고민인 분,시술 특장점 극초단파를 이용한 리프팅 극초단파를 이용해 콜라겐 생성을 유도하여 리프팅과 타이트닝에 효과적입니다. 저하된 탄력 개선 피하지방 깊이까지 에너지를 전달하여 이중턱 및 바디 탄력 개선에 효과적입니다.,언제부터 효과가 보이나요? 지방세포 파괴 후 체외배출까지 약 한달의 기간을 필요로 합니다. 시술이 아프지 않나요? 적은 에너지로 충분한 효과를 낼 수 있기 때문에 시술 시간이 줄어들어 적은 통증으로 시술을 받으실 수 있습니다.,온다 시술시간 10~20분 마취여부 마취없음 회복시간 당일 시술효과 2~3주 후,"주의사항 1 시술 후 세안시 미온수로 사용하여 세안해주세요. 2 열에너지 사용으로 얼굴에 붉은기와 홍조가 일시적으로 나타날 수 있습니다. 3 시술 후, 음주 및 흡연을 자제해주세요.",크림마취 수면마취 국소마취,수요일 10:00 ~ 20:00 / 목요일 10:00 ~ 20:00 / 금요일 10:00 ~ 20:00 / 토요일 10:00 ~ 16:00 / 일요일 휴진 / 월요일 10:00 ~ 20:00 / 12월 25일 성탄절 휴무,050803530151
https://www.yeoshin.co.kr/event/mobile/26102,,,,더프라이드 온다리프팅,"#리프팅레이저
#타이트닝",https://d3gurpvil0se70.cloudfront.net/upfiles/images/product/LgwQ3RigJaEC3AjQnt3RgVMt5Wl3.jpg?q=90&f=webp&w=1024,9.6,22.0,66000.0,59000,VAT 포함,더프라이드성형외과의원,수면마취,전문의 4명,,VAT 포함,,,,온다 시술시간 10~20분 마취여부 마취없음 회복시간 당일 시술효과 2~3주 후,,수면마취 전신마취 국소마취,수요일 10:00 ~ 19:00 / 목요일 10:00 ~ 19:00 / 금요일 10:00 ~ 19:00 / 토요일 10:00 ~ 17:00 / 일요일 휴진 / 월요일 10:00 ~ 19:00,050803530154
https://www.yeoshin.co.kr/event/mobile/21009,,,,온다 단독! 콜라겐 재생 & 타이트닝,"#리프팅레이저
#타이트닝",https://d3gurpvil0se70.cloudfront.net/upfiles/images/product/WB7ATziOGJIBlP6qSnoxFDkrn9vA.png?q=90&f=webp&w=1024,10.0,6.0,490000.0,483000,VAT 포함,청담엔샤인의원,크림마취,전문의 1명 여의사 진료 수술실 CCTV 중국어 응대,"온다 #지방세포타겟 #마이크로웨이브 #통증DOWN 온다 리프팅은 특허 기술인 마이크로웨이브(극초단파) 에너지를 사용하여 피부 표면 손상 없이 지방 세포막만을 선택적으로 타겟팅합니다. 피부 깊은 층까지 에너지가 전달되면서도 피부 표면은 강력하게 쿨링되어, 뜨거운 열감이나 통증 거의 없이 편안하게 지방 분해 및 탄력 개선 시술을 받을 수 있습니다. #이중턱제거 #콜라겐부스터 #슬림V라인 마이크로웨이브로 파괴된 지방 세포가 체외로 배출되어 이중턱, 심부볼 등 숨은 군살이 눈에 띄게 감소합니다. 동시에 열 에너지가 진피층의 콜라겐 생성을 강력하게 유도하여, 피부가 탄탄하게 리프팅됩니다. 지방 감소와 탄력 개선의 듀얼 효과로 슬림하면서도 탄력 있는 V라인을 완성합니다. #짧은시술시간 #대표원장노하우 #퀵컨투어링 약 10~20분 내외의 짧은 시술 시간으로 바쁜 일상 중에도 부담 없이 관리가 가능합니다. 대표 원장의 숙련된 컨투어링(윤곽 디자인) 노하우를 바탕으로, 지방과 탄력이 필요한 부위를 정확하게 진단하여 빈틈없이 정교하게 시술합니다. 짧은 시간 안에 울퉁불퉁함 없이 매끈하고 자연스러운 리프팅 효과를 기대할 수 있습니다. 권장주기 3~4주 / 3~5회 시술",VAT 포함,리프팅 시술이 하고싶지만 통증이 두려운 분 / 늘어지고 처진 피부의 리프팅을 원하는 분 / 피부 타이트닝 효과를 얻고 싶은 분 / 탄력이 떨어져 무너진 턱선이 고민인 분,,,온다 시술시간 10~20분 마취여부 마취없음 회복시간 당일 시술효과 2~3주 후,,크림마취 국소마취,수요일 휴진 / 목요일 10:00 ~ 19:00 / 금요일 10:00 ~ 20:00 / 토요일 10:00 ~ 15:00 / 일요일 휴진 / 월요일 10:00 ~ 19:00,0508-0353-5899
https://www.yeoshin.co.kr/event/mobile/23994,,,,지방세포파괴와 리프팅을 동시에 온다리프팅,"#리프팅레이저
#타이트닝",https://d3gurpvil0se70.cloudfront.net/upfiles/images/product/A0ydO33Qi04kUE26g1D2ZS1IuxI9.jpg?q=90&f=webp&w=1024,,,87000.0,80000,VAT 포함,제로의원(인천점),,,,VAT 포함,,,,온다 시술시간 10~20분 마취여부 마취없음 회복시간 당일 시술효과 2~3주 후,,,수요일 휴진 / 목요일 10:00 ~ 20:00 (점심 13:00 ~ 14:00) / 금요일 10:00 ~ 20:00 (점심 13:00 ~ 14:00) / 토요일 09:30 ~ 16:00 (점심 13:00 ~ 14:00) / 일요일 휴진 / 월요일 10:00 ~ 20:00 (점심 13:00 ~ 14:00),0508-0353-0759
https://www.yeoshin.co.kr/event/mobile/24237,,,,수원-온다리프팅과 제로씬 콜라보 두배시너지,"#리프팅레이저
#타이트닝",https://d3gurpvil0se70.cloudfront.net/upfiles/images/product/Ybx60E0EMsuk3BDZu71qNHnrVT73.jpg?q=90&f=webp&w=1024,,,253000.0,246000,VAT 포함,제로의원(수원점),경기도 수원시 팔달구 권광로 165 (인계동) 4층주소복사,사후관리,,VAT 포함,,,,온다 시술시간 10~20분 마취여부 마취없음 회복시간 당일 시술효과 2~3주 후,,,수요일 휴진 / 목요일 10:00 ~ 20:00 (점심 13:00 ~ 14:00) / 금요일 10:00 ~ 20:00 (점심 13:00 ~ 14:00) / 토요일 09:30 ~ 16:00 / 일요일 휴진 / 월요일 10:00 ~ 20:00 (점심 13:00 ~ 14:00),050803530100
https://www.yeoshin.co.kr/event/mobile/23385,,,,온다리프팅 바디,"#리프팅레이저
#타이트닝",https://d3gurpvil0se70.cloudfront.net/upfiles/images/product/not688DB3uPXfubJl0ks53uhMBh5.jpg?q=90&f=webp&w=1024,,,649000.0,642000,VAT 포함,온리프성형외과,서울특별시 서초구 강남대로 399 온리프성형외과주소복사,전문의 1명 영어 응대 중국어 응대 일본어 응대 피부진단기 F-RAY 촬영 >,,VAT 포함,,,,온다 시술시간 10~20분 마취여부 마취없음 회복시간 당일 시술효과 2~3주 후,,,수요일 11:00 ~ 20:00 / 목요일 11:00 ~ 20:00 / 금요일 11:00 ~ 21:00 / 토요일 10:00 ~ 17:00 / 일요일 휴진 / 월요일 11:00 ~ 20:00,0508-0353-1273
https://www.yeoshin.co.kr/event/mobile/27324,,,,에르네의원 온다리프팅(마취선택),"#리프팅레이저
#타이트닝",https://d3gurpvil0se70.cloudfront.net/upfiles/images/product/LgLLiE7UODJytXbUNWXGDIcncdf8.jpg?q=90&f=webp&w=1024,,,209000.0,202000,VAT 포함,에르네의원,서울시 서초구 서초대로 77길 59 에르네의원주소복사,여의사 진료 영어 응대 중국어 응대 일본어 응대,온다 #피부손상최소화 에너지 전달이 필요한 부위에만 전달되어 피부 손상 위험도 최소화 #냉각시스템 #통증DOWM 냉각 시스템으로 온도를 낮춰 피부를 보호하여 적은 통증으로 시술 #극초단파 #콜라겐생성 극초단파 기술을 이용하여 새로운 콜라겐 생성을 유도 권장주기 3~4주 / 3~5회 시술,VAT 포함,리프팅 시술이 하고싶지만 통증이 두려운 분 / 늘어지고 처진 피부의 리프팅을 원하는 분 / 피부 타이트닝 효과를 얻고 싶은 분 / 탄력이 떨어져 무너진 턱선이 고민인 분,시술 특장점 극초단파를 이용한 리프팅 극초단파를 이용해 콜라겐 생성을 유도하여 리프팅과 타이트닝에 효과적입니다. 저하된 탄력 개선 피하지방 깊이까지 에너지를 전달하여 이중턱 및 바디 탄력 개선에 효과적입니다.,언제부터 효과가 보이나요? 지방세포 파괴 후 체외배출까지 약 한달의 기간을 필요로 합니다. 시술이 아프지 않나요? 적은 에너지로 충분한 효과를 낼 수 있기 때문에 시술 시간이 줄어들어 적은 통증으로 시술을 받으실 수 있습니다.,온다 시술시간 10~20분 마취여부 마취타입 선택 회복시간 당일 시술효과 2~3주 후,"주의사항 1 시술 후 세안시 미온수로 사용하여 세안해주세요. 2 열에너지 사용으로 얼굴에 붉은기와 홍조가 일시적으로 나타날 수 있습니다. 3 시술 후, 음주 및 흡연을 자제해주세요.",,수요일 10:00 ~ 21:00 / 목요일 10:00 ~ 21:00 / 금요일 10:00 ~ 21:00 / 토요일 10:00 ~ 17:00 / 일요일 10:00 ~ 17:00 / 월요일 10:00 ~ 21:00,0508-0354-2964
https://www.yeoshin.co.kr/event/mobile/24027,,,,온다리프팅과 제로씬 콜라보 두배효과 시너지,"#리프팅레이저
#타이트닝",https://d3gurpvil0se70.cloudfront.net/upfiles/images/product/ibaEASpXH0TlunKL8aQncwJN7Xr2.jpg?q=90&f=webp&w=1024,,,253000.0,246000,VAT 포함,제로의원(인천점),,,,VAT 포함,,,,온다 시술시간 10~20분 마취여부 마취없음 회복시간 당일 시술효과 2~3주 후,,,수요일 휴진 / 목요일 10:00 ~ 20:00 (점심 13:00 ~ 14:00) / 금요일 10:00 ~ 20:00 (점심 13:00 ~ 14:00) / 토요일 09:30 ~ 16:00 (점심 13:00 ~ 14:00) / 일요일 휴진 / 월요일 10:00 ~ 20:00 (점심 13:00 ~ 14:00),0508-0353-0759
https://www.yeoshin.co.kr/event/mobile/18324,,,,명동루비_온다리프팅,"#리프팅레이저
#타이트닝",https://d3gurpvil0se70.cloudfront.net/upfiles/images/product/NsgLKNSi3nYZLEZ616QvmFjrF9o8.jpg?q=90&f=webp&w=1024,8.8,119.0,59000.0,52000,VAT 포함,루비의원(명동점),,,,VAT 포함,,,,온다 시술시간 10~20분 마취여부 마취없음 회복시간 당일 시술효과 2~3주 후,,,수요일 10:30 ~ 20:30 (점심 13:30 ~ 15:00) / 목요일 10:30 ~ 20:30 (점심 13:30 ~ 15:00) / 금요일 10:30 ~ 20:30 (점심 13:30 ~ 15:00) / 토요일 10:00 ~ 16:00 / 일요일 12:00 ~ 17:00 / 월요일 10:30 ~ 20:30 (점심 13:30 ~ 15:00),0508-0353-8508
https://www.yeoshin.co.kr/event/mobile/20094,,,,온다리프팅,"#피부과 전문의
#리프팅레이저
#타이트닝",https://d3gurpvil0se70.cloudfront.net/upfiles/images/product/SIafkFX0Ik13x4J1Z4wyMAsePd4A.png?q=90&f=webp&w=1024,,,132000.0,125000,VAT 포함,리엔장성형외과의원(본점),서울특별시 서초구 강남대로 403 (서초동) 14~18층(서초동)주소복사,전문의 7명 영어 응대 중국어 응대 일본어 응대,온다 #피부손상최소화 에너지 전달이 필요한 부위에만 전달되어 피부 손상 위험도 최소화 #냉각시스템 #통증DOWM 냉각 시스템으로 온도를 낮춰 피부를 보호하여 적은 통증으로 시술 #극초단파 #콜라겐생성 극초단파 기술을 이용하여 새로운 콜라겐 생성을 유도,VAT 포함,리프팅 시술이 하고싶지만 통증이 두려운 분 / 늘어지고 처진 피부의 리프팅을 원하는 분 / 피부 타이트닝 효과를 얻고 싶은 분 / 탄력이 떨어져 무너진 턱선이 고민인 분,,,온다 시술시간 10~20분 마취여부 마취없음 회복시간 당일 시술효과 2~3주 후,,,수요일 10:00 ~ 20:00 / 목요일 10:00 ~ 20:00 / 금요일 10:00 ~ 20:00 / 토요일 09:30 ~ 17:00 / 일요일 11:00 ~ 17:00 / 월요일 10:00 ~ 20:00 / 일요일 : 휴진(글로벌센터만 운영),0508-0353-7084
https://www.yeoshin.co.kr/event/mobile/24214,,,,수원-지방세포파괴 리프팅 동시에 온다리프팅,"#리프팅레이저
#타이트닝",https://d3gurpvil0se70.cloudfront.net/upfiles/images/product/1SITNBpjEGMYiIa42WcxFJLYOXi5.jpg?q=90&f=webp&w=1024,,,87000.0,80000,VAT 포함,제로의원(수원점),경기도 수원시 팔달구 권광로 165 (인계동) 4층주소복사,사후관리,,VAT 포함,,,,온다 시술시간 10~20분 마취여부 마취없음 회복시간 당일 시술효과 2~3주 후,,,수요일 휴진 / 목요일 10:00 ~ 20:00 (점심 13:00 ~ 14:00) / 금요일 10:00 ~ 20:00 (점심 13:00 ~ 14:00) / 토요일 09:30 ~ 16:00 / 일요일 휴진 / 월요일 10:00 ~ 20:00 (점심 13:00 ~ 14:00),050803530100
https://www.yeoshin.co.kr/event/mobile/26052,,,,"피부과전문의, 1:1 디자인 온다리프팅","#피부과 전문의
#리프팅레이저
#타이트닝",https://d3gurpvil0se70.cloudfront.net/upfiles/images/product/21J1w39k8ztMaJV3dkuuIN9rYo65.jpg?q=90&f=webp&w=1024,10.0,1.0,99000.0,92000,VAT 포함,청담더오피부과의원,서울특별시 강남구 선릉로 602 (삼성동) 2층주소복사,전문의 1명 사후관리,,VAT 포함,,,,온다 시술시간 10~20분 마취여부 마취없음 회복시간 당일 시술효과 3~4주 후,,,수요일 10:00 ~ 19:00 (점심 13:00 ~ 14:00) / 목요일 10:00 ~ 19:00 (점심 13:00 ~ 14:00) / 금요일 10:00 ~ 19:00 (점심 13:00 ~ 14:00) / 토요일 10:00 ~ 17:00 (점심 13:00 ~ 14:00) / 일요일 휴진 / 월요일 10:00 ~ 19:00 (점심 13:00 ~ 14:00),050803531528
https://www.yeoshin.co.kr/event/mobile/27221,,,,신사-지방세포파괴 리프팅 동시에 온다리프팅,"#리프팅레이저
#타이트닝",https://d3gurpvil0se70.cloudfront.net/upfiles/images/product/Scalufmf9FHhf3ie5O6DORa4eCS4.jpg?q=90&f=webp&w=1024,,,87000.0,80000,VAT 포함,제로의원(신사점),,,,VAT 포함,,,,온다 시술시간 10~20분 마취여부 마취없음 회복시간 당일 시술효과 2~3주 후,,,수요일 10:30 ~ 20:30 (점심 13:00 ~ 14:00) / 목요일 10:30 ~ 20:30 (점심 13:00 ~ 14:00) / 금요일 10:30 ~ 20:30 (점심 13:00 ~ 14:00) / 토요일 10:00 ~ 16:00 / 일요일 휴진 / 월요일 10:30 ~ 20:30 (점심 13:00 ~ 14:00),050803543403
https://www.yeoshin.co.kr/event/mobile/21448,,,,미케이 스킨 타이트닝 온다리프팅,"#리프팅레이저
#타이트닝",https://d3gurpvil0se70.cloudfront.net/upfiles/images/product/7YpPHFL8B7Jfpjfy6jQLCCQmpw53.jpg?q=90&f=webp&w=1024,10.0,1.0,99000.0,92000,VAT 포함,미케이의원,크림마취,전문의 1명 분야별 협진 일본어 응대,,VAT 포함,,,,온다 시술시간 10~20분 마취여부 마취없음 회복시간 당일 시술효과 2~3주 후,,크림마취 국소마취,수요일 10:00 ~ 19:00 / 목요일 10:00 ~ 19:00 / 금요일 10:00 ~ 19:00 / 토요일 10:00 ~ 17:00 / 일요일 10:00 ~ 17:00 / 월요일 10:00 ~ 19:00,0508-0353-1137
https://www.yeoshin.co.kr/event/mobile/27222,,,,신사-온다리프팅과 제로씬 콜라보 두배시너지,"#리프팅레이저
#타이트닝",https://d3gurpvil0se70.cloudfront.net/upfiles/images/product/OWb2hheLNW3TUeyscdXqPYqMPas2.jpg?q=90&f=webp&w=1024,,,253000.0,246000,VAT 포함,제로의원(신사점),,,,VAT 포함,,,,온다 시술시간 10~20분 마취여부 마취없음 회복시간 당일 시술효과 2~3주 후,,,수요일 10:30 ~ 20:30 (점심 13:00 ~ 14:00) / 목요일 10:30 ~ 20:30 (점심 13:00 ~ 14:00) / 금요일 10:30 ~ 20:30 (점심 13:00 ~ 14:00) / 토요일 10:00 ~ 16:00 / 일요일 휴진 / 월요일 10:30 ~ 20:30 (점심 13:00 ~ 14:00),050803543403
https://www.yeoshin.co.kr/event/mobile/26976,,,,청담엘의원 온다리프팅 ONDA,"#리프팅레이저
#타이트닝",https://d3gurpvil0se70.cloudfront.net/upfiles/images/product/mT7UALEGAMusPPZaJfWmERv0IOU6.jpg?q=90&f=webp&w=1024,,,385000.0,378000,VAT 포함,청담엘의원,인천광역시 부평구 부평문화로 55 청담엘의원주소복사,전문의 1명,,VAT 포함,,,,온다 시술시간 10~20분 마취여부 마취없음 회복시간 당일 시술효과 2~3주 후,,,수요일 10:00 ~ 19:00 (점심 13:00 ~ 14:00) / 목요일 휴진 / 금요일 10:00 ~ 21:00 (점심 13:00 ~ 14:00) / 토요일 10:00 ~ 15:00 / 일요일 휴진 / 월요일 10:00 ~ 19:00 (점심 13:00 ~ 14:00),0508-0354-1187
https://www.yeoshin.co.kr/event/mobile/25353,,,,땡큐 온다리프팅 10KJ,"#피부과 전문의
#리프팅레이저
#타이트닝",https://d3gurpvil0se70.cloudfront.net/upfiles/images/product/6fhJSbp6mMpfoSZCX7VhrOILMnM2.jpg?q=90&f=webp&w=1024,10.0,1.0,77000.0,70000,VAT 포함,땡큐성형외과의원,서울특별시 강남구 강남대로 446 땡큐성형외과의원주소복사,전문의 7명 영어 응대 중국어 응대 일본어 응대,,VAT 포함,,,,온다 시술시간 10~20분 마취여부 마취없음 회복시간 당일 시술효과 2~3주 후,,,수요일 10:00 ~ 19:00 / 목요일 10:00 ~ 19:00 / 금요일 10:00 ~ 19:00 / 토요일 10:00 ~ 16:00 / 일요일 휴진 / 월요일 10:00 ~ 19:00,0508-0353-6942
https://www.yeoshin.co.kr/event/mobile/17876,,,,메이드림 온다리프팅 이벤트!,"#리프팅레이저
#타이트닝",https://d3gurpvil0se70.cloudfront.net/upfiles/images/product/WmBq57qhjxUoc61E9eryUoALf1e6.jpg?q=90&f=webp&w=1024,,,440000.0,433000,VAT 포함,메이드림의원(의정부점),,,온다 #피부손상최소화 에너지 전달이 필요한 부위에만 전달되어 피부 손상 위험도 최소화 #안전한 시술 비침습적 시술 방식으로 보다 안전한 시술 #스킨 타이트닝 효과 시술 후 즉각적인 리프팅 및 타이트닝 효과 권장주기 3~4주 / 3~5회 시술,VAT 포함,리프팅 시술이 하고싶지만 통증이 두려운 분 / 늘어지고 처진 피부의 리프팅을 원하는 분 / 피부 타이트닝 효과를 얻고 싶은 분 / 탄력이 떨어져 무너진 턱선이 고민인 분,,,온다 시술시간 10~20분 마취여부 마취없음 회복시간 당일 시술효과 2~3주 후,,,수요일 10:00 ~ 19:00 (점심 13:00 ~ 14:00) / 목요일 휴진 / 금요일 10:00 ~ 21:00 (점심 13:00 ~ 14:00) / 토요일 10:00 ~ 16:00 / 일요일 휴진 / 월요일 10:00 ~ 19:00 (점심 13:00 ~ 14:00),0508-0354-0647
https://www.yeoshin.co.kr/event/mobile/23778,,,,온다리프팅 즉각O통증X 리프팅,"#피부과 전문의
#리프팅레이저
#타이트닝",https://d3gurpvil0se70.cloudfront.net/upfiles/images/product/5lCXBbGrq2eiCGg9uPNiWSE8tri3.jpg?q=90&f=webp&w=1024,,,165000.0,158000,VAT 포함,휴먼피부과의원(청라점),크림마취,전문의 4명 여의사 진료,온다 #피부손상최소화 에너지 전달이 필요한 부위에만 전달되어 피부 손상 위험도 최소화 #냉각시스템 #통증DOWM 냉각 시스템으로 온도를 낮춰 피부를 보호하여 적은 통증으로 시술 #극초단파 #콜라겐생성 극초단파 기술을 이용하여 새로운 콜라겐 생성을 유도 권장주기 3~4주 / 3~5회 시술,VAT 포함,리프팅 시술이 하고싶지만 통증이 두려운 분 / 늘어지고 처진 피부의 리프팅을 원하는 분 / 피부 타이트닝 효과를 얻고 싶은 분 / 탄력이 떨어져 무너진 턱선이 고민인 분,,,온다 시술시간 10~20분 마취여부 마취없음 회복시간 당일 시술효과 2~3주 후,,크림마취 수면마취 비수면 무통마취,수요일 10:00 ~ 20:30 (점심 12:00 ~ 14:00) / 목요일 10:00 ~ 19:00 (점심 12:00 ~ 14:00) / 금요일 10:00 ~ 20:30 (점심 12:00 ~ 14:00) / 토요일 10:00 ~ 16:00 / 일요일 휴진 / 월요일 10:00 ~ 20:30 (점심 12:00 ~ 14:00) / 진료마감 : 월수금 19:30 / 화목 18:00 / 토 15:00,0508-0354-1088
https://www.yeoshin.co.kr/event/mobile/25912,,,,바디 온다리프팅,"#리프팅레이저
#타이트닝",https://d3gurpvil0se70.cloudfront.net/upfiles/images/product/Sw13jRBKsudgLQ5NcEtZevoyI8R9.png?q=90&f=webp&w=1024,,,825000.0,818000,VAT 포함,유넬의원,크림마취,여의사 진료,온다 #피부손상최소화 에너지 전달이 필요한 부위에만 전달되어 피부 손상 위험도 최소화 #냉각시스템 #통증DOWM 냉각 시스템으로 온도를 낮춰 피부를 보호하여 적은 통증으로 시술 #극초단파 #콜라겐생성 극초단파 기술을 이용하여 새로운 콜라겐 생성을 유도 권장주기 3~4주 / 3~5회 시술,VAT 포함,리프팅 시술이 하고싶지만 통증이 두려운 분 / 늘어지고 처진 피부의 리프팅을 원하는 분 / 피부 타이트닝 효과를 얻고 싶은 분 / 탄력이 떨어져 무너진 턱선이 고민인 분,,,온다 시술시간 10~20분 마취여부 마취없음 회복시간 당일 시술효과 2~3주 후,,크림마취 수면마취,수요일 10:30 ~ 20:00 / 목요일 10:30 ~ 20:00 / 금요일 10:30 ~ 20:00 / 토요일 10:30 ~ 17:00 / 일요일 휴진 / 월요일 10:30 ~ 20:00,050803534023
https://www.yeoshin.co.kr/event/mobile/27122,,,,슈링크 300샷,"#리프팅레이저
#타이트닝",https://d3gurpvil0se70.cloudfront.net/upfiles/images/product/iHIG02Mv6KaNbbJduM8jUZ4rj3u7.png?q=90&f=webp&w=1024,9.9,18.0,,73000,,서울탑초이스의원,"서울특별시 강남구 도산대로 104 (논현동) 5층(논현동, 퍼스트에비뉴타워)주소복사",,슈링크 #고강도초음파 #피부조직수축 피부 속 일정 깊이에 고강도 초음파를 이용하여 열 응고점을 만들어 피부 수축 #근막층도달 #강력한리프팅 피부 속 깊은 근막층까지 에너지를 도달시켜 피부를 강하게 당겨주는 리프팅 #콜라겐촉진 #피부건강회복 콜라겐 생성을 촉진시키고 수분을 끌어올려 건강하고 탄력있는 피부로 회복 권장주기 1~3개월 / 3회 이상 시술,,늘어지고 처진 피부의 리프팅을 원하는 분 / 잔주름을 개선하고 싶은 분 / 피부 타이트닝 효과를 얻고 싶은 분 / 자연스러운 V라인을 원하는 분,"시술 특장점 강한 초음파 에너지 전달 피부층에 정확하고 강한 초음파 에너지를 집속하여 시술합니다. 피부층 강화 및 탄력 개선 탄력이 떨어지고 처진 피부의 피부층과 근막층을 강화시켜 탄력을 개선합니다. 피부상태에 따른 다양한 카트리지 다양한 카트리지로 시술 부위, 피부 두께, 피부 상태에 맞는 시술이 가능합니다.","시술 후 어떻게 관리해야 하나요? 해당 부위가 과한 열감이나 냉감에 노출되는 것을 피해주시고 수분크림을 자주 발라주세요. 슈링크는 어떤 경우에 시술을 받나요? 슈링크는 눈가, 입주변 등 살처짐이 느껴지는 곳에 리프팅을 해주는 시술입니다.",슈링크 시술시간 20~40분 마취여부 크림마취 회복시간 약 3일 시술효과 2개월 후,"주의사항 1 일시적으로 피부가 욱신거리거나 부기, 멍, 붉음증이 나타날 수 있습니다. 2 시술 후 시술 부위를 강하게 마사지하거나 누르지 말아주세요. 3 시술 후 3~4일간 과격하고 무리한 운동은 자제해주세요.",크림마취 국소마취,수요일 휴진 / 목요일 10:00 ~ 19:00 (점심 13:00 ~ 14:00) / 금요일 10:00 ~ 20:00 (점심 13:00 ~ 14:00) / 토요일 10:00 ~ 15:00 / 일요일 휴진 / 월요일 10:00 ~ 19:00 (점심 13:00 ~ 14:00),050803543326
https://www.yeoshin.co.kr/event/mobile/19155,,,,뉴셀 슈링크,"#리프팅레이저
#타이트닝",https://d3gurpvil0se70.cloudfront.net/upfiles/images/product/gqru06KJmP8iz5SC6HkBhyVGR448.jpg?q=90&f=webp&w=1024,9.8,6.0,141900.0,134900,VAT 포함,닥터뉴셀의원,크림마취,전문의 1명 영어 응대 중국어 응대 일본어 응대,슈링크 #고강도초음파 #피부조직수축 피부 속 일정 깊이에 고강도 초음파를 이용하여 열 응고점을 만들어 피부 수축 #근막층도달 #강력한리프팅 피부 속 깊은 근막층까지 에너지를 도달시켜 피부를 강하게 당겨주는 리프팅 #콜라겐촉진 #피부건강회복 콜라겐 생성을 촉진시키고 수분을 끌어올려 건강하고 탄력있는 피부로 회복 권장주기 1~3개월 / 3회 이상 시술,VAT 포함,늘어지고 처진 피부의 리프팅을 원하는 분 / 잔주름을 개선하고 싶은 분 / 피부 타이트닝 효과를 얻고 싶은 분 / 자연스러운 V라인을 원하는 분,,,슈링크 시술시간 20~40분 마취여부 크림마취 회복시간 약 3일 시술효과 2개월 후,,크림마취 비수면 무통마취 국소마취,"수요일 10:30 ~ 19:30 (점심 14:00 ~ 15:00) / 목요일 10:30 ~ 19:30 (점심 14:00 ~ 15:00) / 금요일 10:30 ~ 21:00 (점심 14:00 ~ 15:00) / 토요일 10:30 ~ 17:00 / 일요일 휴진 / 월요일 10:30 ~ 21:00 (점심 14:00 ~ 15:00) / 3월1일,3월3일 정상 진료",0508-0353-7963
https://www.yeoshin.co.kr/event/mobile/25806,,,,퀵 슈링크유니버스 300샷 동안완성!!,"#리프팅레이저
#타이트닝",https://d3gurpvil0se70.cloudfront.net/upfiles/images/product/5bm7NYkfxe6KFINz6hK7gRDmCNR9.jpg?q=90&f=webp&w=1024,,,165000.0,158000,VAT 포함,청담엔샤인의원,크림마취,전문의 1명 여의사 진료 수술실 CCTV 중국어 응대,"슈링크유니버스 #슈링크유니버스 #V라인리프팅 #빈틈없이탄탄하게 2세대 슈링크인 슈링크 유니버스는 기존 슈링크보다 2.5배 빠른 속도와 듀얼 초음파 모드로 근막층(SMAS)부터 진피층까지 강력하게 에너지를 전달합니다. 특히, 굴곡진 부위까지 섬세하게 시술 가능한 펜 타입 부스터를 활용하여 얼굴의 사각지대 없이 빈틈없는 탄력을 선사합니다. #초음파리프팅 #2세대슈링크 #빠르고강력하게 업그레이드된 슈링크 유니버스는 Dot/MP 듀얼 핸드피스로 피부 깊이와 부위에 맞춰 맞춤형 시술이 가능합니다. 시술 시간이 대폭 단축되어 바쁜 일상 중에도 부담 없이 리프팅을 받을 수 있으며, 빠르지만 강력한 초음파 에너지로 처진 피부를 끌어올려 즉각적인 타이트닝 효과를 기대할 수 있습니다. #청담엔샤인 #슈유이벤트 #맞춤형리프팅 청담엔샤인 겨울 이벤트의 핵심인 슈링크 유니버스는 2가지 모드와 펜 타입 부스터를 활용하여 고객님의 얼굴 라인과 피부 두께에 꼭 맞는 1:1 맞춤 리프팅을 진행합니다. 울쎄라, 온다 등 다른 리프팅 시술과 조합 시 시너지가 더욱 커지며, 강력한 V라인 개선과 눈에 띄는 탄력 효과를 경험하실 수 있습니다. 권장주기 1개월 / 3회 이상 시술",VAT 포함,늘어지고 처진 피부의 리프팅을 원하는 분 / 잔주름을 개선하고 싶은 분 / 피부 타이트닝 효과를 얻고 싶은 분 / 자연스러운 V라인을 원하는 분,,,슈링크유니버스 시술시간 30~40분 마취여부 연고마취 회복시간 약 3일 시술효과 1~2개월,,크림마취 국소마취,수요일 휴진 / 목요일 10:00 ~ 19:00 / 금요일 10:00 ~ 20:00 / 토요일 10:00 ~ 15:00 / 일요일 휴진 / 월요일 10:00 ~ 19:00,0508-0353-5899
https://www.yeoshin.co.kr/event/mobile/25070,,,,유온느 슈링크 시술전 디자인 대표원장상담,"#리프팅레이저
#타이트닝",https://d3gurpvil0se70.cloudfront.net/upfiles/images/product/ka0OB7oT3g2geUEWKTXy4tVoU5A.jpg?q=90&f=webp&w=1024,,,130900.0,123900,VAT 포함,유온느의원,서울특별시 마포구 신촌로 92 (노고산동) 신촌카리스빌딩 9층주소복사,,슈링크 #고강도초음파 #피부조직수축 피부 속 일정 깊이에 고강도 초음파를 이용하여 열 응고점을 만들어 피부 수축 #근막층도달 #강력한리프팅 피부 속 깊은 근막층까지 에너지를 도달시켜 피부를 강하게 당겨주는 리프팅 #콜라겐촉진 #피부건강회복 콜라겐 생성을 촉진시키고 수분을 끌어올려 건강하고 탄력있는 피부로 회복 권장주기 1~3개월 / 3회 이상 시술,VAT 포함,늘어지고 처진 피부의 리프팅을 원하는 분 / 잔주름을 개선하고 싶은 분 / 피부 타이트닝 효과를 얻고 싶은 분 / 자연스러운 V라인을 원하는 분,"시술 특장점 강한 초음파 에너지 전달 피부층에 정확하고 강한 초음파 에너지를 집속하여 시술합니다. 피부층 강화 및 탄력 개선 탄력이 떨어지고 처진 피부의 피부층과 근막층을 강화시켜 탄력을 개선합니다. 피부상태에 따른 다양한 카트리지 다양한 카트리지로 시술 부위, 피부 두께, 피부 상태에 맞는 시술이 가능합니다.","시술 후 어떻게 관리해야 하나요? 해당 부위가 과한 열감이나 냉감에 노출되는 것을 피해주시고 수분크림을 자주 발라주세요. 슈링크는 어떤 경우에 시술을 받나요? 슈링크는 눈가, 입주변 등 살처짐이 느껴지는 곳에 리프팅을 해주는 시술입니다.",슈링크 시술시간 20~40분 마취여부 크림마취 회복시간 약 3일 시술효과 2개월 후,"주의사항 1 일시적으로 피부가 욱신거리거나 부기, 멍, 붉음증이 나타날 수 있습니다. 2 시술 후 시술 부위를 강하게 마사지하거나 누르지 말아주세요. 3 시술 후 3~4일간 과격하고 무리한 운동은 자제해주세요.",크림마취 비수면 무통마취,수요일 휴진 / 목요일 10:00 ~ 20:00 (점심 13:00 ~ 14:00) / 금요일 10:00 ~ 20:00 (점심 13:00 ~ 14:00) / 토요일 10:00 ~ 16:00 / 일요일 휴진 / 월요일 10:00 ~ 20:00 (점심 13:00 ~ 14:00) / 공휴일 10:00~16:00,050803531287
https://www.yeoshin.co.kr/event/mobile/17373,,,,블리비 슈링크 리프팅,"#리프팅레이저
#타이트닝",https://d3gurpvil0se70.cloudfront.net/upfiles/images/product/tAn39R7E1AWPnuunmFDpFjal8NO7.jpg?q=90&f=webp&w=1024,6.9,9.0,27500.0,20500,VAT 포함,블리비의원(명동점),,,슈링크 #고강도초음파 #피부조직수축 피부 속 일정 깊이에 고강도 초음파를 이용하여 열 응고점을 만들어 피부 수축 #근막층도달 #강력한리프팅 피부 속 깊은 근막층까지 에너지를 도달시켜 피부를 강하게 당겨주는 리프팅 #콜라겐촉진 #피부건강회복 콜라겐 생성을 촉진시키고 수분을 끌어올려 건강하고 탄력있는 피부로 회복 권장주기 1~3개월 / 3회 이상 시술,VAT 포함,늘어지고 처진 피부의 리프팅을 원하는 분 / 잔주름을 개선하고 싶은 분 / 피부 타이트닝 효과를 얻고 싶은 분 / 자연스러운 V라인을 원하는 분,"시술 특장점 강한 초음파 에너지 전달 피부층에 정확하고 강한 초음파 에너지를 집속하여 시술합니다. 피부층 강화 및 탄력 개선 탄력이 떨어지고 처진 피부의 피부층과 근막층을 강화시켜 탄력을 개선합니다. 피부상태에 따른 다양한 카트리지 다양한 카트리지로 시술 부위, 피부 두께, 피부 상태에 맞는 시술이 가능합니다.","시술 후 어떻게 관리해야 하나요? 해당 부위가 과한 열감이나 냉감에 노출되는 것을 피해주시고 수분크림을 자주 발라주세요. 슈링크는 어떤 경우에 시술을 받나요? 슈링크는 눈가, 입주변 등 살처짐이 느껴지는 곳에 리프팅을 해주는 시술입니다.",슈링크 시술시간 20~40분 마취여부 크림마취 회복시간 약 3일 시술효과 2개월 후,"주의사항 1 일시적으로 피부가 욱신거리거나 부기, 멍, 붉음증이 나타날 수 있습니다. 2 시술 후 시술 부위를 강하게 마사지하거나 누르지 말아주세요. 3 시술 후 3~4일간 과격하고 무리한 운동은 자제해주세요. 4 비타민C 등 항산화제 섭취에 신경써주세요.",,수요일 10:30 ~ 20:30 (점심 14:00 ~ 15:00) / 목요일 10:30 ~ 20:30 (점심 14:00 ~ 15:00) / 금요일 10:30 ~ 20:30 (점심 14:00 ~ 15:00) / 토요일 10:00 ~ 16:30 / 일요일 휴진 / 월요일 10:30 ~ 20:30 (점심 14:00 ~ 15:00),0508-0354-2895
https://www.yeoshin.co.kr/event/mobile/2979,,,,리프팅 대명사 슈링크 300샷,"#리프팅레이저
#타이트닝",https://d3gurpvil0se70.cloudfront.net/upfiles/images/product/358597483.jpg?q=90&f=webp&w=1024,9.6,73.0,99000.0,92000,VAT 포함,VS라인의원(인천구월점),인천광역시 남동구 인하로489번길 10 VS라인의원(인천구월점)주소복사,피부진단기 F-RAY 촬영 >,슈링크 #고강도초음파 #피부조직수축 피부 속 일정 깊이에 고강도 초음파를 이용하여 열 응고점을 만들어 피부 수축 #근막층도달 #강력한리프팅 피부 속 깊은 근막층까지 에너지를 도달시켜 피부를 강하게 당겨주는 리프팅 #콜라겐촉진 #피부건강회복 콜라겐 생성을 촉진시키고 수분을 끌어올려 건강하고 탄력있는 피부로 회복 권장주기 1~3개월 / 3회 이상 시술,VAT 포함,늘어지고 처진 피부의 리프팅을 원하는 분 / 잔주름을 개선하고 싶은 분 / 피부 타이트닝 효과를 얻고 싶은 분 / 자연스러운 V라인을 원하는 분,,,슈링크 시술시간 15~20분 마취여부 냉각마취 회복시간 3일 시술효과 2~3달 후,,,수요일 10:00 ~ 20:00 / 목요일 10:00 ~ 20:00 / 금요일 10:00 ~ 20:00 / 토요일 10:00 ~ 17:00 / 일요일 휴진 / 월요일 10:00 ~ 20:00,0508-0354-1766
https://www.yeoshin.co.kr/event/mobile/16176,,,,밀착 리프팅 슈링크 유니버스 울트라,"#리프팅레이저
#타이트닝",https://d3gurpvil0se70.cloudfront.net/upfiles/images/product/VvfCe9hf1fItPjsBwXPQ2QtPbJlA.jpg?q=90&f=webp&w=1024,9.4,18.0,53900.0,46900,VAT 포함,제너리스의원(연신내점),,,슈링크 #고강도초음파 #피부조직수축 피부 속 일정 깊이에 고강도 초음파를 이용하여 열 응고점을 만들어 피부 수축 #근막층도달 #강력한리프팅 피부 속 깊은 근막층까지 에너지를 도달시켜 피부를 강하게 당겨주는 리프팅 #콜라겐촉진 #피부건강회복 콜라겐 생성을 촉진시키고 수분을 끌어올려 건강하고 탄력있는 피부로 회복 권장주기 1~3개월 / 3회 이상 시술,VAT 포함,늘어지고 처진 피부의 리프팅을 원하는 분 / 잔주름을 개선하고 싶은 분 / 피부 타이트닝 효과를 얻고 싶은 분 / 자연스러운 V라인을 원하는 분,,,슈링크 시술시간 20~40분 마취여부 크림마취 회복시간 3일 시술효과 2달 후,,,수요일 10:30 ~ 20:00 (점심 13:00 ~ 14:00) / 목요일 10:30 ~ 20:00 (점심 13:00 ~ 14:00) / 금요일 10:30 ~ 20:00 (점심 13:00 ~ 14:00) / 토요일 10:00 ~ 17:00 (점심 13:00 ~ 14:00) / 일요일 휴진 / 월요일 10:30 ~ 20:00 (점심 13:00 ~ 14:00),0508-0353-9732
https://www.yeoshin.co.kr/event/mobile/24356,,,,슈링크 100샷,"#리프팅레이저
#타이트닝",https://d3gurpvil0se70.cloudfront.net/upfiles/images/product/zfbV85DVA0S9zSBG7civTxKoiHT4.jpg?q=90&f=webp&w=1024,,,66000.0,59000,VAT 포함,한가온한방병원(용인점),"경기도 용인시 기흥구 구갈로 70 (구갈동) 메가타운 801호, 902호 주소복사",전문의 1명 기본 입원실 사후관리 영어 응대 피부진단기 F-RAY 촬영 >,슈링크 #고강도초음파 #피부조직수축 피부 속 일정 깊이에 고강도 초음파를 이용하여 열 응고점을 만들어 피부 수축 #근막층도달 #강력한리프팅 피부 속 깊은 근막층까지 에너지를 도달시켜 피부를 강하게 당겨주는 리프팅 #콜라겐촉진 #피부건강회복 콜라겐 생성을 촉진시키고 수분을 끌어올려 건강하고 탄력있는 피부로 회복 권장주기 1~3개월 / 3회 이상 시술,VAT 포함,늘어지고 처진 피부의 리프팅을 원하는 분 / 잔주름을 개선하고 싶은 분 / 피부 타이트닝 효과를 얻고 싶은 분 / 자연스러운 V라인을 원하는 분,"시술 특장점 강한 초음파 에너지 전달 피부층에 정확하고 강한 초음파 에너지를 집속하여 시술합니다. 피부층 강화 및 탄력 개선 탄력이 떨어지고 처진 피부의 피부층과 근막층을 강화시켜 탄력을 개선합니다. 피부상태에 따른 다양한 카트리지 다양한 카트리지로 시술 부위, 피부 두께, 피부 상태에 맞는 시술이 가능합니다.","시술 후 어떻게 관리해야 하나요? 해당 부위가 과한 열감이나 냉감에 노출되는 것을 피해주시고 수분크림을 자주 발라주세요. 슈링크는 어떤 경우에 시술을 받나요? 슈링크는 눈가, 입주변 등 살처짐이 느껴지는 곳에 리프팅을 해주는 시술입니다.",슈링크 시술시간 20~40분 마취여부 크림마취 회복시간 약 3일 시술효과 2개월 후,"주의사항 1 일시적으로 피부가 욱신거리거나 부기, 멍, 붉음증이 나타날 수 있습니다. 2 시술 후 시술 부위를 강하게 마사지하거나 누르지 말아주세요. 3 시술 후 3~4일간 과격하고 무리한 운동은 자제해주세요.",,수요일 09:00 ~ 21:00 (점심 13:00 ~ 14:00) / 목요일 09:00 ~ 21:00 (점심 13:00 ~ 14:00) / 금요일 09:00 ~ 21:00 (점심 13:00 ~ 14:00) / 토요일 09:00 ~ 15:00 / 일요일 09:00 ~ 15:00 / 월요일 09:00 ~ 21:00 (점심 13:00 ~ 14:00),050803541876
https://www.yeoshin.co.kr/event/mobile/27245,,,,슈링크 리프팅,"#피부과 전문의
#리프팅레이저
#타이트닝",https://d3gurpvil0se70.cloudfront.net/upfiles/images/product/c3SFvRvN1wvJ1ev56khHiJd4HWN4.jpg?q=90&f=webp&w=1024,,,60000.0,53000,VAT 포함,봄피부과의원(평택),크림마취,전문의 1명 사후관리,슈링크 #고강도초음파 #피부조직수축 피부 속 일정 깊이에 고강도 초음파를 이용하여 열 응고점을 만들어 피부 수축 #근막층도달 #강력한리프팅 피부 속 깊은 근막층까지 에너지를 도달시켜 피부를 강하게 당겨주는 리프팅 #콜라겐촉진 #피부건강회복 콜라겐 생성을 촉진시키고 수분을 끌어올려 건강하고 탄력있는 피부로 회복,VAT 포함,늘어지고 처진 피부의 리프팅을 원하는 분 / 잔주름을 개선하고 싶은 분 / 피부 타이트닝 효과를 얻고 싶은 분 / 자연스러운 V라인을 원하는 분,,,슈링크 시술시간 20~40분 마취여부 크림마취 회복시간 약 3일 시술효과 2개월 후,,크림마취 국소마취,수요일 09:30 ~ 18:50 / 목요일 09:30 ~ 18:50 / 금요일 09:30 ~ 18:50 / 토요일 09:00 ~ 13:50 / 일요일 휴진 / 월요일 09:30 ~ 18:50,050803556229
https://www.yeoshin.co.kr/event/mobile/19269,,,,유노 슈링크 400샷,"#리프팅레이저
#타이트닝",https://d3gurpvil0se70.cloudfront.net/upfiles/images/product/qpwNy53sYKDemZdQbNLTT4ocyBn8.jpg?q=90&f=webp&w=1024,9.3,4.0,,213000,,유노성형외과,서울특별시 서초구 서초대로77길 54 (서초동) W타워9층주소복사,전문의 4명 영어 응대 중국어 응대 일본어 응대,,,,,,슈링크 시술시간 20~40분 마취여부 크림마취 회복시간 약 3일 시술효과 2개월 후,,,수요일 09:30 ~ 19:00 / 목요일 09:30 ~ 20:00 / 금요일 09:30 ~ 19:00 / 토요일 09:30 ~ 17:00 / 일요일 휴진 / 월요일 09:30 ~ 19:00,0508-0353-7209
https://www.yeoshin.co.kr/event/mobile/27395,,,,정품팁 V라인 슈링크,"#리프팅레이저
#타이트닝",https://d3gurpvil0se70.cloudfront.net/upfiles/images/product/WoehF1ibWdA8DRZhT8xDuhNkFkk5.jpg?q=90&f=webp&w=1024,,,165000.0,158000,VAT 포함,웰니스365의원(강서),크림마취,수술실 CCTV 응급처치 시스템 사후관리 영어 응대,슈링크 #고강도초음파 #피부조직수축 피부 속 일정 깊이에 고강도 초음파를 이용하여 열 응고점을 만들어 피부 수축 #근막층도달 #강력한리프팅 피부 속 깊은 근막층까지 에너지를 도달시켜 피부를 강하게 당겨주는 리프팅 #콜라겐촉진 #피부건강회복 콜라겐 생성을 촉진시키고 수분을 끌어올려 건강하고 탄력있는 피부로 회복 권장주기 1~3개월 / 3회 이상 시술,VAT 포함,늘어지고 처진 피부의 리프팅을 원하는 분 / 잔주름을 개선하고 싶은 분 / 피부 타이트닝 효과를 얻고 싶은 분 / 자연스러운 V라인을 원하는 분,,,슈링크 시술시간 20~40분 마취여부 크림마취 회복시간 약 3일 시술효과 2개월 후,,크림마취 국소마취,수요일 10:00 ~ 22:00 (점심 14:00 ~ 15:00) / 목요일 10:00 ~ 22:00 (점심 14:00 ~ 15:00) / 금요일 10:00 ~ 22:00 (점심 14:00 ~ 15:00) / 토요일 10:00 ~ 22:00 (점심 14:00 ~ 15:00) / 일요일 10:00 ~ 19:00 (점심 14:00 ~ 15:00) / 월요일 10:00 ~ 22:00 (점심 14:00 ~ 15:00),050803531375
https://www.yeoshin.co.kr/event/mobile/23584,,,,슈링크리프팅,"#리프팅레이저
#타이트닝",https://d3gurpvil0se70.cloudfront.net/upfiles/images/product/FQLgUwtZOCzufLDZlhXSNtCNRpZ8.jpg?q=90&f=webp&w=1024,,,110000.0,103000,VAT 포함,닥터스팟여성의원,크림마취,전문의 1명 여의사 진료 수술실 CCTV 기본 입원실 전담회복실 사후관리 피부진단기 F-RAY 촬영 >,슈링크 #고강도초음파 #피부조직수축 피부 속 일정 깊이에 고강도 초음파를 이용하여 열 응고점을 만들어 피부 수축 #근막층도달 #강력한리프팅 피부 속 깊은 근막층까지 에너지를 도달시켜 피부를 강하게 당겨주는 리프팅 #콜라겐촉진 #피부건강회복 콜라겐 생성을 촉진시키고 수분을 끌어올려 건강하고 탄력있는 피부로 회복 권장주기 1~3개월 / 3회 이상 시술,VAT 포함,늘어지고 처진 피부의 리프팅을 원하는 분 / 잔주름을 개선하고 싶은 분 / 피부 타이트닝 효과를 얻고 싶은 분 / 자연스러운 V라인을 원하는 분,,,슈링크 시술시간 20~40분 마취여부 크림마취 회복시간 약 3일 시술효과 2개월 후,,크림마취 수면마취 국소마취,수요일 10:00 ~ 19:00 (점심 13:00 ~ 14:00) / 목요일 10:00 ~ 19:00 (점심 13:00 ~ 14:00) / 금요일 10:00 ~ 20:00 (점심 13:00 ~ 14:00) / 토요일 09:30 ~ 15:30 (점심 13:00 ~ 14:00) / 일요일 휴진 / 월요일 10:00 ~ 19:00 (점심 13:00 ~ 14:00),0508-0353-0338
https://www.yeoshin.co.kr/event/mobile/11939,,,,대용량 슈링크 400샷,"#리프팅레이저
#타이트닝",https://d3gurpvil0se70.cloudfront.net/upfiles/images/product/jaP2jJ419Kd9PWcMCeZ3cjfR6XR6.jpg?q=90&f=webp&w=1024,,,110000.0,103000,VAT 포함,얼굴본성형외과의원,크림마취,전문의 1명 여의사 진료 수술실 CCTV 응급처치 시스템 사후관리,,VAT 포함,,,,슈링크 시술시간 20~40분 마취여부 크림마취 회복시간 약 3일 시술효과 2개월 후,,크림마취 수면마취 국소마취,수요일 10:00 ~ 18:00 / 목요일 10:00 ~ 18:00 / 금요일 10:00 ~ 18:00 / 토요일 10:00 ~ 16:00 / 일요일 휴진 / 월요일 10:00 ~ 18:00,0508-0353-2574
https://www.yeoshin.co.kr/event/mobile/12175,,,,탄탄하게 : 슈링크 리프팅,"#리프팅레이저
#타이트닝",https://d3gurpvil0se70.cloudfront.net/upfiles/images/product/3134457961.jpg?q=90&f=webp&w=1024,9.6,2320.0,99000.0,92000,VAT 포함,제니바클리닉,서울특별시 광진구 자양동 8-1 제니바클리닉주소복사,전문의 1명,,VAT 포함,,,,슈링크 시술시간 15~30분 마취여부 마취없음 회복시간 3일 시술효과 2달 후,,,수요일 휴진 / 목요일 09:30 ~ 18:00 / 금요일 09:30 ~ 18:00 / 토요일 09:30 ~ 14:30 / 일요일 휴진 / 월요일 09:30 ~ 18:00,0508-0353-3345
https://www.yeoshin.co.kr/event/mobile/24366,,,,탄력리프팅 슈링크,"#리프팅레이저
#타이트닝",https://d3gurpvil0se70.cloudfront.net/upfiles/images/product/vskuluD7HT5GNvjbWMvnOWlGWB58.jpg?q=90&f=webp&w=1024,,,55000.0,48000,VAT 포함,한가온한방병원(강릉점),크림마취,분야별 협진 기본 입원실 사후관리,슈링크 #고강도초음파 #피부조직수축 피부 속 일정 깊이에 고강도 초음파를 이용하여 열 응고점을 만들어 피부 수축 #근막층도달 #강력한리프팅 피부 속 깊은 근막층까지 에너지를 도달시켜 피부를 강하게 당겨주는 리프팅 #콜라겐촉진 #피부건강회복 콜라겐 생성을 촉진시키고 수분을 끌어올려 건강하고 탄력있는 피부로 회복 권장주기 1~3개월 / 3회 이상 시술,VAT 포함,늘어지고 처진 피부의 리프팅을 원하는 분 / 잔주름을 개선하고 싶은 분 / 피부 타이트닝 효과를 얻고 싶은 분 / 자연스러운 V라인을 원하는 분,,,슈링크 시술시간 20~40분 마취여부 크림마취 회복시간 약 3일 시술효과 2개월 후,,크림마취,수요일 10:00 ~ 20:00 (점심 13:00 ~ 14:00) / 목요일 10:00 ~ 20:00 (점심 13:00 ~ 14:00) / 금요일 10:00 ~ 20:00 (점심 13:00 ~ 14:00) / 토요일 10:00 ~ 15:00 / 일요일 10:00 ~ 15:00 / 월요일 10:00 ~ 20:00 (점심 13:00 ~ 14:00),050803544223
https://www.yeoshin.co.kr/event/mobile/5096,,,,미케이 피부 탄력개선_슈링크 300샷,"#리프팅레이저
#타이트닝",https://d3gurpvil0se70.cloudfront.net/upfiles/images/product/l7K8fYL8EzOEDybbYPSH0uFzMnc6.jpg?q=90&f=webp&w=1024,9.1,161.0,99000.0,92000,VAT 포함,미케이의원,크림마취,전문의 1명 분야별 협진 일본어 응대,,VAT 포함,,,,슈링크 시술시간 20~40분 마취여부 크림마취 회복시간 3일 시술효과 2달 후,,크림마취 국소마취,수요일 10:00 ~ 19:00 / 목요일 10:00 ~ 19:00 / 금요일 10:00 ~ 19:00 / 토요일 10:00 ~ 17:00 / 일요일 10:00 ~ 17:00 / 월요일 10:00 ~ 19:00,0508-0353-1137
https://www.yeoshin.co.kr/event/mobile/20269,,,,"바디 슈링크 리프팅 - 대용량 1,000샷","#바디리프팅
#바디라인개선
#리프팅레이저",https://d3gurpvil0se70.cloudfront.net/upfiles/images/product/WUWD0IWhIncttFvSa8Wj7JVWUrv.jpg?q=90&f=webp&w=1024,10.0,1.0,539000.0,532000,VAT 포함,메이필클리닉,크림마취,전문의 1명 여의사 진료 수술실 CCTV 분야별 협진 전담회복실 중국어 응대 일본어 응대,,VAT 포함,,,,바디슈링크 시술시간 20~30분 마취여부 크림마취 회복시간 약 1일 시술효과 1개월 후,,크림마취 수면마취 국소마취,수요일 10:00 ~ 19:00 / 목요일 10:00 ~ 19:00 / 금요일 10:00 ~ 19:00 / 토요일 10:00 ~ 16:00 / 일요일 휴진 / 월요일 10:00 ~ 19:00,0508-0353-7137
https://www.yeoshin.co.kr/event/mobile/25794,,,,V슈링크 200샷,"#리프팅레이저
#타이트닝",https://d3gurpvil0se70.cloudfront.net/upfiles/images/product/YbEANb4rVusiYA5fsCTAEPswF92A.jpg?q=90&f=webp&w=1024,9.8,12.0,55000.0,48000,VAT 포함,시안의원,크림마취,여의사 진료 마취과의 진료 수술실 CCTV 기본 입원실 사후관리,,VAT 포함,,,,브이슈링크 시술시간 20~40분 마취여부 크림마취 회복시간 약 3일 시술효과 2개월 후,,크림마취 수면마취 국소마취,수요일 10:30 ~ 20:00 / 목요일 10:30 ~ 20:00 / 금요일 10:30 ~ 20:00 / 토요일 10:00 ~ 17:00 / 일요일 휴진 / 월요일 10:30 ~ 20:00,050803533980
https://www.yeoshin.co.kr/event/mobile/24096,,,,"정밀 리프팅 (슈링크,시크릿)","#리프팅레이저
#타이트닝",https://d3gurpvil0se70.cloudfront.net/upfiles/images/product/40T7i7GzBE8JOfrXMCDxXbbCkx7A.jpg?q=90&f=webp&w=1024,10.0,3.0,60000.0,53000,VAT 포함,새봄여성의원(송파),서울특별시 송파구 석촌호수로 160 (삼전동) 수연빌딩 4층 주소복사,전문의 2명 여의사 진료,슈링크 #고강도초음파 #피부조직수축 피부 속 일정 깊이에 고강도 초음파를 이용하여 열 응고점을 만들어 피부 수축 #근막층도달 #강력한리프팅 피부 속 깊은 근막층까지 에너지를 도달시켜 피부를 강하게 당겨주는 리프팅 #콜라겐촉진 #피부건강회복 콜라겐 생성을 촉진시키고 수분을 끌어올려 건강하고 탄력있는 피부로 회복 권장주기 1~3개월 / 3회 이상 시술,VAT 포함,늘어지고 처진 피부의 리프팅을 원하는 분 / 잔주름을 개선하고 싶은 분 / 피부 타이트닝 효과를 얻고 싶은 분 / 자연스러운 V라인을 원하는 분,"시술 특장점 강한 초음파 에너지 전달 피부층에 정확하고 강한 초음파 에너지를 집속하여 시술합니다. 피부층 강화 및 탄력 개선 탄력이 떨어지고 처진 피부의 피부층과 근막층을 강화시켜 탄력을 개선합니다. 피부상태에 따른 다양한 카트리지 다양한 카트리지로 시술 부위, 피부 두께, 피부 상태에 맞는 시술이 가능합니다.","시술 후 어떻게 관리해야 하나요? 해당 부위가 과한 열감이나 냉감에 노출되는 것을 피해주시고 수분크림을 자주 발라주세요. 슈링크는 어떤 경우에 시술을 받나요? 슈링크는 눈가, 입주변 등 살처짐이 느껴지는 곳에 리프팅을 해주는 시술입니다.",슈링크 시술시간 20~40분 마취여부 크림마취 회복시간 약 3일 시술효과 2개월 후,"주의사항 1 일시적으로 피부가 욱신거리거나 부기, 멍, 붉음증이 나타날 수 있습니다. 2 시술 후 시술 부위를 강하게 마사지하거나 누르지 말아주세요. 3 시술 후 3~4일간 과격하고 무리한 운동은 자제해주세요.",,수요일 휴진 / 목요일 휴진 / 금요일 10:00 ~ 19:00 (점심 13:00 ~ 14:00) / 토요일 10:00 ~ 16:00 (점심 13:00 ~ 14:00) / 일요일 휴진 / 월요일 10:00 ~ 19:00 (점심 13:00 ~ 14:00) / 산부인과 진료는 월~토 가능합니다!,050803530093
https://www.yeoshin.co.kr/event/mobile/14891,,,,슈링크 3.9만,"#리프팅레이저
#타이트닝",https://d3gurpvil0se70.cloudfront.net/upfiles/images/product/2136348713.jpg?q=90&f=webp&w=1024,9.8,103.0,39000.0,32000,VAT 포함,클라스웰의원,,,,VAT 포함,,,,슈링크 시술시간 15분 마취여부 크림마취 회복시간 3일 시술효과 2달 후,,,수요일 09:00 ~ 19:00 / 목요일 09:00 ~ 19:00 / 금요일 09:00 ~ 19:00 / 토요일 09:00 ~ 14:00 / 일요일 휴진 / 월요일 09:00 ~ 19:00,0508-0354-0677
https://www.yeoshin.co.kr/event/mobile/25006,,,,올리지오 슈링크,"#리프팅레이저
#얼굴지방개선",https://d3gurpvil0se70.cloudfront.net/upfiles/images/product/DMBwF5EkPJz6KGP7yP5lSdY9BCQ1.jpg?q=90&f=webp&w=1024,9.3,3.0,99000.0,92000,VAT 포함,제이드힐의원,서울특별시 강서구 강서로 323 효동빌딩 301호주소복사,사후관리 피부진단기 F-RAY 촬영 >,"올리지오 #고주파리프팅 #콜라겐활성화 RF 고주파를 이용하여 진피층의 콜라겐 활성화 #이중턱개선 #리프팅 진피층까지 열을 전달하여 탄력 피부처짐, 피부결 등을 개선 #비침습 #오랜유지기간 비침습적 방식으로 통증이 덜하며 비교적 오랜 유지기간 기대 가능 권장주기 1~2개월 / 3~5회 시술",VAT 포함,피부의 전체적인 탄력 개선을 원하는 분 / 늘어진 모공과 피부결을 개선하고 싶은 분 / 처진 볼살과 턱살이 고민인 분 / 회복시간이 긴 시술은 부담스러운 분,시술 특장점 피부 표피를 보호하며 에너지 전달 쿨링시스템과 진동기술이 표피를 보호하며 피부 깊은 곳까지 에너지를 전달합니다. 온도체크로 부작용 줄임 피부 접촉면의 실시간 온도 체크를 통해 부작용을 줄입니다. 최적화된 에너지 출력 조직 내 전류 흐름이 원활한 상태인지 체크해 최적화된 에너지를 출력합니다.,레이저 시술 시 통증은 어떤가요? 올리지오는 열감을 피부 깊은층까지 전달하는 방식으로 마취 없이도 시술 가능한 정도입니다. 또한 기기 자체의 쿨링시스템과 더불어 마취크림 도포 후 시술을 하여 통증이 심하지 않습니다. 올리지오 시술 후 일상생활이 가능한가요? 시술 후 빠르게 일상 생활이 가능합니다.,올리지오 시술시간 30~40분 마취여부 크림마취 회복시간 시술 직후 시술효과 3일후,"주의사항 1 시술 후 일주일 정도 필링 시술, 스크럽제 사용을 피하는 것이 좋습니다. 2 시술 후 세안 및 메이크업이 가능하며, 저자극 클렌저 사용을 권장합니다. 3 시술 후 미세한 붉은기나 부기는 하루정도 지속될 수 있습니다.",,수요일 휴진 / 목요일 10:00 ~ 20:30 / 금요일 10:00 ~ 19:30 / 토요일 10:00 ~ 15:00 / 일요일 휴진 / 월요일 10:00 ~ 19:30,0508-0353-3706
https://www.yeoshin.co.kr/event/mobile/20479,,,,슈링크리프팅,"#리프팅레이저
#타이트닝",https://d3gurpvil0se70.cloudfront.net/upfiles/images/product/Z9SVn50RVdk7uIfSZwak57N4iEO7.jpg?q=90&f=webp&w=1024,,,198000.0,191000,VAT 포함,마노필의원,"부산광역시 부산진구 가야대로784번길 29 (부전동) 4,5층주소복사",전문의 1명,슈링크 #고강도초음파 #피부조직수축 피부 속 일정 깊이에 고강도 초음파를 이용하여 열 응고점을 만들어 피부 수축 #근막층도달 #강력한리프팅 피부 속 깊은 근막층까지 에너지를 도달시켜 피부를 강하게 당겨주는 리프팅 #콜라겐촉진 #피부건강회복 콜라겐 생성을 촉진시키고 수분을 끌어올려 건강하고 탄력있는 피부로 회복 권장주기 1~3개월 / 3회 이상 시술,VAT 포함,늘어지고 처진 피부의 리프팅을 원하는 분 / 잔주름을 개선하고 싶은 분 / 피부 타이트닝 효과를 얻고 싶은 분 / 자연스러운 V라인을 원하는 분,"시술 특장점 강한 초음파 에너지 전달 피부층에 정확하고 강한 초음파 에너지를 집속하여 시술합니다. 피부층 강화 및 탄력 개선 탄력이 떨어지고 처진 피부의 피부층과 근막층을 강화시켜 탄력을 개선합니다. 피부상태에 따른 다양한 카트리지 다양한 카트리지로 시술 부위, 피부 두께, 피부 상태에 맞는 시술이 가능합니다.","시술 후 어떻게 관리해야 하나요? 해당 부위가 과한 열감이나 냉감에 노출되는 것을 피해주시고 수분크림을 자주 발라주세요. 슈링크는 어떤 경우에 시술을 받나요? 슈링크는 눈가, 입주변 등 살처짐이 느껴지는 곳에 리프팅을 해주는 시술입니다.",슈링크 시술시간 20~40분 마취여부 크림마취 회복시간 약 3일 시술효과 2개월 후,"주의사항 1 일시적으로 피부가 욱신거리거나 부기, 멍, 붉음증이 나타날 수 있습니다. 2 시술 후 시술 부위를 강하게 마사지하거나 누르지 말아주세요. 3 시술 후 3~4일간 과격하고 무리한 운동은 자제해주세요.",,수요일 10:00 ~ 20:00 (점심 13:00 ~ 14:00) / 목요일 10:00 ~ 20:00 (점심 13:00 ~ 14:00) / 금요일 10:00 ~ 20:00 (점심 13:00 ~ 14:00) / 토요일 10:00 ~ 15:30 / 일요일 휴진 / 월요일 10:00 ~ 20:00 (점심 13:00 ~ 14:00),0508-0353-1040
https://www.yeoshin.co.kr/event/mobile/5640,,,,풀페이스 슈링크,"#리프팅레이저
#타이트닝",https://d3gurpvil0se70.cloudfront.net/upfiles/images/product/ij8zUfG1mmAMJVqjVB2oahYj5gl8.jpg?q=90&f=webp&w=1024,10.0,3.0,450000.0,443000,VAT 포함,아이콘성형외과,"서울특별시 강남구 논현로 841 (신사동) 5층(신사동, JBMISO 501, 502호)주소복사",전문의 1명,,VAT 포함,,,,슈링크 시술시간 90분 마취여부 크림마취 회복시간 당일 시술효과 개인별 상이,,,수요일 10:00 ~ 19:00 / 목요일 휴진 / 금요일 10:00 ~ 19:00 / 토요일 10:00 ~ 17:00 / 일요일 휴진 / 월요일 10:00 ~ 19:00,0508-0353-4364
https://www.yeoshin.co.kr/event/mobile/26035,,,,"슈링크 오로라 부스터 - 탄력, 재생,미백","#리프팅레이저
#타이트닝",https://d3gurpvil0se70.cloudfront.net/upfiles/images/product/ThKSQUggbH1T7VVgsZy4bDJfBLfA.png?q=90&f=webp&w=1024,,,,565000,,강남초이스병원,크림마취,수술실 CCTV 응급처치 시스템 분야별 협진 기본 입원실 전담회복실 사후관리 피부진단기 F-RAY 촬영 >,슈링크 #고강도초음파 #피부조직수축 피부 속 일정 깊이에 고강도 초음파를 이용하여 열 응고점을 만들어 피부 수축 #근막층도달 #강력한리프팅 피부 속 깊은 근막층까지 에너지를 도달시켜 피부를 강하게 당겨주는 리프팅 #콜라겐촉진 #피부건강회복 콜라겐 생성을 촉진시키고 수분을 끌어올려 건강하고 탄력있는 피부로 회복 권장주기 1~3개월 / 3회 이상 시술,,늘어지고 처진 피부의 리프팅을 원하는 분 / 잔주름을 개선하고 싶은 분 / 피부 타이트닝 효과를 얻고 싶은 분 / 자연스러운 V라인을 원하는 분,"시술 특장점 강한 초음파 에너지 전달 피부층에 정확하고 강한 초음파 에너지를 집속하여 시술합니다. 피부층 강화 및 탄력 개선 탄력이 떨어지고 처진 피부의 피부층과 근막층을 강화시켜 탄력을 개선합니다. 피부상태에 따른 다양한 카트리지 다양한 카트리지로 시술 부위, 피부 두께, 피부 상태에 맞는 시술이 가능합니다.","시술 후 어떻게 관리해야 하나요? 해당 부위가 과한 열감이나 냉감에 노출되는 것을 피해주시고 수분크림을 자주 발라주세요. 슈링크는 어떤 경우에 시술을 받나요? 슈링크는 눈가, 입주변 등 살처짐이 느껴지는 곳에 리프팅을 해주는 시술입니다.",슈링크 시술시간 20~40분 마취여부 크림마취 회복시간 약 3일 시술효과 2개월 후,"주의사항 1 일시적으로 피부가 욱신거리거나 부기, 멍, 붉음증이 나타날 수 있습니다. 2 시술 후 시술 부위를 강하게 마사지하거나 누르지 말아주세요. 3 시술 후 3~4일간 과격하고 무리한 운동은 자제해주세요.",크림마취 수면마취 국소마취,수요일 10:00 ~ 20:00 / 목요일 휴진 / 금요일 10:00 ~ 20:00 / 토요일 10:00 ~ 15:00 / 일요일 휴진 / 월요일 10:00 ~ 20:00,050803531552
https://www.yeoshin.co.kr/event/mobile/26263,,,,슈링크,"#리프팅레이저
#타이트닝",https://d3gurpvil0se70.cloudfront.net/upfiles/images/product/dMkvlBJcsmFnmoqnjGU9HhovG5e3.jpg?q=90&f=webp&w=1024,,,99000.0,92000,VAT 포함,뮤즈의원(김해점),경상남도 김해시 내외중앙로 92 (내동) 5층 뮤즈의원 김해주소복사,,슈링크 #고강도초음파 #피부조직수축 피부 속 일정 깊이에 고강도 초음파를 이용하여 열 응고점을 만들어 피부 수축 #근막층도달 #강력한리프팅 피부 속 깊은 근막층까지 에너지를 도달시켜 피부를 강하게 당겨주는 리프팅 #콜라겐촉진 #피부건강회복 콜라겐 생성을 촉진시키고 수분을 끌어올려 건강하고 탄력있는 피부로 회복 권장주기 1~3개월 / 3회 이상 시술,VAT 포함,늘어지고 처진 피부의 리프팅을 원하는 분 / 잔주름을 개선하고 싶은 분 / 피부 타이트닝 효과를 얻고 싶은 분 / 자연스러운 V라인을 원하는 분,"시술 특장점 강한 초음파 에너지 전달 피부층에 정확하고 강한 초음파 에너지를 집속하여 시술합니다. 피부층 강화 및 탄력 개선 탄력이 떨어지고 처진 피부의 피부층과 근막층을 강화시켜 탄력을 개선합니다. 피부상태에 따른 다양한 카트리지 다양한 카트리지로 시술 부위, 피부 두께, 피부 상태에 맞는 시술이 가능합니다.","시술 후 어떻게 관리해야 하나요? 해당 부위가 과한 열감이나 냉감에 노출되는 것을 피해주시고 수분크림을 자주 발라주세요. 슈링크는 어떤 경우에 시술을 받나요? 슈링크는 눈가, 입주변 등 살처짐이 느껴지는 곳에 리프팅을 해주는 시술입니다.",슈링크 시술시간 20~40분 마취여부 크림마취 회복시간 약 3일 시술효과 2개월 후,"주의사항 1 일시적으로 피부가 욱신거리거나 부기, 멍, 붉음증이 나타날 수 있습니다. 2 시술 후 시술 부위를 강하게 마사지하거나 누르지 말아주세요. 3 시술 후 3~4일간 과격하고 무리한 운동은 자제해주세요.",크림마취,수요일 10:00 ~ 20:00 (점심 13:00 ~ 14:00) / 목요일 10:00 ~ 20:00 (점심 13:00 ~ 14:00) / 금요일 10:00 ~ 20:00 (점심 13:00 ~ 14:00) / 토요일 10:00 ~ 16:00 / 일요일 휴진 / 월요일 10:00 ~ 20:00 (점심 13:00 ~ 14:00) / 접수마감) 평일 19:30 / 토요일 15:30,050803531484
https://www.yeoshin.co.kr/event/mobile/17292,,,,블리비 슈링크 리프팅,"#리프팅레이저
#타이트닝",https://d3gurpvil0se70.cloudfront.net/upfiles/images/product/1gUUB8eYg65kB0zicAw1KgqcJiY1.jpg?q=90&f=webp&w=1024,9.0,72.0,22000.0,15000,VAT 포함,블리비의원(영등포점),,,슈링크 #고강도초음파 #피부조직수축 피부 속 일정 깊이에 고강도 초음파를 이용하여 열 응고점을 만들어 피부 수축 #근막층도달 #강력한리프팅 피부 속 깊은 근막층까지 에너지를 도달시켜 피부를 강하게 당겨주는 리프팅 #콜라겐촉진 #피부건강회복 콜라겐 생성을 촉진시키고 수분을 끌어올려 건강하고 탄력있는 피부로 회복 권장주기 1~3개월 / 3회 이상 시술,VAT 포함,늘어지고 처진 피부의 리프팅을 원하는 분 / 잔주름을 개선하고 싶은 분 / 피부 타이트닝 효과를 얻고 싶은 분 / 자연스러운 V라인을 원하는 분,,,슈링크 시술시간 20~40분 마취여부 크림마취 회복시간 약 3일 시술효과 2개월 후,,,수요일 10:30 ~ 20:30 (점심 14:00 ~ 15:00) / 목요일 10:30 ~ 20:30 (점심 14:00 ~ 15:00) / 금요일 10:30 ~ 20:30 (점심 14:00 ~ 15:00) / 토요일 10:00 ~ 17:00 / 일요일 휴진 / 월요일 10:30 ~ 20:30 (점심 14:00 ~ 15:00) / 토요일 점심시간 없이 진료 일요일 / 공휴일 휴무,0508-0354-2924
https://www.yeoshin.co.kr/event/mobile/17281,,,,슈링크 리프팅,"#리프팅레이저
#타이트닝",https://d3gurpvil0se70.cloudfront.net/upfiles/images/product/hkBseewtJqyS9JmdqtWQ9kIylaI9.jpg?q=90&f=webp&w=1024,,,220000.0,213000,VAT 포함,은하여성의원,"경기도 군포시 고산로 248 (당동) 은하프라자, 2층주소복사",전문의 4명,슈링크 #고강도초음파 #피부조직수축 피부 속 일정 깊이에 고강도 초음파를 이용하여 열 응고점을 만들어 피부 수축 #근막층도달 #강력한리프팅 피부 속 깊은 근막층까지 에너지를 도달시켜 피부를 강하게 당겨주는 리프팅 #콜라겐촉진 #피부건강회복 콜라겐 생성을 촉진시키고 수분을 끌어올려 건강하고 탄력있는 피부로 회복 권장주기 1~3개월 / 3회 이상 시술,VAT 포함,늘어지고 처진 피부의 리프팅을 원하는 분 / 잔주름을 개선하고 싶은 분 / 피부 타이트닝 효과를 얻고 싶은 분 / 자연스러운 V라인을 원하는 분,,,슈링크 시술시간 20~40분 마취여부 마취없음 회복시간 약 3일 시술효과 2달 후,,,수요일 09:00 ~ 20:00 (점심 13:00 ~ 14:00) / 목요일 09:00 ~ 20:00 (점심 13:00 ~ 14:00) / 금요일 09:00 ~ 20:00 (점심 13:00 ~ 14:00) / 토요일 09:00 ~ 15:00 / 일요일 휴진 / 월요일 09:00 ~ 20:00 (점심 13:00 ~ 14:00),0508-0354-0049
https://www.yeoshin.co.kr/event/mobile/24343,,,,슈링크,"#리프팅레이저
#타이트닝",https://d3gurpvil0se70.cloudfront.net/upfiles/images/product/qmCFRR2IHWeQtH1DY5dxjODlPZx2.jpg?q=90&f=webp&w=1024,10.0,1.0,66000.0,59000,VAT 포함,한가온한방병원(남양주점),크림마취,기본 입원실 사후관리,슈링크 #고강도초음파 #피부조직수축 피부 속 일정 깊이에 고강도 초음파를 이용하여 열 응고점을 만들어 피부 수축 #근막층도달 #강력한리프팅 피부 속 깊은 근막층까지 에너지를 도달시켜 피부를 강하게 당겨주는 리프팅 #콜라겐촉진 #피부건강회복 콜라겐 생성을 촉진시키고 수분을 끌어올려 건강하고 탄력있는 피부로 회복 권장주기 1~3개월 / 3회 이상 시술,VAT 포함,늘어지고 처진 피부의 리프팅을 원하는 분 / 잔주름을 개선하고 싶은 분 / 피부 타이트닝 효과를 얻고 싶은 분 / 자연스러운 V라인을 원하는 분,"시술 특장점 강한 초음파 에너지 전달 피부층에 정확하고 강한 초음파 에너지를 집속하여 시술합니다. 피부층 강화 및 탄력 개선 탄력이 떨어지고 처진 피부의 피부층과 근막층을 강화시켜 탄력을 개선합니다. 피부상태에 따른 다양한 카트리지 다양한 카트리지로 시술 부위, 피부 두께, 피부 상태에 맞는 시술이 가능합니다.","시술 후 어떻게 관리해야 하나요? 해당 부위가 과한 열감이나 냉감에 노출되는 것을 피해주시고 수분크림을 자주 발라주세요. 슈링크는 어떤 경우에 시술을 받나요? 슈링크는 눈가, 입주변 등 살처짐이 느껴지는 곳에 리프팅을 해주는 시술입니다.",슈링크 시술시간 20~40분 마취여부 크림마취 회복시간 약 3일 시술효과 2개월 후,"주의사항 1 일시적으로 피부가 욱신거리거나 부기, 멍, 붉음증이 나타날 수 있습니다. 2 시술 후 시술 부위를 강하게 마사지하거나 누르지 말아주세요. 3 시술 후 3~4일간 과격하고 무리한 운동은 자제해주세요.",크림마취,수요일 09:00 ~ 20:30 (점심 13:00 ~ 14:00) / 목요일 09:00 ~ 20:30 (점심 13:00 ~ 14:00) / 금요일 09:00 ~ 20:30 (점심 13:00 ~ 14:00) / 토요일 09:00 ~ 15:00 / 일요일 09:00 ~ 15:00 / 월요일 09:00 ~ 20:30 (점심 13:00 ~ 14:00),050803541797
https://www.yeoshin.co.kr/event/mobile/7996,,,,슈링크,"#리프팅레이저
#타이트닝",https://d3gurpvil0se70.cloudfront.net/upfiles/images/product/oCuJomxQpgCNfOWl7C2MK0DG41w9.jpg?q=90&f=webp&w=1024,2.0,1.0,66000.0,59000,VAT 포함,푸른의원,경기도 김포시 풍무로 76 푸른의원주소복사,전문의 1명,슈링크 #고강도초음파 #피부조직수축 피부 속 일정 깊이에 고강도 초음파를 이용하여 열 응고점을 만들어 피부 수축 #근막층도달 #강력한리프팅 피부 속 깊은 근막층까지 에너지를 도달시켜 피부를 강하게 당겨주는 리프팅 #콜라겐촉진 #피부건강회복 콜라겐 생성을 촉진시키고 수분을 끌어올려 건강하고 탄력있는 피부로 회복,VAT 포함,비수술적인 리프팅 시술을 원하는 분 / 복부 및 허벅지의 탄력 개선을 원하는 분 / 처진 눈가를 탄력있게 개선하고 싶은 분,,,슈링크 시술시간 20~40분 마취여부 크림마취 회복시간 3일 시술효과 2달 후,,,수요일 10:00 ~ 19:00 (점심 13:00 ~ 14:00) / 목요일 10:00 ~ 20:00 (점심 13:00 ~ 14:00) / 금요일 10:00 ~ 19:00 (점심 13:00 ~ 14:00) / 토요일 10:00 ~ 15:00 / 일요일 휴진 / 월요일 10:00 ~ 19:00 (점심 13:00 ~ 14:00),0508-0354-0803
https://www.yeoshin.co.kr/event/mobile/25827,,,,피부과 전문의 V라인 슈링크,"#피부과 전문의
#리프팅레이저
#타이트닝",https://d3gurpvil0se70.cloudfront.net/upfiles/images/product/7BWGpA5N3qz5N5dfDgrgtrYLcrc6.png?q=90&f=webp&w=1024,10.0,1.0,165000.0,158000,VAT 포함,청담엔케이피부과의원,서울특별시 강서구 마곡중앙5로 81 (마곡동) 5층 청담NK피부과의원주소복사,전문의 1명 여의사 진료 피부진단기 F-RAY 촬영 >,슈링크 #고강도초음파 #피부조직수축 피부 속 일정 깊이에 고강도 초음파를 이용하여 열 응고점을 만들어 피부 수축 #근막층도달 #강력한리프팅 피부 속 깊은 근막층까지 에너지를 도달시켜 피부를 강하게 당겨주는 리프팅 #콜라겐촉진 #피부건강회복 콜라겐 생성을 촉진시키고 수분을 끌어올려 건강하고 탄력있는 피부로 회복 권장주기 1~3개월 / 3회 이상 시술,VAT 포함,늘어지고 처진 피부의 리프팅을 원하는 분 / 잔주름을 개선하고 싶은 분 / 피부 타이트닝 효과를 얻고 싶은 분 / 자연스러운 V라인을 원하는 분,,,슈링크 시술시간 20~40분 마취여부 크림마취 회복시간 약 3일 시술효과 2개월 후,,,수요일 10:00 ~ 19:00 (점심 13:00 ~ 14:00) / 목요일 10:00 ~ 19:00 (점심 13:00 ~ 14:00) / 금요일 10:00 ~ 20:00 (점심 13:00 ~ 14:00) / 토요일 09:30 ~ 14:30 / 일요일 휴진 / 월요일 10:00 ~ 20:00 (점심 13:00 ~ 14:00),050803531467
https://www.yeoshin.co.kr/event/mobile/20635,,,,[NIKS] 슈링크 300샷 이벤트,"#리프팅레이저
#타이트닝",https://d3gurpvil0se70.cloudfront.net/upfiles/images/product/ayH1I5Kvfj3dVoj9jtfk9B5au3P2.jpg?q=90&f=webp&w=1024,,,220000.0,213000,VAT 포함,닉스의원(수원점),크림마취,여의사 진료,슈링크 #고강도초음파 #피부조직수축 피부 속 일정 깊이에 고강도 초음파를 이용하여 열 응고점을 만들어 피부 수축 #근막층도달 #강력한리프팅 피부 속 깊은 근막층까지 에너지를 도달시켜 피부를 강하게 당겨주는 리프팅 #콜라겐촉진 #피부건강회복 콜라겐 생성을 촉진시키고 수분을 끌어올려 건강하고 탄력있는 피부로 회복 권장주기 1~3개월 / 3회 이상 시술,VAT 포함,늘어지고 처진 피부의 리프팅을 원하는 분 / 잔주름을 개선하고 싶은 분 / 피부 타이트닝 효과를 얻고 싶은 분 / 자연스러운 V라인을 원하는 분,,,슈링크 시술시간 20~40분 마취여부 크림마취 회복시간 약 3일 시술효과 2개월 후,,크림마취 수면마취 국소마취,수요일 10:30 ~ 20:30 (점심 14:00 ~ 15:00) / 목요일 10:30 ~ 20:30 (점심 14:00 ~ 15:00) / 금요일 10:30 ~ 20:30 (점심 14:00 ~ 15:00) / 토요일 10:30 ~ 16:30 / 일요일 휴진 / 월요일 10:30 ~ 20:30 (점심 14:00 ~ 15:00) / *일요일/공휴일 휴진,0508-0354-3026
https://www.yeoshin.co.kr/event/mobile/2034,,,,슈링크 유니버스 리프팅,"#리프팅레이저
#타이트닝
#눈가시술",https://d3gurpvil0se70.cloudfront.net/upfiles/images/product/fueEWFqtwDtMUgqMtnRv2G7IeWgA.jpg?q=90&f=webp&w=1024,9.3,161.0,55000.0,48000,VAT 포함,데이원의원(강남역점),서울시 서초구 강남대로 423 데이원의원(강남역점)주소복사,전문의 1명,아이슈링크 #고강도초음파 #피부조직수축 피부 속 일정 깊이에 고강도 초음파를 이용하여 열 응고점을 만들어 피부 수축 #얇은부위 #좁은부위 눈가 전용팁을 이용하여 얇고 좁은 부위에도 꼼꼼하게 시술 가능 #콜라겐촉진 #피부건강회복 콜라겐 생성을 촉진시키고 수분을 끌어올려 건강하고 탄력있는 피부로 회복,VAT 포함,피부의 전체적인 탄력 개선을 원하는 분 / 얼굴 라인이 매끈하지 않아 고민인 분 / 피부 상태 및 부위별 맞춤 리프팅을 원하는 분 / 꼼꼼한 리프팅을 원하는 분,,,아이슈링크 시술시간 30분 마취여부 크림마취 회복시간 3일 시술효과 2달 후,,,수요일 10:30 ~ 20:30 (점심 13:00 ~ 14:00) / 목요일 10:30 ~ 20:30 (점심 13:00 ~ 14:00) / 금요일 10:30 ~ 20:30 (점심 13:00 ~ 14:00) / 토요일 10:30 ~ 16:00 / 일요일 휴진 / 월요일 10:30 ~ 20:30 (점심 13:00 ~ 14:00),0508-0353-7131
https://www.yeoshin.co.kr/event/mobile/8763,,,,슈링크리프팅 100샷 3.3만!,"#리프팅레이저
#타이트닝",https://d3gurpvil0se70.cloudfront.net/upfiles/images/product/2721603381.jpg?q=90&f=webp&w=1024,9.3,127.0,33000.0,26000,VAT 포함,조은날의원,,,,VAT 포함,,,,슈링크 시술시간 30분 마취여부 냉각마취 회복시간 3일 시술효과 2달 후,,,수요일 10:30 ~ 20:30 (점심 13:00 ~ 14:00) / 목요일 10:30 ~ 20:30 (점심 13:00 ~ 14:00) / 금요일 10:30 ~ 20:30 (점심 13:00 ~ 14:00) / 토요일 10:30 ~ 16:30 / 일요일 휴진 / 월요일 10:30 ~ 20:30 (점심 13:00 ~ 14:00),0508-0353-4980
https://www.yeoshin.co.kr/event/mobile/16100,,,,슈링크,"#리프팅레이저
#타이트닝",https://d3gurpvil0se70.cloudfront.net/upfiles/images/product/FtDiL0pe6xLu3KFQbhpfh1nSIqG7.jpg?q=90&f=webp&w=1024,,,440000.0,433000,VAT 포함,동안중심의원,서울특별시 강남구 압구정로48길 26 (신사동) 동안중심의원주소복사,전문의 2명,슈링크 #고강도초음파 #피부조직수축 피부 속 일정 깊이에 고강도 초음파를 이용하여 열 응고점을 만들어 피부 수축 #근막층도달 #강력한리프팅 피부 속 깊은 근막층까지 에너지를 도달시켜 피부를 강하게 당겨주는 리프팅 #콜라겐촉진 #피부건강회복 콜라겐 생성을 촉진시키고 수분을 끌어올려 건강하고 탄력있는 피부로 회복 권장주기 1~3개월 / 3회 이상 시술,VAT 포함,늘어지고 처진 피부의 리프팅을 원하는 분 / 잔주름을 개선하고 싶은 분 / 피부 타이트닝 효과를 얻고 싶은 분 / 자연스러운 V라인을 원하는 분,"시술 특장점 강한 초음파 에너지 전달 피부 손상은 줄이고 피부 속 1.5~4.5mm 깊이에 정확하고 강한 초음파 에너지를 집속하여 리프팅합니다. 피부층 강화 및 탄력 개선 노화로 인해 탄력이 떨어지고 처진 피부의 피부층과 피부 근막층을 강화시켜 탄력을 개선해 줍니다. 피부상태에 따른 다양한 카트리지 다양한 카트리지로 시술 부위, 피부 두께, 피부 상태에 따라 적합한 시술이 가능합니다.","시술 후 어떻게 관리해야 하나요? 해당 부위가 과한 열감이나 냉감에 노출되는 것을 피해주시고 수분크림을 자주 발라주세요. 슈링크는 어떤 경우에 시술을 받나요? 슈링크는 눈가, 입주변 등 살처짐이 느껴지는 곳에 리프팅을 해주는 시술입니다.",슈링크 시술시간 20~40분 마취여부 크림마취 회복시간 3일 시술효과 2달 후,"주의사항 1 일시적으로 피부가 욱신거리거나 부기, 멍, 붉음증이 나타날 수 있습니다. 2 시술 후 시술 부위를 강하게 마사지하거나 누르지 말아주세요. 3 시술 후 3~4일간 과격하고 무리한 운동은 자제해주세요. 4 시술 후 약 일주일간은 사우나, 찜질방 등 고온다습한 곳은 피해주세요.",,수요일 10:00 ~ 19:00 (점심 13:00 ~ 14:00) / 목요일 10:00 ~ 19:00 (점심 13:00 ~ 14:00) / 금요일 12:00 ~ 21:00 / 토요일 10:00 ~ 16:00 / 일요일 휴진 / 월요일 10:00 ~ 19:00 (점심 13:00 ~ 14:00),0508-0353-9614
https://www.yeoshin.co.kr/event/mobile/6085,,,,슈링크 200샷,"#리프팅레이저
#타이트닝",https://d3gurpvil0se70.cloudfront.net/upfiles/images/product/X3GKfOqngHvUt1gLzMHh6PbDXAn.jpg?q=90&f=webp&w=1024,8.0,3.0,99000.0,92000,VAT 포함,365SY연세의원,경기도 성남시 분당구 서현로210번길 20 365SY연세의원주소복사,전문의 1명,슈링크 #피부 속 까지 #초음파 고강도 초음파로 피부 속 깊숙한 근막층까지 도달하여 피부를 리프팅 #콜라겐 생성 콜라겐 생성을 촉진시켜 피부를 건강하게 리프팅 #수분 리프링 수분을 끌어올려 모공축소 및 탄력 회복에도 도움 권장주기 1~3개월 / 3회 이상 시술,VAT 포함,늘어지고 처진 피부의 리프팅을 원하는 분 / 처진 눈가를 탄력있게 개선하고 싶은 분 / 무너진 얼굴라인을 개선하고 싶은 분 / 자연스러운 V라인을 원하는 분,,,슈링크 시술시간 40분 마취여부 크림마취 회복시간 3일 시술효과 2달 후,,,수요일 09:00 ~ 16:30 (점심 13:00 ~ 14:00) / 목요일 09:00 ~ 16:30 (점심 13:00 ~ 14:00) / 금요일 09:00 ~ 16:30 (점심 13:00 ~ 14:00) / 토요일 휴진 / 일요일 휴진 / 월요일 09:00 ~ 16:30 (점심 13:00 ~ 14:00) / 일요일 변동있어요/전화문의바랍니다,0508-0354-0422
https://www.yeoshin.co.kr/event/mobile/24988,,,,슈링크,"#리프팅레이저
#타이트닝",https://d3gurpvil0se70.cloudfront.net/upfiles/images/product/xOp6wbJ4sFArGy0ZuUMz3EHrd1n8.jpg?q=90&f=webp&w=1024,,,97900.0,90900,VAT 포함,휴먼피부과의원(광명철산점),경기도 광명시 철산로 24 다인빌딩 301호 (철산동)주소복사,분야별 협진 전담회복실 사후관리 피부진단기 F-RAY 촬영 >,슈링크 #고강도초음파 #피부조직수축 피부 속 일정 깊이에 고강도 초음파를 이용하여 열 응고점을 만들어 피부 수축 #근막층도달 #강력한리프팅 피부 속 깊은 근막층까지 에너지를 도달시켜 피부를 강하게 당겨주는 리프팅 #콜라겐촉진 #피부건강회복 콜라겐 생성을 촉진시키고 수분을 끌어올려 건강하고 탄력있는 피부로 회복 권장주기 1~3개월 / 3회 이상 시술,VAT 포함,늘어지고 처진 피부의 리프팅을 원하는 분 / 잔주름을 개선하고 싶은 분 / 피부 타이트닝 효과를 얻고 싶은 분 / 자연스러운 V라인을 원하는 분,"시술 특장점 강한 초음파 에너지 전달 피부층에 정확하고 강한 초음파 에너지를 집속하여 시술합니다. 피부층 강화 및 탄력 개선 탄력이 떨어지고 처진 피부의 피부층과 근막층을 강화시켜 탄력을 개선합니다. 피부상태에 따른 다양한 카트리지 다양한 카트리지로 시술 부위, 피부 두께, 피부 상태에 맞는 시술이 가능합니다.","시술 후 어떻게 관리해야 하나요? 해당 부위가 과한 열감이나 냉감에 노출되는 것을 피해주시고 수분크림을 자주 발라주세요. 슈링크는 어떤 경우에 시술을 받나요? 슈링크는 눈가, 입주변 등 살처짐이 느껴지는 곳에 리프팅을 해주는 시술입니다.",슈링크 시술시간 20~40분 마취여부 크림마취 회복시간 약 3일 시술효과 2개월 후,"주의사항 1 일시적으로 피부가 욱신거리거나 부기, 멍, 붉음증이 나타날 수 있습니다. 2 시술 후 시술 부위를 강하게 마사지하거나 누르지 말아주세요. 3 시술 후 3~4일간 과격하고 무리한 운동은 자제해주세요.",,수요일 10:30 ~ 20:30 (점심 13:00 ~ 14:00) / 목요일 10:30 ~ 20:30 (점심 13:00 ~ 14:00) / 금요일 10:30 ~ 21:00 (점심 13:00 ~ 14:00) / 토요일 10:00 ~ 17:00 (점심 13:00 ~ 14:00) / 일요일 휴진 / 월요일 10:30 ~ 20:30 (점심 13:00 ~ 14:00),0508-0355-6373
https://www.yeoshin.co.kr/event/mobile/26243,,,,올리지오/올리지오패키지/슈링크_정품,"#리프팅레이저
#얼굴지방개선",https://d3gurpvil0se70.cloudfront.net/upfiles/images/product/ssPVt9BEumYC52iq5EwecWlSeBF9.jpg?q=90&f=webp&w=1024,,,539000.0,532000,VAT 포함,반니성형외과의원,"서울특별시 강남구 테헤란로 107 (역삼동) 8층 (역삼동, 메디타워)주소복사",전문의 2명 여의사 진료 수술실 CCTV 전담회복실 사후관리 중국어 응대 일본어 응대,,VAT 포함,,,,올리지오 시술시간 30~40분 마취여부 크림/수면 회복시간 약 1~2일 시술효과 1~2주 후,,,수요일 10:00 ~ 19:00 / 목요일 10:00 ~ 19:00 / 금요일 10:00 ~ 21:00 / 토요일 10:00 ~ 17:00 / 일요일 휴진 / 월요일 10:00 ~ 19:00,0508-0353-6588
https://www.yeoshin.co.kr/event/mobile/8495,,,,슈링크+에어젯+아기레이저,"#리프팅레이저
#타이트닝",https://d3gurpvil0se70.cloudfront.net/upfiles/images/product/3499330615.jpg?q=90&f=webp&w=1024,,,249000.0,242000,VAT 포함,365SY연세의원,경기도 성남시 분당구 서현로210번길 20 365SY연세의원주소복사,전문의 1명,에어젯 #기미 #잡티 #피부톤 #피부결 다양한 리프팅 레이저를 통해리프팅과 레이저 토닝 효과 #커스터마이징 #디자인 내 피부에 알맞은 피부 시술을 선택해 진행할 수 있습니다. 권장주기 1~3개월 / 3회 이상 시술,VAT 포함,수술 흉터가 걱정되어 수술은 부담스러운 분 / 피부가 얇아서 다른 시술이 부담스러운 분,,,에어젯 시술시간 40분 마취여부 크림마취 회복시간 3일 시술효과 2달 후,,,수요일 09:00 ~ 16:30 (점심 13:00 ~ 14:00) / 목요일 09:00 ~ 16:30 (점심 13:00 ~ 14:00) / 금요일 09:00 ~ 16:30 (점심 13:00 ~ 14:00) / 토요일 휴진 / 일요일 휴진 / 월요일 09:00 ~ 16:30 (점심 13:00 ~ 14:00) / 일요일 변동있어요/전화문의바랍니다,0508-0354-0422
https://www.yeoshin.co.kr/event/mobile/11288,,,,슈링크리프팅,"#리프팅레이저
#타이트닝",https://d3gurpvil0se70.cloudfront.net/upfiles/images/product/3320901631.jpg?q=90&f=webp&w=1024,9.8,9.0,110000.0,103000,VAT 포함,영드림의원,서울 송파구 백제고분로 262 영드림의원주소복사,전문의 1명,"슈링크 슈링크리프팅 슈링크리프팅은 고강도 초음파로 피부 속 일정 깊이에 열응고점을 만들어 늘어진 피부 조직을 수축시켜 리프팅하는 시술로 피부 속 깊숙한 근막층까지 도달하여 피부를 당겨줍니다. 또한, 콜라겐 생성을 촉진시켜 피부를 건강하게 만들며 피부 속 수분을 끌어올려 모공축소 및 탄력 회복에도 도움을 줍니다. 권장주기 1~3개월 / 3회 이상 시술",VAT 포함,비수술적인 리프팅 시술을 원하는 분 / 자연스러운 V라인을 원하는 분 / 처진 눈가를 탄력있게 개선하고 싶은 분 / 늘어지고 처진 피부의 리프팅을 원하는 분,,효과는 언제 나타나나요? 시술 후 눈으로 효과를 확인하실 수 있으나 개인에 따라 60일 이후에 눈에 띄는 변화를 느끼실 수 있습니다. 시술시 부작용이 있나요? 시술 직후 미세한 부기나 열감 등이 있을 수 있습니다.,슈링크 시술시간 30분 마취여부 크림마취 회복시간 3일 시술효과 2달 후,"주의사항 1 시술 후, 3~4일간 과격한 운동은 자제해주세요 2 붉은기, 통증, 엠보싱이 나타날 수 있습니다. 3 일주일간 필링, 스크럽 등 자극적인 행동은 삼가주세요.",,수요일 09:00 ~ 18:00 (점심 13:00 ~ 14:00) / 목요일 14:00 ~ 18:00 / 금요일 09:00 ~ 18:00 (점심 13:00 ~ 14:00) / 토요일 09:00 ~ 13:00 / 일요일 휴진 / 월요일 09:00 ~ 18:00 (점심 13:00 ~ 14:00),0508-0353-3043
https://www.yeoshin.co.kr/event/mobile/21916,,,,인천 구월동 티타늄 리프팅 40kJ,"#리프팅레이저
#타이트닝",https://d3gurpvil0se70.cloudfront.net/upfiles/images/product/nKCaW0ZEnoACgs99W5FCWxEWQlH2.png?q=90&f=webp&w=1024,,,429000.0,422000,VAT 포함,닥터쁘띠의원(인천구월점),크림마취,여의사 진료 사후관리,"티타늄 #3가지파장 #3가지효과 3가지 파장으로 리프팅, 타이트닝, 화이트닝 효과를 동시에 #사파이어쿨링 #통증DOWN 피부를 냉각하는 시스템으로 온도를 조절하여 시술시 통증이 적음 권장주기 3~4주 / 4회 시술",VAT 포함,강력한 리프팅 효과를 원하는 분 / 리프팅 시술이 하고싶지만 통증이 두려운 분 / 늘어지고 처진 피부의 리프팅을 원하는 분 / 두툼한 이중턱이 고민인 분,,,티타늄 시술시간 20분 마취여부 마취없음 회복시간 당일 시술효과 2~4주 후,,크림마취 비수면 무통마취 국소마취,수요일 10:30 ~ 20:30 / 목요일 10:30 ~ 20:30 / 금요일 10:30 ~ 20:30 / 토요일 10:30 ~ 17:00 / 일요일 10:30 ~ 17:00 / 월요일 10:30 ~ 20:30,0508-0353-0764
https://www.yeoshin.co.kr/event/mobile/23160,,,,"영상O 올리원 리프팅_티타늄,튠,스킨보톡스","#피부과 전문의
#리프팅레이저
#타이트닝",https://d3gurpvil0se70.cloudfront.net/upfiles/images/product/yqBrYub3yZ2LJXyiBClvo3O2Y6d3.jpg?q=90&f=webp&w=1024,10.0,1.0,2750000.0,2743000,VAT 포함,페이브피부과의원(용산),"서울특별시 용산구 한강대로 69 (한강로2가, 용산푸르지오써밋) 페이브피부과의원주소복사",전문의 1명 여의사 진료 수술실 CCTV 사후관리 영어 응대 중국어 응대 일본어 응대,"티타늄 #3가지파장 #3가지효과 3가지 파장으로 리프팅, 타이트닝, 화이트닝 효과를 동시에 #사파이어쿨링 #통증DOWN 피부를 냉각하는 시스템으로 온도를 조절하여 시술시 통증이 적음 올리원 리프팅 티타늄+튠+스킨보톡스를 only 하루에! 권장주기 3~4주 / 4회 시술",VAT 포함,강력한 리프팅 효과를 원하는 분 / 리프팅 시술이 하고싶지만 통증이 두려운 분 / 늘어지고 처진 피부의 리프팅을 원하는 분 / 두툼한 이중턱이 고민인 분,"시술 특장점 복합적인 피부 고민 개선 피부 모든 층에 에너지를 전달하여 리프팅, 탄력, 피부톤 등 개선이 가능합니다. 빛 파장을 이용한 레이저 초음파가 아닌 빛을 사용하는 레이저로 피부결과 피부톤 개선에도 효과적입니다.",유지 기간과 권장 주기는 어떻게 되나요? 약 6개월~1년 정도 유지가 가능하며 3~4주 간격으로 3~5회 시술을 권장합니다. 시술 통증은 어느정도 인가요? 강력한 티타늄 쿨링 팁이 시술 부위를 보호하여 통증이 비교적 적습니다.,티타늄 시술시간 20분 마취여부 마취없음 회복시간 당일 시술효과 2~4주 후,"주의사항 1 시술 후 세안 및 메이크업이 가능합니다. 2 1주일 정도 사우나, 찜질방은 피해주세요. 3 열감에 의해 건조함을 느낄 수 있으니 보습제를 충분히 발라주세요. 4 외출 시 피부 보호를 위해 자외선 차단제를 잘 발라주세요.",,수요일 휴진 / 목요일 10:00 ~ 20:00 (점심 13:00 ~ 14:00) / 금요일 10:00 ~ 20:00 (점심 13:00 ~ 14:00) / 토요일 09:30 ~ 15:00 / 일요일 휴진 / 월요일 10:00 ~ 20:00 (점심 13:00 ~ 14:00) / (공휴일이 있는 주는 수요일 정상진료),0508-0353-1618
https://www.yeoshin.co.kr/event/mobile/11001,,,,피부과전문의_티타늄리프팅,"#피부과 전문의
#리프팅레이저
#타이트닝",https://d3gurpvil0se70.cloudfront.net/upfiles/images/product/zYza0foi21iEVF56Jz5pThbbK1eA.jpg?q=90&f=webp&w=1024,10.0,2.0,660000.0,653000,VAT 포함,페이브피부과의원(용산),"서울특별시 용산구 한강대로 69 (한강로2가, 용산푸르지오써밋) 페이브피부과의원주소복사",전문의 1명 여의사 진료 수술실 CCTV 사후관리 영어 응대 중국어 응대 일본어 응대,"티타늄 #3가지파장 #3가지효과 3가지 파장으로 리프팅, 타이트닝, 화이트닝 효과를 동시에 #사파이어쿨링 #통증DOWM 피부를 냉각하는 시스템으로 온도를 조절하여 시술 시 통증이 적음 권장주기 3~4주 / 4회 시술",VAT 포함,강력한 리프팅 효과를 원하는 분 / 리프팅 시술이 하고싶지만 통증이 두려운 분 / 늘어지고 처진 피부의 리프팅을 원하는 분 / 두툼한 이중턱이 고민인 분,"시술 특장점 복합적인 피부 고민 개선 피부 모든 층에 에너지를 전달하여 리프팅, 탄력, 피부톤 등 개선이 가능합니다. 빛 파장을 이용한 레이저 초음파가 아닌 빛을 사용하는 레이저로 피부결과 피부톤 개선에도 효과적입니다.",반복 횟수는? 3-4주간격으로 최소 3-5회이상 반복해주시면 유지기간이 더 길어지게 됩니다. 보통 6개월에서 1년가량 유지됩니다. 시술 시간은 얼마나 걸리나요? 시술 자체는 약 25-30분 정도 소요됩니다. 전후 관리를 포함하여서 약 60분가량 소요됩니다.,티타늄 시술시간 20분 마취여부 마취없음 회복시간 당일 시술효과 2~4주 후,"주의사항 1 붉어짐,멍,열감은 일시적 현상으로 수일 내 완화됩니다. 2 충분한 수분 공급 및 보습제를 사용해 주세요. 3 외출 시에는 자외선 차단제를 반드시 사용해 주세요.",,수요일 휴진 / 목요일 10:00 ~ 20:00 (점심 13:00 ~ 14:00) / 금요일 10:00 ~ 20:00 (점심 13:00 ~ 14:00) / 토요일 09:30 ~ 15:00 / 일요일 휴진 / 월요일 10:00 ~ 20:00 (점심 13:00 ~ 14:00) / (공휴일이 있는 주는 수요일 정상진료),0508-0353-1618
https://www.yeoshin.co.kr/event/mobile/26983,,,,고강도 티타늄 리프팅 40KJ,"#리프팅레이저
#타이트닝",https://d3gurpvil0se70.cloudfront.net/upfiles/images/product/alxkNtECBR005FRw4mZMshvYTW87.jpg?q=90&f=webp&w=1024,10.0,1.0,396000.0,389000,VAT 포함,VS라인의원(인천구월점),인천광역시 남동구 인하로489번길 10 VS라인의원(인천구월점)주소복사,피부진단기 F-RAY 촬영 >,"티타늄 #3가지파장 #3가지효과 3가지 파장으로 리프팅, 타이트닝, 화이트닝 효과를 동시에 #사파이어쿨링 #통증DOWN 피부를 냉각하는 시스템으로 온도를 조절하여 시술시 통증이 적음 권장주기 3~4주 / 4회 시술",VAT 포함,강력한 리프팅 효과를 원하는 분 / 리프팅 시술이 하고싶지만 통증이 두려운 분 / 늘어지고 처진 피부의 리프팅을 원하는 분 / 두툼한 이중턱이 고민인 분,"시술 특장점 복합적인 피부 고민 개선 피부 모든 층에 에너지를 전달하여 리프팅, 탄력, 피부톤 등 개선이 가능합니다. 빛 파장을 이용한 레이저 초음파가 아닌 빛을 사용하는 레이저로 피부결과 피부톤 개선에도 효과적입니다.",유지 기간과 권장 주기는 어떻게 되나요? 약 6개월~1년 정도 유지가 가능하며 3~4주 간격으로 3~5회 시술을 권장합니다. 시술 통증은 어느정도 인가요? 강력한 티타늄 쿨링 팁이 시술 부위를 보호하여 통증이 비교적 적습니다.,티타늄 시술시간 20분 마취여부 마취없음 회복시간 당일 시술효과 2~4주 후,"주의사항 1 시술 후 세안 및 메이크업이 가능합니다. 2 1주일 정도 사우나, 찜질방은 피해주세요. 3 열감에 의해 건조함을 느낄 수 있으니 보습제를 충분히 발라주세요.",,수요일 10:00 ~ 20:00 / 목요일 10:00 ~ 20:00 / 금요일 10:00 ~ 20:00 / 토요일 10:00 ~ 17:00 / 일요일 휴진 / 월요일 10:00 ~ 20:00,0508-0354-1766
https://www.yeoshin.co.kr/event/mobile/27322,,,,에르네의원 티타늄리프팅(마취선택),"#리프팅레이저
#타이트닝",https://d3gurpvil0se70.cloudfront.net/upfiles/images/product/P2tpfPey8WaQ4JDmqiRQNE7LWM05.jpg?q=90&f=webp&w=1024,,,440000.0,433000,VAT 포함,에르네의원,서울시 서초구 서초대로 77길 59 에르네의원주소복사,여의사 진료 영어 응대 중국어 응대 일본어 응대,"티타늄 #3가지파장 #3가지효과 3가지 파장으로 리프팅, 타이트닝, 화이트닝 효과를 동시에 #사파이어쿨링 #통증DOWN 피부를 냉각하는 시스템으로 온도를 조절하여 시술시 통증이 적음 권장주기 3~4주 / 4회 시술",VAT 포함,강력한 리프팅 효과를 원하는 분 / 리프팅 시술이 하고싶지만 통증이 두려운 분 / 늘어지고 처진 피부의 리프팅을 원하는 분 / 두툼한 이중턱이 고민인 분,"시술 특장점 복합적인 피부 고민 개선 피부 모든 층에 에너지를 전달하여 리프팅, 탄력, 피부톤 등 개선이 가능합니다. 빛 파장을 이용한 레이저 초음파가 아닌 빛을 사용하는 레이저로 피부결과 피부톤 개선에도 효과적입니다.",유지 기간과 권장 주기는 어떻게 되나요? 약 6개월~1년 정도 유지가 가능하며 3~4주 간격으로 3~5회 시술을 권장합니다. 시술 통증은 어느정도 인가요? 강력한 티타늄 쿨링 팁이 시술 부위를 보호하여 통증이 비교적 적습니다.,티타늄 시술시간 20분 마취여부 마취타입 선택 회복시간 당일 시술효과 2~4주 후,"주의사항 1 시술 후 세안 및 메이크업이 가능합니다. 2 1주일 정도 사우나, 찜질방은 피해주세요. 3 열감에 의해 건조함을 느낄 수 있으니 보습제를 충분히 발라주세요.",,수요일 10:00 ~ 21:00 / 목요일 10:00 ~ 21:00 / 금요일 10:00 ~ 21:00 / 토요일 10:00 ~ 17:00 / 일요일 10:00 ~ 17:00 / 월요일 10:00 ~ 21:00,0508-0354-2964
https://www.yeoshin.co.kr/event/mobile/26700,,,,"티타늄리프팅으로 화이트닝,리프팅,타이트닝","#리프팅레이저
#타이트닝",https://d3gurpvil0se70.cloudfront.net/upfiles/images/product/dEYvYlIWg4FALZFkvdmvgBqDyde8.jpg?q=90&f=webp&w=1024,10.0,1.0,495000.0,488000,VAT 포함,제이필의원(홍대점),크림마취,전문의 1명 여의사 진료 수술실 CCTV 분야별 협진 사후관리,,VAT 포함,,,,티타늄 시술시간 20분 마취여부 마취없음 회복시간 당일 시술효과 2~4주 후,,크림마취 수면마취 비수면 무통마취,수요일 10:00 ~ 20:00 / 목요일 10:00 ~ 20:00 / 금요일 10:00 ~ 20:00 / 토요일 10:00 ~ 17:00 / 일요일 휴진 / 월요일 10:00 ~ 20:00,050803543270
https://www.yeoshin.co.kr/event/mobile/16173,,,,티타늄 리프팅,"#리프팅레이저
#타이트닝",https://d3gurpvil0se70.cloudfront.net/upfiles/images/product/Q1mE9DfseMn8DcBrm0Zx6fs3WlD9.jpg?q=90&f=webp&w=1024,9.3,4.0,209000.0,202000,VAT 포함,제너리스의원(연신내점),,,"티타늄 #3가지파장 #3가지효과 3가지 파장으로 리프팅, 타이트닝, 화이트닝 효과를 동시에 #사파이어쿨링 #통증DOWM 피부를 냉각하는 시스템으로 온도를 조절하여 시술 시 통증이 적음 권장주기 3~4주 / 4회 시술",VAT 포함,강력한 리프팅 효과를 원하는 분 / 리프팅 시술이 하고싶지만 통증이 두려운 분 / 늘어지고 처진 피부의 리프팅을 원하는 분 / 두툼한 이중턱이 고민인 분,,,티타늄 시술시간 20분 마취여부 마취있음 회복시간 당일 시술효과 2~4주 후,,,수요일 10:30 ~ 20:00 (점심 13:00 ~ 14:00) / 목요일 10:30 ~ 20:00 (점심 13:00 ~ 14:00) / 금요일 10:30 ~ 20:00 (점심 13:00 ~ 14:00) / 토요일 10:00 ~ 17:00 (점심 13:00 ~ 14:00) / 일요일 휴진 / 월요일 10:30 ~ 20:00 (점심 13:00 ~ 14:00),0508-0353-9732
https://www.yeoshin.co.kr/event/mobile/27462,,,,수원 티타늄리프팅,"#리프팅레이저
#타이트닝",https://d3gurpvil0se70.cloudfront.net/upfiles/images/product/EH8ZHK1d2SgcbJ7IC0HISOVw9WR1.jpg?q=90&f=webp&w=1024,,,560000.0,553000,VAT 포함,샤인유의원(수원점),,,,VAT 포함,,,,티타늄 시술시간 20분 마취여부 마취포함 회복시간 당일 시술효과 즉시,,,수요일 10:30 ~ 20:30 (점심 14:00 ~ 15:00) / 목요일 10:30 ~ 20:30 (점심 14:00 ~ 15:00) / 금요일 10:30 ~ 20:30 (점심 14:00 ~ 15:00) / 토요일 10:00 ~ 16:00 / 일요일 휴진 / 월요일 10:30 ~ 20:30 (점심 14:00 ~ 15:00),0508-0354-0678
https://www.yeoshin.co.kr/event/mobile/20568,,,,탄방동 3파장 티타늄 60kJ,"#리프팅레이저
#타이트닝",https://d3gurpvil0se70.cloudfront.net/upfiles/images/product/wg8Ep512ldDHtYB9ceVinshphoA2.png?q=90&f=webp&w=1024,,,814000.0,807000,VAT 포함,닥터쁘띠의원(대전점),대전광역시 서구 문정로48번길 70 (탄방동) 우리병원건물 2층 닥터쁘띠의원 대전점 주소복사,여의사 진료,"티타늄 #3가지파장 #3가지효과 3가지 파장으로 리프팅, 타이트닝, 화이트닝 효과를 동시에 #사파이어쿨링 #통증DOWN 피부를 냉각하는 시스템으로 온도를 조절하여 시술시 통증이 적음 권장주기 3~4주 / 4회 시술",VAT 포함,강력한 리프팅 효과를 원하는 분 / 리프팅 시술이 하고싶지만 통증이 두려운 분 / 늘어지고 처진 피부의 리프팅을 원하는 분 / 두툼한 이중턱이 고민인 분,"시술 특장점 복합적인 피부 고민 개선 피부 모든 층에 에너지를 전달하여 리프팅, 탄력, 피부톤 등 개선이 가능합니다. 빛 파장을 이용한 레이저 초음파가 아닌 빛을 사용하는 레이저로 피부결과 피부톤 개선에도 효과적입니다.",유지 기간과 권장 주기는 어떻게 되나요? 약 6개월~1년 정도 유지가 가능하며 3~4주 간격으로 3~5회 시술을 권장합니다. 시술 통증은 어느정도 인가요? 강력한 티타늄 쿨링 팁이 시술 부위를 보호하여 통증이 비교적 적습니다.,티타늄 시술시간 20분 마취여부 마취없음 회복시간 당일 시술효과 2~4주 후,"주의사항 1 시술 후 세안 및 메이크업이 가능합니다. 2 1주일 정도 사우나, 찜질방은 피해주세요. 3 열감에 의해 건조함을 느낄 수 있으니 보습제를 충분히 발라주세요.",,수요일 10:00 ~ 20:00 (점심 13:00 ~ 14:00) / 목요일 10:00 ~ 20:00 (점심 13:00 ~ 14:00) / 금요일 10:00 ~ 20:00 (점심 13:00 ~ 14:00) / 토요일 10:00 ~ 16:30 / 일요일 휴진 / 월요일 10:00 ~ 20:00 (점심 13:00 ~ 14:00) / *공휴일 : 10:00 ~ 17:00,0508-0353-0924
https://www.yeoshin.co.kr/event/mobile/25040,,,,리프팅 (의료진 지정불가),"#피부과 전문의
#리프팅레이저
#타이트닝",https://d3gurpvil0se70.cloudfront.net/upfiles/images/product/DgcEYRziToBACwdPPp55w9F75SG5.jpg?q=90&f=webp&w=1024,,,1100000.0,1093000,VAT 포함,페이브피부과의원(용산),"서울특별시 용산구 한강대로 69 (한강로2가, 용산푸르지오써밋) 페이브피부과의원주소복사",전문의 1명 여의사 진료 수술실 CCTV 사후관리 영어 응대 중국어 응대 일본어 응대,"티타늄 #3가지파장 #3가지효과 3가지 파장으로 리프팅, 타이트닝, 화이트닝 효과를 동시에 #사파이어쿨링 #통증DOWN 피부를 냉각하는 시스템으로 온도를 조절하여 시술시 통증이 적음 권장주기 2~4주 / 4회 시술",VAT 포함,강력한 리프팅 효과를 원하는 분 / 리프팅 시술이 하고싶지만 통증이 두려운 분 / 늘어지고 처진 피부의 리프팅을 원하는 분 / 두툼한 이중턱이 고민인 분,"시술 특장점 복합적인 피부 고민 개선 피부 모든 층에 에너지를 전달하여 리프팅, 탄력, 피부톤 등 개선이 가능합니다. 빛 파장을 이용한 레이저 초음파가 아닌 빛을 사용하는 레이저로 피부결과 피부톤 개선에도 효과적입니다.",유지 기간과 권장 주기는 어떻게 되나요? 약 6개월~1년 정도 유지가 가능하며 3~4주 간격으로 3~5회 시술을 권장합니다. 시술 통증은 어느정도 인가요? 강력한 티타늄 쿨링 팁이 시술 부위를 보호하여 통증이 비교적 적습니다.,티타늄 시술시간 20분 마취여부 마취크림 회복시간 당일 시술효과 2~4주 후,"주의사항 1 시술 후 세안 및 메이크업이 가능합니다. 2 1주일 정도 사우나, 찜질방은 피해주세요. 3 열감에 의해 건조함을 느낄 수 있으니 보습제를 충분히 발라주세요.",,수요일 휴진 / 목요일 10:00 ~ 20:00 (점심 13:00 ~ 14:00) / 금요일 10:00 ~ 20:00 (점심 13:00 ~ 14:00) / 토요일 09:30 ~ 15:00 / 일요일 휴진 / 월요일 10:00 ~ 20:00 (점심 13:00 ~ 14:00) / (공휴일이 있는 주는 수요일 정상진료),0508-0353-1618
https://www.yeoshin.co.kr/event/mobile/15143,,,,피부과전문의 티타늄(80kj)+튠라이너 외,"#피부과 전문의
#리프팅레이저
#타이트닝",https://d3gurpvil0se70.cloudfront.net/upfiles/images/product/IDJnc5cu96ir9Ob7vMv4G8ST8BrA.jpg?q=90&f=webp&w=1024,,,1540000.0,1533000,VAT 포함,페이브피부과의원(용산),"서울특별시 용산구 한강대로 69 (한강로2가, 용산푸르지오써밋) 페이브피부과의원주소복사",전문의 1명 여의사 진료 수술실 CCTV 사후관리 영어 응대 중국어 응대 일본어 응대,"티타늄 #3가지파장 #3가지효과 3가지 파장으로 리프팅, 타이트닝, 화이트닝 효과를 동시에 #사파이어쿨링 #통증DOWN 피부를 냉각하는 시스템으로 온도를 조절하여 시술시 통증이 적음 권장주기 3~4주 / 4회 시술",VAT 포함,강력한 리프팅 효과를 원하는 분 / 리프팅 시술이 하고싶지만 통증이 두려운 분 / 늘어지고 처진 피부의 리프팅을 원하는 분 / 두툼한 이중턱이 고민인 분,"시술 특장점 복합적인 피부 고민 개선 피부 모든 층에 에너지를 전달하여 리프팅, 탄력, 피부톤 등 개선이 가능합니다. 빛 파장을 이용한 레이저 초음파가 아닌 빛을 사용하는 레이저로 피부결과 피부톤 개선에도 효과적입니다.",유지 기간과 권장 주기는 어떻게 되나요? 약 6개월~1년 정도 유지가 가능하며 3~4주 간격으로 3~5회 시술을 권장합니다. 시술 통증은 어느정도 인가요? 강력한 티타늄 쿨링 팁이 시술 부위를 보호하여 통증이 비교적 적습니다.,티타늄 시술시간 20분 마취여부 마취없음 회복시간 당일 시술효과 2~4주 후,"주의사항 1 시술 후 세안 및 메이크업이 가능합니다. 2 1주일 정도 사우나, 찜질방은 피해주세요. 3 열감에 의해 건조함을 느낄 수 있으니 보습제를 충분히 발라주세요.",,수요일 휴진 / 목요일 10:00 ~ 20:00 (점심 13:00 ~ 14:00) / 금요일 10:00 ~ 20:00 (점심 13:00 ~ 14:00) / 토요일 09:30 ~ 15:00 / 일요일 휴진 / 월요일 10:00 ~ 20:00 (점심 13:00 ~ 14:00) / (공휴일이 있는 주는 수요일 정상진료),0508-0353-1618
https://www.yeoshin.co.kr/event/mobile/26795,,,,잠실온 피부과 전문의_ 티타늄 리프팅,"#피부과 전문의
#리프팅레이저
#타이트닝",https://d3gurpvil0se70.cloudfront.net/upfiles/images/product/5nJzBHnW6IWoq0nS6iEowUIMOXR6.png?q=90&f=webp&w=1024,10.0,1.0,649000.0,642000,VAT 포함,잠실온피부과의원,크림마취,전문의 2명 여의사 진료 사후관리,"티타늄 #3가지파장 #3가지효과 3가지 파장으로 리프팅, 타이트닝, 화이트닝 효과를 동시에 #사파이어쿨링 #통증DOWN 피부를 냉각하는 시스템으로 온도를 조절하여 시술시 통증이 적음 권장주기 4주 / 3회 시술",VAT 포함,강력한 리프팅 효과를 원하는 분 / 리프팅 시술이 하고싶지만 통증이 두려운 분 / 늘어지고 처진 피부의 리프팅을 원하는 분 / 두툼한 이중턱이 고민인 분,"시술 특장점 복합적인 피부 고민 개선 피부 모든 층에 에너지를 전달하여 리프팅, 탄력, 피부톤 등 개선이 가능합니다. 빛 파장을 이용한 레이저 초음파가 아닌 빛을 사용하는 레이저로 피부결과 피부톤 개선에도 효과적입니다.",유지 기간과 권장 주기는 어떻게 되나요? 약 6개월~1년 정도 유지가 가능하며 3~4주 간격으로 3~5회 시술을 권장합니다. 시술 통증은 어느정도 인가요? 강력한 티타늄 쿨링 팁이 시술 부위를 보호하여 통증이 비교적 적습니다.,티타늄 시술시간 40분 마취여부 마취크림 회복시간 당일 시술효과 2~4주 후,"주의사항 1 시술 후 세안 및 메이크업이 가능합니다. 2 1주일 정도 사우나, 찜질방은 피해주세요. 3 열감에 의해 건조함을 느낄 수 있으니 보습제를 충분히 발라주세요.",크림마취 국소마취,수요일 10:00 ~ 20:00 (점심 13:00 ~ 14:00) / 목요일 10:00 ~ 20:00 (점심 13:00 ~ 14:00) / 금요일 10:00 ~ 20:00 (점심 13:00 ~ 14:00) / 토요일 10:00 ~ 16:00 / 일요일 휴진 / 월요일 10:00 ~ 20:00 (점심 13:00 ~ 14:00),050803543275
https://www.yeoshin.co.kr/event/mobile/22357,,,,[플래티넘] 티타늄 리프팅 이벤트,"#리프팅레이저
#타이트닝",https://d3gurpvil0se70.cloudfront.net/upfiles/images/product/oIEmZyisvovqD7e1gIjH2JOLhTG5.jpg?q=90&f=webp&w=1024,9.2,86.0,190000.0,183000,VAT 포함,플래티넘의원,"서울특별시 서초구 강남대로 589 (잠원동) 5층 (잠원동, 멀버리힐스 메디컬타워)주소복사",,,VAT 포함,,,,티타늄 시술시간 20분 마취여부 크림마취 회복시간 당일 시술효과 2~4주 후,,크림마취 비수면 무통마취,"수요일 10:00 ~ 19:00 (점심 13:00 ~ 14:00) / 목요일 10:00 ~ 19:00 (점심 13:00 ~ 14:00) / 금요일 10:00 ~ 19:00 (점심 13:00 ~ 14:00) / 토요일 10:00 ~ 16:00 (점심 13:00 ~ 14:00) / 일요일 휴진 / 월요일 10:00 ~ 19:00 (점심 13:00 ~ 14:00) / 매주 수요일, 일요일 휴진입니다.",0508-0353-4211
https://www.yeoshin.co.kr/event/mobile/17570,,,,고강도 티타늄 리프팅,"#리프팅레이저
#타이트닝",https://d3gurpvil0se70.cloudfront.net/upfiles/images/product/j5TlKEGwCicmCotz5S1Ez4m2PGn5.jpg?q=90&f=webp&w=1024,10.0,2.0,440000.0,433000,VAT 포함,세가지소원의원(압구정),서울특별시 강남구 논현로 824 세가지소원의원(압구정)주소복사,영어 응대 중국어 응대 일본어 응대,,VAT 포함,,,,티타늄 시술시간 30분 마취여부 별도문의 회복시간 당일 시술효과 1주 후,,,수요일 10:00 ~ 19:00 / 목요일 10:00 ~ 20:00 / 금요일 10:00 ~ 19:00 / 토요일 10:00 ~ 17:00 / 일요일 휴진 / 월요일 10:00 ~ 19:00,0508-0353-5028
https://www.yeoshin.co.kr/event/mobile/27575,,,,즉각효과 1:1디자인 티타늄 50KJ,"#리프팅레이저
#타이트닝",https://d3gurpvil0se70.cloudfront.net/upfiles/images/product/T76pF3yHaVHEvg0MxTCdLjace2n.jpg?q=90&f=webp&w=1024,,,603900.0,596900,VAT 포함,리베리의원(마포점),크림마취,사후관리,"티타늄 #3가지파장 #3가지효과 3가지 파장으로 리프팅, 타이트닝, 화이트닝 효과를 동시에 #사파이어쿨링 #통증DOWN 피부를 냉각하는 시스템으로 온도를 조절하여 시술시 통증이 적음 권장주기 3~4주 / 4회 시술",VAT 포함,강력한 리프팅 효과를 원하는 분 / 리프팅 시술이 하고싶지만 통증이 두려운 분 / 늘어지고 처진 피부의 리프팅을 원하는 분 / 두툼한 이중턱이 고민인 분,"시술 특장점 복합적인 피부 고민 개선 피부 모든 층에 에너지를 전달하여 리프팅, 탄력, 피부톤 등 개선이 가능합니다. 빛 파장을 이용한 레이저 초음파가 아닌 빛을 사용하는 레이저로 피부결과 피부톤 개선에도 효과적입니다.",유지 기간과 권장 주기는 어떻게 되나요? 약 6개월~1년 정도 유지가 가능하며 3~4주 간격으로 3~5회 시술을 권장합니다. 시술 통증은 어느정도 인가요? 강력한 티타늄 쿨링 팁이 시술 부위를 보호하여 통증이 비교적 적습니다.,티타늄 시술시간 20분 마취여부 마취없음 회복시간 당일 시술효과 2~4주 후,"주의사항 1 시술 후 세안 및 메이크업이 가능합니다. 2 1주일 정도 사우나, 찜질방은 피해주세요. 3 열감에 의해 건조함을 느낄 수 있으니 보습제를 충분히 발라주세요.",크림마취 국소마취,수요일 10:30 ~ 20:30 (점심 14:00 ~ 15:00) / 목요일 10:30 ~ 20:30 (점심 14:00 ~ 15:00) / 금요일 10:30 ~ 20:30 (점심 14:00 ~ 15:00) / 토요일 10:30 ~ 15:30 / 일요일 휴진 / 월요일 10:30 ~ 20:30 (점심 14:00 ~ 15:00),"서울특별시 마포구 월드컵로 200, 11층 1101,1102호(성산동, SJ라벨라 상암)"
https://www.yeoshin.co.kr/event/mobile/18660,,,,올인원 티타늄,"#피부과 전문의
#리프팅레이저
#타이트닝",https://d3gurpvil0se70.cloudfront.net/upfiles/images/product/dFNQzwl6KN53TAXNxLITuwpbDRsA.png?q=90&f=webp&w=1024,,,495000.0,488000,VAT 포함,리엔장성형외과의원(본점),서울특별시 서초구 강남대로 403 (서초동) 14~18층(서초동)주소복사,전문의 7명 영어 응대 중국어 응대 일본어 응대,"티타늄 #3가지파장 #3가지효과 3가지 파장으로 리프팅, 타이트닝, 화이트닝 효과를 동시에 #사파이어쿨링 #통증DOWN 피부를 냉각하는 시스템으로 온도를 조절하여 시술시 통증이 적음 권장주기 3~4주 / 4회 시술",VAT 포함,강력한 리프팅 효과를 원하는 분 / 리프팅 시술이 하고싶지만 통증이 두려운 분 / 늘어지고 처진 피부의 리프팅을 원하는 분 / 두툼한 이중턱이 고민인 분,,,티타늄 시술시간 20분 마취여부 마취없음 회복시간 당일 시술효과 2~4주 후,,,수요일 10:00 ~ 20:00 / 목요일 10:00 ~ 20:00 / 금요일 10:00 ~ 20:00 / 토요일 09:30 ~ 17:00 / 일요일 11:00 ~ 17:00 / 월요일 10:00 ~ 20:00 / 일요일 : 휴진(글로벌센터만 운영),0508-0353-7084
https://www.yeoshin.co.kr/event/mobile/27275,,,,더프라이드 올인원 티타늄 리프팅,"#리프팅레이저
#타이트닝",https://d3gurpvil0se70.cloudfront.net/upfiles/images/product/TNWqIYHq3EHVHiJ8mYiWDiuR3cf3.jpg?q=90&f=webp&w=1024,10.0,1.0,275000.0,268000,VAT 포함,더프라이드성형외과의원,수면마취,전문의 4명,,VAT 포함,,,,티타늄 시술시간 20분 마취여부 마취없음 회복시간 당일 시술효과 2~4주 후,,수면마취 전신마취 국소마취,수요일 10:00 ~ 19:00 / 목요일 10:00 ~ 19:00 / 금요일 10:00 ~ 19:00 / 토요일 10:00 ~ 17:00 / 일요일 휴진 / 월요일 10:00 ~ 19:00,050803530154
https://www.yeoshin.co.kr/event/mobile/27227,,,,신사-티타늄 리프팅,"#리프팅레이저
#타이트닝",https://d3gurpvil0se70.cloudfront.net/upfiles/images/product/ViziJ0bwTTClVgDE6BtsvLYZSYo5.jpg?q=90&f=webp&w=1024,,,440000.0,433000,VAT 포함,제로의원(신사점),,,,VAT 포함,,,,티타늄 시술시간 20분 마취여부 마취없음 회복시간 당일 시술효과 2~4주 후,,,수요일 10:30 ~ 20:30 (점심 13:00 ~ 14:00) / 목요일 10:30 ~ 20:30 (점심 13:00 ~ 14:00) / 금요일 10:30 ~ 20:30 (점심 13:00 ~ 14:00) / 토요일 10:00 ~ 16:00 / 일요일 휴진 / 월요일 10:30 ~ 20:30 (점심 13:00 ~ 14:00),050803543403
https://www.yeoshin.co.kr/event/mobile/26161,,,,(원장상담후 시술)티타늄리프팅 40KJ,"#리프팅레이저
#타이트닝",https://d3gurpvil0se70.cloudfront.net/upfiles/images/product/7X4Dh8KvXktR5imBq9GXLLXOM2W4.jpg?q=90&f=webp&w=1024,10.0,3.0,390000.0,383000,VAT 포함,오운의원(삼성점),,,"티타늄 #3가지파장 #3가지효과 3가지 파장으로 리프팅, 타이트닝, 화이트닝 효과를 동시에 #사파이어쿨링 #통증DOWN 피부를 냉각하는 시스템으로 온도를 조절하여 시술시 통증이 적음 권장주기 3~4주 / 4회 시술",VAT 포함,강력한 리프팅 효과를 원하는 분 / 리프팅 시술이 하고싶지만 통증이 두려운 분 / 늘어지고 처진 피부의 리프팅을 원하는 분 / 두툼한 이중턱이 고민인 분,,,티타늄 시술시간 20분 마취여부 마취없음 회복시간 당일 시술효과 2~4주 후,,,수요일 10:30 ~ 20:30 / 목요일 10:30 ~ 20:30 / 금요일 10:30 ~ 20:30 / 토요일 10:30 ~ 16:30 / 일요일 10:30 ~ 16:30 / 월요일 10:30 ~ 20:30 / 접수마감 (평일 19:30/ 주말 15:30),050803531550
https://www.yeoshin.co.kr/event/mobile/15110,,,,티타늄리프팅 & 컷주사,"#리프팅레이저
#타이트닝",https://d3gurpvil0se70.cloudfront.net/upfiles/images/product/EQ0PhlqhiziiGWuFvrjKGrCMzFu.jpg?q=90&f=webp&w=1024,8.9,7.0,935000.0,928000,VAT 포함,유라인의원,서울특별시 강남구 선릉로160길 7 유라인의원주소복사,전문의 1명,,VAT 포함,,,,리프팅레이저 시술시간 30분 마취여부 마취없음 회복시간 1일 시술효과 2~3일 후,,,수요일 휴진 / 목요일 10:00 ~ 20:00 / 금요일 10:00 ~ 20:00 / 토요일 10:00 ~ 16:00 / 일요일 휴진 / 월요일 10:00 ~ 20:00,0508-0353-4222
https://www.yeoshin.co.kr/event/mobile/19970,,,,왕십리 티타늄 리프팅 (60kJ),"#리프팅레이저
#타이트닝",https://d3gurpvil0se70.cloudfront.net/upfiles/images/product/kjV2ZfBoaSiZGdGtDFgSfQ65Z9b1.png?q=90&f=webp&w=1024,9.7,11.0,440000.0,433000,VAT 포함,닥터쁘띠의원(왕십리점),크림마취,전문의 1명,,VAT 포함,,,,티타늄 시술시간 20분 마취여부 마취없음 회복시간 당일 시술효과 2~4주 후,,크림마취 국소마취,수요일 휴진 / 목요일 10:00 ~ 20:00 (점심 13:00 ~ 14:00) / 금요일 10:00 ~ 20:00 (점심 13:00 ~ 14:00) / 토요일 10:00 ~ 16:00 / 일요일 휴진 / 월요일 10:00 ~ 20:00 (점심 13:00 ~ 14:00),0508-0353-1857
https://www.yeoshin.co.kr/event/mobile/18733,,,,티타늄 리프 우아_티타늄 리프팅,"#리프팅레이저
#타이트닝",https://d3gurpvil0se70.cloudfront.net/upfiles/images/product/CqFGEBhScOcRG4Fpk93aIkKdSgi1.jpg?q=90&f=webp&w=1024,10.0,3.0,660000.0,653000,VAT 포함,우아성형외과의원,크림마취,전문의 7명 여의사 진료 마취과의 진료 수술실 CCTV 응급처치 시스템 분야별 협진 기본 입원실 전담회복실 사후관리 영어 응대 중국어 응대 일본어 응대,,VAT 포함,,,,티타늄 시술시간 20분 마취여부 마취없음 회복시간 당일 시술효과 2~4주 후,,크림마취 수면마취 전신마취 국소마취,수요일 10:00 ~ 19:00 / 목요일 10:00 ~ 19:00 / 금요일 10:00 ~ 20:30 / 토요일 10:00 ~ 17:00 / 일요일 휴진 / 월요일 10:00 ~ 20:30,0508-0353-5445
https://www.yeoshin.co.kr/event/mobile/23214,,,,3가지 효과를 동시에 베이드 티타늄 리프팅,"#리프팅레이저
#타이트닝",https://d3gurpvil0se70.cloudfront.net/upfiles/images/product/dfK7uwq3gbCMj04AxWX5RsQJxf28.jpg?q=90&f=webp&w=1024,9.0,2.0,550000.0,543000,VAT 포함,베이드의원,서울특별시 강남구 논현로 839 베이드의원주소복사,전문의 3명 영어 응대 중국어 응대 피부진단기 F-RAY 촬영 >,,VAT 포함,,,,티타늄 시술시간 20분 마취여부 마취없음 회복시간 당일 시술효과 2~4주 후,,,수요일 10:00 ~ 20:00 (점심 13:00 ~ 14:00) / 목요일 10:00 ~ 20:00 (점심 13:00 ~ 14:00) / 금요일 10:00 ~ 20:00 (점심 13:00 ~ 14:00) / 토요일 10:00 ~ 16:00 / 일요일 휴진 / 월요일 10:00 ~ 20:00 (점심 13:00 ~ 14:00),0508-0353-3673
https://www.yeoshin.co.kr/event/mobile/27780,,,,60kj 티타늄 도입 이벤트 패키지,"#피부과 전문의
#리프팅레이저
#타이트닝",https://d3gurpvil0se70.cloudfront.net/upfiles/images/product/pJoByY2MBadXxPRGz27tnuZCEIq7.jpg?q=90&f=webp&w=1024,,,660000.0,653000,VAT 포함,휴먼피부과의원(청라점),크림마취,전문의 4명 여의사 진료,"티타늄 #3가지파장 #3가지효과 3가지 파장으로 리프팅, 타이트닝, 화이트닝 효과를 동시에 #사파이어쿨링 #통증DOWN 피부를 냉각하는 시스템으로 온도를 조절하여 시술시 통증이 적음 권장주기 3~4주 / 4회 시술",VAT 포함,강력한 리프팅 효과를 원하는 분 / 리프팅 시술이 하고싶지만 통증이 두려운 분 / 늘어지고 처진 피부의 리프팅을 원하는 분 / 두툼한 이중턱이 고민인 분,"시술 특장점 복합적인 피부 고민 개선 피부 모든 층에 에너지를 전달하여 리프팅, 탄력, 피부톤 등 개선이 가능합니다. 빛 파장을 이용한 레이저 초음파가 아닌 빛을 사용하는 레이저로 피부결과 피부톤 개선에도 효과적입니다.",유지 기간과 권장 주기는 어떻게 되나요? 약 6개월~1년 정도 유지가 가능하며 3~4주 간격으로 3~5회 시술을 권장합니다. 시술 통증은 어느정도 인가요? 강력한 티타늄 쿨링 팁이 시술 부위를 보호하여 통증이 비교적 적습니다.,티타늄 시술시간 20분 마취여부 마취없음 회복시간 당일 시술효과 2~4주 후,"주의사항 1 시술 후 세안 및 메이크업이 가능합니다. 2 1주일 정도 사우나, 찜질방은 피해주세요. 3 열감에 의해 건조함을 느낄 수 있으니 보습제를 충분히 발라주세요.",크림마취 수면마취 비수면 무통마취,수요일 10:00 ~ 20:30 (점심 12:00 ~ 14:00) / 목요일 10:00 ~ 19:00 (점심 12:00 ~ 14:00) / 금요일 10:00 ~ 20:30 (점심 12:00 ~ 14:00) / 토요일 10:00 ~ 16:00 / 일요일 휴진 / 월요일 10:00 ~ 20:30 (점심 12:00 ~ 14:00) / 진료마감 : 월수금 19:30 / 화목 18:00 / 토 15:00,0508-0354-1088
https://www.yeoshin.co.kr/event/mobile/20668,,,,[NIKS] 소프라노티타늄 리프팅,"#리프팅레이저
#타이트닝",https://d3gurpvil0se70.cloudfront.net/upfiles/images/product/8QgMRUh2V987U9YqEjwoSBA6AXF2.jpg?q=90&f=webp&w=1024,,,880000.0,873000,VAT 포함,닉스의원(천안점),충청남도 천안시 서북구 불당21로 67-8 (불당동) 정석프라자4차 3층 (닉스의원)주소복사,,"티타늄 #3가지파장 #3가지효과 3가지 파장으로 리프팅, 타이트닝, 화이트닝 효과를 동시에 #사파이어쿨링 #통증DOWN 피부를 냉각하는 시스템으로 온도를 조절하여 시술시 통증이 적음 권장주기 3~4주 / 4회 시술",VAT 포함,강력한 리프팅 효과를 원하는 분 / 리프팅 시술이 하고싶지만 통증이 두려운 분 / 늘어지고 처진 피부의 리프팅을 원하는 분 / 두툼한 이중턱이 고민인 분,"시술 특장점 복합적인 피부 고민 개선 피부 모든 층에 에너지를 전달하여 리프팅, 탄력, 피부톤 등 개선이 가능합니다. 빛 파장을 이용한 레이저 초음파가 아닌 빛을 사용하는 레이저로 피부결과 피부톤 개선에도 효과적입니다.",유지 기간과 권장 주기는 어떻게 되나요? 약 6개월~1년 정도 유지가 가능하며 3~4주 간격으로 3~5회 시술을 권장합니다. 시술 통증은 어느정도 인가요? 강력한 티타늄 쿨링 팁이 시술 부위를 보호하여 통증이 비교적 적습니다.,티타늄 시술시간 20분 마취여부 마취없음 회복시간 당일 시술효과 2~4주 후,"주의사항 1 시술 후 세안 및 메이크업이 가능합니다. 2 1주일 정도 사우나, 찜질방은 피해주세요. 3 열감에 의해 건조함을 느낄 수 있으니 보습제를 충분히 발라주세요. 4 외출 시 피부 보호를 위해 자외선 차단제를 잘 발라주세요.",크림마취 수면마취 비수면 무통마취 국소마취,수요일 10:00 ~ 20:00 (점심 14:00 ~ 15:00) / 목요일 10:00 ~ 20:00 (점심 14:00 ~ 15:00) / 금요일 10:00 ~ 20:00 (점심 14:00 ~ 15:00) / 토요일 10:00 ~ 16:00 / 일요일 휴진 / 월요일 10:00 ~ 20:00 (점심 14:00 ~ 15:00) / [일요일/공휴일 휴진],0508-0354-2993
https://www.yeoshin.co.kr/event/mobile/20601,,,,[NIKS] 소프라노티타늄 리프팅,"#리프팅레이저
#타이트닝",https://d3gurpvil0se70.cloudfront.net/upfiles/images/product/pHsyYCb37k10Kfevh0JqJxwAakw7.png?q=90&f=webp&w=1024,,,880000.0,873000,VAT 포함,닉스의원(대전점),대전광역시 서구 대덕대로 194 (둔산동) 2층 (닉스의원)주소복사,,"티타늄 #3가지파장 #3가지효과 3가지 파장으로 리프팅, 타이트닝, 화이트닝 효과를 동시에 #사파이어쿨링 #통증DOWN 피부를 냉각하는 시스템으로 온도를 조절하여 시술시 통증이 적음 권장주기 3~4주 / 4회 시술",VAT 포함,강력한 리프팅 효과를 원하는 분 / 리프팅 시술이 하고싶지만 통증이 두려운 분 / 늘어지고 처진 피부의 리프팅을 원하는 분 / 두툼한 이중턱이 고민인 분,"시술 특장점 복합적인 피부 고민 개선 피부 모든 층에 에너지를 전달하여 리프팅, 탄력, 피부톤 등 개선이 가능합니다. 빛 파장을 이용한 레이저 초음파가 아닌 빛을 사용하는 레이저로 피부결과 피부톤 개선에도 효과적입니다.",유지 기간과 권장 주기는 어떻게 되나요? 약 6개월~1년 정도 유지가 가능하며 3~4주 간격으로 3~5회 시술을 권장합니다. 시술 통증은 어느정도 인가요? 강력한 티타늄 쿨링 팁이 시술 부위를 보호하여 통증이 비교적 적습니다.,티타늄 시술시간 20분 마취여부 마취없음 회복시간 당일 시술효과 2~4주 후,"주의사항 1 시술 후 세안 및 메이크업이 가능합니다. 2 1주일 정도 사우나, 찜질방은 피해주세요. 3 열감에 의해 건조함을 느낄 수 있으니 보습제를 충분히 발라주세요. 4 외출 시 피부 보호를 위해 자외선 차단제를 잘 발라주세요.",크림마취 수면마취 국소마취,"수요일 10:00 ~ 20:00 (점심 14:00 ~ 15:00) / 목요일 10:00 ~ 20:00 (점심 14:00 ~ 15:00) / 금요일 10:00 ~ 20:00 (점심 14:00 ~ 15:00) / 토요일 10:00 ~ 16:00 / 일요일 휴진 / 월요일 10:00 ~ 20:00 (점심 14:00 ~ 15:00) / [일요일, 공휴일 휴진]",0508-0354-2955
https://www.yeoshin.co.kr/event/mobile/20632,,,,[NIKS] 티타늄리프팅 60kJ 이벤트,"#리프팅레이저
#타이트닝",https://d3gurpvil0se70.cloudfront.net/upfiles/images/product/OHBXKXcvJpOsg4UkSiwDwGMQnLN7.jpg?q=90&f=webp&w=1024,,,880000.0,873000,VAT 포함,닉스의원(수원점),크림마취,여의사 진료,"티타늄 #3가지파장 #3가지효과 3가지 파장으로 리프팅, 타이트닝, 화이트닝 효과를 동시에 #사파이어쿨링 #통증DOWN 피부를 냉각하는 시스템으로 온도를 조절하여 시술시 통증이 적음 권장주기 3~4주 / 5회 시술",VAT 포함,강력한 리프팅 효과를 원하는 분 / 리프팅 시술이 하고싶지만 통증이 두려운 분 / 늘어지고 처진 피부의 리프팅을 원하는 분 / 두툼한 이중턱이 고민인 분,,,티타늄 시술시간 20분 마취여부 마취없음 회복시간 당일 시술효과 2~4주 후,,크림마취 수면마취 국소마취,수요일 10:30 ~ 20:30 (점심 14:00 ~ 15:00) / 목요일 10:30 ~ 20:30 (점심 14:00 ~ 15:00) / 금요일 10:30 ~ 20:30 (점심 14:00 ~ 15:00) / 토요일 10:30 ~ 16:30 / 일요일 휴진 / 월요일 10:30 ~ 20:30 (점심 14:00 ~ 15:00) / *일요일/공휴일 휴진,0508-0354-3026
https://www.yeoshin.co.kr/event/mobile/4024,,,,티타늄 리프팅,"#리프팅레이저
#타이트닝",https://d3gurpvil0se70.cloudfront.net/upfiles/images/product/7QrfsJqIuXga2aQVdfV9ia2xSuCA.jpg?q=90&f=webp&w=1024,,,440000.0,433000,VAT 포함,데이원의원(강남역점),서울시 서초구 강남대로 423 데이원의원(강남역점)주소복사,전문의 1명,"티타늄 #3가지파장 #3가지효과 3가지 파장으로 리프팅, 타이트닝, 화이트닝 효과를 동시에 #사파이어쿨링 #통증DOWN 피부를 냉각하는 시스템으로 온도를 조절하여 시술시 통증이 적음",VAT 포함,강력한 리프팅 효과를 원하는 분 / 늘어지고 처진 피부의 리프팅을 원하는 분 / 두툼한 이중턱이 고민인 분 / 탄력없는 피부와 잔주름이 고민인 분,,,티타늄 시술시간 30분 마취여부 마취없음 회복시간 당일 시술효과 2~4주 후,,,수요일 10:30 ~ 20:30 (점심 13:00 ~ 14:00) / 목요일 10:30 ~ 20:30 (점심 13:00 ~ 14:00) / 금요일 10:30 ~ 20:30 (점심 13:00 ~ 14:00) / 토요일 10:30 ~ 16:00 / 일요일 휴진 / 월요일 10:30 ~ 20:30 (점심 13:00 ~ 14:00),0508-0353-7131
https://www.yeoshin.co.kr/event/mobile/6111,,,,릴리 트리플 티타늄,"#리프팅레이저
#타이트닝",https://d3gurpvil0se70.cloudfront.net/upfiles/images/product/1312904012.jpg?q=90&f=webp&w=1024,,,913000.0,906000,VAT 포함,센텀릴리의원,부산광역시 해운대구 센텀2로 15 센텀릴리의원주소복사,전문의 1명,"티타늄 #3가지파장 #3가지효과 3가지 파장으로 리프팅, 타이트닝, 화이트닝 효과를 동시에 #사파이어쿨링 #통증DOWM 피부를 냉각하는 시스템으로 온도를 조절하여 시술 시 통증이 적음 권장주기 3~4주 / 4회 시술",VAT 포함,강력한 리프팅 효과를 원하는 분 / 리프팅 시술이 하고싶지만 통증이 두려운 분 / 늘어지고 처진 피부의 리프팅을 원하는 분 / 두툼한 이중턱이 고민인 분,,,티타늄 시술시간 60분 마취여부 냉각마취 회복시간 3일 시술효과 2~3달 후,,,수요일 11:00 ~ 20:00 (점심 13:00 ~ 14:00) / 목요일 11:00 ~ 20:00 (점심 13:00 ~ 14:00) / 금요일 11:00 ~ 20:00 (점심 13:00 ~ 14:00) / 토요일 11:00 ~ 16:00 / 일요일 휴진 / 월요일 11:00 ~ 20:00 (점심 13:00 ~ 14:00),0508-0354-2054
https://www.yeoshin.co.kr/event/mobile/26832,,,,TRC인증 병원/ 티타늄 리프팅,"#피부과 전문의
#리프팅레이저
#타이트닝",https://d3gurpvil0se70.cloudfront.net/upfiles/images/product/hkVgrX5YrvkmyK0bphNYCbQSThz2.jpg?q=90&f=webp&w=1024,,,649000.0,642000,VAT 포함,청담엔케이피부과의원,서울특별시 강서구 마곡중앙5로 81 (마곡동) 5층 청담NK피부과의원주소복사,전문의 1명 여의사 진료 피부진단기 F-RAY 촬영 >,"티타늄 #3가지파장 #3가지효과 3가지 파장으로 리프팅, 타이트닝, 화이트닝 효과를 동시에 #사파이어쿨링 #통증DOWN 피부를 냉각하는 시스템으로 온도를 조절하여 시술시 통증이 적음 권장주기 3~4주 / 4회 시술",VAT 포함,강력한 리프팅 효과를 원하는 분 / 리프팅 시술이 하고싶지만 통증이 두려운 분 / 늘어지고 처진 피부의 리프팅을 원하는 분 / 두툼한 이중턱이 고민인 분,,,티타늄 시술시간 20분 마취여부 마취없음 회복시간 당일 시술효과 2~4주 후,,,수요일 10:00 ~ 19:00 (점심 13:00 ~ 14:00) / 목요일 10:00 ~ 19:00 (점심 13:00 ~ 14:00) / 금요일 10:00 ~ 20:00 (점심 13:00 ~ 14:00) / 토요일 09:30 ~ 14:30 / 일요일 휴진 / 월요일 10:00 ~ 20:00 (점심 13:00 ~ 14:00),050803531467
https://www.yeoshin.co.kr/event/mobile/16062,,,,피부탄력과 피부톤개선 티타늄리프팅,"#리프팅레이저
#타이트닝",https://d3gurpvil0se70.cloudfront.net/upfiles/images/product/5Sg0SDztD6yjIoNng3o8EN52FxH7.jpg?q=90&f=webp&w=1024,9.6,371.0,,193000,,메이드유의원(강남점),서울시 강남구 강남대로 516 메이드유의원(강남점)주소복사,전문의 1명,,,,,,티타늄 시술시간 20분 마취여부 마취없음 회복시간 당일 시술효과 3~4주 후,,,수요일 10:00 ~ 19:00 (점심 14:00 ~ 15:00) / 목요일 10:00 ~ 20:00 (점심 14:00 ~ 15:00) / 금요일 10:00 ~ 19:00 (점심 14:00 ~ 15:00) / 토요일 10:00 ~ 16:00 / 일요일 휴진 / 월요일 10:00 ~ 19:00 (점심 14:00 ~ 15:00),0508-0353-5966
https://www.yeoshin.co.kr/event/mobile/15378,,,,즉각적인 효과 티타늄 리프팅,"#리프팅레이저
#타이트닝",https://d3gurpvil0se70.cloudfront.net/upfiles/images/product/zKAPpm0IZ9cSwEXQq0ZANX0qoxf5.jpg?q=90&f=webp&w=1024,,,550000.0,543000,VAT 포함,CnB맑고고운본점피부과(주안),인천광역시 미추홀구 미추홀대로 610 (주안동) 현대메디컬프라자 3층주소복사,영어 응대,"티타늄 #3가지파장 #3가지효과 3가지 파장으로 리프팅, 타이트닝, 화이트닝 효과를 동시에 #사파이어쿨링 #통증DOWM 피부를 냉각하는 시스템으로 온도를 조절하여 시술 시 통증이 적음 권장주기 3~4주 / 4회 시술",VAT 포함,강력한 리프팅 효과를 원하는 분 / 리프팅 시술이 하고싶지만 통증이 두려운 분 / 늘어지고 처진 피부의 리프팅을 원하는 분 / 두툼한 이중턱이 고민인 분,,,티타늄 시술시간 20분 마취여부 마취없음 회복시간 당일 시술효과 2~4주 후,,,수요일 10:00 ~ 19:00 (점심 13:00 ~ 14:00) / 목요일 10:00 ~ 19:00 (점심 13:00 ~ 14:00) / 금요일 10:00 ~ 19:00 (점심 13:00 ~ 14:00) / 토요일 10:00 ~ 16:00 / 일요일 휴진 / 월요일 10:00 ~ 19:00 (점심 13:00 ~ 14:00),0508-0354-1503
https://www.yeoshin.co.kr/event/mobile/9728,,,,"세가지 동시 파장, 티타늄리프팅","#리프팅레이저
#타이트닝",https://d3gurpvil0se70.cloudfront.net/upfiles/images/product/mYMxvdpn1ftbjD0F0pvvE8juJv03.jpg?q=90&f=webp&w=1024,,,319000.0,312000,VAT 포함,오운의원(구리점),"경기도 구리시 산마루로 5 대방디엠시티 3층, 오운의원(구리점)주소복사",여의사 진료,,VAT 포함,,,,티타늄 시술시간 20분 마취여부 마취없음 회복시간 당일 시술효과 2~4주 후,,,수요일 10:00 ~ 20:00 (점심 13:00 ~ 14:00) / 목요일 10:00 ~ 20:00 (점심 13:00 ~ 14:00) / 금요일 10:00 ~ 20:00 (점심 13:00 ~ 14:00) / 토요일 10:00 ~ 16:00 / 일요일 휴진 / 월요일 10:00 ~ 20:00 (점심 13:00 ~ 14:00),0508-0353-9945
https://www.yeoshin.co.kr/event/mobile/15165,,,,티타늄리프팅 Alma키닥터,"#리프팅레이저
#타이트닝",https://d3gurpvil0se70.cloudfront.net/upfiles/images/product/vGKI4Zi8s9ku3LaZmJUDF0PC7cY8.jpg?q=90&f=webp&w=1024,10.0,2.0,440000.0,433000,VAT 포함,라클라쎄의원,,,"티타늄 #3가지파장 #3가지효과 3가지 파장으로 리프팅, 타이트닝, 화이트닝 효과를 동시에 #사파이어쿨링 #통증DOWN 피부를 냉각하는 시스템으로 온도를 조절하여 시술시 통증이 적음 권장주기 4주 / 3회 시술",VAT 포함,강력한 리프팅 효과를 원하는 분 / 리프팅 시술이 하고싶지만 통증이 두려운 분 / 늘어지고 처진 피부의 리프팅을 원하는 분 / 두툼한 이중턱이 고민인 분,,,티타늄 시술시간 20분 마취여부 크림마취 회복시간 당일 시술효과,,,수요일 10:00 ~ 20:00 (점심 13:00 ~ 14:00) / 목요일 10:00 ~ 20:00 (점심 13:00 ~ 14:00) / 금요일 10:00 ~ 20:00 (점심 13:00 ~ 14:00) / 토요일 10:00 ~ 16:00 / 일요일 10:00 ~ 16:00 / 월요일 10:00 ~ 20:00 (점심 13:00 ~ 14:00),0508-0353-6793
https://www.yeoshin.co.kr/event/mobile/26845,,,,360도 풀페이스 실리프팅_대표원장 시술,"#실리프팅
#탄력관리",https://d3gurpvil0se70.cloudfront.net/upfiles/images/product/JlTkhx6YLssQSby8SC6XX1MUePq2.png?q=90&f=webp&w=1024,,,1300000.0,1293000,VAT 포함,청담엔샤인의원,크림마취,전문의 1명 여의사 진료 수술실 CCTV 중국어 응대,실리프팅 #즉각적 #강력함 특수한 코그실을 활용한 시술 직후 드라마틱한 V라인 효과 #장기적 #안티에이징 녹는 실의 콜라겐 생성 유도로 탄력까지 패워지는 풀페이스 리프팅 #대표원장 #맞춤디자인 얼굴형에 최적화된 각도와 위치로 잔주름까지 빈틈없이 개선 권장주기 9~18개월 / 1회 시술,VAT 포함,잔주름 깊은 주름으로 고민하시는 분 / 비수술적인 리프팅 시술을 원하는 분 / 탄력이 떨어져 처진 얼굴살을 정리하고 싶은 분 / 시술 결과가 비교적 오래 유지되길 원하는 분,,,실리프팅 시술시간 40분 마취여부 국소마취 회복시간 약 7일 시술효과 2~3주 후,,크림마취 국소마취,수요일 휴진 / 목요일 10:00 ~ 19:00 / 금요일 10:00 ~ 20:00 / 토요일 10:00 ~ 15:00 / 일요일 휴진 / 월요일 10:00 ~ 19:00,0508-0353-5899
https://www.yeoshin.co.kr/event/mobile/21526,,,,(대표원장) DM 풀페이스 얼굴지방이식,"#얼굴지방이식
#얼굴지방개선",https://d3gurpvil0se70.cloudfront.net/upfiles/images/product/4uE3V2fIr84SjeP8MUzX2WTVezV4.jpg?q=90&f=webp&w=1024,,,,990000,,디엠성형외과의원,크림마취,전문의 2명 마취과의 진료 수술실 CCTV 분야별 협진 기본 입원실 전담회복실 사후관리 영어 응대 중국어 응대,,,,,,얼굴지방이식 시술시간 30~60분 마취여부 수면마취 회복시간 약 3일 시술효과 1~2주 후,,크림마취 수면마취 전신마취 국소마취,수요일 10:00 ~ 18:00 / 목요일 10:00 ~ 18:00 / 금요일 10:00 ~ 18:00 / 토요일 10:00 ~ 16:00 / 일요일 휴진 / 월요일 10:00 ~ 18:00,0508-0353-2413
https://www.yeoshin.co.kr/event/mobile/4455,,,,더모톡신+원더톡스 풀페이스 더모톡신,"#얼굴라인보톡스
#주름보톡스",https://d3gurpvil0se70.cloudfront.net/upfiles/images/product/l5yLtSRwtEW0R7inO83ZCNzme9X4.png?q=90&f=webp&w=1024,9.5,115.0,165000.0,158000,VAT 포함,지우의원,"서울시 강남구 테헤란로 107, 메디타워 14층 지우의원주소복사",전문의 1명 여의사 진료 중국어 응대 일본어 응대,"보톡스 #더모톡신 더모톡신은 기존에 근육을 마비시켰던 보톡스에 비타민, 미네랄, 보습인자 등을 추가하여 피부를 개선해주는 시술로, 잔주름 개선과 피부톤을 맑게 해주는 효과를 볼 수 있습니다. 권장주기 3개월 / 3~4회 시술",VAT 포함,평소 고민이던 부위를 슬림하게 만들고 싶은 분 / 여성스럽고 부드러운 어깨선으로 만들고 싶은 분 / 표정을 지을 때 생기는 주름이 신경쓰이는 분 / 저작근의 발달로 인해 사각턱으로 보이는 분,,,보톡스 시술시간 30분 마취여부 냉각마취 회복시간 3일 시술효과 1~2주 후,,,수요일 10:00 ~ 19:00 (점심 13:00 ~ 14:30) / 목요일 10:00 ~ 19:00 (점심 13:30 ~ 14:30) / 금요일 10:00 ~ 20:00 (점심 13:30 ~ 14:30) / 토요일 09:30 ~ 16:30 / 일요일 휴진 / 월요일 10:00 ~ 19:00 (점심 13:30 ~ 14:30),0508-0353-6852
https://www.yeoshin.co.kr/event/mobile/27810,,,,풀페이스 실리프팅,"#실리프팅
#탄력관리",https://d3gurpvil0se70.cloudfront.net/upfiles/images/product/qDSepREp7zV2vciTZcs3jPyWGqe1.jpg?q=90&f=webp&w=1024,,,550000.0,543000,VAT 포함,위례우주한의원,크림마취,사후관리 영어 응대,"실리프팅 #브이라인 #팔자주름 #이마 및 눈가주름 당기는 실, 채우는 실, 모노매선의 총집합 #즉각적 #리프팅 비수술적인 방법으로 즉각적이고 높은 리프팅 효과 권장주기 6~12개월 / 1회 시술",VAT 포함,잔주름 깊은 주름으로 고민하시는 분 / 비수술적인 리프팅 시술을 원하는 분 / 탄력이 떨어져 처진 얼굴살을 정리하고 싶은 분 / 시술 결과가 비교적 오래 유지되길 원하는 분,,,실리프팅 시술시간 60분 마취여부 국소마취 회복시간 약 2~7일 시술효과 즉시,,크림마취 국소마취,수요일 10:00 ~ 20:00 (점심 13:00 ~ 14:00) / 목요일 10:00 ~ 20:00 (점심 13:00 ~ 14:00) / 금요일 10:00 ~ 20:00 (점심 13:00 ~ 14:00) / 토요일 10:00 ~ 15:00 / 일요일 휴진 / 월요일 10:00 ~ 20:00 (점심 13:00 ~ 14:00),050803543354
https://www.yeoshin.co.kr/event/mobile/438,,,,풀페이스 역대급 용량! 아큐주사,"#얼굴지방개선
#바디지방개선
#목/턱",https://d3gurpvil0se70.cloudfront.net/upfiles/images/product/4032573402.jpg?q=90&f=webp&w=1024,9.6,2537.0,49000.0,42000,VAT 포함,제니바클리닉,서울특별시 광진구 자양동 8-1 제니바클리닉주소복사,전문의 1명,,VAT 포함,,,,아큐주사 시술시간 5~10분 마취여부 마취없음 회복시간 3일 시술효과 2~3주 후,,,수요일 휴진 / 목요일 09:30 ~ 18:00 / 금요일 09:30 ~ 18:00 / 토요일 09:30 ~ 14:30 / 일요일 휴진 / 월요일 09:30 ~ 18:00,0508-0353-3345
https://www.yeoshin.co.kr/event/mobile/19900,,,,풀페이스 얼굴실리프팅 15줄,"#실리프팅
#탄력관리",https://d3gurpvil0se70.cloudfront.net/upfiles/images/product/skM7THK19fow2tnIIFDQtHYwoDQ9.jpg?q=90&f=webp&w=1024,9.0,2.0,1089000.0,1082000,VAT 포함,메이필클리닉,크림마취,전문의 1명 여의사 진료 수술실 CCTV 분야별 협진 전담회복실 중국어 응대 일본어 응대,,VAT 포함,,,,실리프팅 시술시간 30분 마취여부 국소마취 회복시간 약 2일 시술효과 2~3주 후,,크림마취 수면마취 국소마취,수요일 10:00 ~ 19:00 / 목요일 10:00 ~ 19:00 / 금요일 10:00 ~ 19:00 / 토요일 10:00 ~ 16:00 / 일요일 휴진 / 월요일 10:00 ~ 19:00,0508-0353-7137
https://www.yeoshin.co.kr/event/mobile/26746,,,,혈액세포 풀페이스 지방이식,"#얼굴지방이식
#얼굴지방개선",https://d3gurpvil0se70.cloudfront.net/upfiles/images/product/wHIZN602y3NzyKuzEp7qedasmXY4.jpg?q=90&f=webp&w=1024,,,,4000000,,청담쥬넥스의원,크림마취,수술실 CCTV 응급처치 시스템 분야별 협진 전담회복실 사후관리,얼굴지방이식 #균일주입 #흉터DOWN 미세 캐뉼라를 이용해 조직의 손상없이 균일하게 지방 주입하며 절개없이 작은 바늘구멍을 이용하여 주입합니다. #혈액세포 시너지효과 혈액세포를 병행하여 생착율을 높여주고 부가적인 피부톤 개선과 탄력증진 효과까지 느낄수있습니다. #안정성 자가지방을 사용하여 면역 반응이나 부작용이 거의 없으며 피부 톤이나 질감이 자연스럽고 이물감이 거의 없습니다. 권장주기 3~5년 / 1회 시술,,꺼진 부위에 볼륨을 채우고 싶은분 / 피부 탄력과 볼륨을 동시에 개선하고 싶은 분 / 비대칭 얼굴을 교정하고 싶은 분 / 볼륨이 부족한 부위만 개선하고 싶은 분,시술 특장점 숙련된 의료진의 디자인 20년이상 지방수술 이력의 숙련된 의료진의 섬세한 디자인으로 자연스럽고 가장 이상적인 형태로 시술합니다. 반영구적 효과 일정량의 지방이 생착되면 지속적인 볼륨 유지 가능합니다.,"지방은 어느 부위에서 채취하나요? 지방세포의 성상이 좋은 허벅지와 복부에서 채취합니다. 이외에 다른 부위에서도 채취가 가능합니다. 생착율은 어느정도 되나요? 개인의 피부탄력성, 지방 조직의 성상,근육의 움직임,혈액순환, 등 개인의 여건의 영향을 받으며 생착은 2~3달후 완료됩니다 개인차가 있지만 평균적으로 60~70% 입니다.",얼굴지방이식 시술시간 2시간 이내 마취여부 수면마취 회복시간 1~2주 시술효과 2주후,"주의사항 1 지방이 주입된 부위가 장시간 눌리지 않게 조심해주세요 2 지방이 생착되는 1~2달 동안 충분한 영양섭취와 체중이 줄지 않도록 해주세요. 3 염증방지와 원활한 회복을 위해서 음주,흡연,사우나는 삼가해주세요. 4 크게 웃거나,찡그림 등 표정근을 크게 사용하는 얼굴 움직임을 최소화 해주세요.",크림마취 수면마취 국소마취,수요일 휴진 / 목요일 09:30 ~ 18:30 / 금요일 09:30 ~ 18:30 / 토요일 09:30 ~ 17:00 / 일요일 휴진 / 월요일 09:30 ~ 18:30,050803543238
https://www.yeoshin.co.kr/event/mobile/3290,,,,아큐주사 풀페이스 4만원,"#얼굴지방개선
#바디지방개선
#목/턱",https://d3gurpvil0se70.cloudfront.net/upfiles/images/product/4039115584.png?q=90&f=webp&w=1024,9.5,243.0,44000.0,37000,VAT 포함,리드림의원(의료법인미래의료재단),,,,VAT 포함,,,,아큐주사 시술시간 30분 마취여부 냉각마취 회복시간 3일 시술효과 2~3주 후,,,수요일 10:00 ~ 19:00 / 목요일 10:00 ~ 20:00 / 금요일 10:00 ~ 19:00 / 토요일 10:00 ~ 16:00 / 일요일 휴진 / 월요일 10:00 ~ 19:00,0508-0353-4648
https://www.yeoshin.co.kr/event/mobile/21103,,,,자연스러운 볼륨_풀페이스지방이식,"#얼굴지방이식
#얼굴지방개선",https://d3gurpvil0se70.cloudfront.net/upfiles/images/product/cRpdouMBVVx86A3aiGV2WZ1SvlN9.jpg?q=90&f=webp&w=1024,,,,990000,,루비성형외과의원,서울시 강남구 도산대로 108 루비성형외과의원주소복사,전문의 1명,,,,,,얼굴지방이식 시술시간 30~60분 마취여부 수면마취 회복시간 약 3일 시술효과 1~2주 후,,,수요일 10:00 ~ 19:00 / 목요일 10:00 ~ 20:30 / 금요일 10:00 ~ 19:00 / 토요일 10:00 ~ 19:00 / 일요일 휴진 / 월요일 10:00 ~ 19:00,0508-0353-1184
https://www.yeoshin.co.kr/event/mobile/1986,,,,사각턱 침샘 주름 풀페이스 부위별 보톡스,"#얼굴라인보톡스
#주름보톡스",https://d3gurpvil0se70.cloudfront.net/upfiles/images/product/XUJCbAIesp1TmprHGVddJOntbP65.png?q=90&f=webp&w=1024,9.6,311.0,30000.0,23000,VAT 포함,더비비성형외과의원,서울시 강남구 강남대로 402 더비비성형외과의원주소복사,전문의 1명,,VAT 포함,,,,보톡스 시술시간 30분 마취여부 크림마취 회복시간 3일 시술효과 1~2주 후,,,수요일 10:00 ~ 19:00 / 목요일 14:00 ~ 19:00 / 금요일 10:00 ~ 21:00 / 토요일 10:00 ~ 16:00 / 일요일 휴진 / 월요일 10:00 ~ 19:00,0508-0353-7737
https://www.yeoshin.co.kr/event/mobile/20901,,,,더비비 풀페이스 얼굴지방이식,"#얼굴지방이식
#얼굴지방개선",https://d3gurpvil0se70.cloudfront.net/upfiles/images/product/R17BuaNGiavROD54gEzXiNUHUEf3.png?q=90&f=webp&w=1024,,,,599000,,더비비성형외과의원,서울시 강남구 강남대로 402 더비비성형외과의원주소복사,전문의 1명,,,,,,얼굴지방이식 시술시간 1시간30분 마취여부 수면마취 회복시간 1시간 시술효과 즉시,,,수요일 10:00 ~ 19:00 / 목요일 14:00 ~ 19:00 / 금요일 10:00 ~ 21:00 / 토요일 10:00 ~ 16:00 / 일요일 휴진 / 월요일 10:00 ~ 19:00,0508-0353-7737
https://www.yeoshin.co.kr/event/mobile/21912,,,,인천 구월동 올리지오 300샷,"#리프팅레이저
#얼굴지방개선",https://d3gurpvil0se70.cloudfront.net/upfiles/images/product/l9jxRKKT05UGgzzha0IRgMOYnTp3.png?q=90&f=webp&w=1024,10.0,3.0,363000.0,356000,VAT 포함,닥터쁘띠의원(인천구월점),크림마취,여의사 진료 사후관리,"올리지오 #고주파리프팅 #콜라겐활성화 RF 고주파를 이용하여 진피층의 콜라겐 활성화 #이중턱개선 #리프팅 진피층까지 열을 전달하여 이중턱, 피부처짐, 피부결 등을 개선 #비침습 #오랜유지기간 비침습적 방식으로 통증이 덜하며 비교적 오랜 유지기간 기대 가능 권장주기 3~6주 / 2~3회 시술",VAT 포함,피부의 전체적인 탄력 개선을 원하는 분 / 늘어진 모공과 피부결을 개선하고 싶은 분 / 처진 볼살과 턱살이 고민인 분 / 회복시간이 긴 시술은 부담스러운 분,,,올리지오 시술시간 30~40분 마취여부 마취없음 회복시간 약 1~2일 시술효과 1~2주 후,,크림마취 비수면 무통마취 국소마취,수요일 10:30 ~ 20:30 / 목요일 10:30 ~ 20:30 / 금요일 10:30 ~ 20:30 / 토요일 10:30 ~ 17:00 / 일요일 10:30 ~ 17:00 / 월요일 10:30 ~ 20:30,0508-0353-0764
https://www.yeoshin.co.kr/event/mobile/27520,,,,진피층부터 차오르는 탄력 -올리지오,"#리프팅레이저
#얼굴지방개선",https://d3gurpvil0se70.cloudfront.net/upfiles/images/product/qOC9Qu3VrZDYdOqPtrosCBD6nsB7.jpg?q=90&f=webp&w=1024,,,150000.0,143000,VAT 포함,아이맘한의원,크림마취,기본 입원실 환자전용숙소 전담회복실 사후관리 피부진단기 F-RAY 촬영 >,"올리지오 #고주파리프팅 #콜라겐활성화 RF 고주파를 이용하여 진피층의 콜라겐 활성화 #이중턱개선 #리프팅 진피층까지 열을 전달하여 이중턱, 피부처짐, 피부결 등을 개선 #비침습 #오랜유지기간 비침습적 방식으로 통증이 덜하며 비교적 오랜 유지기간 기대 가능 권장주기 3~6주 / 2~3회 시술",VAT 포함,피부의 전체적인 탄력 개선을 원하는 분 / 늘어진 모공과 피부결을 개선하고 싶은 분 / 처진 볼살과 턱살이 고민인 분 / 회복시간이 긴 시술은 부담스러운 분,시술 특장점 피부 표피를 보호하며 에너지 전달 쿨링시스템과 진동기술이 표피를 보호하며 피부 깊은 곳까지 에너지를 전달합니다. 온도체크로 부작용 줄임 피부 접촉면의 실시간 온도 체크를 통해 부작용을 줄입니다. 최적화된 에너지 출력 조직 내 전류 흐름이 원활한 상태인지 체크해 최적화된 에너지를 출력합니다.,레이저 시술 시 통증은 어떤가요? 올리지오는 따뜻한 열감 정도만 느껴지는 수준으로 마취없이 시술이 가능할 정도입니다. 또한 쿨링 시스템과 진동 모드로 통증을 덜 수 있습니다. 올리지오 시술 후 일상생활이 가능한가요? 시술 후 빠르게 일상 생활이 가능합니다.,올리지오 시술시간 10~20분 마취여부 선택 회복시간 약 1~2일 시술효과 1-3개월,"주의사항 1 시술 후 일주일 정도 필링 시술, 스크럽제 사용을 피하는 것이 좋습니다. 2 외출시 자외선 차단제를 꼼꼼히 발라주세요. 3 시술 후 미세한 붉은기나 부기는 하루정도 지속될 수 있습니다. 4 시술 후 수분 보습제를 충분히 발라주세요. 5 시술 후 3~4일간 과격하고 무리한 운동은 자제해주세요. 6 시술 후 세안 및 메이크업이 가능하며, 저자극 클렌저 사용을 권장합니다. 7 시술 후 일주일간 기능성 화장품, 오일류 제품 사용은 피해주세요.",크림마취,수요일 10:00 ~ 20:00 (점심 12:30 ~ 14:00) / 목요일 10:00 ~ 20:00 (점심 12:30 ~ 14:00) / 금요일 10:00 ~ 20:00 (점심 12:30 ~ 14:00) / 토요일 10:00 ~ 15:00 / 일요일 휴진 / 월요일 10:00 ~ 20:00 (점심 12:30 ~ 14:00) / 공휴일 진료합니다.,0508-0354-2525
https://www.yeoshin.co.kr/event/mobile/25216,,,,올리지오 100샷,"#리프팅레이저
#얼굴지방개선",https://d3gurpvil0se70.cloudfront.net/upfiles/images/product/EAD2YaTvWl3GaRPcZGQtScdtbmd6.jpg?q=90&f=webp&w=1024,,,165000.0,158000,VAT 포함,더올림성형외과의원,크림마취,전문의 1명 여의사 진료 사후관리,"올리지오 #고주파리프팅 #콜라겐활성화 RF 고주파를 이용하여 진피층의 콜라겐 활성화 #이중턱개선 #리프팅 진피층까지 열을 전달하여 이중턱, 피부처짐, 피부결 등을 개선 #비침습 #오랜유지기간 비침습적 방식으로 통증이 덜하며 비교적 오랜 유지기간 기대 가능 권장주기 3~6주 / 2~3회 시술",VAT 포함,피부의 전체적인 탄력 개선을 원하는 분 / 늘어진 모공과 피부결을 개선하고 싶은 분 / 처진 볼살과 턱살이 고민인 분 / 회복시간이 긴 시술은 부담스러운 분,,,올리지오 시술시간 30~40분 마취여부 마취없음 회복시간 약 1~2일 시술효과 1~2주 후,,크림마취 수면마취,수요일 10:00 ~ 19:00 / 목요일 10:00 ~ 19:00 / 금요일 10:00 ~ 19:00 / 토요일 10:00 ~ 16:00 / 일요일 휴진 / 월요일 10:00 ~ 19:00,050803531308
https://www.yeoshin.co.kr/event/mobile/12714,,,,리프팅 올리지오300/450샷,"#리프팅레이저
#얼굴지방개선",https://d3gurpvil0se70.cloudfront.net/upfiles/images/product/986175365.jpg?q=90&f=webp&w=1024,9.3,3.0,352000.0,345000,VAT 포함,VS라인의원(인천구월점),인천광역시 남동구 인하로489번길 10 VS라인의원(인천구월점)주소복사,피부진단기 F-RAY 촬영 >,"올리지오 #탄력 올리지오는 RF고주파를 이용하여 진피층의 콜라겐을 활성화하는 시술입니다. 인체에 무해한 전류와 함께 진피까지 전달된 열이 콜라겐을 변성시켜 이중턱 교정, 피부처짐, 피부결 개선의 효과를 기대할 수 있습니다. 시술 후 콜라겐이 점차 생성되어 비교적 오랜 시간 효과를 유도해주는 것이 특징이며 비침습적 방식으로 마취없이 쿨링 및 진동모드로 통증을 덜 수 있습니다. 권장주기 3~6주 / 2~3회 시술",VAT 포함,처진 볼살과 턱살이 고민인 분 / 늘어진 모공과 피부결을 개선하고 싶은 분 / 회복시간이 긴 시술은 부담스러운 분 / 탄력이 떨어진 피부가 고민인 분,,레이저 시술 시 통증은 어떤가요? 올리지오는 따뜻한 열감 정도만 느껴지는 수준으로 마취없이 시술이 가능할 정도입니다. 또한 쿨링 시스템과 진동 모드로 통증을 덜 수 있습니다. 시술 시 부작용이 있나요? 개인에 따라 약간의 부기가 1~2일 정도 발생할 수 있습니다.,올리지오 시술시간 20~30분 마취여부 마취없음 회복시간 1~2일 시술효과 1~2주 후,"주의사항 1 시술 후, 음주 및 흡연을 자제해주세요. 2 일주일 정도 찜질방, 사우나, 목욕탕 피해주세요. 3 시술 후, 3~4일간 과격하고 무리한 운동은 자제해주세요.",,수요일 10:00 ~ 20:00 / 목요일 10:00 ~ 20:00 / 금요일 10:00 ~ 20:00 / 토요일 10:00 ~ 17:00 / 일요일 휴진 / 월요일 10:00 ~ 20:00,0508-0354-1766
https://www.yeoshin.co.kr/event/mobile/14362,,,,잔주름 개선 올리지오 고주파리프팅,"#피부과 전문의
#리프팅레이저
#얼굴지방개선",https://d3gurpvil0se70.cloudfront.net/upfiles/images/product/VDBsx3OgrYElfTzsGJWsBo7jeOL2.jpg?q=90&f=webp&w=1024,9.9,17.0,429000.0,422000,VAT 포함,닥터스피부과의원(공덕점),서울특별시 마포구 마포대로 127 닥터스피부과의원(공덕점)주소복사,전문의 4명,,VAT 포함,,,,올리지오 시술시간 30~40분 마취여부 크림마취 회복시간 1~2일 시술효과 1~2주 후,,,수요일 10:00 ~ 19:30 (점심 13:00 ~ 14:00) / 목요일 10:00 ~ 20:00 (점심 13:00 ~ 14:00) / 금요일 10:00 ~ 20:00 (점심 13:00 ~ 14:00) / 토요일 10:00 ~ 15:00 / 일요일 휴진 / 월요일 10:00 ~ 20:00 (점심 13:00 ~ 14:00) / 공휴일은 휴진,0508-0353-8201
https://www.yeoshin.co.kr/event/mobile/27247,,,,올리지오 리프팅,"#피부과 전문의
#리프팅레이저
#얼굴지방개선",https://d3gurpvil0se70.cloudfront.net/upfiles/images/product/dfTDOtE9Gn5IG66w4YZHLsCSTEqA.jpg?q=90&f=webp&w=1024,,,150000.0,143000,VAT 포함,봄피부과의원(평택),크림마취,전문의 1명 사후관리,"올리지오 #고주파리프팅 #콜라겐활성화 RF 고주파를 이용하여 진피층의 콜라겐 활성화 #이중턱개선 #리프팅 진피층까지 열을 전달하여 이중턱, 피부처짐, 피부결 등을 개선 #비침습 #오랜유지기간 비침습적 방식으로 통증이 덜하며 비교적 오랜 유지기간 기대 가능",VAT 포함,피부의 전체적인 탄력 개선을 원하는 분 / 늘어진 모공과 피부결을 개선하고 싶은 분 / 처진 볼살과 턱살이 고민인 분 / 회복시간이 긴 시술은 부담스러운 분,,,올리지오 시술시간 30~40분 마취여부 마취없음 회복시간 약 1~2일 시술효과 1~2주 후,,크림마취 국소마취,수요일 09:30 ~ 18:50 / 목요일 09:30 ~ 18:50 / 금요일 09:30 ~ 18:50 / 토요일 09:00 ~ 13:50 / 일요일 휴진 / 월요일 09:30 ~ 18:50,050803556229
https://www.yeoshin.co.kr/event/mobile/27081,,,,더이뻐 올리지오,"#리프팅레이저
#얼굴지방개선",https://d3gurpvil0se70.cloudfront.net/upfiles/images/product/10ge018IyFwNuCeozIC0MK5hVe2.jpg?q=90&f=webp&w=1024,,,,180000,,더이뻐의원,크림마취,일본어 응대,"올리지오 #고주파리프팅 #콜라겐활성화 RF 고주파를 이용하여 진피층의 콜라겐 활성화 #이중턱개선 #리프팅 진피층까지 열을 전달하여 이중턱, 피부처짐, 피부결 등을 개선 #비침습 #오랜유지기간 비침습적 방식으로 통증이 덜하며 비교적 오랜 유지기간 기대 가능 권장주기 3~6주 / 2~3회 시술",,피부의 전체적인 탄력 개선을 원하는 분 / 늘어진 모공과 피부결을 개선하고 싶은 분 / 처진 볼살과 턱살이 고민인 분 / 회복시간이 긴 시술은 부담스러운 분,시술 특장점 피부 표피를 보호하며 에너지 전달 쿨링시스템과 진동기술이 표피를 보호하며 피부 깊은 곳까지 에너지를 전달합니다. 온도체크로 부작용 줄임 피부 접촉면의 실시간 온도 체크를 통해 부작용을 줄입니다. 최적화된 에너지 출력 조직 내 전류 흐름이 원활한 상태인지 체크해 최적화된 에너지를 출력합니다.,레이저 시술 시 통증은 어떤가요? 올리지오는 따뜻한 열감 정도만 느껴지는 수준으로 마취없이 시술이 가능할 정도입니다. 또한 쿨링 시스템과 진동 모드로 통증을 덜 수 있습니다. 올리지오 시술 후 일상생활이 가능한가요? 시술 후 빠르게 일상 생활이 가능합니다.,올리지오 시술시간 30~40분 마취여부 마취없음 회복시간 약 1~2일 시술효과 1~2주 후,"주의사항 1 시술 후 일주일 정도 필링 시술, 스크럽제 사용을 피하는 것이 좋습니다. 2 외출시 자외선 차단제를 꼼꼼히 발라주세요. 3 시술 후 미세한 붉은기나 부기는 하루정도 지속될 수 있습니다.",크림마취 수면마취 국소마취,수요일 10:00 ~ 20:00 / 목요일 10:00 ~ 20:00 / 금요일 10:00 ~ 20:00 / 토요일 10:00 ~ 16:00 / 일요일 휴진 / 월요일 10:00 ~ 20:00 / 12월 25일 성탄절 휴무,050803530151
https://www.yeoshin.co.kr/event/mobile/27814,,,,피부처짐은 역시 올리지오X,"#리프팅레이저
#얼굴지방개선",https://d3gurpvil0se70.cloudfront.net/upfiles/images/product/F8I575pUHrQIVTB5PVHvsnvupME2.jpg?q=90&f=webp&w=1024,,,495000.0,488000,VAT 포함,프레쉬테마의원,크림마취,분야별 협진 전담회복실 사후관리,"올리지오X #올리지오2세대 #적은통증 기존 대비 쿨링이 강화되어 피부를 보호하고 통증이 적음 #피부재생 #주름개선 #탄력증가 콜라겐 수축 및 재생, 주름 개선, 피부 탄력 증대 효과 권장주기 2~4주 / 5회 시술",VAT 포함,피부의 전체적인 탄력 개선을 원하는 분 / 처진 볼살과 턱살이 고민인 분 / 회복시간이 긴 시술은 부담스러운 분 / 피부 상태 및 부위별 맞춤 리프팅을 원하는 분,시술 특장점 듀얼모드로 강력하게 피부 타입에 맞춰 모드를 조합하기 때문에 효과 및 지속력이 강합니다. 2세대 올리지오 업그레이드된 버전의 고주파로 더욱 강력하고 부드럽게 피부를 리프팅합니다.,"시술 시 부작용이 있나요? 개인에 따라 약간의 부기가 1~2일 정도 발생할 수 있습니다. 시술 후 관리는 어떻게 하나요? 시술 부위를 마사지하거나 문지르지 마시고, 수분크림을 자주 발라주세요.",올리지오X 시술시간 15~20분 마취여부 마취없음 회복시간 당일 시술효과 1~2주 후,"주의사항 1 시술 전후로 음주, 흡연은 피해주세요. 2 시술 부위에 피부 재생, 보습크림을 충분히 발라주세요. 3 피부 보호를 위해 자외선 차단제를 발라주세요.",크림마취 수면마취,수요일 09:30 ~ 18:30 (점심 13:00 ~ 14:00) / 목요일 09:30 ~ 18:30 (점심 13:00 ~ 14:00) / 금요일 09:30 ~ 18:30 (점심 13:00 ~ 14:00) / 토요일 09:30 ~ 16:00 (점심 13:00 ~ 14:00) / 일요일 휴진 / 월요일 09:30 ~ 18:30 (점심 13:00 ~ 14:00),050803538367
https://www.yeoshin.co.kr/event/mobile/25498,,,,올리지오 X,"#리프팅레이저
#얼굴지방개선",https://d3gurpvil0se70.cloudfront.net/upfiles/images/product/1Q4SRZbqdHwPDlTL5cctc6qkUTb6.jpg?q=90&f=webp&w=1024,,,396000.0,389000,VAT 포함,예쁨주의쁨의원(천안점),,,"올리지오X #올리지오2세대 #적은통증 기존 대비 쿨링이 강화되어 피부를 보호하고 통증이 적음 #피부재생 #주름개선 #탄력증가 콜라겐 수축 및 재생, 주름 개선, 피부 탄력 증대 효과 권장주기 2~4주 / 5회 시술",VAT 포함,피부의 전체적인 탄력 개선을 원하는 분 / 처진 볼살과 턱살이 고민인 분 / 회복시간이 긴 시술은 부담스러운 분 / 피부 상태 및 부위별 맞춤 리프팅을 원하는 분,,,올리지오X 시술시간 15~20분 마취여부 마취없음 회복시간 당일 시술효과 1~2주 후,,,"수요일 10:00 ~ 20:00 (점심 13:00 ~ 14:00) / 목요일 10:00 ~ 20:00 (점심 13:00 ~ 14:00) / 금요일 10:00 ~ 20:00 (점심 13:00 ~ 14:00) / 토요일 10:00 ~ 17:00 / 일요일 휴진 / 월요일 10:00 ~ 20:00 (점심 13:00 ~ 14:00) / 10월 6,7,8일 휴진",050803531349
https://www.yeoshin.co.kr/event/mobile/9845,,,,명동루비_올리지오,"#리프팅레이저
#얼굴지방개선",https://d3gurpvil0se70.cloudfront.net/upfiles/images/product/uLpExgn3e1VAq3ZoaoAbtfrgZ7w5.jpg?q=90&f=webp&w=1024,8.7,664.0,99000.0,92000,VAT 포함,루비의원(명동점),,,,VAT 포함,,,,올리지오 시술시간 30분 마취여부 냉각마취 회복시간 1~2일 시술효과 1~2주 후,,,수요일 10:30 ~ 20:30 (점심 13:30 ~ 15:00) / 목요일 10:30 ~ 20:30 (점심 13:30 ~ 15:00) / 금요일 10:30 ~ 20:30 (점심 13:30 ~ 15:00) / 토요일 10:00 ~ 16:00 / 일요일 12:00 ~ 17:00 / 월요일 10:30 ~ 20:30 (점심 13:30 ~ 15:00),0508-0353-8508
https://www.yeoshin.co.kr/event/mobile/3380,,,,반하는 올리지오 리프팅,"#리프팅레이저
#얼굴지방개선",https://d3gurpvil0se70.cloudfront.net/upfiles/images/product/EOh16MMofELZ8DMjnD6Q8ur3TlO9.jpg?q=90&f=webp&w=1024,,,143000.0,136000,VAT 포함,반하다의원,"서울 강남구 논현로 822 3층(신사동, 로뎀빌딩)주소복사",수술실 CCTV 응급처치 시스템 기본 입원실 사후관리,"올리지오 #고주파리프팅 #콜라겐활성화 RF 고주파를 이용하여 진피층의 콜라겐 활성화 #이중턱개선 #리프팅 진피층까지 열을 전달하여 이중턱, 피부처짐, 피부결 등을 개선 #비침습 #오랜유지기간 비침습적 방식으로 통증이 덜하며 비교적 오랜 유지기간 기대 가능 권장주기 3~6주 / 2~3회 시술",VAT 포함,피부의 전체적인 탄력 개선을 원하는 분 / 늘어진 모공과 피부결을 개선하고 싶은 분 / 처진 볼살과 턱살이 고민인 분 / 회복시간이 긴 시술은 부담스러운 분,,,올리지오 시술시간 30~40분 마취여부 마취없음 회복시간 약 1~2일 시술효과 1~2주 후,,,수요일 10:00 ~ 19:00 (점심 13:00 ~ 14:00) / 목요일 10:00 ~ 19:00 (점심 13:00 ~ 14:00) / 금요일 10:00 ~ 19:00 (점심 13:00 ~ 14:00) / 토요일 10:00 ~ 16:00 (점심 13:00 ~ 14:00) / 일요일 휴진 / 월요일 10:00 ~ 19:00 (점심 13:00 ~ 14:00) / 공휴일 진료시간 : 10시~7시 (유동적/ 점심시간 동일),0508-0353-3640
https://www.yeoshin.co.kr/event/mobile/16652,,,,명동루비_올리지오X,"#리프팅레이저
#얼굴지방개선",https://d3gurpvil0se70.cloudfront.net/upfiles/images/product/c2goDmRosyMubuPMUAzygzHhHNx9.jpg?q=90&f=webp&w=1024,8.8,176.0,72000.0,65000,VAT 포함,루비의원(명동점),,,,VAT 포함,,,,올리지오X 시술시간 15~20분 마취여부 마취없음 회복시간 당일 시술효과 1~2주 후,,,수요일 10:30 ~ 20:30 (점심 13:30 ~ 15:00) / 목요일 10:30 ~ 20:30 (점심 13:30 ~ 15:00) / 금요일 10:30 ~ 20:30 (점심 13:30 ~ 15:00) / 토요일 10:00 ~ 16:00 / 일요일 12:00 ~ 17:00 / 월요일 10:30 ~ 20:30 (점심 13:30 ~ 15:00),0508-0353-8508
https://www.yeoshin.co.kr/event/mobile/661,,,,올리지오 리프팅 300샷,"#리프팅레이저
#얼굴지방개선",https://d3gurpvil0se70.cloudfront.net/upfiles/images/product/Xr9kFYvn8I3GtpRZTk6nJCIZHug3.jpg?q=90&f=webp&w=1024,,,385000.0,378000,VAT 포함,얼굴본성형외과의원,크림마취,전문의 1명 여의사 진료 수술실 CCTV 응급처치 시스템 사후관리,,VAT 포함,,,,올리지오 시술시간 30~40분 마취여부 크림마취 회복시간 약 1~2일 시술효과 1~2주 후,,크림마취 수면마취 국소마취,수요일 10:00 ~ 18:00 / 목요일 10:00 ~ 18:00 / 금요일 10:00 ~ 18:00 / 토요일 10:00 ~ 16:00 / 일요일 휴진 / 월요일 10:00 ~ 18:00,0508-0353-2574
https://www.yeoshin.co.kr/event/mobile/24952,,,,올리지오 특가,"#리프팅레이저
#얼굴지방개선",https://d3gurpvil0se70.cloudfront.net/upfiles/images/product/B6Abayo4nHJlD7MUY3FaWwXPkJl3.jpg?q=90&f=webp&w=1024,,,152900.0,145900,VAT 포함,유앤아이의원(대전점),,,,VAT 포함,,,,올리지오 시술시간 30~40분 마취여부 마취없음 회복시간 약 1~2일 시술효과 1~2주 후,,,수요일 10:30 ~ 20:30 / 목요일 10:30 ~ 20:30 / 금요일 10:30 ~ 20:30 / 토요일 10:30 ~ 17:00 / 일요일 휴진 / 월요일 10:30 ~ 20:30,0508-0354-1943
https://www.yeoshin.co.kr/event/mobile/26341,,,,올리지오X,"#리프팅레이저
#얼굴지방개선",https://d3gurpvil0se70.cloudfront.net/upfiles/images/product/or03g99ClrtwxnaCLLdsLw64UdL2.jpg?q=90&f=webp&w=1024,10.0,4.0,150000.0,143000,VAT 포함,미본한의원,,,"올리지오X #올리지오2세대 #듀얼모드 모든 것이 업그레이드 & 기존 대비 쿨링이 2.25배 강화되어 피부를 보호하고 통증이 적음 #피부재생 #주름개선 #탄력증가 콜라겐 수축 및 재생, 주름 개선, 피부 탄력 증대 효과 권장주기 3~4주 / 3회 시술",VAT 포함,피부의 전체적인 탄력 개선을 원하는 분 / 처진 볼살과 턱살이 고민인 분 / 회복시간이 긴 시술은 부담스러운 분 / 피부 상태 및 부위별 맞춤 리프팅을 원하는 분,,,올리지오X 시술시간 15~20분 마취여부 마취없음 회복시간 당일 시술효과 1~2주 후,,,수요일 09:00 ~ 18:00 (점심 13:00 ~ 14:00) / 목요일 09:00 ~ 18:00 (점심 13:00 ~ 14:00) / 금요일 09:00 ~ 18:00 (점심 13:00 ~ 14:00) / 토요일 09:00 ~ 15:00 / 일요일 휴진 / 월요일 09:00 ~ 18:00 (점심 13:00 ~ 14:00),050803543087
https://www.yeoshin.co.kr/event/mobile/27356,,,,"올리지오+리프팅침(탄력,이중턱개선)","#리프팅레이저
#얼굴지방개선",https://d3gurpvil0se70.cloudfront.net/upfiles/images/product/xmyK5FV8nsPuTNa9Ovb6BiFWolg3.jpg?q=90&f=webp&w=1024,,,109000.0,102000,VAT 포함,경희다나은한의원,서울특별시 강서구 화곡로68길 3 (등촌동) 영스퀘어 3층 경희다나은한의원주소복사,피부진단기 F-RAY 촬영 >,"올리지오 #고주파리프팅 #콜라겐활성화 RF 고주파를 이용하여 진피층의 콜라겐 활성화 #이중턱개선 #리프팅 진피층까지 열을 전달하여 이중턱, 피부처짐, 피부결 등을 개선 #비침습 #오랜유지기간 비침습적 방식으로 통증이 덜하며 비교적 오랜 유지기간 기대 가능 권장주기 3~6주 / 2~3회 시술",VAT 포함,피부의 전체적인 탄력 개선을 원하는 분 / 늘어진 모공과 피부결을 개선하고 싶은 분 / 처진 볼살과 턱살이 고민인 분 / 회복시간이 긴 시술은 부담스러운 분,시술 특장점 피부 표피를 보호하며 에너지 전달 쿨링시스템과 진동기술이 표피를 보호하며 피부 깊은 곳까지 에너지를 전달합니다. 온도체크로 부작용 줄임 피부 접촉면의 실시간 온도 체크를 통해 부작용을 줄입니다. 최적화된 에너지 출력 조직 내 전류 흐름이 원활한 상태인지 체크해 최적화된 에너지를 출력합니다.,레이저 시술 시 통증은 어떤가요? 올리지오는 따뜻한 열감 정도만 느껴지는 수준으로 마취없이 시술이 가능할 정도입니다. 또한 쿨링 시스템과 진동 모드로 통증을 덜 수 있습니다. 올리지오 시술 후 일상생활이 가능한가요? 시술 후 빠르게 일상 생활이 가능합니다.,올리지오 시술시간 30~40분 마취여부 마취없음 회복시간 약 1~2일 시술효과 1~2주 후,"주의사항 1 시술 후 일주일 정도 필링 시술, 스크럽제 사용을 피하는 것이 좋습니다. 2 외출시 자외선 차단제를 꼼꼼히 발라주세요. 3 시술 후 미세한 붉은기나 부기는 하루정도 지속될 수 있습니다.",,수요일 10:00 ~ 20:00 (점심 13:00 ~ 14:00) / 목요일 10:00 ~ 20:00 (점심 13:00 ~ 14:00) / 금요일 10:00 ~ 20:00 (점심 13:00 ~ 14:00) / 토요일 10:00 ~ 14:00 / 일요일 휴진 / 월요일 10:00 ~ 20:00 (점심 13:00 ~ 14:00) / 공휴일 : 10:00 - 17:00 (점심시간 13:00-14:00),050803537156
https://www.yeoshin.co.kr/event/mobile/9673,,,,WOOA 올리지오,"#리프팅레이저
#얼굴지방개선",https://d3gurpvil0se70.cloudfront.net/upfiles/images/product/XGRGBpGz1orN0UrDdQQGLPhbiuG7.jpg?q=90&f=webp&w=1024,8.8,24.0,88000.0,81000,VAT 포함,우아성형외과의원,크림마취,전문의 7명 여의사 진료 마취과의 진료 수술실 CCTV 응급처치 시스템 분야별 협진 기본 입원실 전담회복실 사후관리 영어 응대 중국어 응대 일본어 응대,,VAT 포함,,,,올리지오 시술시간 30분 마취여부 냉각마취 회복시간 1~2일 시술효과 1~2주 후,,크림마취 수면마취 전신마취 국소마취,수요일 10:00 ~ 19:00 / 목요일 10:00 ~ 19:00 / 금요일 10:00 ~ 20:30 / 토요일 10:00 ~ 17:00 / 일요일 휴진 / 월요일 10:00 ~ 20:30,0508-0353-5445
https://www.yeoshin.co.kr/event/mobile/27011,,,,듀얼리프팅: 올리지오X,"#리프팅레이저
#얼굴지방개선",https://d3gurpvil0se70.cloudfront.net/upfiles/images/product/S1c8az3lcd0OnYx68Tbcp7BZqiBA.jpg?q=90&f=webp&w=1024,,,220000.0,213000,VAT 포함,수지의원,"서울특별시 송파구 가락로 99, 3층 301호 (석촌동) 수지의원주소복사",전문의 1명,"올리지오X #올리지오2세대 #적은통증 기존 대비 쿨링이 강화되어, 피부를 보호하고 통증이 적음 #피부재생 #주름개선 #탄력증가 콜라겐 수축 및 재생, 주름 개선, 피부 탄력 증대 효과 권장주기 3~6개월 / 1회 이상 시술",VAT 포함,피부의 전체적인 탄력 개선을 원하는 분 / 처진 볼살과 턱살이 고민인 분 / 회복시간이 긴 시술은 부담스러운 분 / 피부 상태 및 부위별 맞춤 리프팅을 원하는 분,시술 특장점 듀얼모드로 강력하게 피부 타입에 맞춰 모드를 조합하기 때문에 효과 및 지속력이 강합니다. 2세대 올리지오 업그레이드된 버전의 고주파로 더욱 강력하고 부드럽게 피부를 리프팅합니다.,"시술 시 부작용이 있나요? 개인에 따라 약간의 부기가 1~2일 정도 발생할 수 있습니다. 시술 후 관리는 어떻게 하나요? 시술 부위를 마사지하거나 문지르지 마시고, 수분크림을 자주 발라주세요.",올리지오X 시술시간 40분 마취여부 마취없음 회복시간 당일 시술효과 1~2주 후,"주의사항 1 시술 전후로 음주, 흡연은 피해주세요. 2 시술 부위에 피부 재생, 보습크림을 충분히 발라주세요. 3 피부 보호를 위해 자외선 차단제를 발라주세요.",,수요일 14:00 ~ 21:00 / 목요일 10:00 ~ 19:00 (점심 13:00 ~ 14:00) / 금요일 10:00 ~ 19:00 (점심 13:00 ~ 14:00) / 토요일 10:00 ~ 14:00 / 일요일 휴진 / 월요일 10:00 ~ 19:00 (점심 13:00 ~ 14:00),0508-0353-3111
https://www.yeoshin.co.kr/event/mobile/8656,,,,나는 올리지오로 올리고 당기지요,"#리프팅레이저
#얼굴지방개선",https://d3gurpvil0se70.cloudfront.net/upfiles/images/product/2664397200.jpg?q=90&f=webp&w=1024,9.6,5.0,139000.0,132000,VAT 포함,라르떼의원(선릉점),,,"올리지오 올리지오는 RF고주파를 이용하여 진피층의 콜라겐을 활성화하는 시술입니다. 인체에 무해한 전류와 함께 진피까지 전달된 열이 콜라겐을 변성시켜 이중턱 교정, 피부처짐, 피부결 개선의 효과를 기대할 수 있습니다. 시술 후 콜라겐이 점차 생성되어 비교적 오랜 시간 효과를 유도해주는 것이 특징이며 비침습적 방식으로 마취없이 쿨링 및 진동모드로 통증을 덜 수 있습니다. 권장주기 3~6주 / 2~3회 시술",VAT 포함,늘어진 모공과 피부결을 개선하고 싶은 분 / 회복시간이 긴 시술은 부담스러운 분 / 탄력이 떨어진 피부가 고민인 분,,시술의 통증은 어느정도인가요? 별도의 마취 없이 시술 진행이 가능합니다. 시술의 효과는 무엇인가요? 시술 후 점진적인 콜라겐 형성으로 탄력 및 주름 개선 효과를 통해 건강한 피부로 만들어 드립니다.,올리지오 시술시간 15분 마취여부 마취없음 회복시간 1~2일 시술효과 1~2주 후,"주의사항 1 3~7일 간 과음, 찜질방, 격한 운동은 피해주세요. 2 간혹 붉은기, 트러블이 발생하나 곧 완화됩니다. 3 시술 후, 3~4일간 과격한 운동은 자제해주세요",,수요일 14:00 ~ 20:00 / 목요일 10:00 ~ 20:00 (점심 13:00 ~ 14:00) / 금요일 10:00 ~ 20:00 (점심 13:00 ~ 14:00) / 토요일 10:00 ~ 15:00 / 일요일 휴진 / 월요일 10:00 ~ 20:00 (점심 13:00 ~ 14:00),0508-0353-2227
https://www.yeoshin.co.kr/event/mobile/26840,,,,HOT! 올리지오 리프팅 + 동안침,"#리프팅레이저
#얼굴지방개선",https://d3gurpvil0se70.cloudfront.net/upfiles/images/product/xeibZJfm4tS6lRTkSt7CxosYsOh1.jpg?q=90&f=webp&w=1024,9.6,5.0,109000.0,102000,VAT 포함,목동공감한의원,서울특별시 양천구 신목로 102 (목동) 5층 목동공감한의원주소복사,영어 응대 중국어 응대 일본어 응대,"올리지오 #고주파리프팅 #콜라겐활성화 고주파를 이용하여 진피층의 콜라겐 활성화 #이중턱개선 #리프팅 진피층까지 열을 전달하여 이중턱, 피부처짐, 피부결 등을 개선 # 동안침 침 자극을 통한 리프팅과 혈색개선, 콜라겐 합성, 얼굴 부종 제거 등의 효과 권장주기 4~6개월 / 2~3회 시술",VAT 포함,피부의 전체적인 탄력 개선을 원하는 분 / 늘어진 모공과 피부결을 개선하고 싶은 분 / 처진 볼살과 턱살이 고민인 분 / 회복시간이 긴 시술은 부담스러운 분,시술 특장점 피부 표피를 보호하며 에너지 전달 쿨링시스템과 진동기술이 표피를 보호하며 피부 깊은 곳까지 에너지를 전달합니다. 온도체크로 부작용 줄임 피부 접촉면의 실시간 온도 체크를 통해 부작용을 줄입니다. 최적화된 에너지 출력 조직 내 전류 흐름이 원활한 상태인지 체크해 최적화된 에너지를 출력합니다.,올리지오 시술 후 일상생활이 가능한가요? 시술 후 빠르게 일상 생활이 가능합니다. 레이저 시술 시 통증은 어떤가요? 올리지오는 따뜻한 열감 정도만 느껴지는 수준으로 마취없이 시술이 가능할 정도입니다. 또한 쿨링 시스템과 진동 모드로 통증을 덜 수 있습니다.,올리지오 시술시간 60분 마취여부 마취없음 회복시간 약 1~2일 시술효과 1~2주 후,"주의사항 1 시술 후 일주일 정도 필링 시술, 스크럽제 사용을 피하는 것이 좋습니다. 2 외출시 자외선 차단제를 꼼꼼히 발라주세요. 3 시술 후 미세한 붉은기나 부기는 하루정도 지속될 수 있습니다.",,수요일 09:30 ~ 20:30 (점심 12:30 ~ 14:00) / 목요일 09:30 ~ 20:30 (점심 12:30 ~ 14:00) / 금요일 09:30 ~ 20:30 (점심 12:30 ~ 14:00) / 토요일 09:30 ~ 15:00 / 일요일 09:30 ~ 15:00 / 월요일 09:30 ~ 20:30 (점심 12:30 ~ 14:00),0508-0353-1939
https://www.yeoshin.co.kr/event/mobile/26876,,,,리프팅 레이저 : 올리지오,"#리프팅레이저
#얼굴지방개선",https://d3gurpvil0se70.cloudfront.net/upfiles/images/product/JpGpUTXZ77JcFyNwITUUZ4A5Xnu5.jpg?q=90&f=webp&w=1024,,,275000.0,268000,VAT 포함,벨로아의원,크림마취,전문의 1명 여의사 진료 사후관리,"올리지오 #고주파리프팅 #콜라겐활성화 RF 고주파를 이용하여 진피층의 콜라겐 활성화 #이중턱개선 #리프팅 진피층까지 열을 전달하여 이중턱, 피부처짐, 피부결 등을 개선 #비침습 #오랜유지기간 비침습적 방식으로 통증이 덜하며 비교적 오랜 유지기간 기대 가능 권장주기 3~6주 / 2~3회 시술",VAT 포함,피부의 전체적인 탄력 개선을 원하는 분 / 늘어진 모공과 피부결을 개선하고 싶은 분 / 처진 볼살과 턱살이 고민인 분 / 회복시간이 긴 시술은 부담스러운 분,시술 특장점 피부 표피를 보호하며 에너지 전달 쿨링시스템과 진동기술이 표피를 보호하며 피부 깊은 곳까지 에너지를 전달합니다. 온도체크로 부작용 줄임 피부 접촉면의 실시간 온도 체크를 통해 부작용을 줄입니다. 최적화된 에너지 출력 조직 내 전류 흐름이 원활한 상태인지 체크해 최적화된 에너지를 출력합니다.,레이저 시술 시 통증은 어떤가요? 올리지오는 따뜻한 열감 정도만 느껴지는 수준으로 마취없이 시술이 가능할 정도입니다. 또한 쿨링 시스템과 진동 모드로 통증을 덜 수 있습니다. 올리지오 시술 후 일상생활이 가능한가요? 시술 후 빠르게 일상 생활이 가능합니다.,올리지오 시술시간 30~40분 마취여부 마취없음 회복시간 약 1~2일 시술효과 1~2주 후,"주의사항 1 시술 후 일주일 정도 필링 시술, 스크럽제 사용을 피하는 것이 좋습니다. 2 외출시 자외선 차단제를 꼼꼼히 발라주세요. 3 시술 후 미세한 붉은기나 부기는 하루정도 지속될 수 있습니다.",크림마취,수요일 10:00 ~ 19:00 (점심 13:00 ~ 14:00) / 목요일 10:00 ~ 20:30 (점심 13:00 ~ 14:00) / 금요일 10:00 ~ 19:00 (점심 13:00 ~ 14:00) / 토요일 09:30 ~ 14:30 / 일요일 휴진 / 월요일 10:00 ~ 19:00 (점심 13:00 ~ 14:00),050803543291
https://www.yeoshin.co.kr/event/mobile/21555,,,,고출력 고주파 올리지오 리프팅,"#리프팅레이저
#얼굴지방개선",https://d3gurpvil0se70.cloudfront.net/upfiles/images/product/g3vMfSFIWowsJE5fCCH6hhWTxjA2.png?q=90&f=webp&w=1024,10.0,1.0,429000.0,422000,VAT 포함,셀린의원(삼성점),크림마취,사후관리,"올리지오 #고주파리프팅 #콜라겐활성화 RF 고주파를 이용하여 진피층의 콜라겐 활성화 #이중턱개선 #리프팅 진피층까지 열을 전달하여 이중턱, 피부처짐, 피부결 등을 개선 #비침습 #오랜유지기간 비침습적 방식으로 통증이 덜하며 비교적 오랜 유지기간 기대 가능 권장주기 3~6주 / 2~3회 시술",VAT 포함,피부의 전체적인 탄력 개선을 원하는 분 / 늘어진 모공과 피부결을 개선하고 싶은 분 / 처진 볼살과 턱살이 고민인 분 / 회복시간이 긴 시술은 부담스러운 분,시술 특장점 피부 표피를 보호하며 에너지 전달 쿨링시스템과 진동기술이 표피를 보호하며 피부 깊은 곳까지 에너지를 전달합니다. 온도체크로 부작용 줄임 피부 접촉면의 실시간 온도 체크를 통해 부작용을 줄입니다. 최적화된 에너지 출력 조직 내 전류 흐름이 원활한 상태인지 체크해 최적화된 에너지를 출력합니다.,레이저 시술 시 통증은 어떤가요? 올리지오는 따뜻한 열감 정도만 느껴지는 수준으로 마취없이 시술이 가능할 정도입니다. 또한 쿨링 시스템과 진동 모드로 통증을 덜 수 있습니다. 올리지오 시술 후 일상생활이 가능한가요? 시술 후 빠르게 일상 생활이 가능합니다.,올리지오 시술시간 30~40분 마취여부 마취없음 회복시간 약 1~2일 시술효과 1~2주 후,"주의사항 1 시술 후 일주일 정도 필링 시술, 스크럽제 사용을 피하는 것이 좋습니다. 2 외출시 자외선 차단제를 꼼꼼히 발라주세요. 3 시술 후 미세한 붉은기나 부기는 하루정도 지속될 수 있습니다.",크림마취 수면마취 비수면 무통마취 국소마취,수요일 10:30 ~ 20:30 (점심 13:00 ~ 14:00) / 목요일 10:30 ~ 20:30 (점심 13:00 ~ 14:00) / 금요일 10:30 ~ 20:30 (점심 13:00 ~ 14:00) / 토요일 10:00 ~ 17:00 / 일요일 휴진 / 월요일 10:30 ~ 20:30 (점심 13:00 ~ 14:00),0508-0353-9455
https://www.yeoshin.co.kr/event/mobile/20002,,,,토탈 안티에이징 고주파 올리지오 리프팅,"#리프팅레이저
#얼굴지방개선",https://d3gurpvil0se70.cloudfront.net/upfiles/images/product/u7itygi8ROufphkrkslJUGRd7AW4.jpg?q=90&f=webp&w=1024,9.9,14.0,99000.0,92000,VAT 포함,리드림의원(의료법인미래의료재단),,,,VAT 포함,,,,올리지오 시술시간 30~40분 마취여부 마취없음 회복시간 약 1~2일 시술효과 1~2주 후,,,수요일 10:00 ~ 19:00 / 목요일 10:00 ~ 20:00 / 금요일 10:00 ~ 19:00 / 토요일 10:00 ~ 16:00 / 일요일 휴진 / 월요일 10:00 ~ 19:00,0508-0353-4648
https://www.yeoshin.co.kr/event/mobile/15929,,,,올리지오,"#리프팅레이저
#얼굴지방개선",https://d3gurpvil0se70.cloudfront.net/upfiles/images/product/pbto6A2ejxGvSDq2lzsBdFpnFws7.jpg?q=90&f=webp&w=1024,,,110000.0,103000,VAT 포함,제이린의원(서면점),,,올리지오 #고주파리프팅 #콜라겐활성화 RF 고주파를 이용하여 진피층의 콜라겐 활성화 권장주기 4~5주 / 3~4회 시술,VAT 포함,피부의 전체적인 탄력 개선을 원하는 분 / 늘어진 모공과 피부결을 개선하고 싶은 분 / 처진 볼살과 턱살이 고민인 분 / 회복시간이 긴 시술은 부담스러운 분,,,올리지오 시술시간 15분 마취여부 크림마취 회복시간 당일 시술효과 1~2주 후,,,수요일 10:30 ~ 19:00 (점심 13:00 ~ 14:30) / 목요일 10:30 ~ 19:00 (점심 13:00 ~ 14:30) / 금요일 10:30 ~ 20:00 (점심 13:00 ~ 14:30) / 토요일 10:30 ~ 14:30 / 일요일 휴진 / 월요일 10:30 ~ 20:00 (점심 13:00 ~ 14:30),0508-0354-2276
https://www.yeoshin.co.kr/event/mobile/22905,,,,올리지오 X 리프팅 300샷,"#피부과 전문의
#리프팅레이저
#얼굴지방개선",https://d3gurpvil0se70.cloudfront.net/upfiles/images/product/IBiUVdHvPiRapqtl0fy8uB3W0J01.jpg?q=90&f=webp&w=1024,,,550000.0,543000,VAT 포함,유앤아이피부과의원(판교점),경기도 성남시 분당구 판교로 375 유앤아이피부과의원(판교점)주소복사,전문의 1명,,VAT 포함,,,,올리지오X 시술시간 15~20분 마취여부 마취없음 회복시간 당일 시술효과 1~2주 후,,,수요일 09:30 ~ 20:30 (점심 13:00 ~ 14:00) / 목요일 09:30 ~ 20:30 (점심 13:00 ~ 14:00) / 금요일 09:30 ~ 20:30 (점심 13:00 ~ 14:00) / 토요일 09:00 ~ 16:00 / 일요일 휴진 / 월요일 09:30 ~ 20:30 (점심 13:00 ~ 14:00),0508-0354-0510
https://www.yeoshin.co.kr/event/mobile/17880,,,,탄력 시너지 올리지오 이벤트,"#리프팅레이저
#얼굴지방개선",https://d3gurpvil0se70.cloudfront.net/upfiles/images/product/3ry9hQ5m5asMtD77UdSIPrOcDh0A.jpg?q=90&f=webp&w=1024,10.0,1.0,187000.0,180000,VAT 포함,메이드림의원(의정부점),,,"올리지오 #고주파리프팅 #콜라겐활성화 RF 고주파를 이용하여 진피층의 콜라겐 활성화 #이중턱개선 #리프팅 진피층까지 열을 전달하여 이중턱, 피부처짐, 피부결 등을 개선 #비침습 #오랜유지기간 비침습적 방식으로 통증이 덜하며 비교적 오랜 유지기간 기대 가능 권장주기 3~6주 / 2~3회 시술",VAT 포함,피부의 전체적인 탄력 개선을 원하는 분 / 늘어진 모공과 피부결을 개선하고 싶은 분 / 처진 볼살과 턱살이 고민인 분 / 회복시간이 긴 시술은 부담스러운 분,,,올리지오 시술시간 30~40분 마취여부 크림마취 회복시간 약 1~2일 시술효과 1~2주 후,,,수요일 10:00 ~ 19:00 (점심 13:00 ~ 14:00) / 목요일 휴진 / 금요일 10:00 ~ 21:00 (점심 13:00 ~ 14:00) / 토요일 10:00 ~ 16:00 / 일요일 휴진 / 월요일 10:00 ~ 19:00 (점심 13:00 ~ 14:00),0508-0354-0647
https://www.yeoshin.co.kr/event/mobile/18245,,,,정품 정샷 올리지오100샷,"#리프팅레이저
#얼굴지방개선",https://d3gurpvil0se70.cloudfront.net/upfiles/images/product/VQ1vRRXwGafU1gjMFLy8ArfWQbo.jpg?q=90&f=webp&w=1024,8.5,10.0,110000.0,103000,VAT 포함,브라운성형외과의원,서울특별시 서초구 강남대로 475 (반포동) 브라운성형외과의원주소복사,전문의 3명 영어 응대 중국어 응대 일본어 응대,"올리지오 #고주파리프팅 #콜라겐활성화 RF 고주파를 이용하여 진피층의 콜라겐 활성화 #이중턱개선 #리프팅 진피층까지 열을 전달하여 이중턱, 피부처짐, 피부결 등을 개선 #비침습 #오랜유지기간 비침습적 방식으로 통증이 덜하며 비교적 오랜 유지기간 기대 가능 권장주기 3~6주 / 2~3회 시술",VAT 포함,피부의 전체적인 탄력 개선을 원하는 분 / 늘어진 모공과 피부결을 개선하고 싶은 분 / 처진 볼살과 턱살이 고민인 분 / 회복시간이 긴 시술은 부담스러운 분,,,올리지오 시술시간 30~40분 마취여부 크림마취 회복시간 약 1~2일 시술효과 1~2주 후,,,수요일 10:00 ~ 19:00 / 목요일 10:00 ~ 19:00 / 금요일 10:00 ~ 20:30 / 토요일 10:00 ~ 17:00 / 일요일 휴진 / 월요일 10:00 ~ 19:00 / 일요일&공휴일 휴진/금요일 야간진료,0508-0353-4515
https://www.yeoshin.co.kr/event/mobile/14675,,,,올리지오300샷,"#피부과 전문의
#리프팅레이저
#얼굴지방개선",https://d3gurpvil0se70.cloudfront.net/upfiles/images/product/3313822877.jpg?q=90&f=webp&w=1024,,,550000.0,543000,VAT 포함,동탄오라클피부과의원,경기도 화성시 동탄역로 150 동탄오라클피부과의원주소복사,전문의 3명,"올리지오 #올리지오 #고주파탄력 #RF레이저 올리지오는 RF고주파를 이용하여 진피층의 콜라겐을 활성화하는 시술입니다. 인체에 무해한 전류와 함께 진피까지 전달된 열이 콜라겐을 변성시켜 이중턱 교정, 피부처짐, 피부결 개선의 효과를 기대할 수 있습니다. 시술 후 콜라겐이 점차 생성되어 비교적 오랜 시간 효과를 유도해주는 것이 특징이며 비침습적 방식으로 마취없이 쿨링 및 진동모드로 통증을 덜 수 있습니다. 권장주기 3~6주 / 2~3회 시술",VAT 포함,늘어진 모공과 피부결을 개선하고 싶은 분 / 처진 볼살과 턱살이 고민인 분 / 탄력이 떨어진 피부가 고민인 분 / 회복시간이 긴 시술은 부담스러운 분,,레이저 시술 시 통증은 어떤가요? 따듯한 열감이 느껴질 정도의 수준이므로 다른 레이저시술과 달리 국소마취 없이 시술 가능하며 쿨링 시스템과 진동모드로 통증을 덜 수 있습니다. 올리지오 시술 후 일상생활이 가능한가요? 시술 후 빠르게 일상 생활이 가능합니다.,올리지오 시술시간 30분 마취여부 냉각마취 회복시간 1~2일 시술효과 1~2일 후,"주의사항 1 시술 후, 음주/흡연은 자제해주세요. 2 시술 후, 찬물세안은 피해주세요. 3 냉찜질은 2-3일정도 피해주세요.",,수요일 10:00 ~ 19:00 (점심 13:00 ~ 14:00) / 목요일 10:00 ~ 19:00 (점심 13:00 ~ 14:00) / 금요일 10:00 ~ 19:00 (점심 13:00 ~ 14:00) / 토요일 10:00 ~ 14:00 / 일요일 휴진 / 월요일 10:00 ~ 19:00 (점심 13:00 ~ 14:00),0508-0353-9999
https://www.yeoshin.co.kr/event/mobile/13650,,,,유앤아이 올리지오 탄력 리프팅,"#리프팅레이저
#얼굴지방개선",https://d3gurpvil0se70.cloudfront.net/upfiles/images/product/VcElH2Z0cJua1dsMNe6zDScMtdG2.jpg?q=90&f=webp&w=1024,1.0,1.0,495000.0,488000,VAT 포함,유앤아이의원(김포점),,,,VAT 포함,,,,올리지오 시술시간 30~40분 마취여부 크림마취 회복시간 1~2일 시술효과 1~2주 후,,,수요일 10:00 ~ 20:30 (점심 13:00 ~ 14:00) / 목요일 10:00 ~ 20:30 (점심 13:00 ~ 14:00) / 금요일 10:00 ~ 20:30 (점심 13:00 ~ 14:00) / 토요일 10:00 ~ 16:00 / 일요일 10:00 ~ 16:00 / 월요일 10:00 ~ 20:30 (점심 13:00 ~ 14:00),0508-0354-0557
https://www.yeoshin.co.kr/event/mobile/6003,,,,올리지오 리프팅,"#리프팅레이저
#얼굴지방개선",https://d3gurpvil0se70.cloudfront.net/upfiles/images/product/oj2XjBO4pO1UCCacTUio8A7h0qZ8.jpg?q=90&f=webp&w=1024,9.3,23.0,605000.0,598000,VAT 포함,데이원의원(강남역점),서울시 서초구 강남대로 423 데이원의원(강남역점)주소복사,전문의 1명,"올리지오 #주름개선 #탄력 #콜라겐생성 올리지오는 RF고주파를 이용하여 진피층의 콜라겐을 활성화하는 시술입니다. 인체에 무해한 전류와 함께 진피까지 전달된 열이 콜라겐을 변성시켜 이중턱 교정, 피부처짐, 피부결 개선의 효과를 기대할 수 있습니다. 시술 후 콜라겐이 점차 생성되어 비교적 오랜 시간 효과를 유도해주는 것이 특징이며 비침습적 방식으로 마취없이 쿨링 및 진동모드로 통증을 덜 수 있습니다. 권장주기 1개월 / 1회 시술",VAT 포함,회복시간이 긴 시술은 부담스러운 분 / 처진 볼살과 턱살이 고민인 분,,"올리지오 시술 후 어떤 효과가 있나요? 올리지오는 시술 직후부터 피부 속 콜라겐이 점차 생성되면서 주름 개선에 도움을 주며, 탄력있고 건강한 피부로 유지 시켜 줍니다. 같은날 울쎄라 시술을 같이 해도 되나요? 올리지오는 고주파, 울쎄라는 초음파 리프팅으로 같이 시술 시 시너지효과를 극대화 시켜 리프팅에 많은 도움이 됩니다.",올리지오 시술시간 60분 마취여부 크림마취 회복시간 당일 시술효과 1주 후,"주의사항 1 고주파 레이저로 시술 직후 열감이 있을수 있습니다. 2 재생크림, 수분크림, 썬크림 일주일동안 잘 발라주세요 3 시술 후, 3~4일간 과격한 운동은 자제해주세요",,수요일 10:30 ~ 20:30 (점심 13:00 ~ 14:00) / 목요일 10:30 ~ 20:30 (점심 13:00 ~ 14:00) / 금요일 10:30 ~ 20:30 (점심 13:00 ~ 14:00) / 토요일 10:30 ~ 16:00 / 일요일 휴진 / 월요일 10:30 ~ 20:30 (점심 13:00 ~ 14:00),0508-0353-7131
https://www.yeoshin.co.kr/event/mobile/12500,,,,올리지오로 올라갔지오?올리지오 올라갔지오 올리지오 리프팅,"#리프팅레이저
#얼굴지방개선",https://d3gurpvil0se70.cloudfront.net/upfiles/images/product/1987911242.jpg?q=90&f=webp&w=1024,9.3,9.0,143000.0,136000,VAT 포함,넬의원,,,,VAT 포함,,,,올리지오 시술시간 30분 마취여부 크림마취 회복시간 1~2일 시술효과 1~2주 후,,,수요일 10:00 ~ 19:00 (점심 13:00 ~ 14:00) / 목요일 10:00 ~ 19:00 (점심 13:00 ~ 14:00) / 금요일 10:00 ~ 21:00 (점심 13:00 ~ 14:00) / 토요일 10:00 ~ 15:00 / 일요일 휴진 / 월요일 10:00 ~ 19:00 (점심 13:00 ~ 14:00),0508-0354-2100
https://www.yeoshin.co.kr/event/mobile/22535,,,,피부과 전문의/하이엔드 맞춤올리지오,"#피부과 전문의
#리프팅레이저
#얼굴지방개선",https://d3gurpvil0se70.cloudfront.net/upfiles/images/product/M2IZQ59mKAFvl6RAlCgdbzGJpvw9.png?q=90&f=webp&w=1024,,,1089000.0,1082000,VAT 포함,하이엔드피부과,크림마취,전문의 2명 여의사 진료,"올리지오 #고주파리프팅 #콜라겐활성화 RF 고주파를 이용하여 진피층의 콜라겐 활성화 #이중턱개선 #리프팅 진피층까지 열을 전달하여 이중턱, 피부처짐, 피부결 등을 개선 #비침습 #오랜유지기간 비침습적 방식으로 통증이 덜하며 비교적 오랜 유지기간 기대 가능 권장주기 5~6개월 / 1~2회 시술",VAT 포함,피부의 전체적인 탄력 개선을 원하는 분 / 늘어진 모공과 피부결을 개선하고 싶은 분 / 처진 볼살과 턱살이 고민인 분 / 회복시간이 긴 시술은 부담스러운 분,,,올리지오 시술시간 30~40분 마취여부 크림마취 회복시간 약 1~2일 시술효과 1~2주 후,,크림마취,수요일 10:00 ~ 19:00 (점심 13:00 ~ 14:00) / 목요일 10:00 ~ 19:00 (점심 13:00 ~ 14:00) / 금요일 10:00 ~ 20:00 (점심 13:00 ~ 14:00) / 토요일 09:30 ~ 15:00 / 일요일 휴진 / 월요일 10:00 ~ 20:00 (점심 13:00 ~ 14:00),0508-0353-0260
https://www.yeoshin.co.kr/event/mobile/17190,,,,여자대표원장 꼼꼼 시술 올리지오,"#리프팅레이저
#얼굴지방개선",https://d3gurpvil0se70.cloudfront.net/upfiles/images/product/qKUikPrvGlWOMdC2SPoOr4IG0BN4.png?q=90&f=webp&w=1024,,,165000.0,158000,VAT 포함,아라의원,,,"올리지오 #고주파리프팅 #콜라겐활성화 RF 고주파를 이용하여 진피층의 콜라겐 활성화 #이중턱개선 #리프팅 진피층까지 열을 전달하여 이중턱, 피부처짐, 피부결 등을 개선 #비침습 #오랜유지기간 비침습적 방식으로 통증이 덜하며 비교적 오랜 유지기간 기대 가능 권장주기 3~6주 / 2~3회 시술",VAT 포함,피부의 전체적인 탄력 개선을 원하는 분 / 늘어진 모공과 피부결을 개선하고 싶은 분 / 처진 볼살과 턱살이 고민인 분 / 회복시간이 긴 시술은 부담스러운 분,시술 특장점 피부 표피를 보호하며 에너지 전달 쿨링시스템과 진동기술이 표피를 보호하며 피부 깊은 곳까지 에너지를 전달합니다. 온도체크로 부작용 줄임 피부 접촉면의 실시간 온도 체크를 통해 부작용을 줄입니다. 최적화된 에너지 출력 조직 내 전류 흐름이 원활한 상태인지 체크해 최적화된 에너지를 출력합니다.,"레이저 시술 시 통증은 어떤가요? 올리지오는 따뜻한 열감 정도만 느껴지는 수준으로 마취없이 시술이 가능할 정도입니다. 또한 쿨링 시스템과 진동 모드로 통증을 덜 수 있습니다. 올리지오 시술 후 일상생활이 가능한가요? 시술 후 빠르게 일상 생활이 가능합니다. 시술 시 부작용이 있나요? 개인에 따라 약간의 부기가 1~2일 정도 발생할 수 있습니다. 시술 후 관리는 어떻게 하나요? 시술 부위를 마사지하거나 문지르지 마시고, 수분크림을 자주 발라주세요.",올리지오 시술시간 30~40분 마취여부 크림마취 회복시간 1~2일 시술효과 3~4주 후,"주의사항 1 시술 후 일주일 정도 필링 시술, 스크럽제 사용을 피하는 것이 좋습니다. 2 외출시 자외선 차단제를 꼼꼼히 발라주세요. 3 시술 후 미세한 붉은기나 부기는 하루정도 지속될 수 있습니다. 4 시술 후 약 일주일간은 사우나, 찜질방 등 고온다습한 곳은 피해주세요. 5 시술 후 수분 보습제를 충분히 발라주세요. 6 시술 후 3~4일간 과격하고 무리한 운동은 자제해주세요. 7 시술 후 세안 및 메이크업이 가능하며, 저자극 클렌저 사용을 권장합니다. 8 시술 후 일주일간 기능성 화장품, 오일류 제품 사용은 피해주세요.",,수요일 10:00 ~ 21:00 / 목요일 10:00 ~ 19:00 / 금요일 10:00 ~ 21:00 / 토요일 10:00 ~ 15:00 / 일요일 휴진 / 월요일 10:00 ~ 19:00,0508-0354-1561
https://www.yeoshin.co.kr/event/mobile/25821,,,,원장님 1:1 상담 시술 올리지오,"#피부과 전문의
#리프팅레이저
#얼굴지방개선",https://d3gurpvil0se70.cloudfront.net/upfiles/images/product/3TVxvxlcj5boaBfKMamjupPmBBs5.png?q=90&f=webp&w=1024,,,759000.0,752000,VAT 포함,청담엔케이피부과의원,서울특별시 강서구 마곡중앙5로 81 (마곡동) 5층 청담NK피부과의원주소복사,전문의 1명 여의사 진료 피부진단기 F-RAY 촬영 >,"올리지오 #고주파리프팅 #콜라겐활성화 RF 고주파를 이용하여 진피층의 콜라겐 활성화 #이중턱개선 #리프팅 진피층까지 열을 전달하여 이중턱, 피부처짐, 피부결 등을 개선 #비침습 #오랜유지기간 비침습적 방식으로 통증이 덜하며 비교적 오랜 유지기간 기대 가능 권장주기 3~6주 / 2~3회 시술",VAT 포함,피부의 전체적인 탄력 개선을 원하는 분 / 늘어진 모공과 피부결을 개선하고 싶은 분 / 처진 볼살과 턱살이 고민인 분 / 회복시간이 긴 시술은 부담스러운 분,,,올리지오 시술시간 30~40분 마취여부 마취없음 회복시간 약 1~2일 시술효과 1~2주 후,,,수요일 10:00 ~ 19:00 (점심 13:00 ~ 14:00) / 목요일 10:00 ~ 19:00 (점심 13:00 ~ 14:00) / 금요일 10:00 ~ 20:00 (점심 13:00 ~ 14:00) / 토요일 09:30 ~ 14:30 / 일요일 휴진 / 월요일 10:00 ~ 20:00 (점심 13:00 ~ 14:00),050803531467
https://www.yeoshin.co.kr/event/mobile/18055,,,,"올리지오,국내 피부 맞춤 리프팅","#피부과 전문의
#리프팅레이저
#얼굴지방개선",https://d3gurpvil0se70.cloudfront.net/upfiles/images/product/ZABWkTKC18x7t8m248kT77cRjreA.jpg?q=90&f=webp&w=1024,,,660000.0,653000,VAT 포함,휴먼피부과의원(청라점),크림마취,전문의 4명 여의사 진료,"올리지오 #고주파리프팅 #콜라겐활성화 RF 고주파를 이용하여 진피층의 콜라겐 활성화 #한국인 피부를 대상으로 개발 진피층까지 열을 전달하여 이중턱, 피부처짐, 피부결 등을 개선 #비침습 #오랜유지기간 비침습적 방식으로 통증이 덜하며 비교적 오랜 유지기간 기대 가능",VAT 포함,피부의 전체적인 탄력 개선을 원하는 분 / 늘어진 모공과 피부결을 개선하고 싶은 분 / 처진 볼살과 턱살이 고민인 분 / 회복시간이 긴 시술은 부담스러운 분,시술 특장점 피부 표피를 보호하며 에너지 전달 쿨링시스템과 진동기술이 표피를 보호하며 피부 깊은 곳까지 에너지를 전달합니다. 온도체크로 부작용 줄임 피부 접촉면의 실시간 온도 체크를 통해 부작용을 줄입니다. 최적화된 에너지 출력 조직 내 전류 흐름이 원활한 상태인지 체크해 최적화된 에너지를 출력합니다.,"레이저 시술 시 통증은 어떤가요? 올리지오는 따뜻한 열감 정도만 느껴지는 수준으로 마취없이 시술이 가능할 정도입니다. 또한 쿨링 시스템과 진동 모드로 통증을 덜 수 있습니다. 올리지오 시술 후 일상생활이 가능한가요? 시술 후 빠르게 일상 생활이 가능합니다. 시술 시 부작용이 있나요? 개인에 따라 약간의 부기가 1~2일 정도 발생할 수 있습니다. 시술 후 관리는 어떻게 하나요? 시술 부위를 마사지하거나 문지르지 마시고, 수분크림을 자주 발라주세요.",올리지오 시술시간 30~40분 마취여부 크림마취 회복시간 약 1~2일 시술효과 1~2주 후,"주의사항 1 시술 후 일주일 정도 필링 시술, 스크럽제 사용을 피하는 것이 좋습니다. 2 외출시 자외선 차단제를 꼼꼼히 발라주세요. 3 시술 후 미세한 붉은기나 부기는 하루정도 지속될 수 있습니다. 4 시술 후 약 일주일간은 사우나, 찜질방 등 고온다습한 곳은 피해주세요. 5 시술 후 수분 보습제를 충분히 발라주세요. 6 시술 후 3~4일간 과격하고 무리한 운동은 자제해주세요. 7 시술 후 세안 및 메이크업이 가능하며, 저자극 클렌저 사용을 권장합니다. 8 시술 후 일주일간 기능성 화장품, 오일류 제품 사용은 피해주세요. 9 시술 후 음주 및 흡연을 자제해주세요.",크림마취 수면마취 비수면 무통마취,수요일 10:00 ~ 20:30 (점심 12:00 ~ 14:00) / 목요일 10:00 ~ 19:00 (점심 12:00 ~ 14:00) / 금요일 10:00 ~ 20:30 (점심 12:00 ~ 14:00) / 토요일 10:00 ~ 16:00 / 일요일 휴진 / 월요일 10:00 ~ 20:30 (점심 12:00 ~ 14:00) / 진료마감 : 월수금 19:30 / 화목 18:00 / 토 15:00,0508-0354-1088
https://www.yeoshin.co.kr/event/mobile/8013,,,,올리지오,"#리프팅레이저
#얼굴지방개선",https://d3gurpvil0se70.cloudfront.net/upfiles/images/product/nEqYe5Yfb9vuz9xH0zlVPgRTXXm3.jpg?q=90&f=webp&w=1024,,,462000.0,455000,VAT 포함,아비쥬의원(대전점),대전광역시 서구 대덕대로 219 아비쥬의원(대전점)주소복사,전문의 2명,"올리지오 #고주파리프팅 #콜라겐활성화 RF 고주파를 이용하여 진피층의 콜라겐 활성화 #이중턱개선 #리프팅 진피층까지 열을 전달하여 이중턱, 피부처짐, 피부결 등을 개선 #비침습 #오랜유지기간 비침습적 방식으로 통증이 덜하며 비교적 오랜 유지기간 기대 가능 권장주기 3~6주 / 2~3회 시술",VAT 포함,피부의 전체적인 탄력 개선을 원하는 분 / 늘어진 모공과 피부결을 개선하고 싶은 분 / 처진 볼살과 턱살이 고민인 분 / 회복시간이 긴 시술은 부담스러운 분,,,올리지오 시술시간 60~70분 마취여부 크림마취 회복시간 3일 시술효과 1달 후,,,수요일 10:30 ~ 20:30 (점심 14:00 ~ 15:00) / 목요일 10:30 ~ 20:30 (점심 14:00 ~ 15:00) / 금요일 10:30 ~ 20:30 (점심 14:00 ~ 15:00) / 토요일 10:30 ~ 17:00 / 일요일 10:30 ~ 17:00 / 월요일 10:30 ~ 20:30 (점심 14:00 ~ 15:00),0508-0354-2871
https://www.yeoshin.co.kr/event/mobile/15497,,,,올리지오 100샷,"#리프팅레이저
#얼굴지방개선",https://d3gurpvil0se70.cloudfront.net/upfiles/images/product/1ID72Fm97elLUAMVRDoDzIsPFG63.jpg?q=90&f=webp&w=1024,,,242000.0,235000,VAT 포함,일라스의원,부산광역시 해운대구 센텀2로 25 일라스의원주소복사,전문의 1명,,VAT 포함,,,,올리지오 시술시간 30~40분 마취여부 크림마취 회복시간 1~2일 시술효과 1~2주 후,,,수요일 11:00 ~ 20:00 (점심 13:00 ~ 14:00) / 목요일 11:00 ~ 20:00 (점심 13:00 ~ 14:00) / 금요일 11:00 ~ 20:00 (점심 13:00 ~ 14:00) / 토요일 10:00 ~ 16:00 / 일요일 휴진 / 월요일 11:00 ~ 20:00 (점심 13:00 ~ 14:00),0508-0354-2039
https://www.yeoshin.co.kr/event/mobile/11774,,,,HOT 올리지오 리프팅 (탄력리프팅),"#리프팅레이저
#얼굴지방개선",https://d3gurpvil0se70.cloudfront.net/upfiles/images/product/nTv7fQTWokRPxAStaAqHWVPReBX4.png?q=90&f=webp&w=1024,9.7,6.0,150000.0,143000,VAT 포함,에이스타의원,크림마취,전문의 1명 여의사 진료 수술실 CCTV 전담회복실 사후관리 영어 응대,"올리지오 #탄력 #고주파리프팅 #얼굴속쫀쫀 올리지오는 RF고주파를 이용하여 진피층의 콜라겐을 활성화하는 시술로 외과적 수술이나 주사없이 타이트닝, 주름개선에 큰 도움을 줍니다. 전류와 함께 진피까지 전달된 열이 콜라겐을 변성시켜 이중턱, 피부처짐, 피부결 개선 효과를 기대할 수 있는 시술입니다. 권장주기 4개월 / 2회 시술",VAT 포함,늘어진 모공과 피부결을 개선하고 싶은 분 / 처진 피부를 리프팅하고 이중턱을 개선하고 싶은 분 / 처진 볼살과 턱살이 고민인 분 / 회복시간이 긴 시술은 부담스러운 분,,시술시 어떤 부작용이 있나요? 비교적 간단한 시술로 큰 부작용은 거의 없습니다. 통증은 어느 정도인가요? 약간의 통증은 존재할 수 있지만 약한 정도입니다,올리지오 시술시간 30분 마취여부 크림마취 회복시간 1일 시술효과 1달 후,"주의사항 1 첫날은 차가운 마스크팩을 해주세요. 일주일간 사우나, 고온다습한 곳은 피해주세요. 2 3~4일 정도는 과격하고 무리한 운동은 자제해주세요. 3 스킨부스터 시술은 함께 해주시면 좋은데 순서에 유의하셔야 해요.",크림마취 수면마취 국소마취,수요일 휴진 / 목요일 10:00 ~ 19:00 (점심 13:00 ~ 14:00) / 금요일 10:00 ~ 19:00 (점심 13:00 ~ 14:00) / 토요일 10:00 ~ 16:00 (점심 13:00 ~ 14:00) / 일요일 휴진 / 월요일 10:00 ~ 19:00 (점심 13:00 ~ 14:00),0508-0353-2403
https://www.yeoshin.co.kr/event/mobile/17285,,,,강력해진 올리지오 X,"#리프팅레이저
#얼굴지방개선",https://d3gurpvil0se70.cloudfront.net/upfiles/images/product/L1slleKB957wLNxCvMKhABCFwTy9.jpg?q=90&f=webp&w=1024,,,,598000,,유앤아이의원(평택점),,,,,,,,올리지오X 시술시간 15~20분 마취여부 마취없음 회복시간 당일 시술효과 1~2주 후,,,수요일 10:00 ~ 20:30 (점심 13:00 ~ 14:00) / 목요일 10:00 ~ 20:30 (점심 13:00 ~ 14:00) / 금요일 10:00 ~ 20:30 (점심 13:00 ~ 14:00) / 토요일 10:00 ~ 16:00 / 일요일 휴진 / 월요일 10:00 ~ 20:30 (점심 13:00 ~ 14:00),0508-0354-0339
https://www.yeoshin.co.kr/event/mobile/12196,,,,올리지오 100샷,"#리프팅레이저
#얼굴지방개선",https://d3gurpvil0se70.cloudfront.net/upfiles/images/product/3208178854.jpg?q=90&f=webp&w=1024,,,165000.0,158000,VAT 포함,스무살의원,크림마취,전문의 1명 여의사 진료,,VAT 포함,,,,올리지오 시술시간 50분 마취여부 크림마취 회복시간 1~2일 시술효과 1~2주 후,,크림마취 수면마취 비수면 무통마취 국소마취,수요일 10:30 ~ 21:00 (점심 13:00 ~ 14:00) / 목요일 10:30 ~ 19:00 (점심 13:00 ~ 14:00) / 금요일 10:30 ~ 21:00 (점심 13:00 ~ 14:00) / 토요일 10:30 ~ 17:00 (점심 13:00 ~ 14:00) / 일요일 휴진 / 월요일 10:30 ~ 19:00 (점심 13:00 ~ 14:00),0508-0354-0755
https://www.yeoshin.co.kr/event/mobile/27347,,,,"더욱 강력해진 리프팅 , 올리지오X","#리프팅레이저
#얼굴지방개선",https://d3gurpvil0se70.cloudfront.net/upfiles/images/product/wyZ0gTOdUELZbazBSilNqCwgnu48.jpg?q=90&f=webp&w=1024,,,195000.0,188000,VAT 포함,어뉴의원,서울시 중구 무교로 12 어뉴의원주소복사,전문의 1명,,VAT 포함,,,,올리지오X 시술시간 15~20분 마취여부 마취없음 회복시간 당일 시술효과 1~2주 후,,,수요일 14:00 ~ 20:00 / 목요일 10:00 ~ 19:00 (점심 13:30 ~ 14:30) / 금요일 10:00 ~ 20:00 (점심 13:30 ~ 14:30) / 토요일 10:00 ~ 15:00 / 일요일 휴진 / 월요일 10:00 ~ 19:00 (점심 13:30 ~ 14:30),0508-0353-8433
https://www.yeoshin.co.kr/event/mobile/15451,,,,올리고 당기고 채워주는 올리지오,"#리프팅레이저
#얼굴지방개선",https://d3gurpvil0se70.cloudfront.net/upfiles/images/product/PksZTEE51TaDjXm7JTZZkCkHhnp5.jpg?q=90&f=webp&w=1024,8.0,1.0,429000.0,422000,VAT 포함,연의원 범계(안양),,,"올리지오 #고주파리프팅 #콜라겐활성화 RF 고주파를 이용하여 진피층의 콜라겐 활성화 #이중턱개선 #리프팅 진피층까지 열을 전달하여 이중턱, 피부처짐, 피부결 등을 개선 #비침습 #오랜유지기간 비침습적 방식으로 통증이 덜하며 비교적 오랜 유지기간 기대 가능 권장주기 3~6주 / 2~3회 시술",VAT 포함,피부의 전체적인 탄력 개선을 원하는 분 / 늘어진 모공과 피부결을 개선하고 싶은 분 / 처진 볼살과 턱살이 고민인 분 / 회복시간이 긴 시술은 부담스러운 분,,,올리지오 시술시간 30~40분 마취여부 크림마취 회복시간 1~2일 시술효과 1~2주 후,,,수요일 휴진 / 목요일 10:30 ~ 20:30 (점심 13:30 ~ 14:30) / 금요일 10:00 ~ 18:00 (점심 13:30 ~ 14:30) / 토요일 10:00 ~ 16:00 / 일요일 휴진 / 월요일 10:30 ~ 20:30 (점심 13:30 ~ 14:30),0508-0354-1067
https://www.yeoshin.co.kr/event/mobile/16543,,,,HOT! [정품·정량] 올리지오 리프팅,"#리프팅레이저
#얼굴지방개선",https://d3gurpvil0se70.cloudfront.net/upfiles/images/product/KZsp7f8BCTrAcXmWC4qJUBvKIqy7.jpg?q=90&f=webp&w=1024,9.5,115.0,89000.0,82000,VAT 포함,뷰티오션의원(하남감일점),경기도 하남시 감일중앙로 60 (감이동) 벨솔레파크 4층 뷰티오션의원주소복사,,,VAT 포함,,,,올리지오 시술시간 30~40분 마취여부 크림마취 회복시간 1~2일 시술효과 1~2주 후,,크림마취 수면마취,"수요일 10:30 ~ 20:30 (점심 13:00 ~ 14:00) / 목요일 휴진 / 금요일 09:30 ~ 19:30 (점심 13:00 ~ 14:00) / 토요일 11:00 ~ 17:00 (점심 13:00 ~ 13:30) / 일요일 휴진 / 월요일 09:30 ~ 19:30 (점심 13:00 ~ 14:00) / 매 주 목요일/일요일, 법정공휴일 휴무",0508-0353-9446
https://www.yeoshin.co.kr/event/mobile/19715,,,,HOT! [정품·정량]아이올리지오 100샷,"#리프팅레이저
#얼굴지방개선",https://d3gurpvil0se70.cloudfront.net/upfiles/images/product/pAUuFdnSDJM8kOfHI5qMeOmfgJv7.jpg?q=90&f=webp&w=1024,9.6,60.0,89000.0,82000,VAT 포함,뷰티오션의원(하남감일점),경기도 하남시 감일중앙로 60 (감이동) 벨솔레파크 4층 뷰티오션의원주소복사,,,VAT 포함,,,,올리지오 시술시간 30~40분 마취여부 마취없음 회복시간 약 1~2일 시술효과 1~2주 후,,크림마취 수면마취,"수요일 10:30 ~ 20:30 (점심 13:00 ~ 14:00) / 목요일 휴진 / 금요일 09:30 ~ 19:30 (점심 13:00 ~ 14:00) / 토요일 11:00 ~ 17:00 (점심 13:00 ~ 13:30) / 일요일 휴진 / 월요일 09:30 ~ 19:30 (점심 13:00 ~ 14:00) / 매 주 목요일/일요일, 법정공휴일 휴무",0508-0353-9446
https://www.yeoshin.co.kr/event/mobile/6586,,,,올리지오는 올리지오,"#리프팅레이저
#얼굴지방개선",https://d3gurpvil0se70.cloudfront.net/upfiles/images/product/455798341.jpg?q=90&f=webp&w=1024,,,550000.0,543000,VAT 포함,조은날의원,,,,VAT 포함,,,,올리지오 시술시간 30분 마취여부 크림/국소 회복시간 1~2일 시술효과 1~2주 후,,,수요일 10:30 ~ 20:30 (점심 13:00 ~ 14:00) / 목요일 10:30 ~ 20:30 (점심 13:00 ~ 14:00) / 금요일 10:30 ~ 20:30 (점심 13:00 ~ 14:00) / 토요일 10:30 ~ 16:30 / 일요일 휴진 / 월요일 10:30 ~ 20:30 (점심 13:00 ~ 14:00),0508-0353-4980
https://www.yeoshin.co.kr/event/mobile/22283,,,,올리지오,"#리프팅레이저
#얼굴지방개선",https://d3gurpvil0se70.cloudfront.net/upfiles/images/product/4afJGL1Ds76cl5aLGOgnwJTVWnq.jpg?q=90&f=webp&w=1024,,,143000.0,136000,VAT 포함,루미의원,크림마취,여의사 진료,"올리지오 #고주파리프팅 #콜라겐활성화 RF 고주파를 이용하여 진피층의 콜라겐 활성화 #이중턱개선 #리프팅 진피층까지 열을 전달하여 이중턱, 피부처짐, 피부결 등을 개선 #비침습 #오랜유지기간 비침습적 방식으로 통증이 덜하며 비교적 오랜 유지기간 기대 가능 권장주기 3~6주 / 2~3회 시술",VAT 포함,피부의 전체적인 탄력 개선을 원하는 분 / 늘어진 모공과 피부결을 개선하고 싶은 분 / 처진 볼살과 턱살이 고민인 분 / 회복시간이 긴 시술은 부담스러운 분,시술 특장점 피부 표피를 보호하며 에너지 전달 쿨링시스템과 진동기술이 표피를 보호하며 피부 깊은 곳까지 에너지를 전달합니다. 온도체크로 부작용 줄임 피부 접촉면의 실시간 온도 체크를 통해 부작용을 줄입니다. 최적화된 에너지 출력 조직 내 전류 흐름이 원활한 상태인지 체크해 최적화된 에너지를 출력합니다.,레이저 시술 시 통증은 어떤가요? 올리지오는 따뜻한 열감 정도만 느껴지는 수준으로 마취없이 시술이 가능할 정도입니다. 또한 쿨링 시스템과 진동 모드로 통증을 덜 수 있습니다. 올리지오 시술 후 일상생활이 가능한가요? 시술 후 빠르게 일상 생활이 가능합니다.,올리지오 시술시간 30~40분 마취여부 크림마취 회복시간 약 1~2일 시술효과 1~2주 후,"주의사항 1 시술 후 일주일 정도 필링 시술, 스크럽제 사용을 피하는 것이 좋습니다. 2 외출시 자외선 차단제를 꼼꼼히 발라주세요. 3 시술 후 미세한 붉은기나 부기는 하루정도 지속될 수 있습니다.",크림마취 수면마취 국소마취,수요일 휴진 / 목요일 09:00 ~ 18:00 (점심 13:00 ~ 14:00) / 금요일 09:00 ~ 18:30 (점심 13:00 ~ 14:00) / 토요일 09:00 ~ 15:00 / 일요일 휴진 / 월요일 09:00 ~ 18:30 (점심 13:00 ~ 14:00) / 공휴일 휴진,0508-0353-3090
https://www.yeoshin.co.kr/event/mobile/10222,,,,올리지오 대표원장시술,"#리프팅레이저
#얼굴지방개선",https://d3gurpvil0se70.cloudfront.net/upfiles/images/product/ihfGyhMb5im4ZvkR3az4mNyWuYq.jpg?q=90&f=webp&w=1024,9.7,204.0,341000.0,334000,VAT 포함,라클라쎄의원,,,"올리지오 #고주파리프팅 #콜라겐활성화 RF 고주파를 이용하여 진피층의 콜라겐 활성화 #이중턱개선 #리프팅 진피층까지 열을 전달하여 이중턱, 피부처짐, 피부결 등을 개선 #비침습 #오랜유지기간 비침습적 방식으로 통증이 덜하며 비교적 오랜 유지기간 기대 가능",VAT 포함,피부의 전체적인 탄력 개선을 원하는 분 / 늘어진 모공과 피부결을 개선하고 싶은 분 / 처진 볼살과 턱살이 고민인 분 / 회복시간이 긴 시술은 부담스러운 분,,,올리지오 시술시간 20~40분 마취여부 크림마취 회복시간 당일 시술효과,,,수요일 10:00 ~ 20:00 (점심 13:00 ~ 14:00) / 목요일 10:00 ~ 20:00 (점심 13:00 ~ 14:00) / 금요일 10:00 ~ 20:00 (점심 13:00 ~ 14:00) / 토요일 10:00 ~ 16:00 / 일요일 10:00 ~ 16:00 / 월요일 10:00 ~ 20:00 (점심 13:00 ~ 14:00),0508-0353-6793
https://www.yeoshin.co.kr/event/mobile/2610,,,,고주파 리프팅 올리지오리프팅,"#리프팅레이저
#얼굴지방개선",https://d3gurpvil0se70.cloudfront.net/upfiles/images/product/pz1Mu5PVBgHKGzyys2MWa2gd3Bp3.jpg?q=90&f=webp&w=1024,9.5,186.0,130000.0,123000,VAT 포함,더비비성형외과의원,서울시 강남구 강남대로 402 더비비성형외과의원주소복사,전문의 1명,,VAT 포함,,,,올리지오 시술시간 30~40분 마취여부 크림마취 회복시간 1~2일 시술효과 1~2주 후,,,수요일 10:00 ~ 19:00 / 목요일 14:00 ~ 19:00 / 금요일 10:00 ~ 21:00 / 토요일 10:00 ~ 16:00 / 일요일 휴진 / 월요일 10:00 ~ 19:00,0508-0353-7737
https://www.yeoshin.co.kr/event/mobile/15936,,,,볼뉴머리프팅 탄력 고주파리프팅,"#리프팅레이저
#타이트닝",https://d3gurpvil0se70.cloudfront.net/upfiles/images/product/BUa4hd8PN65vieX3Ona6Pk6iLNo5.jpg?q=90&f=webp&w=1024,9.4,31.0,72000.0,65000,VAT 포함,세가지소원의원(압구정),서울특별시 강남구 논현로 824 세가지소원의원(압구정)주소복사,영어 응대 중국어 응대 일본어 응대,,VAT 포함,,,,볼뉴머 시술시간 40분 마취여부 크림마취 회복시간 당일 시술효과 1달 후,,,수요일 10:00 ~ 19:00 / 목요일 10:00 ~ 20:00 / 금요일 10:00 ~ 19:00 / 토요일 10:00 ~ 17:00 / 일요일 휴진 / 월요일 10:00 ~ 19:00,0508-0353-5028
https://www.yeoshin.co.kr/event/mobile/6154,,,,NEW 볼뉴머 리프팅,"#리프팅레이저
#타이트닝",https://d3gurpvil0se70.cloudfront.net/upfiles/images/product/CQUmx1pF3JJ6rVZRybKcHtdt5fH9.jpg?q=90&f=webp&w=1024,8.5,2.0,176000.0,169000,VAT 포함,유앤아이의원(수원점),경기도 수원시 팔달구 효원로 265번길 54 유앤아이의원(수원점)주소복사,전문의 1명 영어 응대 중국어 응대,,VAT 포함,,,,볼뉴머 시술시간 30분 마취여부 냉각마취 회복시간 3일 시술효과 2~3달 후,,,수요일 10:00 ~ 20:30 / 목요일 10:00 ~ 20:30 / 금요일 10:00 ~ 20:30 / 토요일 휴진 / 일요일 휴진 / 월요일 10:00 ~ 20:30,0508-0354-0319
https://www.yeoshin.co.kr/event/mobile/18800,,,,볼뉴머 300 샷,"#리프팅레이저
#타이트닝",https://d3gurpvil0se70.cloudfront.net/upfiles/images/product/oYrSO24PMW92jKTfVWYq1kiYALt.jpg?q=90&f=webp&w=1024,9.6,5.0,420000.0,413000,VAT 포함,뷰티앤디지털치과병원,"경기도 파주시 경의로1240번길 19 (와동동) 월드타워15차 7층, 8층주소복사",전문의 9명 피부진단기 F-RAY 촬영 >,,VAT 포함,,,,볼뉴머 시술시간 10분 마취여부 마취없음 회복시간 당일 시술효과 -,,,수요일 10:00 ~ 20:00 / 목요일 10:00 ~ 20:00 / 금요일 10:00 ~ 18:00 / 토요일 10:00 ~ 16:00 / 일요일 휴진 / 월요일 10:00 ~ 20:00 / 월~금 점심시간은 2시~3시 입니다,0508-0353-9799
https://www.yeoshin.co.kr/event/mobile/15686,,,,볼뉴머! 국산 고주파리프팅 !,"#리프팅레이저
#타이트닝",https://d3gurpvil0se70.cloudfront.net/upfiles/images/product/eBN1WuMNhX0nBDfNVLnjP8kDyrB2.png?q=90&f=webp&w=1024,,,165000.0,158000,VAT 포함,신사에그의원,크림마취,여의사 진료 영어 응대 중국어 응대 일본어 응대,볼뉴머 #탄력개선 고주파 에너지를 통한 콜라겐 재생으로 피부 탄력을 개선합니다. #안정성 식약처 허가를 받은 의료 기기입니다. 권장주기 3개월 / 1~2회 시술,VAT 포함,잔주름이나 리프팅에 관심있는 분 / 늘어지고 처진 피부의 리프팅을 원하는 분 / 흉터가 거의 생기지 않는 리프팅을 원하는 분 / 비수술적인 리프팅 시술을 원하는 분,,아픈가요? 마취크림 없이 시술이 가능하며 5단계 진동 레벨과 6단계 쿨링 레벨을 조절하여 내게 맞는 에너지로 시술이 가능합니다. 시술 후 일상생활이 가능한가요? 시술 후 별다른 증상 없이 빠르게 일상생활이 가능합니다.,볼뉴머 시술시간 30분 마취여부 마취없음 회복시간 당일 시술효과 3달 후,"주의사항 1 시술 당일은 음주, 흡연을 자제해주세요 2 시술 당일은 사우나, 격한 운동 등은 피해주세요 3 시술 후 재생크림과 선크림을 통해 피부를 관리해주세요",크림마취 수면마취 국소마취,수요일 11:00 ~ 20:30 (점심 14:00 ~ 15:00) / 목요일 11:00 ~ 20:30 (점심 14:00 ~ 15:00) / 금요일 11:00 ~ 20:30 (점심 14:00 ~ 15:00) / 토요일 11:00 ~ 17:00 / 일요일 11:00 ~ 17:00 / 월요일 11:00 ~ 20:30 (점심 14:00 ~ 15:00),0508-0353-5368
https://www.yeoshin.co.kr/event/mobile/25072,,,,유온느 볼뉴머 시술전 디자인 대표원장상담,"#리프팅레이저
#타이트닝",https://d3gurpvil0se70.cloudfront.net/upfiles/images/product/jubFn4ifySXErbIp0tapZkmCU9d8.jpg?q=90&f=webp&w=1024,,,99000.0,92000,VAT 포함,유온느의원,서울특별시 마포구 신촌로 92 (노고산동) 신촌카리스빌딩 9층주소복사,,볼뉴머 #4가지팁 #다양한시술부위 4가지 크기의 시술팁으로 다양한 부위에 시술 가능 #효과UP #자극DOWN 쿨링과 진동 시스템으로 효과는 강화하고 피부 자극은 최소화 권장주기 3개월 / 1~2회 시술,VAT 포함,"잔주름이나 리프팅에 관심있는 분 / 꼼꼼한 리프팅을 원하는 분 / 팔자/미간 주름, 잔주름, 이중턱 등이 고민인 분 / 리프팅 시술이 하고싶지만 통증이 두려운 분","시술 특장점 굴곡진 라인까지 섬세하게 눈가, 볼 등 굴곡진 부위에도 시술이 가능합니다. 단극성 고주파로 탱탱하게 단극성 고주파 열에너지를 피부 속에 전달하여 탄력적인 피부로 개선합니다. 시술 후 바로 일상생활이 가능한가요? 시술 직후 바로 일상생활과 메이크업이 가능합니다.","시술 시 아프진 않을까요? 볼뉴머는 쿨링시스템으로 적은 통증으로 보다 편안하게 리프팅 시술이 가능합니다. 어느 부위에 받을 수 있나요? 탄력과 잔주름개선이 필요한 팔자, 이마, 미간주름, 눈가, 볼 등 얼굴 전체에 받을 수 있습니다.",볼뉴머 시술시간 30분 마취여부 마취없음 회복시간 당일 시술효과 3달 후,"주의사항 1 열을 이용하는 고주파 시술로 홍조 증상이 있을 수 있습니다. 2 시술 후 음주, 흡연은 1주일 정도 피해주세요. 3 시술 후 건조해진 피부 보습에 신경써주세요.",크림마취 비수면 무통마취,수요일 휴진 / 목요일 10:00 ~ 20:00 (점심 13:00 ~ 14:00) / 금요일 10:00 ~ 20:00 (점심 13:00 ~ 14:00) / 토요일 10:00 ~ 16:00 / 일요일 휴진 / 월요일 10:00 ~ 20:00 (점심 13:00 ~ 14:00) / 공휴일 10:00~16:00,050803531287
https://www.yeoshin.co.kr/event/mobile/23082,,,,탄력 고주파로 확실하게! 볼뉴머,"#리프팅레이저
#타이트닝",https://d3gurpvil0se70.cloudfront.net/upfiles/images/product/iR2vPiDomNfoLhbBEz0Jz2KgY0DA.png?q=90&f=webp&w=1024,,,467500.0,460500,VAT 포함,뷰티블라썸의원,"서울특별시 마포구 양화로 66 (서교동) 5층,6층주소복사",여의사 진료 사후관리 영어 응대 중국어 응대 일본어 응대,볼뉴머 #4가지팁 #다양한시술부위 4가지 크기의 시술팁으로 다양한 부위에 시술 가능 #효과UP #자극DOWN 쿨링과 진동 시스템으로 효과는 강화하고 피부 자극은 최소화 권장주기 3개월 / 1~2회 시술,VAT 포함,"잔주름이나 리프팅에 관심있는 분 / 꼼꼼한 리프팅을 원하는 분 / 팔자/미간 주름, 잔주름, 이중턱 등이 고민인 분 / 리프팅 시술이 하고싶지만 통증이 두려운 분",,,볼뉴머 시술시간 30분 마취여부 마취없음 회복시간 당일 시술효과 3달 후,,,수요일 10:00 ~ 20:00 / 목요일 10:00 ~ 20:00 / 금요일 10:00 ~ 20:00 / 토요일 10:00 ~ 16:30 / 일요일 10:00 ~ 16:30 / 월요일 10:00 ~ 20:00 / 대체 공휴일 진료,0508-0353-9342
https://www.yeoshin.co.kr/event/mobile/26781,,,,반하다 볼뉴머리프팅,"#리프팅레이저
#타이트닝",https://d3gurpvil0se70.cloudfront.net/upfiles/images/product/VSVJaJHQc6GToQ2QlrFq4c3vZmN9.jpg?q=90&f=webp&w=1024,,,187000.0,180000,VAT 포함,반하다의원,"서울 강남구 논현로 822 3층(신사동, 로뎀빌딩)주소복사",수술실 CCTV 응급처치 시스템 기본 입원실 사후관리,볼뉴머 #4가지팁 #다양한시술부위 4가지 크기의 시술팁으로 다양한 부위에 시술 가능 #효과UP #자극DOWN 쿨링과 진동 시스템으로 효과는 강화하고 피부 자극은 최소화 권장주기 3개월 / 1~2회 시술,VAT 포함,"잔주름이나 리프팅에 관심있는 분 / 꼼꼼한 리프팅을 원하는 분 / 팔자/미간 주름, 잔주름, 이중턱 등이 고민인 분 / 리프팅 시술이 하고싶지만 통증이 두려운 분",,,볼뉴머 시술시간 30분 마취여부 마취없음 회복시간 당일 시술효과 3달 후,,,수요일 10:00 ~ 19:00 (점심 13:00 ~ 14:00) / 목요일 10:00 ~ 19:00 (점심 13:00 ~ 14:00) / 금요일 10:00 ~ 19:00 (점심 13:00 ~ 14:00) / 토요일 10:00 ~ 16:00 (점심 13:00 ~ 14:00) / 일요일 휴진 / 월요일 10:00 ~ 19:00 (점심 13:00 ~ 14:00) / 공휴일 진료시간 : 10시~7시 (유동적/ 점심시간 동일),0508-0353-3640
https://www.yeoshin.co.kr/event/mobile/23622,,,,볼뉴머 리프팅,"#리프팅레이저
#타이트닝",https://d3gurpvil0se70.cloudfront.net/upfiles/images/product/C2xk1wcjYkVW8v0ryH5GJPDadI58.png?q=90&f=webp&w=1024,,,174000.0,167000,VAT 포함,빛담은한의원,크림마취,여의사 진료 분야별 협진 사후관리,볼뉴머 #4가지팁 #다양한시술부위 4가지 크기의 시술팁으로 다양한 부위에 시술 가능 #효과UP #자극DOWN 쿨링과 진동 시스템으로 효과는 강화하고 피부 자극은 최소화 권장주기 1~2개월 / 3~5회 시술,VAT 포함,"잔주름이나 리프팅에 관심있는 분 / 꼼꼼한 리프팅을 원하는 분 / 팔자/미간 주름, 잔주름, 이중턱 등이 고민인 분 / 리프팅 시술이 하고싶지만 통증이 두려운 분","시술 특장점 굴곡진 라인까지 섬세하게 4가지 시술 팁으로 이마, 눈가, 볼 등 굴곡진 부위에도 시술이 가능합니다. 단극성 고주파로 탱탱하게 단극성 고주파 열에너지를 피부 속에 전달하여 탄력적인 피부로 개선합니다.","시술 시 아프진 않을까요? 볼뉴머는 쿨링시스템으로 적은 통증으로 보다 편안하게 리프팅 시술이 가능합니다. 어느 부위에 받을 수 있나요? 탄력과 잔주름개선이 필요한 팔자, 이마, 미간주름, 눈가, 볼 등 얼굴 전체에 받을 수 있습니다.",볼뉴머 시술시간 50-60분 마취여부 마취없음 회복시간 당일 시술효과 1-2달 후,"주의사항 1 열을 이용하는 고주파 시술로 홍조 증상이 있을 수 있습니다. 2 시술 후 음주, 흡연은 1주일 정도 피해주세요. 3 시술 후 건조해진 피부 보습에 신경써주세요.",크림마취,수요일 10:00 ~ 20:00 (점심 14:00 ~ 15:00) / 목요일 10:00 ~ 20:00 (점심 14:00 ~ 15:00) / 금요일 10:00 ~ 20:00 (점심 14:00 ~ 15:00) / 토요일 10:00 ~ 16:00 / 일요일 휴진 / 월요일 10:00 ~ 20:00 (점심 14:00 ~ 15:00),0508-0354-0407
https://www.yeoshin.co.kr/event/mobile/24654,,,,고주파리프팅 볼뉴머 대표원장 시술,"#리프팅레이저
#타이트닝",https://d3gurpvil0se70.cloudfront.net/upfiles/images/product/dc9dRnRhefJiyimdRyhjX3UUWif3.png?q=90&f=webp&w=1024,,,,174500,,더이뻐의원,크림마취,일본어 응대,볼뉴머 #2가지팁 #다양한시술부위 2가지 크기의 시술팁으로 다양한 부위에 시술 가능 #효과UP #자극DOWN 쿨링과 진동 시스템으로 효과는 강화하고 피부 자극은 최소화 권장주기 2개월 / 1~2회 시술,,"잔주름이나 리프팅에 관심있는 분 / 꼼꼼한 리프팅을 원하는 분 / 팔자/미간 주름, 잔주름, 이중턱 등이 고민인 분 / 리프팅 시술이 하고싶지만 통증이 두려운 분","시술 특장점 굴곡진 라인까지 섬세하게 2가지 시술 팁으로 이마, 눈가, 볼 등 굴곡진 부위에도 시술이 가능합니다. 단극성 고주파로 탱탱하게 단극성 고주파 열에너지를 피부 속에 전달하여 탄력적인 피부로 개선합니다.","시술 시 아프진 않을까요? 볼뉴머는 쿨링시스템으로 적은 통증으로 보다 편안하게 리프팅 시술이 가능합니다. 어느 부위에 받을 수 있나요? 탄력과 잔주름개선이 필요한 팔자, 이마, 미간주름, 눈가, 볼 등 얼굴 전체에 받을 수 있습니다.",볼뉴머 시술시간 30분 마취여부 마취없음 회복시간 당일 시술효과 3달 후,"주의사항 1 열을 이용하는 고주파 시술로 홍조 증상이 있을 수 있습니다. 2 시술 후 음주, 흡연은 1주일 정도 피해주세요. 3 시술 후 건조해진 피부 보습에 신경써주세요.",크림마취 수면마취 국소마취,수요일 10:00 ~ 20:00 / 목요일 10:00 ~ 20:00 / 금요일 10:00 ~ 20:00 / 토요일 10:00 ~ 16:00 / 일요일 휴진 / 월요일 10:00 ~ 20:00 / 12월 25일 성탄절 휴무,050803530151
https://www.yeoshin.co.kr/event/mobile/26783,,,,반하다 아이볼뉴머,"#리프팅레이저
#타이트닝",https://d3gurpvil0se70.cloudfront.net/upfiles/images/product/tOZurCMHR17njJipnf4TdXIhbVP2.jpg?q=90&f=webp&w=1024,,,220000.0,213000,VAT 포함,반하다의원,"서울 강남구 논현로 822 3층(신사동, 로뎀빌딩)주소복사",수술실 CCTV 응급처치 시스템 기본 입원실 사후관리,볼뉴머 #4가지팁 #다양한시술부위 4가지 크기의 시술팁으로 다양한 부위에 시술 가능 #효과UP #자극DOWN 쿨링과 진동 시스템으로 효과는 강화하고 피부 자극은 최소화 권장주기 3개월 / 1~2회 시술,VAT 포함,"잔주름이나 리프팅에 관심있는 분 / 꼼꼼한 리프팅을 원하는 분 / 팔자/미간 주름, 잔주름, 이중턱 등이 고민인 분 / 리프팅 시술이 하고싶지만 통증이 두려운 분",,,볼뉴머 시술시간 30분 마취여부 마취없음 회복시간 당일 시술효과 3달 후,,,수요일 10:00 ~ 19:00 (점심 13:00 ~ 14:00) / 목요일 10:00 ~ 19:00 (점심 13:00 ~ 14:00) / 금요일 10:00 ~ 19:00 (점심 13:00 ~ 14:00) / 토요일 10:00 ~ 16:00 (점심 13:00 ~ 14:00) / 일요일 휴진 / 월요일 10:00 ~ 19:00 (점심 13:00 ~ 14:00) / 공휴일 진료시간 : 10시~7시 (유동적/ 점심시간 동일),0508-0353-3640
https://www.yeoshin.co.kr/event/mobile/1166,,,,명동루비_볼뉴머,"#리프팅레이저
#타이트닝",https://d3gurpvil0se70.cloudfront.net/upfiles/images/product/306kfbNRJumc2U8P0b6aHKmL7W9A.jpg?q=90&f=webp&w=1024,9.1,124.0,72000.0,65000,VAT 포함,루비의원(명동점),,,,VAT 포함,,,,볼뉴머 시술시간 30분 마취여부 냉각마취 회복시간 3일 시술효과 2~3달 후,,,수요일 10:30 ~ 20:30 (점심 13:30 ~ 15:00) / 목요일 10:30 ~ 20:30 (점심 13:30 ~ 15:00) / 금요일 10:30 ~ 20:30 (점심 13:30 ~ 15:00) / 토요일 10:00 ~ 16:00 / 일요일 12:00 ~ 17:00 / 월요일 10:30 ~ 20:30 (점심 13:30 ~ 15:00),0508-0353-8508
https://www.yeoshin.co.kr/event/mobile/24295,,,,뉴엘라인의 특별한 볼뉴머,"#리프팅레이저
#타이트닝",https://d3gurpvil0se70.cloudfront.net/upfiles/images/product/VkAKF05xf6zCwCOwqJrUAF9OXfz2.jpg?q=90&f=webp&w=1024,,,308000.0,301000,VAT 포함,뉴엘라인의원,크림마취,전문의 1명 여의사 진료 마취과의 진료 수술실 CCTV,볼뉴머 #4가지팁 #다양한시술부위 4가지 크기의 시술팁으로 다양한 부위에 시술 가능 #효과UP #자극DOWN 쿨링과 진동 시스템으로 효과는 강화하고 피부 자극은 최소화 권장주기 3개월 / 1~2회 시술,VAT 포함,"잔주름이나 리프팅에 관심있는 분 / 꼼꼼한 리프팅을 원하는 분 / 팔자/미간 주름, 잔주름, 이중턱 등이 고민인 분 / 리프팅 시술이 하고싶지만 통증이 두려운 분",,,볼뉴머 시술시간 30분 마취여부 마취없음 회복시간 당일 시술효과 3달 후,,크림마취 수면마취,수요일 11:00 ~ 20:00 (점심 14:00 ~ 15:00) / 목요일 11:00 ~ 20:00 (점심 14:00 ~ 15:00) / 금요일 11:00 ~ 21:00 (점심 14:00 ~ 15:00) / 토요일 11:00 ~ 16:00 / 일요일 휴진 / 월요일 11:00 ~ 20:00 (점심 14:00 ~ 15:00),0508-0353-1719
https://www.yeoshin.co.kr/event/mobile/27804,,,,아이볼뉴머,"#리프팅레이저
#타이트닝",https://d3gurpvil0se70.cloudfront.net/upfiles/images/product/eiNgHek2DGcjPnDu581GwVSppie8.jpg?q=90&f=webp&w=1024,,,190000.0,183000,VAT 포함,위례우주한의원,크림마취,사후관리 영어 응대,볼뉴머 #눈가전용아이팁 눈가전용 아이팁으로 눈가만 시술합니다. #효과UP #자극DOWN 쿨링과 진동 시스템으로 효과는 강화하고 피부 자극은 최소화 권장주기 1~3개월 / 1~3회 시술,VAT 포함,"잔주름이나 리프팅에 관심있는 분 / 꼼꼼한 리프팅을 원하는 분 / 팔자/미간 주름, 잔주름, 이중턱 등이 고민인 분 / 리프팅 시술이 하고싶지만 통증이 두려운 분",,,볼뉴머 시술시간 10~30분 마취여부 마취없음 회복시간 당일 시술효과 3개월 후,,크림마취 국소마취,수요일 10:00 ~ 20:00 (점심 13:00 ~ 14:00) / 목요일 10:00 ~ 20:00 (점심 13:00 ~ 14:00) / 금요일 10:00 ~ 20:00 (점심 13:00 ~ 14:00) / 토요일 10:00 ~ 15:00 / 일요일 휴진 / 월요일 10:00 ~ 20:00 (점심 13:00 ~ 14:00),050803543354
https://www.yeoshin.co.kr/event/mobile/27803,,,,볼뉴머,"#리프팅레이저
#타이트닝",https://d3gurpvil0se70.cloudfront.net/upfiles/images/product/8bVvwX2yB3BIJHBYlfZsdvgqB3rA.jpg?q=90&f=webp&w=1024,,,390000.0,383000,VAT 포함,위례우주한의원,크림마취,사후관리 영어 응대,볼뉴머 #고주파열에너지 단극성 고주파로 진피층 탄력 및 콜라겐 재생 촉진 #효과UP #자극DOWN 쿨링과 진동 시스템으로 효과는 강화하고 피부 자극은 최소화 권장주기 1~3개월 / 1~3회 시술,VAT 포함,"잔주름이나 리프팅에 관심있는 분 / 꼼꼼한 리프팅을 원하는 분 / 팔자/미간 주름, 잔주름, 이중턱 등이 고민인 분 / 리프팅 시술이 하고싶지만 통증이 두려운 분",,,볼뉴머 시술시간 30분 마취여부 마취없음 회복시간 당일 시술효과 3개월 후,,크림마취 국소마취,수요일 10:00 ~ 20:00 (점심 13:00 ~ 14:00) / 목요일 10:00 ~ 20:00 (점심 13:00 ~ 14:00) / 금요일 10:00 ~ 20:00 (점심 13:00 ~ 14:00) / 토요일 10:00 ~ 15:00 / 일요일 휴진 / 월요일 10:00 ~ 20:00 (점심 13:00 ~ 14:00),050803543354
https://www.yeoshin.co.kr/event/mobile/19014,,,,[대표원장] 고주파 리프팅 볼뉴머 300샷,"#리프팅레이저
#타이트닝",https://d3gurpvil0se70.cloudfront.net/upfiles/images/product/mA0bq91HcYT9XYYasVcecdO4veN4.jpg?q=90&f=webp&w=1024,9.5,152.0,349000.0,342000,VAT 포함,올핏의원,서울특별시 강남구 강남대로 596 (논현동) 극동빌딩 6층 602호주소복사,,,VAT 포함,,,,볼뉴머 시술시간 30분 마취여부 마취없음 회복시간 당일 시술효과 3달 후,,크림마취 수면마취 국소마취,수요일 11:00 ~ 20:00 (점심 14:00 ~ 15:00) / 목요일 휴진 / 금요일 11:00 ~ 20:00 (점심 14:00 ~ 15:00) / 토요일 11:00 ~ 17:00 / 일요일 휴진 / 월요일 11:00 ~ 20:00 (점심 14:00 ~ 15:00),0508-0353-5021
https://www.yeoshin.co.kr/event/mobile/26270,,,,"탄력, 모공, 주름개선,리프팅 볼뉴머","#리프팅레이저
#타이트닝",https://d3gurpvil0se70.cloudfront.net/upfiles/images/product/0ZSkUe0OURn6PYPryhxXZ36nD967.jpg?q=90&f=webp&w=1024,,,220000.0,213000,VAT 포함,다온재한의원,서울특별시 송파구 올림픽로 145 (잠실동) 리센츠상가 4층주소복사,여의사 진료 사후관리,"볼뉴머 #4가지팁 #다양한시술부위 4가지 크기의 시술팁으로 다양한 부위에 시술 가능 #효과UP #통증DOWN 쿨링과 진동 시스템으로 효과는 강화하고 통증과 피부 자극은 최소화 #탄력 #모공 #주름 #리프팅 탄력, 모공, 주름개선, 리프팅에 효과적 권장주기 1~3개월 / 1~2회 시술",VAT 포함,"잔주름이나 리프팅에 관심있는 분 / 꼼꼼한 리프팅을 원하는 분 / 팔자/미간 주름, 잔주름, 이중턱 등이 고민인 분 / 리프팅 시술이 하고싶지만 통증이 두려운 분","시술 특장점 굴곡진 라인까지 섬세하게 4가지 시술 팁으로 이마, 눈가, 볼 등 굴곡진 부위에도 시술이 가능합니다. 단극성 고주파로 탱탱하게 단극성 고주파 열에너지를 피부 속에 전달하여 탄력적인 피부로 개선합니다. 통증과 피부자극은 적게 뛰어난 쿨링시스템으로 통증과 열감이 적으며, 피부자극이 덜해 바로 일상생활이 가능합니다.","시술 시 아프진 않을까요? 볼뉴머는 쿨링시스템이 뛰어나 통증이 적으며, 많이 뜨겁지 않아 보다 편안하게 리프팅 시술이 가능합니다. 어느 부위에 받을 수 있나요? 탄력과 잔주름개선, 모공개선이 필요한 팔자, 이마, 미간주름, 눈가, 볼 등 얼굴 전체에 받을 수 있습니다.",볼뉴머 시술시간 40분 마취여부 마취없음 회복시간 당일 시술효과 3개월 후,"주의사항 1 열을 이용하는 고주파 시술로 홍조 증상이 있을 수 있습니다. 2 시술후 음주, 마사지, 과도한 운동등은 2~3일 정도 자제해주세요. 3 시술 후 건조해진 피부 보습에 신경써주세요.",,수요일 10:30 ~ 20:30 (점심 14:00 ~ 15:00) / 목요일 10:30 ~ 20:30 (점심 14:00 ~ 15:00) / 금요일 10:30 ~ 20:30 (점심 14:00 ~ 15:00) / 토요일 10:00 ~ 16:00 / 일요일 휴진 / 월요일 10:30 ~ 20:30 (점심 14:00 ~ 15:00),0508-0354-0537
https://www.yeoshin.co.kr/event/mobile/25348,,,,볼뉴머 300샷(대표원장 시술),"#리프팅레이저
#타이트닝",https://d3gurpvil0se70.cloudfront.net/upfiles/images/product/de2s1xOHYuEI2b3X4CDd1cr8B008.jpg?q=90&f=webp&w=1024,,,330000.0,323000,VAT 포함,더리즈의원(강남),크림마취,전문의 1명 여의사 진료 수술실 CCTV 사후관리 피부진단기 F-RAY 촬영 >,,VAT 포함,,,,볼뉴머 시술시간 30분 마취여부 크림마취 회복시간 당일 시술효과 1달,,크림마취 수면마취 국소마취,수요일 휴진 / 목요일 10:00 ~ 19:00 (점심 13:00 ~ 14:00) / 금요일 10:00 ~ 20:00 (점심 13:00 ~ 14:00) / 토요일 10:00 ~ 16:00 / 일요일 휴진 / 월요일 10:00 ~ 20:00 (점심 13:00 ~ 14:00),050803531297
https://www.yeoshin.co.kr/event/mobile/18309,,,,분당 탄력리프팅 볼뉴머 100샷,"#리프팅레이저
#타이트닝",https://d3gurpvil0se70.cloudfront.net/upfiles/images/product/U0hQKDparpBRnEVMPTuUnLoxchL2.jpg?q=90&f=webp&w=1024,,,150000.0,143000,VAT 포함,베네핏의원,,,볼뉴머 #4가지팁 #다양한시술부위 4가지 크기의 시술팁으로 다양한 부위에 시술 가능 #효과UP #자극DOWN 쿨링과 진동 시스템으로 효과는 강화하고 피부 자극은 최소화 권장주기 3개월 / 1~2회 시술,VAT 포함,"잔주름이나 리프팅에 관심있는 분 / 꼼꼼한 리프팅을 원하는 분 / 팔자/미간 주름, 잔주름, 이중턱 등이 고민인 분 / 리프팅 시술이 하고싶지만 통증이 두려운 분","시술 특장점 굴곡진 라인까지 섬세하게 4가지 시술 팁으로 이마, 눈가, 볼 등 굴곡진 부위에도 시술이 가능합니다. 단극성 고주파로 탱탱하게 단극성 고주파 열에너지를 피부 속에 전달하여 탄력적인 피부로 개선합니다.","시술 시 아프진 않을까요? 볼뉴머는 쿨링시스템으로 적은 통증으로 보다 편안하게 리프팅 시술이 가능합니다. 어느 부위에 받을 수 있나요? 탄력과 잔주름개선이 필요한 팔자, 이마, 미간주름, 눈가, 볼 등 얼굴 전체에 받을 수 있습니다.",볼뉴머 시술시간 30분 마취여부 마취없음 회복시간 당일 시술효과 3달 후,"주의사항 1 열을 이용하는 고주파 시술로 홍조 증상이 있을 수 있습니다. 2 시술 후 음주, 흡연은 1주일 정도 피해주세요. 3 시술 후 건조해진 피부 보습에 신경써주세요. 4 외출 시 선크림을 잘 발라주세요. 5 시술 부위를 강하게 마사지하거나 누르지 마세요. 6 3~4일간 과격하고 무리한 운동은 자제해주세요.",,"수요일 휴진 / 목요일 10:00 ~ 19:30 (점심 13:00 ~ 14:00) / 금요일 10:00 ~ 19:30 (점심 13:00 ~ 14:00) / 토요일 09:00 ~ 15:00 / 일요일 휴진 / 월요일 10:00 ~ 19:30 (점심 13:00 ~ 14:00) / 수요일, 일요일, 공휴일 휴무",0508-0354-0486
https://www.yeoshin.co.kr/event/mobile/16369,,,,고주파 리프팅 나비 볼뉴머,"#리프팅레이저
#타이트닝",https://d3gurpvil0se70.cloudfront.net/upfiles/images/product/agVOK1xCwHwKcU2bphl3z9ertj1A.jpg?q=90&f=webp&w=1024,,,209000.0,202000,VAT 포함,나비성형외과의원,"서울특별시 서초구 강남대로 559 (잠원동) CK빌딩 9층,10층 나비성형외과주소복사",전문의 1명,,VAT 포함,,,,볼뉴머 시술시간 30분 마취여부 마취없음 회복시간 당일 시술효과 3달 후,,,수요일 10:00 ~ 19:00 / 목요일 10:00 ~ 19:00 / 금요일 10:00 ~ 19:00 / 토요일 10:00 ~ 15:00 / 일요일 휴진 / 월요일 10:00 ~ 19:00,0508-0353-7002
https://www.yeoshin.co.kr/event/mobile/26028,,,,볼뉴머 300샷+LED 10분/볼뉴머 아이,"#리프팅레이저
#타이트닝",https://d3gurpvil0se70.cloudfront.net/upfiles/images/product/KcPB1DyzBrHTBwlQ1j2H3B6ObQM4.png?q=90&f=webp&w=1024,,,308000.0,301000,VAT 포함,강남초이스병원,크림마취,수술실 CCTV 응급처치 시스템 분야별 협진 기본 입원실 전담회복실 사후관리 피부진단기 F-RAY 촬영 >,볼뉴머 #4가지팁 #다양한시술부위 4가지 크기의 시술팁으로 다양한 부위에 시술 가능 #효과UP #자극DOWN 쿨링과 진동 시스템으로 효과는 강화하고 피부 자극은 최소화 권장주기 3개월 / 1~2회 시술,VAT 포함,"잔주름이나 리프팅에 관심있는 분 / 꼼꼼한 리프팅을 원하는 분 / 팔자/미간 주름, 잔주름, 이중턱 등이 고민인 분 / 리프팅 시술이 하고싶지만 통증이 두려운 분",,,볼뉴머 시술시간 30분 마취여부 마취없음 회복시간 당일 시술효과 3달 후,,크림마취 수면마취 국소마취,수요일 10:00 ~ 20:00 / 목요일 휴진 / 금요일 10:00 ~ 20:00 / 토요일 10:00 ~ 15:00 / 일요일 휴진 / 월요일 10:00 ~ 20:00,050803531552
https://www.yeoshin.co.kr/event/mobile/17248,,,,볼뉴머 리프팅 300샷,"#리프팅레이저
#타이트닝",https://d3gurpvil0se70.cloudfront.net/upfiles/images/product/B60wYaBFx6ddWCDJL7veuycPP9r2.jpg?q=90&f=webp&w=1024,,,,708000,,유앤아이의원(평택점),,,,,,,,볼뉴머 시술시간 30분 마취여부 마취없음 회복시간 당일 시술효과 3달 후,,,수요일 10:00 ~ 20:30 (점심 13:00 ~ 14:00) / 목요일 10:00 ~ 20:30 (점심 13:00 ~ 14:00) / 금요일 10:00 ~ 20:30 (점심 13:00 ~ 14:00) / 토요일 10:00 ~ 16:00 / 일요일 휴진 / 월요일 10:00 ~ 20:30 (점심 13:00 ~ 14:00),0508-0354-0339
https://www.yeoshin.co.kr/event/mobile/27535,,,,볼뉴머,"#리프팅레이저
#타이트닝",https://d3gurpvil0se70.cloudfront.net/upfiles/images/product/fHRPgWX8W9XYdivAkBvyrJTCUog8.png?q=90&f=webp&w=1024,,,603900.0,596900,VAT 포함,모리프한의원,크림마취,여의사 진료,볼뉴머 #4가지팁 #다양한시술부위 4가지 크기의 시술팁으로 다양한 부위에 시술 가능 #효과UP #자극DOWN 쿨링과 진동 시스템으로 효과는 강화하고 피부 자극은 최소화 권장주기 3개월 / 1~2회 시술,VAT 포함,"잔주름이나 리프팅에 관심있는 분 / 꼼꼼한 리프팅을 원하는 분 / 팔자/미간 주름, 잔주름, 이중턱 등이 고민인 분 / 리프팅 시술이 하고싶지만 통증이 두려운 분",,,볼뉴머 시술시간 30분 마취여부 마취없음 회복시간 당일 시술효과 3달 후,,크림마취,수요일 08:00 ~ 21:00 (점심 13:00 ~ 14:00) / 목요일 08:00 ~ 21:00 (점심 13:00 ~ 14:00) / 금요일 08:00 ~ 21:00 (점심 13:00 ~ 14:00) / 토요일 08:00 ~ 18:00 (점심 13:00 ~ 14:00) / 일요일 08:00 ~ 18:00 (점심 13:00 ~ 14:00) / 월요일 08:00 ~ 21:00 (점심 13:00 ~ 14:00),050803543438
https://www.yeoshin.co.kr/event/mobile/7874,,,,볼뉴머 100샷,"#리프팅레이저
#타이트닝",https://d3gurpvil0se70.cloudfront.net/upfiles/images/product/2335047680.jpg?q=90&f=webp&w=1024,,,220000.0,213000,VAT 포함,스무살의원,크림마취,전문의 1명 여의사 진료,,VAT 포함,,,,볼뉴머 시술시간 50분 마취여부 마취없음 회복시간 3일 시술효과 2~3달 후,,크림마취 수면마취 비수면 무통마취 국소마취,수요일 10:30 ~ 21:00 (점심 13:00 ~ 14:00) / 목요일 10:30 ~ 19:00 (점심 13:00 ~ 14:00) / 금요일 10:30 ~ 21:00 (점심 13:00 ~ 14:00) / 토요일 10:30 ~ 17:00 (점심 13:00 ~ 14:00) / 일요일 휴진 / 월요일 10:30 ~ 19:00 (점심 13:00 ~ 14:00),0508-0354-0755
https://www.yeoshin.co.kr/event/mobile/17224,,,,고주파 볼뉴머 리프팅,"#리프팅레이저
#타이트닝",https://d3gurpvil0se70.cloudfront.net/upfiles/images/product/tSimON9ku7xjGTdbmt8qZyDR5ME7.jpg?q=90&f=webp&w=1024,,,594000.0,587000,VAT 포함,톡스앤필(제주점),,,볼뉴머 #4가지팁 #다양한시술부위 4가지 크기의 시술팁으로 다양한 부위에 시술 가능 #효과UP #자극DOWN 쿨링과 진동 시스템으로 효과는 강화하고 피부 자극은 최소화 권장주기 3개월 / 1~2회 시술,VAT 포함,"잔주름이나 리프팅에 관심있는 분 / 꼼꼼한 리프팅을 원하는 분 / 팔자/미간 주름, 잔주름, 이중턱 등이 고민인 분 / 리프팅 시술이 하고싶지만 통증이 두려운 분",,,볼뉴머 시술시간 30분 마취여부 마취없음 회복시간 당일 시술효과 3달 후,,,수요일 10:00 ~ 19:00 (점심 13:00 ~ 14:00) / 목요일 10:00 ~ 20:00 (점심 13:00 ~ 14:00) / 금요일 10:00 ~ 19:30 (점심 13:00 ~ 14:00) / 토요일 09:30 ~ 15:30 / 일요일 휴진 / 월요일 10:00 ~ 20:00 (점심 13:00 ~ 14:00),0508-0354-2777
https://www.yeoshin.co.kr/event/mobile/20092,,,,강한 고주파 에너지 볼뉴머 여의사 꼼꼼시술,"#리프팅레이저
#타이트닝",https://d3gurpvil0se70.cloudfront.net/upfiles/images/product/CAPjyKYepebNxiAI7BEkjOz0FKS9.png?q=90&f=webp&w=1024,10.0,1.0,385000.0,378000,VAT 포함,아라의원,,,볼뉴머 #4가지팁 #다양한시술부위 4가지 크기의 시술팁으로 다양한 부위에 시술 가능 #효과UP #자극DOWN 쿨링과 진동 시스템으로 효과는 강화하고 피부 자극은 최소화 권장주기 1~3개월 / 3~5회 시술,VAT 포함,"잔주름이나 리프팅에 관심있는 분 / 꼼꼼한 리프팅을 원하는 분 / 팔자/미간 주름, 잔주름, 이중턱 등이 고민인 분 / 리프팅 시술이 하고싶지만 통증이 두려운 분","시술 특장점 굴곡진 라인까지 섬세하게 4가지 시술 팁으로 이마, 눈가, 볼 등 굴곡진 부위에도 시술이 가능합니다. 단극성 고주파로 탱탱하게 단극성 고주파 열에너지를 피부 속에 전달하여 탄력적인 피부로 개선합니다.","시술 시 아프진 않을까요? 볼뉴머는 쿨링시스템으로 적은 통증으로 보다 편안하게 리프팅 시술이 가능합니다. 어느 부위에 받을 수 있나요? 탄력과 잔주름개선이 필요한 팔자, 이마, 미간주름, 눈가, 볼 등 얼굴 전체에 받을 수 있습니다.",볼뉴머 시술시간 30분 마취여부 크림마취 회복시간 당일 시술효과 한달 후,"주의사항 1 열을 이용하는 고주파 시술로 홍조 증상이 있을 수 있습니다. 2 시술 후 음주, 흡연은 1주일 정도 피해주세요. 3 시술 후 건조해진 피부 보습에 신경써주세요. 4 외출 시 선크림을 잘 발라주세요. 5 시술 부위를 강하게 마사지하거나 누르지 마세요. 6 3~4일간 과격하고 무리한 운동은 자제해주세요.",,수요일 10:00 ~ 21:00 / 목요일 10:00 ~ 19:00 / 금요일 10:00 ~ 21:00 / 토요일 10:00 ~ 15:00 / 일요일 휴진 / 월요일 10:00 ~ 19:00,0508-0354-1561
https://www.yeoshin.co.kr/event/mobile/17262,,,,New 리프팅 볼뉴머,"#리프팅레이저
#타이트닝",https://d3gurpvil0se70.cloudfront.net/upfiles/images/product/ZFSbk1dd2Iq5PhNWbJvwtjDvVGy.jpg?q=90&f=webp&w=1024,,,462000.0,455000,VAT 포함,연세더나은의원,경기도 고양시 일산동구 일산로 219 (마두동) 5층 연세더나은의원주소복사,전문의 2명,볼뉴머 #4가지팁 #다양한시술부위 4가지 크기의 시술팁으로 다양한 부위에 시술 가능 #효과UP #자극DOWN 쿨링과 진동 시스템으로 효과는 강화하고 피부 자극은 최소화 권장주기 3개월 / 1~2회 시술,VAT 포함,"잔주름이나 리프팅에 관심있는 분 / 꼼꼼한 리프팅을 원하는 분 / 팔자/미간 주름, 잔주름, 이중턱 등이 고민인 분 / 리프팅 시술이 하고싶지만 통증이 두려운 분",,,볼뉴머 시술시간 30분 마취여부 마취없음 회복시간 당일 시술효과 3달 후,,,"수요일 09:00 ~ 18:30 (점심 13:00 ~ 14:00) / 목요일 휴진 / 금요일 09:00 ~ 18:30 (점심 13:00 ~ 14:00) / 토요일 09:00 ~ 13:00 / 일요일 휴진 / 월요일 09:00 ~ 18:30 (점심 13:00 ~ 14:00) / 목요일, 일요일, 공휴일 휴무",0508-0354-0850
https://www.yeoshin.co.kr/event/mobile/19912,,,,[땡큐] 볼뉴머 리프팅,"#피부과 전문의
#리프팅레이저
#타이트닝",https://d3gurpvil0se70.cloudfront.net/upfiles/images/product/XAoDyWMZkduuBCmaD5RQRwRWYAg1.jpg?q=90&f=webp&w=1024,10.0,1.0,165000.0,158000,VAT 포함,땡큐성형외과의원,서울특별시 강남구 강남대로 446 땡큐성형외과의원주소복사,전문의 7명 영어 응대 중국어 응대 일본어 응대,,VAT 포함,,,,볼뉴머 시술시간 30분 마취여부 마취없음 회복시간 당일 시술효과 1달 후,,,수요일 10:00 ~ 19:00 / 목요일 10:00 ~ 19:00 / 금요일 10:00 ~ 19:00 / 토요일 10:00 ~ 16:00 / 일요일 휴진 / 월요일 10:00 ~ 19:00,0508-0353-6942
https://www.yeoshin.co.kr/event/mobile/17030,,,,[대표원장 시술] 고주파 볼뉴머 300샷,"#리프팅레이저
#타이트닝",https://d3gurpvil0se70.cloudfront.net/upfiles/images/product/cSsEmrLdWTDbzIqkZcV1GqpZYc43.png?q=90&f=webp&w=1024,10.0,2.0,319000.0,312000,VAT 포함,뷰티스카이의원,,,"볼뉴머 #고주파리프팅 #볼륨형성 강한 고주파 에너지를 피부에 전달하여 콜라겐 재생 및 볼륨감 형성하는 리프팅 #효과UP #자극DOWN 쿨링과 진동 시스템으로 효과는 강화하고 피부 자극은 최소화 볼륨 리프팅 #탄력 #볼륨 #다양한부위리프팅 다양한 핸드피스로 눈가 및 목주름까지 , 볼륨 형성해주는 고주파 리프팅 가능 권장주기 3개월 / 1~2회 시술",VAT 포함,"잔주름이나 리프팅에 관심있는 분 / 꼼꼼한 리프팅을 원하는 분 / 팔자/미간 주름, 잔주름, 이중턱 등이 고민인 분 / 리프팅 시술이 하고싶지만 통증이 두려운 분",,,볼뉴머 시술시간 30분 마취여부 마취있음 회복시간 당일 시술효과 3달 후,,,수요일 10:00 ~ 20:00 / 목요일 10:00 ~ 20:00 / 금요일 10:30 ~ 20:30 / 토요일 09:30 ~ 16:30 / 일요일 휴진 / 월요일 10:30 ~ 20:30,0508-0353-3433
https://www.yeoshin.co.kr/event/mobile/16638,,,,강력한 탄력 고주파! 볼뉴머,"#리프팅레이저
#타이트닝",https://d3gurpvil0se70.cloudfront.net/upfiles/images/product/AijKs0KcXCQwiBnSd3ionVkLIIG4.jpg?q=90&f=webp&w=1024,,,110000.0,103000,VAT 포함,용인미하나의원,경기도 용인시 처인구 금령로 86 용인미하나의원주소복사,전문의 1명,볼뉴머 #4가지팁 #다양한시술부위 4가지 크기의 시술팁으로 다양한 부위에 시술 가능 #효과UP #자극DOWN 쿨링과 진동 시스템으로 효과는 강화하고 피부 자극은 최소화 권장주기 3개월 / 1~2회 시술,VAT 포함,"잔주름이나 리프팅에 관심있는 분 / 꼼꼼한 리프팅을 원하는 분 / 팔자/미간 주름, 잔주름, 이중턱 등이 고민인 분 / 리프팅 시술이 하고싶지만 통증이 두려운 분","시술 특장점 굴곡진 라인까지 섬세하게 4가지 시술 팁으로 이마, 눈가, 볼 등 굴곡진 부위에도 시술이 가능합니다. 단극성 고주파로 탱탱하게 단극성 고주파 열에너지를 피부 속에 전달하여 탄력적인 피부로 개선합니다.","시술 시 아프진 않을까요? 볼뉴머는 쿨링시스템으로 적은 통증으로 보다 편안하게 리프팅 시술이 가능합니다. 어느 부위에 받을 수 있나요? 탄력과 잔주름개선이 필요한 팔자, 이마, 미간주름, 눈가, 볼 등 얼굴 전체에 받을 수 있습니다.",볼뉴머 시술시간 30분 마취여부 마취없음 회복시간 당일 시술효과 3달 후,"주의사항 1 열을 이용하는 고주파 시술로 홍조 증상이 있을 수 있습니다. 2 시술 후 음주, 흡연은 1주일 정도 피해주세요. 3 시술 후 건조해진 피부 보습에 신경써주세요. 4 외출 시 선크림을 잘 발라주세요. 5 시술 부위를 강하게 마사지하거나 누르지 마세요. 6 3~4일간 과격하고 무리한 운동은 자제해주세요.",,수요일 10:00 ~ 20:30 (점심 13:00 ~ 14:00) / 목요일 10:00 ~ 20:30 (점심 13:00 ~ 14:00) / 금요일 10:00 ~ 20:30 (점심 13:00 ~ 14:00) / 토요일 10:00 ~ 16:30 / 일요일 휴진 / 월요일 10:00 ~ 20:30 (점심 13:00 ~ 14:00),0508-0353-9926
https://www.yeoshin.co.kr/event/mobile/24307,,,,볼뉴머리프팅 저통증 고주파 탄력레이저,"#리프팅레이저
#타이트닝",https://d3gurpvil0se70.cloudfront.net/upfiles/images/product/yHv3VqvODTy0QGUX8moCOY7CJ4x5.jpg?q=90&f=webp&w=1024,10.0,2.0,165000.0,158000,VAT 포함,와우성형외과의원,서울시 강남구 테헤란로 101 와우성형외과의원주소복사,전문의 2명 일본어 응대,,VAT 포함,,,,볼뉴머 시술시간 20분 마취여부 필요시 마취 회복시간 당일 시술효과 3일,,,수요일 10:00 ~ 19:00 / 목요일 10:00 ~ 19:00 / 금요일 10:00 ~ 19:00 / 토요일 10:00 ~ 15:00 / 일요일 휴진 / 월요일 10:00 ~ 19:00,0508-0353-5175
https://www.yeoshin.co.kr/event/mobile/26433,,,,일공공 맞춤형 볼뉴머,"#리프팅레이저
#타이트닝",https://d3gurpvil0se70.cloudfront.net/upfiles/images/product/opZJPqv9MAxFXiR35MFNlNhIWmC5.jpg?q=90&f=webp&w=1024,,,149000.0,142000,VAT 포함,일공공성형외과의원,크림마취,전문의 1명 수술실 CCTV 응급처치 시스템 전담회복실 사후관리 영어 응대 일본어 응대,,VAT 포함,,,,볼뉴머 시술시간 30분 마취여부 마취없음 회복시간 당일 시술효과 3달 후,,크림마취 수면마취,수요일 09:30 ~ 19:00 / 목요일 09:30 ~ 19:00 / 금요일 09:30 ~ 21:00 / 토요일 09:30 ~ 15:00 / 일요일 휴진 / 월요일 09:30 ~ 19:00,050803534989
https://www.yeoshin.co.kr/event/mobile/16175,,,,덴서티 리프팅,"#리프팅레이저
#타이트닝",https://d3gurpvil0se70.cloudfront.net/upfiles/images/product/JweoARmTUBu9YBaB1JU2fu3pcPhA.jpg?q=90&f=webp&w=1024,10.0,2.0,319000.0,312000,VAT 포함,제너리스의원(연신내점),,,덴서티 #5단계쿨링 5단계 쿨링 레벨과 타임을 조절하여 피부 타입에 맞는 시술이 가능 #3가지팁 #다양한부위 3가지 팁으로 얼굴부터 바디까지 다양한 부위에 맞춤 시술 권장주기 1~3개월 / 3회 이상 시술,VAT 포함,리프팅 시술이 하고싶지만 통증이 두려운 분 / 탄력이 떨어진 피부가 고민인 분 / 늘어지고 처진 피부의 리프팅을 원하는 분 / 꼼꼼한 리프팅을 원하는 분,,,덴서티 시술시간 40분 마취여부 크림마취 회복시간 3일 시술효과 2~3달 후,,,수요일 10:30 ~ 20:00 (점심 13:00 ~ 14:00) / 목요일 10:30 ~ 20:00 (점심 13:00 ~ 14:00) / 금요일 10:30 ~ 20:00 (점심 13:00 ~ 14:00) / 토요일 10:00 ~ 17:00 (점심 13:00 ~ 14:00) / 일요일 휴진 / 월요일 10:30 ~ 20:00 (점심 13:00 ~ 14:00),0508-0353-9732
https://www.yeoshin.co.kr/event/mobile/26465,,,,리앤영 덴서티 리프팅,"#리프팅레이저
#타이트닝",https://d3gurpvil0se70.cloudfront.net/upfiles/images/product/GpGuB8v6hxoyHuuQK7hI2eE2Uyb3.jpg?q=90&f=webp&w=1024,,,1089000.0,1082000,VAT 포함,리앤영의원(강남점),서울특별시 서초구 강남대로 415 대동빌딩 6층주소복사,전문의 3명,,VAT 포함,,,,덴서티 시술시간 40분 마취여부 크림마취 회복시간 약 3일 시술효과 2~3달 후,,,수요일 14:00 ~ 21:00 / 목요일 10:00 ~ 19:00 (점심 13:00 ~ 14:00) / 금요일 10:00 ~ 21:00 (점심 13:00 ~ 14:00) / 토요일 10:00 ~ 16:00 (점심 13:00 ~ 14:00) / 일요일 휴진 / 월요일 10:00 ~ 19:00 (점심 13:00 ~ 14:00),0508-0354-0401
https://www.yeoshin.co.kr/event/mobile/27569,,,,덴서티400샷＋리투오5cc＋스킨보톡스（얼굴전체）,"#리프팅레이저
#타이트닝",https://d3gurpvil0se70.cloudfront.net/upfiles/images/product/WDVO4Cgz45q9vqUHNJbD7vIWODz4.jpg?q=90&f=webp&w=1024,,,1590000.0,1583000,VAT 포함,리젠의원,서울특별시 강남구 강남대로 528 (논현동) 원앤원 63.5빌딩 7층주소복사,,덴서티 #5단계쿨링 5단계 쿨링 레벨과 타임을 조절하여 피부 타입에 맞는 시술이 가능 #3가지팁 #다양한부위 3가지 팁으로 얼굴부터 바디까지 다양한 부위에 맞춤 시술 권장주기 1~3개월 / 3회 이상 시술,VAT 포함,리프팅 시술이 하고싶지만 통증이 두려운 분 / 탄력이 떨어진 피부가 고민인 분 / 늘어지고 처진 피부의 리프팅을 원하는 분 / 꼼꼼한 리프팅을 원하는 분,시술 특장점 강력한 고주파 에너지 고주파 에너지를 강력하고 균일하게 전달하여 탄력 개선에 효과적입니다. 쿨링 시스템으로 통증 DOWN 5단계 쿨링 기능으로 통증 컨트롤이 가능하여 적은 통증으로 시술이 가능합니다.,"시술 시 통증은 얼마나 되나요? 5단계 쿨링 레벨과 쿨링 타임을 조절하는 쿨링 시스템이 통증을 최소화합니다. 몇 샷 이상 맞아야 효과가 있나요? 개개인의 피부 상태, 부위 등에 따라 적합한 샷 수가 달라질 수 있기에 정확한 상담이 필요합니다.",덴서티 시술시간 40분 마취여부 크림마취 회복시간 약 3일 시술효과 2~3달 후,"주의사항 1 세안은 찬물이나 미온수로 해주시고 클렌저는 저자극을 사용해주세요. 2 붉은 기, 붓기, 미약한 통증 등은 곧 완화됩니다. 3 필링, 스크럽제는 일주일 정도 피해주세요.",크림마취 수면마취,수요일 10:00 ~ 19:00 (점심 13:00 ~ 14:00) / 목요일 휴진 / 금요일 11:00 ~ 21:00 (점심 13:00 ~ 14:00) / 토요일 10:00 ~ 16:00 (점심 13:00 ~ 14:00) / 일요일 휴진 / 월요일 10:00 ~ 19:00 (점심 13:00 ~ 14:00),0508-0353-5231
https://www.yeoshin.co.kr/event/mobile/27568,,,,목전체 덴서티200샷＋목주름 필러(수입)1cc＋목전체 스킨보톡스,"#리프팅레이저
#타이트닝",https://d3gurpvil0se70.cloudfront.net/upfiles/images/product/wC5AeyxwMum6CW69MCxEwZTm1rI9.jpg?q=90&f=webp&w=1024,,,1000000.0,993000,VAT 포함,리젠의원,서울특별시 강남구 강남대로 528 (논현동) 원앤원 63.5빌딩 7층주소복사,,덴서티 #5단계쿨링 5단계 쿨링 레벨과 타임을 조절하여 피부 타입에 맞는 시술이 가능 #3가지팁 #다양한부위 3가지 팁으로 얼굴부터 바디까지 다양한 부위에 맞춤 시술 권장주기 1~3개월 / 3회 이상 시술,VAT 포함,리프팅 시술이 하고싶지만 통증이 두려운 분 / 탄력이 떨어진 피부가 고민인 분 / 늘어지고 처진 피부의 리프팅을 원하는 분 / 꼼꼼한 리프팅을 원하는 분,시술 특장점 강력한 고주파 에너지 고주파 에너지를 강력하고 균일하게 전달하여 탄력 개선에 효과적입니다. 쿨링 시스템으로 통증 DOWN 5단계 쿨링 기능으로 통증 컨트롤이 가능하여 적은 통증으로 시술이 가능합니다.,"시술 시 통증은 얼마나 되나요? 5단계 쿨링 레벨과 쿨링 타임을 조절하는 쿨링 시스템이 통증을 최소화합니다. 몇 샷 이상 맞아야 효과가 있나요? 개개인의 피부 상태, 부위 등에 따라 적합한 샷 수가 달라질 수 있기에 정확한 상담이 필요합니다.",덴서티 시술시간 40분 마취여부 크림마취 회복시간 약 3일 시술효과 2~3달 후,"주의사항 1 세안은 찬물이나 미온수로 해주시고 클렌저는 저자극을 사용해주세요. 2 붉은 기, 붓기, 미약한 통증 등은 곧 완화됩니다. 3 필링, 스크럽제는 일주일 정도 피해주세요.",크림마취 수면마취,수요일 10:00 ~ 19:00 (점심 13:00 ~ 14:00) / 목요일 휴진 / 금요일 11:00 ~ 21:00 (점심 13:00 ~ 14:00) / 토요일 10:00 ~ 16:00 (점심 13:00 ~ 14:00) / 일요일 휴진 / 월요일 10:00 ~ 19:00 (점심 13:00 ~ 14:00),0508-0353-5231
https://www.yeoshin.co.kr/event/mobile/22354,,,,신사역 덴서티 리프팅 신사역 덴서티 리프팅,"#리프팅레이저
#타이트닝",https://d3gurpvil0se70.cloudfront.net/upfiles/images/product/4eAlZJ3COTQDhtHYbSgtWdaLJTi5.png?q=90&f=webp&w=1024,,,825000.0,818000,VAT 포함,신사에그의원,크림마취,여의사 진료 영어 응대 중국어 응대 일본어 응대,덴서티 #5단계쿨링 5단계 쿨링 레벨과 타임을 조절하여 피부 타입에 맞는 시술이 가능 #3가지팁 #다양한부위 3가지 팁으로 얼굴부터 바디까지 다양한 부위에 맞춤 시술 권장주기 1~3개월 / 3회 이상 시술,VAT 포함,리프팅 시술이 하고싶지만 통증이 두려운 분 / 탄력이 떨어진 피부가 고민인 분 / 늘어지고 처진 피부의 리프팅을 원하는 분 / 꼼꼼한 리프팅을 원하는 분,시술 특장점 강력한 고주파 에너지 고주파 에너지를 강력하고 균일하게 전달하여 탄력 개선에 효과적입니다. 쿨링 시스템으로 통증 DOWN 5단계 쿨링 기능으로 통증 컨트롤이 가능하여 적은 통증으로 시술이 가능합니다.,"시술 시 통증은 얼마나 되나요? 5단계 쿨링 레벨과 쿨링 타임을 조절하는 쿨링 시스템이 통증을 최소화합니다. 몇 샷 이상 맞아야 효과가 있나요? 개개인의 피부 상태, 부위 등에 따라 적합한 샷 수가 달라질 수 있기에 정확한 상담이 필요합니다.",덴서티 시술시간 40분 마취여부 크림마취 회복시간 약 3일 시술효과 2~3달 후,"주의사항 1 세안은 찬물이나 미온수로 해주시고 클렌저는 저자극을 사용해주세요. 2 붉은 기, 붓기, 미약한 통증 등은 곧 완화됩니다. 3 필링, 스크럽제는 일주일 정도 피해주세요. 4 가벼운 세안과 샤워는 시술 다음날부터 가능합니다. 5 시술 부위에 재생 및 보습 제품을 꼼꼼히 발라주세요.",크림마취 수면마취 국소마취,수요일 11:00 ~ 20:30 (점심 14:00 ~ 15:00) / 목요일 11:00 ~ 20:30 (점심 14:00 ~ 15:00) / 금요일 11:00 ~ 20:30 (점심 14:00 ~ 15:00) / 토요일 11:00 ~ 17:00 / 일요일 11:00 ~ 17:00 / 월요일 11:00 ~ 20:30 (점심 14:00 ~ 15:00),0508-0353-5368
https://www.yeoshin.co.kr/event/mobile/26827,,,,덴서티하이+브이로,"#리프팅레이저
#타이트닝",https://d3gurpvil0se70.cloudfront.net/upfiles/images/product/biaMkKxcsNuNfNvtEBjcMl5F4Xb3.jpg?q=90&f=webp&w=1024,,,1990000.0,1983000,VAT 포함,유니성형외과의원,크림마취,전문의 1명 수술실 CCTV 응급처치 시스템,덴서티 #5단계쿨링 5단계 쿨링 레벨과 타임을 조절하여 피부 타입에 맞는 시술이 가능 #3가지팁 #다양한부위 3가지 팁으로 얼굴부터 바디까지 다양한 부위에 맞춤 시술 권장주기 1~3개월 / 3회 이상 시술,VAT 포함,리프팅 시술이 하고싶지만 통증이 두려운 분 / 탄력이 떨어진 피부가 고민인 분 / 늘어지고 처진 피부의 리프팅을 원하는 분 / 꼼꼼한 리프팅을 원하는 분,시술 특장점 강력한 고주파 에너지 고주파 에너지를 강력하고 균일하게 전달하여 탄력 개선에 효과적입니다. 쿨링 시스템으로 통증 DOWN 5단계 쿨링 기능으로 통증 컨트롤이 가능하여 적은 통증으로 시술이 가능합니다.,"시술 시 통증은 얼마나 되나요? 5단계 쿨링 레벨과 쿨링 타임을 조절하는 쿨링 시스템이 통증을 최소화합니다. 몇 샷 이상 맞아야 효과가 있나요? 개개인의 피부 상태, 부위 등에 따라 적합한 샷 수가 달라질 수 있기에 정확한 상담이 필요합니다.",덴서티 시술시간 40분 마취여부 크림마취 회복시간 약 3일 시술효과 2~3달 후,"주의사항 1 세안은 찬물이나 미온수로 해주시고 클렌저는 저자극을 사용해주세요. 2 붉은 기, 붓기, 미약한 통증 등은 곧 완화됩니다. 3 필링, 스크럽제는 일주일 정도 피해주세요.",크림마취 수면마취 전신마취 국소마취,수요일 10:00 ~ 19:00 / 목요일 10:00 ~ 19:00 / 금요일 10:00 ~ 21:00 / 토요일 10:00 ~ 16:00 / 일요일 휴진 / 월요일 10:00 ~ 19:00,050803543086
https://www.yeoshin.co.kr/event/mobile/15448,,,,명동루비_덴서티,"#리프팅레이저
#타이트닝",https://d3gurpvil0se70.cloudfront.net/upfiles/images/product/rizOJYjTwF9ScpUwvQTeCo4SMrc3.jpg?q=90&f=webp&w=1024,8.8,139.0,531000.0,524000,VAT 포함,루비의원(명동점),,,,VAT 포함,,,,덴서티 시술시간 40분 마취여부 크림마취 회복시간 3일 시술효과 2~3달 후,,,수요일 10:30 ~ 20:30 (점심 13:30 ~ 15:00) / 목요일 10:30 ~ 20:30 (점심 13:30 ~ 15:00) / 금요일 10:30 ~ 20:30 (점심 13:30 ~ 15:00) / 토요일 10:00 ~ 16:00 / 일요일 12:00 ~ 17:00 / 월요일 10:30 ~ 20:30 (점심 13:30 ~ 15:00),0508-0353-8508
https://www.yeoshin.co.kr/event/mobile/27612,,,,덴서티 클래식 300샷,"#리프팅레이저
#타이트닝",https://d3gurpvil0se70.cloudfront.net/upfiles/images/product/G81GplxaDlR1BJUxPXkmCMJVvSK7.jpg?q=90&f=webp&w=1024,,,660000.0,653000,VAT 포함,메리성형외과의원,크림마취,전문의 2명 여의사 진료 마취과의 진료 수술실 CCTV 응급처치 시스템 분야별 협진 기본 입원실 사후관리,,VAT 포함,,,,덴서티 시술시간 40분 마취여부 수면마취 회복시간 약 3일 시술효과 2~3달 후,,크림마취 수면마취 비수면 무통마취 국소마취,수요일 휴진 / 목요일 09:30 ~ 18:00 / 금요일 09:30 ~ 18:00 / 토요일 09:30 ~ 16:00 / 일요일 휴진 / 월요일 09:30 ~ 18:00,0508-0353-7546
https://www.yeoshin.co.kr/event/mobile/26447,,,,"유니_레이저 리프팅, 덴서티 하이","#리프팅레이저
#타이트닝",https://d3gurpvil0se70.cloudfront.net/upfiles/images/product/06Losh8JVGkVWZPFFAdRav049HR9.jpg?q=90&f=webp&w=1024,,,1780000.0,1773000,VAT 포함,유니성형외과의원,크림마취,전문의 1명 수술실 CCTV 응급처치 시스템,덴서티 #5단계쿨링 5단계 쿨링 레벨과 타임을 조절하여 피부 타입에 맞는 시술이 가능 #3가지팁 #다양한부위 3가지 팁으로 얼굴부터 바디까지 다양한 부위에 맞춤 시술 권장주기 1~3개월 / 3회 이상 시술,VAT 포함,리프팅 시술이 하고싶지만 통증이 두려운 분 / 탄력이 떨어진 피부가 고민인 분 / 늘어지고 처진 피부의 리프팅을 원하는 분 / 꼼꼼한 리프팅을 원하는 분,시술 특장점 강력한 고주파 에너지 고주파 에너지를 강력하고 균일하게 전달하여 탄력 개선에 효과적입니다. 쿨링 시스템으로 통증 DOWN 5단계 쿨링 기능으로 통증 컨트롤이 가능하여 적은 통증으로 시술이 가능합니다.,"시술 시 통증은 얼마나 되나요? 5단계 쿨링 레벨과 쿨링 타임을 조절하는 쿨링 시스템이 통증을 최소화합니다. 몇 샷 이상 맞아야 효과가 있나요? 개개인의 피부 상태, 부위 등에 따라 적합한 샷 수가 달라질 수 있기에 정확한 상담이 필요합니다.",덴서티 시술시간 40분 마취여부 크림마취 회복시간 약 3일 시술효과 2~3달 후,"주의사항 1 세안은 찬물이나 미온수로 해주시고 클렌저는 저자극을 사용해주세요. 2 붉은 기, 붓기, 미약한 통증 등은 곧 완화됩니다. 3 필링, 스크럽제는 일주일 정도 피해주세요.",크림마취 수면마취 전신마취 국소마취,수요일 10:00 ~ 19:00 / 목요일 10:00 ~ 19:00 / 금요일 10:00 ~ 21:00 / 토요일 10:00 ~ 16:00 / 일요일 휴진 / 월요일 10:00 ~ 19:00,050803543086
https://www.yeoshin.co.kr/event/mobile/27348,,,,정품 덴서티 600샷 (신규 입고 이벤트),"#리프팅레이저
#타이트닝",https://d3gurpvil0se70.cloudfront.net/upfiles/images/product/Fru2emIFAs5OrjgAmsgdQSYGK0q5.jpg?q=90&f=webp&w=1024,,,1100000.0,1093000,VAT 포함,에르네의원,서울시 서초구 서초대로 77길 59 에르네의원주소복사,여의사 진료 영어 응대 중국어 응대 일본어 응대,덴서티 #5단계쿨링 5단계 쿨링 레벨과 타임을 조절하여 피부 타입에 맞는 시술이 가능 #3가지팁 #다양한부위 3가지 팁으로 얼굴부터 바디까지 다양한 부위에 맞춤 시술 권장주기 1~3개월 / 3회 이상 시술,VAT 포함,리프팅 시술이 하고싶지만 통증이 두려운 분 / 탄력이 떨어진 피부가 고민인 분 / 늘어지고 처진 피부의 리프팅을 원하는 분 / 꼼꼼한 리프팅을 원하는 분,시술 특장점 강력한 고주파 에너지 고주파 에너지를 강력하고 균일하게 전달하여 탄력 개선에 효과적입니다. 쿨링 시스템으로 통증 DOWN 5단계 쿨링 기능으로 통증 컨트롤이 가능하여 적은 통증으로 시술이 가능합니다.,"시술 시 통증은 얼마나 되나요? 5단계 쿨링 레벨과 쿨링 타임을 조절하는 쿨링 시스템이 통증을 최소화합니다. 몇 샷 이상 맞아야 효과가 있나요? 개개인의 피부 상태, 부위 등에 따라 적합한 샷 수가 달라질 수 있기에 정확한 상담이 필요합니다.",덴서티 시술시간 40분 마취여부 마취타입 선택 회복시간 약 3일 시술효과 2~3달 후,"주의사항 1 세안은 찬물이나 미온수로 해주시고 클렌저는 저자극을 사용해주세요. 2 붉은 기, 붓기, 미약한 통증 등은 곧 완화됩니다. 3 필링, 스크럽제는 일주일 정도 피해주세요.",,수요일 10:00 ~ 21:00 / 목요일 10:00 ~ 21:00 / 금요일 10:00 ~ 21:00 / 토요일 10:00 ~ 17:00 / 일요일 10:00 ~ 17:00 / 월요일 10:00 ~ 21:00,0508-0354-2964
https://www.yeoshin.co.kr/event/mobile/24432,,,,덴서티,"#피부과 전문의
#리프팅레이저
#타이트닝",https://d3gurpvil0se70.cloudfront.net/upfiles/images/product/wa7ozwE87uZ5SF3lwyS3vIfwzEV6.png?q=90&f=webp&w=1024,,,1290000.0,1283000,VAT 포함,휴먼피부과의원(평택점),크림마취,전문의 5명 여의사 진료 사후관리 영어 응대,덴서티 #5단계쿨링 5단계 쿨링 레벨과 타임을 조절하여 피부 타입에 맞는 시술이 가능 #3가지팁 #다양한부위 3가지 팁으로 얼굴부터 바디까지 다양한 부위에 맞춤 시술 권장주기 1~3개월 / 3회 이상 시술,VAT 포함,리프팅 시술이 하고싶지만 통증이 두려운 분 / 탄력이 떨어진 피부가 고민인 분 / 늘어지고 처진 피부의 리프팅을 원하는 분 / 꼼꼼한 리프팅을 원하는 분,시술 특장점 강력한 고주파 에너지 고주파 에너지를 강력하고 균일하게 전달하여 탄력 개선에 효과적입니다. 쿨링 시스템으로 통증 DOWN 5단계 쿨링 기능으로 통증 컨트롤이 가능하여 적은 통증으로 시술이 가능합니다.,"시술 시 통증은 얼마나 되나요? 5단계 쿨링 레벨과 쿨링 타임을 조절하는 쿨링 시스템이 통증을 최소화합니다. 몇 샷 이상 맞아야 효과가 있나요? 개개인의 피부 상태, 부위 등에 따라 적합한 샷 수가 달라질 수 있기에 정확한 상담이 필요합니다.",덴서티 시술시간 40분 마취여부 크림마취 회복시간 약 3일 시술효과 2~3달 후,"주의사항 1 세안은 찬물이나 미온수로 해주시고 클렌저는 저자극을 사용해주세요. 2 붉은 기, 붓기, 미약한 통증 등은 곧 완화됩니다. 3 필링, 스크럽제는 일주일 정도 피해주세요.",크림마취 수면마취,수요일 10:00 ~ 21:00 (점심 13:00 ~ 14:30) / 목요일 10:00 ~ 21:00 (점심 13:00 ~ 14:30) / 금요일 10:00 ~ 21:00 (점심 13:00 ~ 14:30) / 토요일 10:00 ~ 17:00 / 일요일 휴진 / 월요일 10:00 ~ 21:00 (점심 13:00 ~ 14:30) / 평일) 접수마감 8시 30분 / 토요일) 점수마감 4시,0508-0353-0418
https://www.yeoshin.co.kr/event/mobile/24973,,,,덴서티 리프팅 특가,"#리프팅레이저
#타이트닝",https://d3gurpvil0se70.cloudfront.net/upfiles/images/product/9laForiKlPl7rSPnb4qwnSXCANA5.jpg?q=90&f=webp&w=1024,,,218900.0,211900,VAT 포함,유앤아이의원(대전점),,,,VAT 포함,,,,덴서티 시술시간 40분 마취여부 크림마취 회복시간 약 3일 시술효과 2~3달 후,,,수요일 10:30 ~ 20:30 / 목요일 10:30 ~ 20:30 / 금요일 10:30 ~ 20:30 / 토요일 10:30 ~ 17:00 / 일요일 휴진 / 월요일 10:30 ~ 20:30,0508-0354-1943
https://www.yeoshin.co.kr/event/mobile/18427,,,,덴서티 리프팅 정품인증,"#리프팅레이저
#타이트닝",https://d3gurpvil0se70.cloudfront.net/upfiles/images/product/uklNl1WRa8N2Z0xwSMCIzFMsgXj.jpg?q=90&f=webp&w=1024,9.8,158.0,2178000.0,2171000,VAT 포함,우아성형외과의원,크림마취,전문의 7명 여의사 진료 마취과의 진료 수술실 CCTV 응급처치 시스템 분야별 협진 기본 입원실 전담회복실 사후관리 영어 응대 중국어 응대 일본어 응대,,VAT 포함,,,,덴서티 시술시간 40분 마취여부 크림마취 회복시간 약 3일 시술효과 2~3달 후,,크림마취 수면마취 전신마취 국소마취,수요일 10:00 ~ 19:00 / 목요일 10:00 ~ 19:00 / 금요일 10:00 ~ 20:30 / 토요일 10:00 ~ 17:00 / 일요일 휴진 / 월요일 10:00 ~ 20:30,0508-0353-5445
https://www.yeoshin.co.kr/event/mobile/24324,,,,대표원장 1:1 상담/시술 덴서티하이리프팅,"#리프팅레이저
#타이트닝",https://d3gurpvil0se70.cloudfront.net/upfiles/images/product/7eQs4AY0XionrlJIT34HsOV5iCA5.jpg?q=90&f=webp&w=1024,10.0,30.0,935000.0,928000,VAT 포함,르웰의원,크림마취,전문의 1명 여의사 진료 사후관리 영어 응대,"덴서티 #5단계쿨링 5단계 쿨링 레벨과 타임을 조절하여 피부 타입에 맞는 시술이 가능 #3가지팁 #다양한부위 3가지 팁으로 얼굴부터 바디까지 다양한 부위에 맞춤 시술 #HIGH TIP 덴서티 하이팁의 경우 모노폴라, 바이폴라 고주파 에너지 모두 전달 가능한 고주파 시스템입니다. 권장주기 1~3개월 / 3회 이상 시술",VAT 포함,리프팅 시술이 하고싶지만 통증이 두려운 분 / 탄력이 떨어진 피부가 고민인 분 / 늘어지고 처진 피부의 리프팅을 원하는 분 / 꼼꼼한 리프팅을 원하는 분,시술 특장점 강력한 고주파 에너지 고주파 에너지를 강력하고 균일하게 전달하여 탄력 개선에 효과적입니다. 쿨링 시스템으로 통증 DOWN 5단계 쿨링 기능으로 통증 컨트롤이 가능하여 적은 통증으로 시술이 가능합니다.,"시술 시 통증은 얼마나 되나요? 5단계 쿨링 레벨과 쿨링 타임을 조절하는 쿨링 시스템이 통증을 최소화합니다. 몇 샷 이상 맞아야 효과가 있나요? 개개인의 피부 상태, 부위 등에 따라 적합한 샷 수가 달라질 수 있기에 정확한 상담이 필요합니다.",덴서티 시술시간 40분 마취여부 크림마취 회복시간 약 3일 시술효과 2~3달 후,"주의사항 1 세안은 찬물이나 미온수로 해주시고 클렌저는 저자극을 사용해주세요. 2 붉은 기, 붓기, 미약한 통증 등은 곧 완화됩니다. 3 필링, 스크럽제는 일주일 정도 피해주세요.",크림마취 비수면 무통마취 국소마취,수요일 10:00 ~ 20:00 (점심 14:00 ~ 15:00) / 목요일 10:00 ~ 20:00 (점심 14:00 ~ 15:00) / 금요일 10:00 ~ 20:00 (점심 14:00 ~ 15:00) / 토요일 10:00 ~ 16:00 / 일요일 휴진 / 월요일 10:00 ~ 20:00 (점심 14:00 ~ 15:00),0508-0353-7099
https://www.yeoshin.co.kr/event/mobile/16299,,,,덴서티300샷 (vat포함가),"#리프팅레이저
#타이트닝",https://d3gurpvil0se70.cloudfront.net/upfiles/images/product/yPCMIeMMgxPSCJKQAK4vON9uc6x.jpg?q=90&f=webp&w=1024,7.5,2.0,700000.0,693000,VAT 포함,시온뷰티의원,서울특별시 송파구 마천로 311 시온뷰티의원주소복사,,,VAT 포함,,,,덴서티 시술시간 40~60분 마취여부 크림마취 회복시간 3일 시술효과 2~3달 후,,크림마취,"수요일 휴진 / 목요일 10:00 ~ 20:00 (점심 13:00 ~ 14:00) / 금요일 10:00 ~ 19:00 (점심 13:00 ~ 14:00) / 토요일 10:00 ~ 17:00 (점심 13:00 ~ 14:00) / 일요일 휴진 / 월요일 10:00 ~ 19:00 (점심 13:00 ~ 14:00) / 매주 수요일 휴진,공휴일시 공휴일휴진",0508-0353-3030
https://www.yeoshin.co.kr/event/mobile/26125,,,,덴서티 하이(300~600샷),"#피부과 전문의
#리프팅레이저
#타이트닝",https://d3gurpvil0se70.cloudfront.net/upfiles/images/product/g5pQSGL6ahsWmCTYxCkT48US4P28.jpg?q=90&f=webp&w=1024,,,850000.0,843000,VAT 포함,베스트웰피부과의원,크림마취,전문의 1명 여의사 진료 수술실 CCTV 사후관리,덴서티 모노폴라-바이폴라 두가지 고주파를 한번에 5단계 쿨링 레벨과 타임을 조절하여 두가지 고주파를 연속 조사 및 피부탄력을 개선 고주파 에너지 최대출력 400W 2가지 팁으로 얼굴부터 바디까지 다양한 부위에 맞춤 시술 권장주기 3~6개월 / 3회 이상 시술,VAT 포함,리프팅 시술이 하고싶지만 통증이 두려운 분 / 탄력이 떨어진 피부가 고민인 분 / 늘어지고 처진 피부의 리프팅을 원하는 분 / 꼼꼼한 리프팅을 원하는 분,시술 특장점 강력한 고주파 에너지 고주파 에너지를 강력하고 균일하게 전달하여 탄력 개선에 효과적입니다. 쿨링 시스템으로 통증 DOWN 5단계 쿨링 기능으로 통증 컨트롤이 가능하여 적은 통증으로 시술이 가능합니다.,"시술 시 통증은 얼마나 되나요? 5단계 쿨링 레벨과 쿨링 타임을 조절하는 쿨링 시스템이 통증을 최소화합니다. 몇 샷 이상 맞아야 효과가 있나요? 개개인의 피부 상태, 부위 등에 따라 적합한 샷 수가 달라질 수 있기에 정확한 상담이 필요합니다.",덴서티 시술시간 60분 마취여부 크림마취 회복시간 약 3일 시술효과 2~3주 후,"주의사항 1 3~5일간 세안은 미지근한 물로 해주세요. 2 시술 부위에 재생 및 보습 제품을 꼼꼼히 발라주세요. 3 필링, 스크럽제는 일주일 정도 피해주세요. 4 붉은 기, 붓기, 미약한 통증 등은 곧 완화됩니다.",크림마취 국소마취,수요일 10:00 ~ 17:00 / 목요일 10:00 ~ 17:00 / 금요일 10:00 ~ 17:00 / 토요일 10:00 ~ 14:00 / 일요일 휴진 / 월요일 10:00 ~ 17:00,050803530432
https://www.yeoshin.co.kr/event/mobile/24108,,,,"고품격 고밀도 탄력 리프팅, 덴서티","#리프팅레이저
#타이트닝",https://d3gurpvil0se70.cloudfront.net/upfiles/images/product/BLXMfAD8FpqmJyCSjNFdRH5fgU6.jpg?q=90&f=webp&w=1024,,,968000.0,961000,VAT 포함,피어봄의원(송도점),,,덴서티 #5단계쿨링 5단계 쿨링 레벨과 타임을 조절하여 피부 타입에 맞는 시술이 가능 #3가지팁 #다양한부위 3가지 팁으로 얼굴부터 바디까지 다양한 부위에 맞춤 시술 #덴서티하이 #모노폴라 #바이폴라 #고주파시너지 모노폴라와 바이폴라가 동시 조사되어 중장기적 및 즉각적인 효과 권장주기 1~6개월 / 3회 이상 시술,VAT 포함,리프팅 시술이 하고싶지만 통증이 두려운 분 / 탄력이 떨어진 피부가 고민인 분 / 늘어지고 처진 피부의 리프팅을 원하는 분 / 꼼꼼한 리프팅을 원하는 분,,,덴서티 시술시간 40분 마취여부 크림마취 회복시간 약 3일 시술효과 2~3달 후,,,수요일 10:00 ~ 21:00 (점심 13:00 ~ 14:00) / 목요일 휴진 / 금요일 10:00 ~ 21:00 (점심 13:00 ~ 14:00) / 토요일 09:00 ~ 15:00 / 일요일 휴진 / 월요일 10:00 ~ 19:00 (점심 13:00 ~ 14:00),0508-0353-0869
https://www.yeoshin.co.kr/event/mobile/18054,,,,"덴서티, 피부과전문의5인 시술","#피부과 전문의
#리프팅레이저
#타이트닝",https://d3gurpvil0se70.cloudfront.net/upfiles/images/product/HAoaIjQfFH05QdONrFHtG8P0bhI.jpg?q=90&f=webp&w=1024,1.0,1.0,240000.0,233000,VAT 포함,휴먼피부과의원(청라점),크림마취,전문의 4명 여의사 진료,,VAT 포함,,,,덴서티 시술시간 40분 마취여부 크림마취 회복시간 약 3일 시술효과 2~3달 후,,크림마취 수면마취 비수면 무통마취,수요일 10:00 ~ 20:30 (점심 12:00 ~ 14:00) / 목요일 10:00 ~ 19:00 (점심 12:00 ~ 14:00) / 금요일 10:00 ~ 20:30 (점심 12:00 ~ 14:00) / 토요일 10:00 ~ 16:00 / 일요일 휴진 / 월요일 10:00 ~ 20:30 (점심 12:00 ~ 14:00) / 진료마감 : 월수금 19:30 / 화목 18:00 / 토 15:00,0508-0354-1088
https://www.yeoshin.co.kr/event/mobile/20005,,,,빈틈없이 채워주는 덴서티하이,"#리프팅레이저
#타이트닝",https://d3gurpvil0se70.cloudfront.net/upfiles/images/product/RBUOlHPxiFMk48TJVZPKdO3D9uA7.jpg?q=90&f=webp&w=1024,9.8,67.0,319000.0,312000,VAT 포함,용인미하나의원,경기도 용인시 처인구 금령로 86 용인미하나의원주소복사,전문의 1명,"덴서티 #모노폴라 #바이폴라 깊은 층부터 얇은 피부층까지 촘촘하게 전달하는 두 가지 고주파로 시술 가능 #피부탄력개선 콜라겐, 엘라스틴 섬유를 활성화시켜 피부의 탄력을 향상시켜주는 효과 #5단계쿨링 5단계 쿨링 레벨과 타임을 조절하여 피부 타입에 맞는 시술이 가능 권장주기 1~3개월 / 3회 이상 시술",VAT 포함,리프팅 시술이 하고싶지만 통증이 두려운 분 / 탄력이 떨어진 피부가 고민인 분 / 늘어지고 처진 피부의 리프팅을 원하는 분 / 꼼꼼한 리프팅을 원하는 분,시술 특장점 강력한 고주파 에너지 고주파 에너지를 강력하고 균일하게 전달하여 탄력 개선에 효과적입니다. 볼패임 부작용 걱정NO 지방 분해를 유도하지 않기 때문에 볼패임 부작용 확률이 적습니다.,"시술 시 통증은 얼마나 되나요? 5단계 쿨링 레벨과 쿨링 타임을 조절하는 쿨링 시스템이 통증을 최소화합니다. 몇 샷 이상 맞아야 효과가 있나요? 개개인의 피부 상태, 부위 등에 따라 적합한 샷 수가 달라질 수 있기에 정확한 상담이 필요합니다.",덴서티 시술시간 40분 마취여부 크림마취 회복시간 약 3일 시술효과 2~3달 후,"주의사항 1 세안은 찬물이나 미온수로 해주시고 클렌저는 저자극을 사용해주세요. 2 붉은 기, 붓기, 미약한 통증 등은 곧 완화됩니다. 3 필링, 스크럽제는 일주일 정도 피해주세요. 4 가벼운 세안과 샤워는 시술 다음날부터 가능합니다. 5 시술 부위에 재생 및 보습 제품을 꼼꼼히 발라주세요.",,수요일 10:00 ~ 20:30 (점심 13:00 ~ 14:00) / 목요일 10:00 ~ 20:30 (점심 13:00 ~ 14:00) / 금요일 10:00 ~ 20:30 (점심 13:00 ~ 14:00) / 토요일 10:00 ~ 16:30 / 일요일 휴진 / 월요일 10:00 ~ 20:30 (점심 13:00 ~ 14:00),0508-0353-9926
https://www.yeoshin.co.kr/event/mobile/27573,,,,튠페이스60kj+튠라이너1회,"#타이트닝
#리프팅레이저",https://d3gurpvil0se70.cloudfront.net/upfiles/images/product/txeSSztknkdujP5VWiGJM12iMtx4.jpg?q=90&f=webp&w=1024,,,450000.0,443000,VAT 포함,리젠의원,서울특별시 강남구 강남대로 528 (논현동) 원앤원 63.5빌딩 7층주소복사,,"튠페이스 #콜라겐조직재건 멀티 고주파 에너지를 피부에 자극함으로써 손상된 콜라겐 조직 재건에 도움 #다양한피부층개선 피부 표피, 진피, 근막층에 선택적으로 에너지 전달 가능 #통증DOWN 아이스 컨택 쿨링을 통해 피부 표면을 차갑게 유지하여 통증 거의 없이 시술 가능 권장주기 6개월 / 1회 이상 시술",VAT 포함,자연스러운 리프팅을 원하는 분 / 늘어진 턱선이 고민인 분 / 리프팅 시술이 하고싶지만 통증이 두려운 분 / 비수술적인 리프팅 시술을 원하는 분,"시술 특장점 다양한 피부층 개선 피부 표피, 진피, 근막층을 선택적으로 개선할 수 있습니다. 쿨링효과로 적은 통증 아이스 컨택 쿨링을 통해 피부 표면을 차갑게 유지하여 통증 거의 없는 편입니다.",시술 후 관리는 어떻게 하나요? 해당 부위가 과한 열감이나 냉감에 노출되는 것을 피해주시고 수분크림을 자주 발라주세요. 시술 시 통증은 없나요? 마취 없이도 시술이 가능하며 통증은 약한 편에 속하지만 개인마다 느끼는 통증은 다를 수 있습니다.,튠페이스 시술시간 30~60분 마취여부 크림마취 회복시간 약 3일 시술효과 2~4주 후,"주의사항 1 시술 후, 일주일간은 음주 및 흡연을 자제해주세요. 2 시술 후, 3~4일간 과격하고 무리한 운동은 자제해주세요. 3 시술 후, 시술 부위를 강하게 마사지하거나 누르지 말아주세요.",크림마취 수면마취,수요일 10:00 ~ 19:00 (점심 13:00 ~ 14:00) / 목요일 휴진 / 금요일 11:00 ~ 21:00 (점심 13:00 ~ 14:00) / 토요일 10:00 ~ 16:00 (점심 13:00 ~ 14:00) / 일요일 휴진 / 월요일 10:00 ~ 19:00 (점심 13:00 ~ 14:00),0508-0353-5231
https://www.yeoshin.co.kr/event/mobile/17954,,,,피부과전문의_튠페이스,"#피부과 전문의
#타이트닝
#리프팅레이저",https://d3gurpvil0se70.cloudfront.net/upfiles/images/product/oPnxNMY1zhQU3DyovQTmzyWE4uU9.png?q=90&f=webp&w=1024,10.0,3.0,330000.0,323000,VAT 포함,페이브피부과의원(용산),"서울특별시 용산구 한강대로 69 (한강로2가, 용산푸르지오써밋) 페이브피부과의원주소복사",전문의 1명 여의사 진료 수술실 CCTV 사후관리 영어 응대 중국어 응대 일본어 응대,"튠페이스 #콜라겐조직재건 멀티 고주파 에너지를 피부에 자극함으로써 손상된 콜라겐 조직 재건에 도움 #다양한피부층개선 피부 표피, 진피, 근막층에 선택적으로 에너지 전달 가능 #통증DOWN 아이스 컨택 쿨링을 통해 피부 표면을 차갑게 유지하여 통증 거의 없이 시술 가능 권장주기 2~4주 / 1회 이상 시술",VAT 포함,자연스러운 리프팅을 원하는 분 / 늘어진 모공과 피부결을 개선하고 싶은 분 / 늘어진 턱선이 고민인 분 / 리프팅 시술이 하고싶지만 통증이 두려운 분,"시술 특장점 다양한 피부층 개선 피부 표피, 진피, 근막층을 선택적으로 개선할 수 있습니다. 쿨링효과로 적은 통증 아이스 컨택 쿨링을 통해 피부 표면을 차갑게 유지하여 통증 거의 없는 편입니다.","시술 후 관리는 어떻게 하나요? 해당 부위가 과한 열감이나 냉감에 노출되는 것을 피해주시고 수분크림을 자주 발라주세요. 시술 시 통증은 없나요? 마취 없이도 시술이 가능하며 통증은 약한 편에 속하지만 개인마다 느끼는 통증은 다를 수 있습니다. 시술 시 부작용이 있나요? 부작용은 거의 없는 편이지만, 개인에 따라서 시술 후 미세한 부기나 열감 등이 있을 수 있습니다. 핸드피스 블루와 레드의 차이는 무엇인가요? 블루는 처진 턱라인, 심술보를 리프팅해주는 효과이며, 레드는 꺼진 눈 밑, 팔자, 볼 등 꺼진 부위를 차오르게 해주는 효과가 있습니다.",튠페이스 시술시간 30~60분 마취여부 크림마취 회복시간 약 3일 시술효과 2~4주 후,"주의사항 1 시술 후, 일주일간은 음주 및 흡연을 자제해주세요. 2 시술 후, 3~4일간 과격하고 무리한 운동은 자제해주세요. 3 시술 후, 시술 부위를 강하게 마사지하거나 누르지 말아주세요. 4 시술 후 일주일동안 필링 시술이나 스크럽제 사용은 피하는 것이 좋습니다. 5 시술 후 세안 및 메이크업 가능하며, 저자극 클렌저를 사용합니다. 6 시술 후 수분 보습제 및 외출시 자외선 차단제를 꼼꼼히 발라주세요. 7 시술 직후 진공흡입으로 인한 붉은기는 1~2주 내 정상화됩니다. 8 시술 후의 열감이나 부기는 약 3~4일 후에 서서히 사라집니다. 9 시술 후 해당 부위가 심하게 부어오를 경우 반드시 내원해주세요. 10 비타민C 등 항산화제 섭취를 권장합니다.",,수요일 휴진 / 목요일 10:00 ~ 20:00 (점심 13:00 ~ 14:00) / 금요일 10:00 ~ 20:00 (점심 13:00 ~ 14:00) / 토요일 09:30 ~ 15:00 / 일요일 휴진 / 월요일 10:00 ~ 20:00 (점심 13:00 ~ 14:00) / (공휴일이 있는 주는 수요일 정상진료),0508-0353-1618
https://www.yeoshin.co.kr/event/mobile/13987,,,,신사역 섬세한 튠페이스 시술!,"#타이트닝
#리프팅레이저",https://d3gurpvil0se70.cloudfront.net/upfiles/images/product/u7zzykAE5bqKeCWrSl7FcePcV448.png?q=90&f=webp&w=1024,9.8,4.0,495000.0,488000,VAT 포함,신사에그의원,크림마취,여의사 진료 영어 응대 중국어 응대 일본어 응대,"튠페이스 #콜라겐조직재건 멀티 고주파 에너지를 피부에 자극함으로써 손상된 콜라겐 조직 재건에 도움 #다양한피부층개선 피부 표피, 진피, 근막층에 선택적으로 에너지 전달 가능 #통증DOWN 아이스 컨택 쿨링을 통해 피부 표면을 차갑게 유지하여 통증 거의 없이 시술 가능",VAT 포함,자연스러운 리프팅을 원하는 분 / 늘어진 턱선이 고민인 분 / 리프팅 시술이 하고싶지만 통증이 두려운 분 / 비수술적인 리프팅 시술을 원하는 분,,"시술 후 관리는 어떻게 하나요? 해당 부위가 과한 열감이나 냉감에 노출되는 것을 피해주시고 수분크림을 자주 발라주세요. 시술 시 통증은 없나요? 마취 없이도 시술이 가능하며 통증은 약한 편에 속하지만 개인마다 느끼는 통증은 다를 수 있습니다. 시술 시 부작용이 있나요? 부작용은 거의 없는 편이지만, 개인에 따라서 시술 후 미세한 부기나 열감 등이 있을 수 있습니다. 핸드피스 블루와 레드의 차이는 무엇인가요? 블루는 처진 턱라인, 심술보를 리프팅해주는 효과이며, 레드는 꺼진 눈 밑, 팔자, 볼 등 꺼진 부위를 차오르게 해주는 효과가 있습니다.",튠페이스 시술시간 30~60분 마취여부 마취없음 회복시간 3일 시술효과 2~4주 후,"주의사항 1 시술 후, 일주일간은 음주 및 흡연을 자제해주세요. 2 시술 후, 3~4일간 과격하고 무리한 운동은 자제해주세요. 3 시술 후, 시술 부위를 강하게 마사지하거나 누르지 말아주세요. 4 시술 후 일주일동안 필링 시술이나 스크럽제 사용은 피하는 것이 좋습니다. 5 시술 후 세안 및 메이크업 가능하며, 저자극 클렌저를 사용합니다. 6 시술 후 수분 보습제 및 외출시 자외선 차단제를 꼼꼼히 발라주세요. 7 시술 직후 진공흡입으로 인한 붉은기는 1~2주 내 정상화됩니다. 8 시술 후의 열감이나 부기는 약 3~4일 후에 서서히 사라집니다. 9 시술 후 해당 부위가 심하게 부어오를 경우 반드시 내원해주세요. 10 비타민C 등 항산화제 섭취를 권장합니다.",크림마취 수면마취 국소마취,수요일 11:00 ~ 20:30 (점심 14:00 ~ 15:00) / 목요일 11:00 ~ 20:30 (점심 14:00 ~ 15:00) / 금요일 11:00 ~ 20:30 (점심 14:00 ~ 15:00) / 토요일 11:00 ~ 17:00 / 일요일 11:00 ~ 17:00 / 월요일 11:00 ~ 20:30 (점심 14:00 ~ 15:00),0508-0353-5368
https://www.yeoshin.co.kr/event/mobile/23582,,,,튠페이스+BBL 빠르고 통증 없는 리프팅,"#타이트닝
#리프팅레이저",https://d3gurpvil0se70.cloudfront.net/upfiles/images/product/fPZgkiWBqLu2T2MmKqk8ZeaNkMAA.png?q=90&f=webp&w=1024,,,490000.0,483000,VAT 포함,신사에그의원,크림마취,여의사 진료 영어 응대 중국어 응대 일본어 응대,"튠페이스 #이중리프팅 튠페이스의 고주파 에너지가 피부 깊숙이 작용하여 콜라겐 생성을 촉진하고, BBL 스킨타이트가 표피층을 자극하여 피부를 더욱 탄력 있게 만듭니다 #통증걱정NO 두 시술 모두 마취 없이도 통증이 거의 없어 시술통증에 대한 부담이 거의 없습니다. #빠른시술 두 시술 모두 비침습적이며, 시술 후 일상 생활에 지장이 없어 바쁜 현대인에게 적합한 솔루션입니다. 권장주기 6개월 / 1회 이상 시술",VAT 포함,자연스러운 리프팅을 원하는 분 / 늘어진 턱선이 고민인 분 / 리프팅 시술이 하고싶지만 통증이 두려운 분 / 비수술적인 리프팅 시술을 원하는 분,"시술 특장점 무통 시술로 편안한 경험 튠페이스와 BBL 스킨타이트는 고주파와 광 에너지를 활용하여 피부를 자극하는 비침습적 시술로, 마취 없이도 통증이 거의 없습니다. 시술 후 바로 일상생활로 복귀할 수 있어 편리합니다. 합리적인 가격으로 높은 만족도 두 시술을 결합한 패키지로 제공하여, 개별 시술 대비 비용 부담을 줄였습니다. 고객들은 합리적인 가격에 고품질의 피부 개선 효과를 경험할 수 있습니다.",시술 후 관리는 어떻게 하나요? 해당 부위가 과한 열감이나 냉감에 노출되는 것을 피해주시고 수분크림을 자주 발라주세요. 시술 시 통증은 없나요? 마취 없이도 시술이 가능하며 통증은 약한 편에 속하지만 개인마다 느끼는 통증은 다를 수 있습니다.,튠페이스 시술시간 30~60분 마취여부 크림마취 회복시간 약 3일 시술효과 2~4주 후,"주의사항 1 시술 후, 일주일간은 음주 및 흡연을 자제해주세요. 2 시술 후, 3~4일간 과격하고 무리한 운동은 자제해주세요. 3 시술 후, 시술 부위를 강하게 마사지하거나 누르지 말아주세요.",크림마취 수면마취 국소마취,수요일 11:00 ~ 20:30 (점심 14:00 ~ 15:00) / 목요일 11:00 ~ 20:30 (점심 14:00 ~ 15:00) / 금요일 11:00 ~ 20:30 (점심 14:00 ~ 15:00) / 토요일 11:00 ~ 17:00 / 일요일 11:00 ~ 17:00 / 월요일 11:00 ~ 20:30 (점심 14:00 ~ 15:00),0508-0353-5368
https://www.yeoshin.co.kr/event/mobile/26701,,,,"튠페이스,튠라이너 V라인 리프팅","#목/턱
#얼굴지방개선
#리프팅레이저",https://d3gurpvil0se70.cloudfront.net/upfiles/images/product/HRsBFWRJRuyGgsNOxi8NRgJaATj.jpg?q=90&f=webp&w=1024,9.5,2.0,253000.0,246000,VAT 포함,제이필의원(홍대점),크림마취,전문의 1명 여의사 진료 수술실 CCTV 분야별 협진 사후관리,,VAT 포함,,,,튠라이너 시술시간 30~50분 마취여부 마취없음 회복시간 3일 시술효과 2~4주 후,,크림마취 수면마취 비수면 무통마취,수요일 10:00 ~ 20:00 / 목요일 10:00 ~ 20:00 / 금요일 10:00 ~ 20:00 / 토요일 10:00 ~ 17:00 / 일요일 휴진 / 월요일 10:00 ~ 20:00,050803543270
https://www.yeoshin.co.kr/event/mobile/8659,,,,피부과전문의(설명 영상O) _ 튠유니페이스,"#피부과 전문의
#타이트닝
#리프팅레이저",https://d3gurpvil0se70.cloudfront.net/upfiles/images/product/WiUAW2guQcL6jBh7qPy1rQGNTCkA.jpg?q=90&f=webp&w=1024,10.0,2.0,330000.0,323000,VAT 포함,페이브피부과의원(용산),"서울특별시 용산구 한강대로 69 (한강로2가, 용산푸르지오써밋) 페이브피부과의원주소복사",전문의 1명 여의사 진료 수술실 CCTV 사후관리 영어 응대 중국어 응대 일본어 응대,"튠페이스 #콜라겐조직재건 멀티 고주파 에너지를 피부에 자극함으로써 손상된 콜라겐 조직 재건에 도움 #다양한피부층개선 피부 표피, 진피, 근막층에 선택적으로 에너지 전달 가능 #통증DOWN 아이스 컨택 쿨링을 통해 피부 표면을 차갑게 유지하여 통증 거의 없이 시술 가능 권장주기 3~4주 / 1회 시술",VAT 포함,늘어진 턱선이 고민인 분 / 늘어진 모공과 피부결을 개선하고 싶은 분 / 효과가 빠른 시술을 원하는 분,,"언제부터 효과가 있나요? 직후효과도 있지만, 3-4주에 걸쳐서 더 효과가 극대화됩니다. 시술 시 부작용이 있나요? 튠 유니페이스 시술은 안전하고 일상생활에 지장이 없는 부작용이 거의 없는 시술입니다. 개인마다 붉음증이나 열 두드러기 반응이 있을 수 있습니다.",튠페이스 시술시간 30~60분 마취여부 크림마취 회복시간 3일 시술효과 2~4주 후,주의사항 1 시술 후 당일은 열감이 느껴지실 수 있습니다. 2 시술 후 세안을 꼼꼼히 해주세요. 3 시술 후 효과 증진을 위해서 수분 섭취량을 늘려주세요.,,수요일 휴진 / 목요일 10:00 ~ 20:00 (점심 13:00 ~ 14:00) / 금요일 10:00 ~ 20:00 (점심 13:00 ~ 14:00) / 토요일 09:30 ~ 15:00 / 일요일 휴진 / 월요일 10:00 ~ 20:00 (점심 13:00 ~ 14:00) / (공휴일이 있는 주는 수요일 정상진료),0508-0353-1618
https://www.yeoshin.co.kr/event/mobile/27321,,,,에르네의원 튠페이스(마취선택),"#타이트닝
#리프팅레이저",https://d3gurpvil0se70.cloudfront.net/upfiles/images/product/KFrBOK6qZo56tQ0GNL907LS4OOj8.jpg?q=90&f=webp&w=1024,,,220000.0,213000,VAT 포함,에르네의원,서울시 서초구 서초대로 77길 59 에르네의원주소복사,여의사 진료 영어 응대 중국어 응대 일본어 응대,"튠페이스 #콜라겐조직재건 멀티 고주파 에너지를 피부에 자극함으로써 손상된 콜라겐 조직 재건에 도움 #다양한피부층개선 피부 표피, 진피, 근막층에 선택적으로 에너지 전달 가능 #통증DOWN 아이스 컨택 쿨링을 통해 피부 표면을 차갑게 유지하여 통증 거의 없이 시술 가능 권장주기 6개월 / 1회 이상 시술",VAT 포함,자연스러운 리프팅을 원하는 분 / 늘어진 턱선이 고민인 분 / 리프팅 시술이 하고싶지만 통증이 두려운 분 / 비수술적인 리프팅 시술을 원하는 분,"시술 특장점 다양한 피부층 개선 피부 표피, 진피, 근막층을 선택적으로 개선할 수 있습니다. 쿨링효과로 적은 통증 아이스 컨택 쿨링을 통해 피부 표면을 차갑게 유지하여 통증 거의 없는 편입니다.",시술 후 관리는 어떻게 하나요? 해당 부위가 과한 열감이나 냉감에 노출되는 것을 피해주시고 수분크림을 자주 발라주세요. 시술 시 통증은 없나요? 마취 없이도 시술이 가능하며 통증은 약한 편에 속하지만 개인마다 느끼는 통증은 다를 수 있습니다.,튠페이스 시술시간 30~60분 마취여부 마취타입 선택 회복시간 약 3일 시술효과 2~4주 후,"주의사항 1 시술 후, 일주일간은 음주 및 흡연을 자제해주세요. 2 시술 후, 3~4일간 과격하고 무리한 운동은 자제해주세요. 3 시술 후, 시술 부위를 강하게 마사지하거나 누르지 말아주세요.",,수요일 10:00 ~ 21:00 / 목요일 10:00 ~ 21:00 / 금요일 10:00 ~ 21:00 / 토요일 10:00 ~ 17:00 / 일요일 10:00 ~ 17:00 / 월요일 10:00 ~ 21:00,0508-0354-2964
https://www.yeoshin.co.kr/event/mobile/24430,,,,튠페이스,"#피부과 전문의
#타이트닝
#리프팅레이저",https://d3gurpvil0se70.cloudfront.net/upfiles/images/product/CD4cyJUYeUZUkvseBy8MevOx40CA.png?q=90&f=webp&w=1024,,,590000.0,583000,VAT 포함,휴먼피부과의원(평택점),크림마취,전문의 5명 여의사 진료 사후관리 영어 응대,"튠페이스 #콜라겐조직재건 멀티 고주파 에너지를 피부에 자극함으로써 손상된 콜라겐 조직 재건에 도움 #다양한피부층개선 피부 표피, 진피, 근막층에 선택적으로 에너지 전달 가능 #통증DOWN 아이스 컨택 쿨링을 통해 피부 표면을 차갑게 유지하여 통증 거의 없이 시술 가능 권장주기 6개월 / 1회 이상 시술",VAT 포함,자연스러운 리프팅을 원하는 분 / 늘어진 턱선이 고민인 분 / 리프팅 시술이 하고싶지만 통증이 두려운 분 / 비수술적인 리프팅 시술을 원하는 분,"시술 특장점 다양한 피부층 개선 피부 표피, 진피, 근막층을 선택적으로 개선할 수 있습니다. 쿨링효과로 적은 통증 아이스 컨택 쿨링을 통해 피부 표면을 차갑게 유지하여 통증 거의 없는 편입니다.",시술 후 관리는 어떻게 하나요? 해당 부위가 과한 열감이나 냉감에 노출되는 것을 피해주시고 수분크림을 자주 발라주세요. 시술 시 통증은 없나요? 마취 없이도 시술이 가능하며 통증은 약한 편에 속하지만 개인마다 느끼는 통증은 다를 수 있습니다.,튠페이스 시술시간 30~60분 마취여부 크림마취 회복시간 약 3일 시술효과 2~4주 후,"주의사항 1 시술 후, 일주일간은 음주 및 흡연을 자제해주세요. 2 시술 후, 3~4일간 과격하고 무리한 운동은 자제해주세요. 3 시술 후, 시술 부위를 강하게 마사지하거나 누르지 말아주세요.",크림마취 수면마취,수요일 10:00 ~ 21:00 (점심 13:00 ~ 14:30) / 목요일 10:00 ~ 21:00 (점심 13:00 ~ 14:30) / 금요일 10:00 ~ 21:00 (점심 13:00 ~ 14:30) / 토요일 10:00 ~ 17:00 / 일요일 휴진 / 월요일 10:00 ~ 21:00 (점심 13:00 ~ 14:30) / 평일) 접수마감 8시 30분 / 토요일) 점수마감 4시,0508-0353-0418
https://www.yeoshin.co.kr/event/mobile/5715,,,,명동루비_튠아이,"#타이트닝
#리프팅레이저",https://d3gurpvil0se70.cloudfront.net/upfiles/images/product/LpSEezcQv1bPQes9IWRCunOSlrg3.jpg?q=90&f=webp&w=1024,9.0,73.0,190000.0,183000,VAT 포함,루비의원(명동점),,,,VAT 포함,,,,튠페이스 시술시간 30분 마취여부 냉각마취 회복시간 3일 시술효과 2~4주 후,,,수요일 10:30 ~ 20:30 (점심 13:30 ~ 15:00) / 목요일 10:30 ~ 20:30 (점심 13:30 ~ 15:00) / 금요일 10:30 ~ 20:30 (점심 13:30 ~ 15:00) / 토요일 10:00 ~ 16:00 / 일요일 12:00 ~ 17:00 / 월요일 10:30 ~ 20:30 (점심 13:30 ~ 15:00),0508-0353-8508
https://www.yeoshin.co.kr/event/mobile/22358,,,,[플래티넘] 튠페이스 리프팅 이벤트,"#타이트닝
#리프팅레이저",https://d3gurpvil0se70.cloudfront.net/upfiles/images/product/vvrr7n8j5FWSlPlb7oAiRiRPqJh1.jpg?q=90&f=webp&w=1024,9.3,32.0,120000.0,113000,VAT 포함,플래티넘의원,"서울특별시 서초구 강남대로 589 (잠원동) 5층 (잠원동, 멀버리힐스 메디컬타워)주소복사",,,VAT 포함,,,,튠페이스 시술시간 30분 마취여부 마취없음 회복시간 약 3일 시술효과 2~4주 후,,크림마취 비수면 무통마취,"수요일 10:00 ~ 19:00 (점심 13:00 ~ 14:00) / 목요일 10:00 ~ 19:00 (점심 13:00 ~ 14:00) / 금요일 10:00 ~ 19:00 (점심 13:00 ~ 14:00) / 토요일 10:00 ~ 16:00 (점심 13:00 ~ 14:00) / 일요일 휴진 / 월요일 10:00 ~ 19:00 (점심 13:00 ~ 14:00) / 매주 수요일, 일요일 휴진입니다.",0508-0353-4211
https://www.yeoshin.co.kr/event/mobile/6950,,,,피부과전문의_팔자+튠페이스+실+필러,"#피부과 전문의
#실리프팅
#탄력관리",https://d3gurpvil0se70.cloudfront.net/upfiles/images/product/ucCXsZnVmDcmsJwEMPdQ4YhJhU1.jpg?q=90&f=webp&w=1024,10.0,1.0,275000.0,268000,VAT 포함,페이브피부과의원(용산),"서울특별시 용산구 한강대로 69 (한강로2가, 용산푸르지오써밋) 페이브피부과의원주소복사",전문의 1명 여의사 진료 수술실 CCTV 사후관리 영어 응대 중국어 응대 일본어 응대,실리프팅 #녹는실 #라인개선 녹는실을 얼굴 부위에 삽입하여 잔주름과 얼굴 라인 개선을 동시에! #즉각적 #리프팅 비수술적인 방법으로 즉각적이고 높은 리프팅 효과 권장주기 6개월 / 1회 시술,VAT 포함,탄력이 떨어져 처진 얼굴살을 정리하고 싶은 분 / 시술 결과가 비교적 오래 유지되길 원하는 분 / 잔주름 깊은 주름으로 고민하시는 분,시술 특장점 녹는실로 얼굴 라인 개선 비수술적인 방법으로 즉각적인 리프팅 효과 튠페이스로 피부 탄력 증진 팔자주름 집중,시술 후 메이크업이 가능한가요? 시술 후 간단한 메이크업은 가능합니다. 시술 시 통증은 어느 정도인가요? 따끔한 정도의 통증은 발생하며 시술부위 및 예민한 정도에 따라 다르게 느껴질 수 있습니다.,실리프팅 시술시간 40분 마취여부 국소마취 회복시간 7일 시술효과 2~3주 후,"주의사항 1 염증이 생길 수 있으니 음주,흡연은 2주간 금해주세요. 2 시술 부위를 강하게 마사지하거나 누르지 말아주세요 3 일주일동안 고온다습한 사우나, 찜질방 등은 피해주세요.",,수요일 휴진 / 목요일 10:00 ~ 20:00 (점심 13:00 ~ 14:00) / 금요일 10:00 ~ 20:00 (점심 13:00 ~ 14:00) / 토요일 09:30 ~ 15:00 / 일요일 휴진 / 월요일 10:00 ~ 20:00 (점심 13:00 ~ 14:00) / (공휴일이 있는 주는 수요일 정상진료),0508-0353-1618
https://www.yeoshin.co.kr/event/mobile/13125,,,,튠페이스블루+레드40KJ,"#타이트닝
#리프팅레이저",https://d3gurpvil0se70.cloudfront.net/upfiles/images/product/CTT4TqNkalIw7lrKGnwuNGiqwI45.jpg?q=90&f=webp&w=1024,9.0,6.0,490000.0,483000,VAT 포함,닥터고운선의원,크림마취,수술실 CCTV 응급처치 시스템 전담회복실 사후관리 중국어 응대,"튠페이스 #콜라겐조직재건 멀티 고주파 에너지를 피부에 자극함으로써 손상된 콜라겐 조직 재건에 도움 #다양한피부층개선 피부 표피, 진피, 근막층에 선택적으로 에너지 전달 가능 #통증DOWN 아이스 컨택 쿨링을 통해 피부 표면을 차갑게 유지하여 통증 거의 없이 시술 가능 권장주기 6개월 / 1회 이상 시술",VAT 포함,자연스러운 리프팅을 원하는 분 / 늘어진 모공과 피부결을 개선하고 싶은 분 / 늘어진 턱선이 고민인 분 / 리프팅 시술이 하고싶지만 통증이 두려운 분,,,튠페이스 시술시간 30~60분 마취여부 크림마취 회복시간 약 3일 시술효과 2~4주 후,,크림마취 수면마취 국소마취,수요일 휴진 / 목요일 10:00 ~ 19:00 (점심 13:00 ~ 14:00) / 금요일 10:00 ~ 21:00 (점심 13:00 ~ 14:00) / 토요일 10:00 ~ 17:00 (점심 13:00 ~ 14:00) / 일요일 휴진 / 월요일 10:00 ~ 19:00 (점심 13:00 ~ 14:00),0508-0353-3733
https://www.yeoshin.co.kr/event/mobile/15406,,,,탄력/리프팅/이중턱/심부볼 튠페이스,"#타이트닝
#리프팅레이저",https://d3gurpvil0se70.cloudfront.net/upfiles/images/product/dGWBpozXGxqyvVks54GF3jwNrWj5.jpg?q=90&f=webp&w=1024,,,490000.0,483000,VAT 포함,르네상스의원(부산),,,튠페이스 탄력/리프팅/이중턱/심부볼 더 강하고 덜 아프게 더 편안하게 튠라이너 지방분해/타이트님 리프팅/턱라인/ 이중턱 튠유니라지 리프팅/타이트닝,VAT 포함,자연스러운 리프팅을 원하는 분 / 늘어진 모공과 피부결을 개선하고 싶은 분 / 늘어진 턱선이 고민인 분 / 리프팅 시술이 하고싶지만 통증이 두려운 분,,,튠페이스 시술시간 30~60분 마취여부 크림마취 회복시간 3일 시술효과 2~4주 후,,,수요일 13:00 ~ 23:00 / 목요일 13:00 ~ 23:00 / 금요일 13:00 ~ 23:00 / 토요일 10:00 ~ 20:00 / 일요일 휴진 / 월요일 13:00 ~ 23:00,0508-0354-2029
https://www.yeoshin.co.kr/event/mobile/7290,,,,튠페이스&컷주사 튠앤컷,"#타이트닝
#리프팅레이저",https://d3gurpvil0se70.cloudfront.net/upfiles/images/product/BklNwT1JL2hvGJXBrPToT22ovgy2.jpg?q=90&f=webp&w=1024,10.0,6.0,825000.0,818000,VAT 포함,유라인의원,서울특별시 강남구 선릉로160길 7 유라인의원주소복사,전문의 1명,,VAT 포함,,,,튠페이스 시술시간 30~60분 마취여부 마취없음 회복시간 3일 시술효과 2~4주 후,,,수요일 휴진 / 목요일 10:00 ~ 20:00 / 금요일 10:00 ~ 20:00 / 토요일 10:00 ~ 16:00 / 일요일 휴진 / 월요일 10:00 ~ 20:00,0508-0353-4222
https://www.yeoshin.co.kr/event/mobile/21394,,,,튠페이스 리프팅,"#타이트닝
#리프팅레이저",https://d3gurpvil0se70.cloudfront.net/upfiles/images/product/TnYOzVBcB6vFGt5YkFsxsWw4cYy5.jpg?q=90&f=webp&w=1024,10.0,2.0,308000.0,301000,VAT 포함,우아성형외과의원,크림마취,전문의 7명 여의사 진료 마취과의 진료 수술실 CCTV 응급처치 시스템 분야별 협진 기본 입원실 전담회복실 사후관리 영어 응대 중국어 응대 일본어 응대,,VAT 포함,,,,튠페이스 시술시간 30~60분 마취여부 크림마취 회복시간 약 3일 시술효과 2~4주 후,,크림마취 수면마취 전신마취 국소마취,수요일 10:00 ~ 19:00 / 목요일 10:00 ~ 19:00 / 금요일 10:00 ~ 20:30 / 토요일 10:00 ~ 17:00 / 일요일 휴진 / 월요일 10:00 ~ 20:30,0508-0353-5445
https://www.yeoshin.co.kr/event/mobile/26160,,,,(원장상담후 시술)튠페이스 40KJ,"#타이트닝
#리프팅레이저",https://d3gurpvil0se70.cloudfront.net/upfiles/images/product/pDYUw4Amnj1J4atXskNeGGzIpADA.jpg?q=90&f=webp&w=1024,,,539000.0,532000,VAT 포함,오운의원(삼성점),,,"튠페이스 #콜라겐조직재건 멀티 고주파 에너지를 피부에 자극함으로써 손상된 콜라겐 조직 재건에 도움 #다양한피부층개선 피부 표피, 진피, 근막층에 선택적으로 에너지 전달 가능 #통증DOWN 아이스 컨택 쿨링을 통해 피부 표면을 차갑게 유지하여 통증 거의 없이 시술 가능 권장주기 6개월 / 1회 이상 시술",VAT 포함,자연스러운 리프팅을 원하는 분 / 늘어진 턱선이 고민인 분 / 리프팅 시술이 하고싶지만 통증이 두려운 분 / 비수술적인 리프팅 시술을 원하는 분,,,튠페이스 시술시간 30~60분 마취여부 크림마취 회복시간 약 3일 시술효과 2~4주 후,,,수요일 10:30 ~ 20:30 / 목요일 10:30 ~ 20:30 / 금요일 10:30 ~ 20:30 / 토요일 10:30 ~ 16:30 / 일요일 10:30 ~ 16:30 / 월요일 10:30 ~ 20:30 / 접수마감 (평일 19:30/ 주말 15:30),050803531550
https://www.yeoshin.co.kr/event/mobile/17186,,,,여자대표원장 시술 꼼꼼 튠페이스,"#타이트닝
#리프팅레이저",https://d3gurpvil0se70.cloudfront.net/upfiles/images/product/aWGRRxmJrrPTKtWtxGiOEvJ4IeI9.png?q=90&f=webp&w=1024,9.3,4.0,550000.0,543000,VAT 포함,아라의원,,,"튠페이스 #콜라겐조직재건 멀티 고주파 에너지를 피부에 자극함으로써 손상된 콜라겐 조직 재건에 도움 #다양한피부층개선 피부 표피, 진피, 근막층에 선택적으로 에너지 전달 가능 #통증DOWN 아이스 컨택 쿨링을 통해 피부 표면을 차갑게 유지하여 통증 거의 없이 시술 가능 권장주기 6개월 / 1회 이상 시술",VAT 포함,자연스러운 리프팅을 원하는 분 / 늘어진 모공과 피부결을 개선하고 싶은 분 / 늘어진 턱선이 고민인 분 / 리프팅 시술이 하고싶지만 통증이 두려운 분,"시술 특장점 다양한 피부층 개선 피부 표피, 진피, 근막층을 선택적으로 개선할 수 있습니다. 쿨링효과로 적은 통증 아이스 컨택 쿨링을 통해 피부 표면을 차갑게 유지하여 통증 거의 없는 편입니다.","시술 후 관리는 어떻게 하나요? 해당 부위가 과한 열감이나 냉감에 노출되는 것을 피해주시고 수분크림을 자주 발라주세요. 시술 시 통증은 없나요? 마취 없이도 시술이 가능하며 통증은 약한 편에 속하지만 개인마다 느끼는 통증은 다를 수 있습니다. 시술 시 부작용이 있나요? 부작용은 거의 없는 편이지만, 개인에 따라서 시술 후 미세한 부기나 열감 등이 있을 수 있습니다. 핸드피스 블루와 레드의 차이는 무엇인가요? 블루는 처진 턱라인, 심술보를 리프팅해주는 효과이며, 레드는 꺼진 눈 밑, 팔자, 볼 등 꺼진 부위를 차오르게 해주는 효과가 있습니다.",튠페이스 시술시간 30~60분 마취여부 크림마취 회복시간 3일 시술효과 2~4주 후,"주의사항 1 시술 후, 일주일간은 음주 및 흡연을 자제해주세요. 2 시술 후, 3~4일간 과격하고 무리한 운동은 자제해주세요. 3 시술 후, 시술 부위를 강하게 마사지하거나 누르지 말아주세요. 4 시술 후 일주일동안 필링 시술이나 스크럽제 사용은 피하는 것이 좋습니다. 5 시술 후 세안 및 메이크업 가능하며, 저자극 클렌저를 사용합니다. 6 시술 후 수분 보습제 및 외출시 자외선 차단제를 꼼꼼히 발라주세요. 7 시술 직후 진공흡입으로 인한 붉은기는 1~2주 내 정상화됩니다. 8 시술 후의 열감이나 부기는 약 3~4일 후에 서서히 사라집니다.",,수요일 10:00 ~ 21:00 / 목요일 10:00 ~ 19:00 / 금요일 10:00 ~ 21:00 / 토요일 10:00 ~ 15:00 / 일요일 휴진 / 월요일 10:00 ~ 19:00,0508-0354-1561
https://www.yeoshin.co.kr/event/mobile/5726,,,,튠3 모아 끌어 올려,"#타이트닝
#리프팅레이저",https://d3gurpvil0se70.cloudfront.net/upfiles/images/product/1638432464.jpg?q=90&f=webp&w=1024,,,979000.0,972000,VAT 포함,센텀릴리의원,부산광역시 해운대구 센텀2로 15 센텀릴리의원주소복사,전문의 1명,"튠페이스 튠페이스는 이스라엘 Alma사의 멀티 고주파를 활용한 페이스 리프팅 시술로 피부 속 콜라겐을 재생시킬 수 있는 40.68MHz의 이상적인 고주파 에너지를 피부에 자극함으로써 손상된 콜라겐 조직을 재건하는데 도움을 주는 시술입니다. 탄력 있는 피부를 생기있게 만들어주고, 매끈하고 갸름한 얼굴형으로 만들어주는 효과를 기대할 수 있습니다. 권장주기 6개월 / 1회 시술",VAT 포함,늘어진 턱선이 고민인 분 / 효과가 빠른 시술을 원하는 분 / 늘어진 모공과 피부결을 개선하고 싶은 분,,,튠페이스 시술시간 60분 마취여부 냉각마취 회복시간 3일 시술효과 2~4주 후,,,수요일 11:00 ~ 20:00 (점심 13:00 ~ 14:00) / 목요일 11:00 ~ 20:00 (점심 13:00 ~ 14:00) / 금요일 11:00 ~ 20:00 (점심 13:00 ~ 14:00) / 토요일 11:00 ~ 16:00 / 일요일 휴진 / 월요일 11:00 ~ 20:00 (점심 13:00 ~ 14:00),0508-0354-2054
https://www.yeoshin.co.kr/event/mobile/20669,,,,[NIKS] 튠페이스 리프팅,"#타이트닝
#리프팅레이저",https://d3gurpvil0se70.cloudfront.net/upfiles/images/product/F8Fvpd4eeLAGE8okFmmYCdD6g4H4.jpg?q=90&f=webp&w=1024,,,880000.0,873000,VAT 포함,닉스의원(천안점),충청남도 천안시 서북구 불당21로 67-8 (불당동) 정석프라자4차 3층 (닉스의원)주소복사,,"튠페이스 #콜라겐조직재건 멀티 고주파 에너지를 피부에 자극함으로써 손상된 콜라겐 조직 재건에 도움 #다양한피부층개선 피부 표피, 진피, 근막층에 선택적으로 에너지 전달 가능 #통증DOWN 아이스 컨택 쿨링을 통해 피부 표면을 차갑게 유지하여 통증 거의 없이 시술 가능 권장주기 6개월 / 1회 이상 시술",VAT 포함,자연스러운 리프팅을 원하는 분 / 늘어진 턱선이 고민인 분 / 리프팅 시술이 하고싶지만 통증이 두려운 분 / 비수술적인 리프팅 시술을 원하는 분,"시술 특장점 다양한 피부층 개선 피부 표피, 진피, 근막층을 선택적으로 개선할 수 있습니다. 쿨링효과로 적은 통증 아이스 컨택 쿨링을 통해 피부 표면을 차갑게 유지하여 통증 거의 없는 편입니다.",시술 후 관리는 어떻게 하나요? 해당 부위가 과한 열감이나 냉감에 노출되는 것을 피해주시고 수분크림을 자주 발라주세요. 시술 시 통증은 없나요? 마취 없이도 시술이 가능하며 통증은 약한 편에 속하지만 개인마다 느끼는 통증은 다를 수 있습니다.,튠페이스 시술시간 30~60분 마취여부 크림마취 회복시간 약 3일 시술효과 2~4주 후,"주의사항 1 시술 후, 일주일간은 음주 및 흡연을 자제해주세요. 2 시술 후, 3~4일간 과격하고 무리한 운동은 자제해주세요. 3 시술 후, 시술 부위를 강하게 마사지하거나 누르지 말아주세요. 4 시술 후 일주일동안 필링 시술이나 스크럽제 사용은 피하는 것이 좋습니다. 5 시술 후 세안 및 메이크업 가능하며, 저자극 클렌저를 사용합니다. 6 시술 후 수분 보습제 및 외출시 자외선 차단제를 꼼꼼히 발라주세요.",크림마취 수면마취 비수면 무통마취 국소마취,수요일 10:00 ~ 20:00 (점심 14:00 ~ 15:00) / 목요일 10:00 ~ 20:00 (점심 14:00 ~ 15:00) / 금요일 10:00 ~ 20:00 (점심 14:00 ~ 15:00) / 토요일 10:00 ~ 16:00 / 일요일 휴진 / 월요일 10:00 ~ 20:00 (점심 14:00 ~ 15:00) / [일요일/공휴일 휴진],0508-0354-2993
https://www.yeoshin.co.kr/event/mobile/18053,,,,튠페이스,"#피부과 전문의
#타이트닝
#리프팅레이저",https://d3gurpvil0se70.cloudfront.net/upfiles/images/product/gows3XPY3Bve1QWCQAaScG35h4q5.jpg?q=90&f=webp&w=1024,,,1980000.0,1973000,VAT 포함,휴먼피부과의원(청라점),크림마취,전문의 4명 여의사 진료,"튠페이스 #콜라겐조직재건 멀티 고주파 에너지를 피부에 자극함으로써 손상된 콜라겐 조직 재건에 도움 #다양한피부층개선 피부 표피, 진피, 근막층에 선택적으로 에너지 전달 가능 #통증DOWN 아이스 컨택 쿨링을 통해 피부 표면을 차갑게 유지하여 통증 거의 없이 시술 가능",VAT 포함,자연스러운 리프팅을 원하는 분 / 늘어진 모공과 피부결을 개선하고 싶은 분 / 늘어진 턱선이 고민인 분 / 리프팅 시술이 하고싶지만 통증이 두려운 분,"시술 특장점 다양한 피부층 개선 피부 표피, 진피, 근막층을 선택적으로 개선할 수 있습니다. 쿨링효과로 적은 통증 아이스 컨택 쿨링을 통해 피부 표면을 차갑게 유지하여 통증 거의 없는 편입니다.","시술 후 관리는 어떻게 하나요? 해당 부위가 과한 열감이나 냉감에 노출되는 것을 피해주시고 수분크림을 자주 발라주세요. 시술 시 통증은 없나요? 마취 없이도 시술이 가능하며 통증은 약한 편에 속하지만 개인마다 느끼는 통증은 다를 수 있습니다. 시술 시 부작용이 있나요? 부작용은 거의 없는 편이지만, 개인에 따라서 시술 후 미세한 부기나 열감 등이 있을 수 있습니다. 핸드피스 블루와 레드의 차이는 무엇인가요? 블루는 처진 턱라인, 심술보를 리프팅해주는 효과이며, 레드는 꺼진 눈 밑, 팔자, 볼 등 꺼진 부위를 차오르게 해주는 효과가 있습니다.",튠페이스 시술시간 30~60분 마취여부 크림마취 회복시간 약 3일 시술효과 2~4주 후,"주의사항 1 시술 후, 일주일간은 음주 및 흡연을 자제해주세요. 2 시술 후, 3~4일간 과격하고 무리한 운동은 자제해주세요. 3 시술 후, 시술 부위를 강하게 마사지하거나 누르지 말아주세요. 4 시술 후 일주일동안 필링 시술이나 스크럽제 사용은 피하는 것이 좋습니다. 5 시술 후 세안 및 메이크업 가능하며, 저자극 클렌저를 사용합니다. 6 시술 후 수분 보습제 및 외출시 자외선 차단제를 꼼꼼히 발라주세요. 7 시술 직후 진공흡입으로 인한 붉은기는 1~2주 내 정상화됩니다. 8 시술 후의 열감이나 부기는 약 3~4일 후에 서서히 사라집니다. 9 시술 후 해당 부위가 심하게 부어오를 경우 반드시 내원해주세요. 10 비타민C 등 항산화제 섭취를 권장합니다.",크림마취 수면마취 비수면 무통마취,수요일 10:00 ~ 20:30 (점심 12:00 ~ 14:00) / 목요일 10:00 ~ 19:00 (점심 12:00 ~ 14:00) / 금요일 10:00 ~ 20:30 (점심 12:00 ~ 14:00) / 토요일 10:00 ~ 16:00 / 일요일 휴진 / 월요일 10:00 ~ 20:30 (점심 12:00 ~ 14:00) / 진료마감 : 월수금 19:30 / 화목 18:00 / 토 15:00,0508-0354-1088
https://www.yeoshin.co.kr/event/mobile/17187,,,,여자대표원장 시술 꼼꼼 튠아이즈,"#타이트닝
#리프팅레이저",https://d3gurpvil0se70.cloudfront.net/upfiles/images/product/X1NchEvdGc3C95z7zcpAYsKziZ7.png?q=90&f=webp&w=1024,9.7,3.0,253000.0,246000,VAT 포함,아라의원,,,"튠페이스 #눈가주름 #눈가리프팅 멀티 고주파 에너지를 피부에 자극함으로써 손상된 콜라겐 조직 재건에 도움 #쌍커플라인 #리프팅 피부 표피, 진피, 근막층에 선택적으로 에너지 전달 및 리프팅 #통증DOWN 아이스 컨택 쿨링을 통해 피부 표면을 차갑게 유지하여 통증 거의 없이 시술 가능",VAT 포함,건조하고 탄력이 떨어진 피부가 고민인 분 / 리프팅 시술이 하고싶지만 통증이 두려운 분 / 탄탄한 피부와 갸름한 얼굴라인을 원하는 분 / 잔주름과 모공 개선 효과를 원하는 분,시술 특장점 피부 손상 적은 시술 주변 피부나 신경조직을 건드리지 않아 피부 손상이 거의 없이 시술 가능합니다. 얼굴지방 개선 효과 입체 초음파가 지방세포를 선택적으로 파괴해 심부볼과 이중턱을 개선합니다. 즉각적 수축과 긴 유지력 이중턱 부위의 지방세포 수를 줄여 주기 때문에 요요현상 발생 가능성이 낮습니다.,시술 후 관리는 어떻게 하나요? 해당 부위가 과한 열감이나 냉감에 노출되는 것을 피해주시고 수분크림을 자주 발라주세요. 시술 시 통증은 없나요? 마취없이도 시술이 가능할 정도로 통증은 약한 편에 속하지만 개인마다 느끼는 통증은 다를 수 있습니다.,튠페이스 시술시간 20~30분 마취여부 크림마취 회복시간 3일 시술효과 2~4주 후,주의사항 1 시술 후 일주일간은 음주 및 흡연을 자제해주세요. 2 3~4일간 과격하고 무리한 운동은 자제해주세요. 3 시술 부위를 강하게 마사지하거나 누르지 말아주세요.,,수요일 10:00 ~ 21:00 / 목요일 10:00 ~ 19:00 / 금요일 10:00 ~ 21:00 / 토요일 10:00 ~ 15:00 / 일요일 휴진 / 월요일 10:00 ~ 19:00,0508-0354-1561
https://www.yeoshin.co.kr/event/mobile/20602,,,,[NIKS] 튠페이스 60kJ,"#타이트닝
#리프팅레이저",https://d3gurpvil0se70.cloudfront.net/upfiles/images/product/RdbrlmpWvu7CppwZpyopINq1Ibj8.png?q=90&f=webp&w=1024,,,880000.0,873000,VAT 포함,닉스의원(대전점),대전광역시 서구 대덕대로 194 (둔산동) 2층 (닉스의원)주소복사,,"튠페이스 #콜라겐조직재건 멀티 고주파 에너지를 피부에 자극함으로써 손상된 콜라겐 조직 재건에 도움 #다양한피부층개선 피부 표피, 진피, 근막층에 선택적으로 에너지 전달 가능 #통증DOWN 아이스 컨택 쿨링을 통해 피부 표면을 차갑게 유지하여 통증 거의 없이 시술 가능 권장주기 6개월 / 1회 이상 시술",VAT 포함,자연스러운 리프팅을 원하는 분 / 늘어진 턱선이 고민인 분 / 리프팅 시술이 하고싶지만 통증이 두려운 분 / 비수술적인 리프팅 시술을 원하는 분,"시술 특장점 다양한 피부층 개선 피부 표피, 진피, 근막층을 선택적으로 개선할 수 있습니다. 쿨링효과로 적은 통증 아이스 컨택 쿨링을 통해 피부 표면을 차갑게 유지하여 통증 거의 없는 편입니다.",시술 후 관리는 어떻게 하나요? 해당 부위가 과한 열감이나 냉감에 노출되는 것을 피해주시고 수분크림을 자주 발라주세요. 시술 시 통증은 없나요? 마취 없이도 시술이 가능하며 통증은 약한 편에 속하지만 개인마다 느끼는 통증은 다를 수 있습니다.,튠페이스 시술시간 30~60분 마취여부 크림마취 회복시간 약 3일 시술효과 2~4주 후,"주의사항 1 시술 후, 일주일간은 음주 및 흡연을 자제해주세요. 2 시술 후, 3~4일간 과격하고 무리한 운동은 자제해주세요. 3 시술 후, 시술 부위를 강하게 마사지하거나 누르지 말아주세요. 4 시술 후 일주일동안 필링 시술이나 스크럽제 사용은 피하는 것이 좋습니다. 5 시술 후 세안 및 메이크업 가능하며, 저자극 클렌저를 사용합니다. 6 시술 후 수분 보습제 및 외출시 자외선 차단제를 꼼꼼히 발라주세요.",크림마취 수면마취 국소마취,"수요일 10:00 ~ 20:00 (점심 14:00 ~ 15:00) / 목요일 10:00 ~ 20:00 (점심 14:00 ~ 15:00) / 금요일 10:00 ~ 20:00 (점심 14:00 ~ 15:00) / 토요일 10:00 ~ 16:00 / 일요일 휴진 / 월요일 10:00 ~ 20:00 (점심 14:00 ~ 15:00) / [일요일, 공휴일 휴진]",0508-0354-2955
https://www.yeoshin.co.kr/event/mobile/5783,,,,튠페이스 리프팅,"#타이트닝
#리프팅레이저",https://d3gurpvil0se70.cloudfront.net/upfiles/images/product/4085016301.jpg?q=90&f=webp&w=1024,,,825000.0,818000,VAT 포함,파크뷰의원(운정점),,,"튠페이스 튠페이스는 이스라엘 Alma사의 멀티 고주파를 활용한 페이스 리프팅 시술로 피부 속 콜라겐을 재생시킬 수 있는 40.68MHz의 이상적인 고주파 에너지를 피부에 자극함으로써 손상된 콜라겐 조직을 재건하는데 도움을 주는 시술입니다. 탄력 있는 피부를 생기있게 만들어주고, 매끈하고 갸름한 얼굴형으로 만들어주는 효과를 기대할 수 있습니다. 권장주기 6개월 / 1회 시술",VAT 포함,효과가 빠른 시술을 원하는 분 / 늘어진 턱선이 고민인 분 / 늘어진 모공과 피부결을 개선하고 싶은 분,,,튠페이스 시술시간 30~60분 마취여부 마취없음 회복시간 3~4일 시술효과 2~4주 후,,,수요일 10:00 ~ 19:30 (점심 13:00 ~ 14:00) / 목요일 10:00 ~ 19:30 (점심 13:00 ~ 14:00) / 금요일 10:00 ~ 20:30 (점심 13:00 ~ 14:00) / 토요일 09:30 ~ 15:00 / 일요일 휴진 / 월요일 10:00 ~ 19:30 (점심 13:00 ~ 14:00),0508-0354-0762
https://www.yeoshin.co.kr/event/mobile/15956,,,,튠페이스,"#타이트닝
#리프팅레이저",https://d3gurpvil0se70.cloudfront.net/upfiles/images/product/TjZAkqwMw7AM0d7QIttL4bazoK45.jpg?q=90&f=webp&w=1024,,,110000.0,103000,VAT 포함,제이린의원(서면점),,,"튠페이스 #콜라겐조직재건 멀티 고주파 에너지를 피부에 자극함으로써 손상된 콜라겐 조직 재건에 도움 #다양한피부층개선 피부 표피, 진피, 근막층에 선택적으로 에너지 전달 가능 #통증DOWN 아이스 컨택 쿨링을 통해 피부 표면을 차갑게 유지하여 통증 거의 없이 시술 가능 권장주기 1개월 / 3회 이상 시술",VAT 포함,자연스러운 리프팅을 원하는 분 / 늘어진 모공과 피부결을 개선하고 싶은 분 / 늘어진 턱선이 고민인 분 / 리프팅 시술이 하고싶지만 통증이 두려운 분,"시술 특장점 다양한 피부층 개선 피부 표피, 진피, 근막층을 선택적으로 개선할 수 있습니다. 쿨링효과로 적은 통증 아이스 컨택 쿨링을 통해 피부 표면을 차갑게 유지하여 통증 거의 없는 편입니다.",시술 시 통증은 없나요? 마취 없이도 시술이 가능하며 통증은 약한 편에 속하지만 개인마다 느끼는 통증은 다를 수 있습니다. 시술 후 관리는 어떻게 하나요? 해당 부위가 과한 열감이나 냉감에 노출되는 것을 피해주시고 수분크림을 자주 발라주세요.,튠페이스 시술시간 40분 마취여부 크림마취 회복시간 당일 시술효과 3~4주 후,"주의사항 1 시술 후, 일주일간은 음주 및 흡연을 자제해주세요. 2 시술 후, 3~4일간 과격하고 무리한 운동은 자제해주세요. 3 시술 후, 시술 부위를 강하게 마사지하거나 누르지 말아주세요. 4 시술 후 일주일동안 필링 시술이나 스크럽제 사용은 피하는 것이 좋습니다.",,수요일 10:30 ~ 19:00 (점심 13:00 ~ 14:30) / 목요일 10:30 ~ 19:00 (점심 13:00 ~ 14:30) / 금요일 10:30 ~ 20:00 (점심 13:00 ~ 14:30) / 토요일 10:30 ~ 14:30 / 일요일 휴진 / 월요일 10:30 ~ 20:00 (점심 13:00 ~ 14:30),0508-0354-2276
https://www.yeoshin.co.kr/event/mobile/11474,,,,튠아이리프팅,"#타이트닝
#리프팅레이저",https://d3gurpvil0se70.cloudfront.net/upfiles/images/product/3TdxqBAQhukVPVV4LHlEQYxUqIg1.jpeg?q=90&f=webp&w=1024,9.5,2.0,132000.0,125000,VAT 포함,오운의원(구리점),"경기도 구리시 산마루로 5 대방디엠시티 3층, 오운의원(구리점)주소복사",여의사 진료,,VAT 포함,,,,튠페이스 시술시간 30~60분 마취여부 크림마취 회복시간 약 3일 시술효과 2~4주 후,,,수요일 10:00 ~ 20:00 (점심 13:00 ~ 14:00) / 목요일 10:00 ~ 20:00 (점심 13:00 ~ 14:00) / 금요일 10:00 ~ 20:00 (점심 13:00 ~ 14:00) / 토요일 10:00 ~ 16:00 / 일요일 휴진 / 월요일 10:00 ~ 20:00 (점심 13:00 ~ 14:00),0508-0353-9945
https://www.yeoshin.co.kr/event/mobile/16576,,,,튠페이스,"#타이트닝
#리프팅레이저",https://d3gurpvil0se70.cloudfront.net/upfiles/images/product/fTtiDqb8uLkNgjBw15z5mKfRG935.jpg?q=90&f=webp&w=1024,9.8,343.0,,392000,,메이드유의원(강남점),서울시 강남구 강남대로 516 메이드유의원(강남점)주소복사,전문의 1명,,,,,,튠페이스 시술시간 30~60분 마취여부 크림마취 회복시간 3일 시술효과 2~4주 후,,,수요일 10:00 ~ 19:00 (점심 14:00 ~ 15:00) / 목요일 10:00 ~ 20:00 (점심 14:00 ~ 15:00) / 금요일 10:00 ~ 19:00 (점심 14:00 ~ 15:00) / 토요일 10:00 ~ 16:00 / 일요일 휴진 / 월요일 10:00 ~ 19:00 (점심 14:00 ~ 15:00),0508-0353-5966
https://www.yeoshin.co.kr/event/mobile/20419,,,,신사역 아이써마지 225샷 이벤트,"#눈
#타이트닝
#리프팅레이저",https://d3gurpvil0se70.cloudfront.net/upfiles/images/product/XgwrTuITvP4y9ZrT1Lc8lfLqtJa6.png?q=90&f=webp&w=1024,10.0,2.0,869000.0,862000,VAT 포함,신사에그의원,크림마취,여의사 진료 영어 응대 중국어 응대 일본어 응대,아이써마지 #눈가주름개선 콜라겐 섬유의 변성과 수축을 일으켜 콜라겐 재생과 주름개선 효과 #눈가전용팁 #꼼꼼하게 눈가 전용 아이팁을 이용하여 얇고 좁은 눈가 부위의 주름을 효과적으로 개선! #안전성 UP 열이 전달되는 동안에도 쿨링펄스를 통해 피부 표면을 보호하여 안전성UP,VAT 포함,피부가 얇아서 다른 시술이 부담스러운 분 / 리프팅 시술이 하고싶지만 통증이 두려운 분 / 비교적 빠른 리프팅 효과를 원하는 분 / 꼼꼼하고 정교한 눈가 시술을 원하는 분,시술 특장점 눈가 전용 팁 얇고 좁은 부위에도 꼼꼼하게 리프팅이 가능한 전용 팁을 사용합니다. 콜라겐 재생 촉진 피부 속 콜라겐 섬유의 변형 및 수축을 일으켜 콜라겐이 재생되도록 유도합니다. 얼굴주름 개선 피부 탄력 뿐만 아니라 눈가 및 안면 주름 개선에도 효과적입니다.,"써마지와 울쎄라의 차이는 무엇인가요? 써마지는 고주파 에너지를 사용하고, 진피층이 주 타깃입니다. 주된 효과로는 스킨 타이트닝, 잔주름 개선 등입니다. 시술 후 부작용이 있나요? 부기나 각질이 평소보다 많이 발생할 수 있으나 일시적입니다. 잔물집이나 딱지 같은 반응이 생길 수 있지만 보통 1주일 내로 회복됩니다.",아이써마지 시술시간 30분 마취여부 크림마취 회복시간 당일 시술효과 3개월 후,"주의사항 1 가벼운 세안과 샤워는 시술 다음날부터 가능합니다. 2 피부 재생 세럼과 보습 제품을 꼼꼼히 발라주세요. 3 SPF 30 이상의 자외선 차단제를 발라주세요. 4 시술 부위를 강하게 마사지하거나 누르지 말아주세요. 5 3~4일간 과격하고 무리한 운동은 자제해주세요. 6 고온다습한 사우나, 찜질방 등은 일주일간 피해주세요. 7 시술 후 세안시 저자극 클렌저 사용을 권장합니다. 8 일주일간 필링 시술, 스크럽 제품 사용은 삼가주세요.",크림마취 수면마취 국소마취,수요일 11:00 ~ 20:30 (점심 14:00 ~ 15:00) / 목요일 11:00 ~ 20:30 (점심 14:00 ~ 15:00) / 금요일 11:00 ~ 20:30 (점심 14:00 ~ 15:00) / 토요일 11:00 ~ 17:00 / 일요일 11:00 ~ 17:00 / 월요일 11:00 ~ 20:30 (점심 14:00 ~ 15:00),0508-0353-5368
https://www.yeoshin.co.kr/event/mobile/10544,,,,"정품팁,1회사용! 아이써마지 FLX","#타이트닝
#리프팅레이저
#눈가시술",https://d3gurpvil0se70.cloudfront.net/upfiles/images/product/RjgR2ekisxMWOGNuYB7gPDiuprm8.jpg?q=90&f=webp&w=1024,9.4,25.0,1166000.0,1159000,VAT 포함,우아성형외과의원,크림마취,전문의 7명 여의사 진료 마취과의 진료 수술실 CCTV 응급처치 시스템 분야별 협진 기본 입원실 전담회복실 사후관리 영어 응대 중국어 응대 일본어 응대,,VAT 포함,,,,아이써마지 시술시간 30분 마취여부 냉각마취 회복시간 당일 시술효과 3달 후,,크림마취 수면마취 전신마취 국소마취,수요일 10:00 ~ 19:00 / 목요일 10:00 ~ 19:00 / 금요일 10:00 ~ 20:30 / 토요일 10:00 ~ 17:00 / 일요일 휴진 / 월요일 10:00 ~ 20:30,0508-0353-5445
https://www.yeoshin.co.kr/event/mobile/26859,,,,"피부과전문의, 아이써마지FLX 225샷","#피부과 전문의
#타이트닝
#리프팅레이저",https://d3gurpvil0se70.cloudfront.net/upfiles/images/product/ZWWKDbg65KtHB0jpPv3ojgRWSbs7.jpg?q=90&f=webp&w=1024,,,1100000.0,1093000,VAT 포함,청담더오피부과의원,서울특별시 강남구 선릉로 602 (삼성동) 2층주소복사,전문의 1명 사후관리,,VAT 포함,,,,아이써마지 시술시간 60분 마취여부 크림마취 회복시간 당일 시술효과 1~3개월 후,,,수요일 10:00 ~ 19:00 (점심 13:00 ~ 14:00) / 목요일 10:00 ~ 19:00 (점심 13:00 ~ 14:00) / 금요일 10:00 ~ 19:00 (점심 13:00 ~ 14:00) / 토요일 10:00 ~ 17:00 (점심 13:00 ~ 14:00) / 일요일 휴진 / 월요일 10:00 ~ 19:00 (점심 13:00 ~ 14:00),050803531528
https://www.yeoshin.co.kr/event/mobile/19263,,,,"아이써마지 225샷, 99만원","#눈
#타이트닝
#리프팅레이저",https://d3gurpvil0se70.cloudfront.net/upfiles/images/product/GUSURRUVwb6vaKrybs7TAjCYiCV6.jpg?q=90&f=webp&w=1024,10.0,2.0,990000.0,983000,VAT 포함,메이필클리닉,크림마취,전문의 1명 여의사 진료 수술실 CCTV 분야별 협진 전담회복실 중국어 응대 일본어 응대,,VAT 포함,,,,아이써마지 시술시간 30분 마취여부 크림마취 회복시간 당일 시술효과 2주 후,,크림마취 수면마취 국소마취,수요일 10:00 ~ 19:00 / 목요일 10:00 ~ 19:00 / 금요일 10:00 ~ 19:00 / 토요일 10:00 ~ 16:00 / 일요일 휴진 / 월요일 10:00 ~ 19:00,0508-0353-7137
https://www.yeoshin.co.kr/event/mobile/23744,,,,정품 아이써마지 FLX 225샷 특가,"#타이트닝
#리프팅레이저
#눈가시술",https://d3gurpvil0se70.cloudfront.net/upfiles/images/product/2LXnVXEaJSR49GIJonWKHT4rOnI9.jpg?q=90&f=webp&w=1024,10.0,2.0,,983000,,비티에프의원,서울 강남구 언주로 869 비티에프의원주소복사,,아이써마지 #피부재생 #주름개선 콜라겐 섬유의 변성과 수축을 일으켜 콜라겐 재생과 주름개선 효과 #안전성UP 열이 전달되는 동안에도 쿨링펄스를 통해 피부 표면을 보호하여 안전성UP #눈가전용팁 #꼼꼼하게 눈가 전용 아이팁을 이용하여 얇고 좁은 눈가 부위의 주름을 효과적으로 개선! 권장주기 6~12개월 / 1회 이상 시술,,피부가 얇아서 다른 시술이 부담스러운 분 / 리프팅 시술이 하고싶지만 통증이 두려운 분 / 비교적 빠른 리프팅 효과를 원하는 분 / 꼼꼼하고 정교한 눈가 시술을 원하는 분,시술 특장점 눈가 전용 팁 얇고 좁은 부위에도 꼼꼼하게 리프팅이 가능한 전용 팁을 사용합니다. 콜라겐 재생 촉진 피부 속 콜라겐 섬유의 변형 및 수축을 일으켜 콜라겐이 재생되도록 유도합니다. 얼굴주름 개선 피부 탄력 뿐만 아니라 눈가 및 안면 주름 개선에도 효과적입니다.,"써마지와 울쎄라의 차이는 무엇인가요? 써마지는 고주파 에너지를 사용하고, 진피층이 주 타깃입니다. 주된 효과로는 스킨 타이트닝, 잔주름 개선 등입니다. 시술 후 부작용이 있나요? 부기나 각질이 평소보다 많이 발생할 수 있으나 일시적입니다. 잔물집이나 딱지 같은 반응이 생길 수 있지만 보통 1주일 내로 회복됩니다.",아이써마지 시술시간 60분 마취여부 크림마취 회복시간 당일 시술효과 3개월 후,주의사항 1 가벼운 세안과 샤워는 시술 다음날부터 가능합니다. 2 피부 재생 세럼과 보습 제품을 꼼꼼히 발라주세요. 3 SPF 30 이상의 자외선 차단제를 발라주세요.,크림마취 수면마취 국소마취,수요일 10:00 ~ 19:00 / 목요일 10:00 ~ 19:00 / 금요일 10:00 ~ 19:00 / 토요일 10:00 ~ 16:00 / 일요일 휴진 / 월요일 10:00 ~ 19:00,0508-0353-5339
https://www.yeoshin.co.kr/event/mobile/19800,,,,땡큐 써마지FLX & 아이써마지,"#피부과 전문의
#타이트닝
#리프팅레이저",https://d3gurpvil0se70.cloudfront.net/upfiles/images/product/sXFCDdx4RGxcLuwcnq47eNgDIUo5.jpg?q=90&f=webp&w=1024,,,990000.0,983000,VAT 포함,땡큐성형외과의원,서울특별시 강남구 강남대로 446 땡큐성형외과의원주소복사,전문의 7명 영어 응대 중국어 응대 일본어 응대,,VAT 포함,,,,아이써마지 시술시간 60분 마취여부 크림마취 회복시간 당일 시술효과 3개월 후,,,수요일 10:00 ~ 19:00 / 목요일 10:00 ~ 19:00 / 금요일 10:00 ~ 19:00 / 토요일 10:00 ~ 16:00 / 일요일 휴진 / 월요일 10:00 ~ 19:00,0508-0353-6942
https://www.yeoshin.co.kr/event/mobile/16088,,,,아이써마지+아이리쥬란,"#눈
#타이트닝
#리프팅레이저",https://d3gurpvil0se70.cloudfront.net/upfiles/images/product/opyFJiiEC61sqvfSg6LlhWPt1R82.jpg?q=90&f=webp&w=1024,,,1520000.0,1513000,VAT 포함,동안중심의원,서울특별시 강남구 압구정로48길 26 (신사동) 동안중심의원주소복사,전문의 2명,아이써마지 #피부재생 #주름개선 콜라겐 섬유의 변성 및 수추글 일으켜 콜라겐 재생 및 주름 개선에 효과적 #안전성UP 열이 전달되는 동안에도 쿨링펄스를 통해 피부 표면을 보호하여 안전성UP #눈가전용팁 #꼼꼼하게 눈가 전용 아이팁을 이용하여 얇고 좁은 눈가 부위의 주름을 효과적으로 개선! 권장주기 6~12개월 / 1회 이상 시술,VAT 포함,피부가 얇아서 다른 시술이 부담스러운 분 / 리프팅 시술이 하고싶지만 통증이 두려운 분 / 비교적 빠른 리프팅 효과를 원하는 분 / 꼼꼼하고 정교한 눈가 시술을 원하는 분,시술 특장점 눈가 전용 팁 얇고 좁은 부위에도 꼼꼼하게 리프팅이 가능한 전용 팁을 사용합니다. 콜라겐 재생 촉진 피부 속 콜라겐 섬유의 변형 및 수축을 일으켜 콜라겐이 재생되도록 유도합니다. 얼굴주름 개선 피부 탄력 뿐만 아니라 눈가 및 안면 주름 개선에도 효과적입니다.,"써마지와 울쎄라의 차이는 무엇인가요? 써마지는 고주파 에너지를 사용하고, 진피층이 주 타깃입니다. 주된 효과로는 스킨 타이트닝, 잔주름 개선 등입니다. 시술 후 부작용이 있나요? 부기나 각질이 평소보다 많이 발생할 수 있으나 일시적입니다. 잔물집이나 딱지 같은 반응이 생길 수 있지만 보통 1주일 내로 회복됩니다.",아이써마지 시술시간 60분 마취여부 크림마취 회복시간 당일 시술효과 3달 후,주의사항 1 가벼운 세안과 샤워는 시술 다음날부터 가능합니다. 2 피부 재생 세럼과 보습 제품을 꼼꼼히 발라주세요. 3 SPF 30 이상의 자외선 차단제를 발라주세요.,,수요일 10:00 ~ 19:00 (점심 13:00 ~ 14:00) / 목요일 10:00 ~ 19:00 (점심 13:00 ~ 14:00) / 금요일 12:00 ~ 21:00 / 토요일 10:00 ~ 16:00 / 일요일 휴진 / 월요일 10:00 ~ 19:00 (점심 13:00 ~ 14:00),0508-0353-9614
https://www.yeoshin.co.kr/event/mobile/16086,,,,아이써마지,"#눈
#타이트닝
#리프팅레이저",https://d3gurpvil0se70.cloudfront.net/upfiles/images/product/FTNXCMeVwKp9EOYZGYQ9wwVyBc01.jpg?q=90&f=webp&w=1024,,,1320000.0,1313000,VAT 포함,동안중심의원,서울특별시 강남구 압구정로48길 26 (신사동) 동안중심의원주소복사,전문의 2명,아이써마지 #피부재생 #주름개선 콜라겐 섬유의 변성 및 수추글 일으켜 콜라겐 재생 및 주름 개선에 효과적 #안전성UP 열이 전달되는 동안에도 쿨링펄스를 통해 피부 표면을 보호하여 안전성UP #눈가전용팁 #꼼꼼하게 눈가 전용 아이팁을 이용하여 얇고 좁은 눈가 부위의 주름을 효과적으로 개선! 권장주기 6~12개월 / 1회 이상 시술,VAT 포함,피부가 얇아서 다른 시술이 부담스러운 분 / 리프팅 시술이 하고싶지만 통증이 두려운 분 / 비교적 빠른 리프팅 효과를 원하는 분 / 꼼꼼하고 정교한 눈가 시술을 원하는 분,시술 특장점 눈가 전용 팁 얇고 좁은 부위에도 꼼꼼하게 리프팅이 가능한 전용 팁을 사용합니다. 콜라겐 재생 촉진 피부 속 콜라겐 섬유의 변형 및 수축을 일으켜 콜라겐이 재생되도록 유도합니다. 얼굴주름 개선 피부 탄력 뿐만 아니라 눈가 및 안면 주름 개선에도 효과적입니다.,"써마지와 울쎄라의 차이는 무엇인가요? 써마지는 고주파 에너지를 사용하고, 진피층이 주 타깃입니다. 주된 효과로는 스킨 타이트닝, 잔주름 개선 등입니다. 시술 후 부작용이 있나요? 부기나 각질이 평소보다 많이 발생할 수 있으나 일시적입니다. 잔물집이나 딱지 같은 반응이 생길 수 있지만 보통 1주일 내로 회복됩니다.",아이써마지 시술시간 60분 마취여부 크림마취 회복시간 당일 시술효과 3달 후,주의사항 1 가벼운 세안과 샤워는 시술 다음날부터 가능합니다. 2 피부 재생 세럼과 보습 제품을 꼼꼼히 발라주세요. 3 SPF 30 이상의 자외선 차단제를 발라주세요. 4 시술 부위를 강하게 마사지하거나 누르지 말아주세요.,,수요일 10:00 ~ 19:00 (점심 13:00 ~ 14:00) / 목요일 10:00 ~ 19:00 (점심 13:00 ~ 14:00) / 금요일 12:00 ~ 21:00 / 토요일 10:00 ~ 16:00 / 일요일 휴진 / 월요일 10:00 ~ 19:00 (점심 13:00 ~ 14:00),0508-0353-9614
https://www.yeoshin.co.kr/event/mobile/26888,,,,아이써마지 225샷 눈가주름케어 다크써클,"#타이트닝
#리프팅레이저
#눈가시술",https://d3gurpvil0se70.cloudfront.net/upfiles/images/product/rcJ1S087r0pjRRYgKQm8uYg5sCx9.jpg?q=90&f=webp&w=1024,10.0,1.0,1100000.0,1093000,VAT 포함,르모아의원,크림마취,전문의 1명 여의사 진료 전담회복실 사후관리,아이써마지 #피부재생 #주름개선 콜라겐 섬유의 변성과 수축을 일으켜 콜라겐 재생과 주름개선 효과 #안전성UP 열이 전달되는 동안에도 쿨링펄스를 통해 피부 표면을 보호하여 안전성UP #눈가전용팁 #꼼꼼하게 눈가 전용 아이팁을 이용하여 얇고 좁은 눈가 부위의 주름을 효과적으로 개선! 권장주기 6~12개월 / 1회 이상 시술,VAT 포함,피부가 얇아서 다른 시술이 부담스러운 분 / 리프팅 시술이 하고싶지만 통증이 두려운 분 / 비교적 빠른 리프팅 효과를 원하는 분 / 꼼꼼하고 정교한 눈가 시술을 원하는 분,시술 특장점 눈가 전용 팁 얇고 좁은 부위에도 꼼꼼하게 리프팅이 가능한 전용 팁을 사용합니다. 콜라겐 재생 촉진 피부 속 콜라겐 섬유의 변형 및 수축을 일으켜 콜라겐이 재생되도록 유도합니다. 얼굴주름 개선 피부 탄력 뿐만 아니라 눈가 및 안면 주름 개선에도 효과적입니다.,"써마지와 울쎄라의 차이는 무엇인가요? 써마지는 고주파 에너지를 사용하고, 진피층이 주 타깃입니다. 주된 효과로는 스킨 타이트닝, 잔주름 개선 등입니다. 시술 후 부작용이 있나요? 부기나 각질이 평소보다 많이 발생할 수 있으나 일시적입니다. 잔물집이나 딱지 같은 반응이 생길 수 있지만 보통 1주일 내로 회복됩니다.",아이써마지 시술시간 60분 마취여부 크림마취 회복시간 당일 시술효과 3개월 후,주의사항 1 가벼운 세안과 샤워는 시술 다음날부터 가능합니다. 2 피부 재생 세럼과 보습 제품을 꼼꼼히 발라주세요. 3 SPF 30 이상의 자외선 차단제를 발라주세요.,크림마취 수면마취 비수면 무통마취 국소마취,수요일 10:00 ~ 20:00 (점심 14:00 ~ 15:00) / 목요일 10:00 ~ 20:00 (점심 14:00 ~ 15:00) / 금요일 10:00 ~ 20:00 (점심 14:00 ~ 15:00) / 토요일 10:00 ~ 16:00 / 일요일 휴진 / 월요일 10:00 ~ 20:00 (점심 14:00 ~ 15:00),0508-0353-6869
https://www.yeoshin.co.kr/event/mobile/21215,,,,눈주름 지우개 아이슈링크 100샷,"#리프팅레이저
#타이트닝
#눈가시술",https://d3gurpvil0se70.cloudfront.net/upfiles/images/product/4ENX7LdDvoAe1AQUJ70ss3jwqNt.jpg?q=90&f=webp&w=1024,,,99000.0,92000,VAT 포함,가산시그니처정형외과의원,크림마취,전문의 1명 분야별 협진 전담회복실,아이슈링크 #고강도초음파 #피부조직수축 피부 속 일정 깊이에 고강도 초음파를 이용하여 열 응고점을 만들어 피부 수축 #얇은부위 #좁은부위 눈가 전용팁을 이용하여 얇고 좁은 부위에도 꼼꼼하게 시술 가능 #콜라겐촉진 #피부건강회복 콜라겐 생성을 촉진시키고 수분을 끌어올려 건강하고 탄력있는 피부로 회복 권장주기 1~3개월 / 3회 이상 시술,VAT 포함,얼굴 국소 부위의 탄력개선을 원하는 분 / 눈가의 잔주름 개선을 원하는 분 / 비수술적으로 주름을 개선하고 싶은 분 / 꼼꼼하고 정교한 눈가 시술을 원하는 분,,,아이슈링크 시술시간 40분 마취여부 크림마취 회복시간 약 3일 시술효과 2개월 후,,크림마취 수면마취 비수면 무통마취 국소마취,수요일 09:00 ~ 20:00 (점심 14:00 ~ 15:00) / 목요일 09:00 ~ 20:00 (점심 14:00 ~ 15:00) / 금요일 09:00 ~ 20:00 (점심 14:00 ~ 15:00) / 토요일 09:00 ~ 14:00 / 일요일 휴진 / 월요일 09:00 ~ 20:00 (점심 14:00 ~ 15:00),0508-0353-8080
https://www.yeoshin.co.kr/event/mobile/26178,,,,아이슈링크 유니버스 300샷,"#리프팅레이저
#타이트닝
#눈가시술",https://d3gurpvil0se70.cloudfront.net/upfiles/images/product/bPZzB2fcSFG0zdoDxJQbEwQCaF23.jpg?q=90&f=webp&w=1024,10.0,1.0,99000.0,92000,VAT 포함,더리즈의원(강남),크림마취,전문의 1명 여의사 진료 수술실 CCTV 사후관리 피부진단기 F-RAY 촬영 >,,VAT 포함,,,,아이슈링크 시술시간 40분 마취여부 크림마취 회복시간 약 3일 시술효과 2개월 후,,크림마취 수면마취 국소마취,수요일 휴진 / 목요일 10:00 ~ 19:00 (점심 13:00 ~ 14:00) / 금요일 10:00 ~ 20:00 (점심 13:00 ~ 14:00) / 토요일 10:00 ~ 16:00 / 일요일 휴진 / 월요일 10:00 ~ 20:00 (점심 13:00 ~ 14:00),050803531297
https://www.yeoshin.co.kr/event/mobile/25772,,,,아이슈링크 200샷,"#리프팅레이저
#타이트닝
#눈가시술",https://d3gurpvil0se70.cloudfront.net/upfiles/images/product/w65O07dvQcrRuxMB6MZjIhOAL3U9.jpg?q=90&f=webp&w=1024,9.3,39.0,55000.0,48000,VAT 포함,시안의원,크림마취,여의사 진료 마취과의 진료 수술실 CCTV 기본 입원실 사후관리,,VAT 포함,,,,아이슈링크 시술시간 30분 마취여부 마취있음 회복시간 약 3일 시술효과 1개월 후,,크림마취 수면마취 국소마취,수요일 10:30 ~ 20:00 / 목요일 10:30 ~ 20:00 / 금요일 10:30 ~ 20:00 / 토요일 10:00 ~ 17:00 / 일요일 휴진 / 월요일 10:30 ~ 20:00,050803533980
https://www.yeoshin.co.kr/event/mobile/15949,,,,아이(EYE) 리프팅 모음,"#리프팅레이저
#타이트닝
#눈가시술",https://d3gurpvil0se70.cloudfront.net/upfiles/images/product/93lKGwKebxCCY2823TOR3YQg4moA.jpg?q=90&f=webp&w=1024,8.5,2.0,55000.0,48000,VAT 포함,제이린의원(서면점),,,아이슈링크 #고강도초음파 #피부조직수축 피부 속 일정 깊이에 고강도 초음파를 이용하여 열 응고점을 만들어 피부 수축 #얇은부위 #좁은부위 눈가 전용팁을 이용하여 얇고 좁은 부위에도 꼼꼼하게 시술 가능 #콜라겐촉진 #피부건강회복 콜라겐 생성을 촉진시키고 수분을 끌어올려 건강하고 탄력있는 피부로 회복 권장주기 1~3개월 / 3회 이상 시술,VAT 포함,얼굴 국소 부위의 탄력개선을 원하는 분 / 눈가의 잔주름 개선을 원하는 분 / 비수술적으로 주름을 개선하고 싶은 분 / 꼼꼼하고 정교한 눈가 시술을 원하는 분,"시술 특장점 눈가 전용 팁 얇고 좁은 부위에도 꼼꼼하게 리프팅이 가능한 전용 팁을 사용합니다. 입가, 목주름 리프팅 눈가 뿐만 아니라 입가, 목주름 등에도 시술이 가능합니다. 피부손상 최소화 초음파 리프팅으로 피부층에 손상이 적습니다.",시술 후 일상생활이 가능한가요? 시술 후 빠른 일상생활이 가능합니다. 시술 시 통증이 있나요? 크림마취로 통증을 덜 수 있으며 약간 따끔한 정도의 통증입니다.,아이슈링크 시술시간 30분 마취여부 크림마취 회복시간 당일 시술효과 2~3주 후,주의사항 1 시술 후 음주 및 흡연을 자제해주세요. 2 시술 부위를 강하게 마사지하거나 누르지 말아주세요. 3 3~4일간 과격하고 무리한 운동은 자제해주세요. 4 세안 및 화장은 시술 2시간 후를 권장합니다.,,수요일 10:30 ~ 19:00 (점심 13:00 ~ 14:30) / 목요일 10:30 ~ 19:00 (점심 13:00 ~ 14:30) / 금요일 10:30 ~ 20:00 (점심 13:00 ~ 14:30) / 토요일 10:30 ~ 14:30 / 일요일 휴진 / 월요일 10:30 ~ 20:00 (점심 13:00 ~ 14:30),0508-0354-2276
https://www.yeoshin.co.kr/event/mobile/27518,,,,"아이슈링크 - 눈가 처짐, 다크서클 개선","#리프팅레이저
#타이트닝
#눈가시술",https://d3gurpvil0se70.cloudfront.net/upfiles/images/product/iQPao0O82jxukjSZyEmqOtnbTLX1.jpg?q=90&f=webp&w=1024,,,50000.0,43000,VAT 포함,한가온한방병원(남양주점),크림마취,기본 입원실 사후관리,아이슈링크 #고강도초음파 #피부조직수축 피부 속 일정 깊이에 고강도 초음파를 이용하여 열 응고점을 만들어 피부 수축 #얇은부위 #좁은부위 눈가 전용팁을 이용하여 얇고 좁은 부위에도 꼼꼼하게 시술 가능 #콜라겐촉진 #피부건강회복 콜라겐 생성을 촉진시키고 수분을 끌어올려 건강하고 탄력있는 피부로 회복 권장주기 1~3개월 / 3회 이상 시술,VAT 포함,얼굴 국소 부위의 탄력개선을 원하는 분 / 눈가의 잔주름 개선을 원하는 분 / 비수술적으로 주름을 개선하고 싶은 분 / 꼼꼼하고 정교한 눈가 시술을 원하는 분,"시술 특장점 눈가 전용 팁 얇고 좁은 부위에도 꼼꼼하게 리프팅이 가능한 전용 팁을 사용합니다. 입가, 목주름 리프팅 눈가 뿐만 아니라 입가, 목주름 등에도 시술이 가능합니다. 피부손상 최소화 초음파 리프팅으로 피부층에 손상이 적습니다.",시술 후 일상생활이 가능한가요? 시술 후 빠른 일상생활이 가능합니다. 시술 시 통증이 있나요? 크림마취로 통증을 덜 수 있으며 약간 따끔한 정도의 통증입니다.,아이슈링크 시술시간 40분 마취여부 크림마취 회복시간 약 3일 시술효과 2개월 후,주의사항 1 시술 후 음주 및 흡연을 자제해주세요. 2 시술 부위를 강하게 마사지하거나 누르지 말아주세요. 3 3~4일간 과격하고 무리한 운동은 자제해주세요.,크림마취,수요일 09:00 ~ 20:30 (점심 13:00 ~ 14:00) / 목요일 09:00 ~ 20:30 (점심 13:00 ~ 14:00) / 금요일 09:00 ~ 20:30 (점심 13:00 ~ 14:00) / 토요일 09:00 ~ 15:00 / 일요일 09:00 ~ 15:00 / 월요일 09:00 ~ 20:30 (점심 13:00 ~ 14:00),050803541797
https://www.yeoshin.co.kr/event/mobile/18784,,,,고강도 튠라이너,"#목/턱
#얼굴지방개선
#리프팅레이저",https://d3gurpvil0se70.cloudfront.net/upfiles/images/product/rqkddE0LvbvKXJd60QT01m9SWdH9.jpg?q=90&f=webp&w=1024,9.6,76.0,110000.0,103000,VAT 포함,뷰티앤디지털치과병원,"경기도 파주시 경의로1240번길 19 (와동동) 월드타워15차 7층, 8층주소복사",전문의 9명 피부진단기 F-RAY 촬영 >,,VAT 포함,,,,튠라이너 시술시간 10분 마취여부 마취없음 회복시간 당일 시술효과 -,,,수요일 10:00 ~ 20:00 / 목요일 10:00 ~ 20:00 / 금요일 10:00 ~ 18:00 / 토요일 10:00 ~ 16:00 / 일요일 휴진 / 월요일 10:00 ~ 20:00 / 월~금 점심시간은 2시~3시 입니다,0508-0353-9799
https://www.yeoshin.co.kr/event/mobile/27570,,,,튠라이너1회＋지방분해주사 벨라콜린2cc,"#목/턱
#얼굴지방개선
#리프팅레이저",https://d3gurpvil0se70.cloudfront.net/upfiles/images/product/hSpCtY1Z5QCaGVdlDQRX5fYoYvb8.jpg?q=90&f=webp&w=1024,,,450000.0,443000,VAT 포함,리젠의원,서울특별시 강남구 강남대로 528 (논현동) 원앤원 63.5빌딩 7층주소복사,,"튠라이너 #입체초음파 입체초음파를 이용하여 지방세포를 선택적으로 파괴 #탄력개선 #얼굴라인개선 늘어진 심부볼, 이중턱 등 지방이 많은 부위에 시술하여 탄력과 라인을 개선 #손상NO #반복시술OK 피부와 신경, 혈관등에 손상 NO, 반복 시술로도 체내에 부담은 DOWN 권장주기 2~3주 / 3회 이상 시술",VAT 포함,건조하고 탄력이 떨어진 피부가 고민인 분 / 리프팅 시술이 하고싶지만 통증이 두려운 분 / 탄탄한 피부와 갸름한 얼굴라인을 원하는 분 / 잔주름과 모공 개선 효과를 원하는 분,시술 특장점 피부 손상 적은 시술 주변 피부나 신경조직을 건드리지 않아 피부 손상이 거의 없이 시술 가능합니다. 얼굴지방 개선 효과 입체 초음파가 지방세포를 선택적으로 파괴해 심부볼과 이중턱을 개선합니다. 즉각적 수축과 긴 유지력 이중턱 부위의 지방세포 수를 줄여 주기 때문에 요요현상 발생 가능성이 낮습니다.,시술 후 관리는 어떻게 하나요? 해당 부위가 과한 열감이나 냉감에 노출되는 것을 피해주시고 수분크림을 자주 발라주세요. 시술 시 통증은 없나요? 마취없이도 시술이 가능할 정도로 통증은 약한 편에 속하지만 개인마다 느끼는 통증은 다를 수 있습니다.,튠라이너 시술시간 30~50분 마취여부 마취없음 회복시간 약 3일 시술효과 2~4주 후,주의사항 1 시술 후 일주일간은 음주 및 흡연을 자제해주세요. 2 3~4일간 과격하고 무리한 운동은 자제해주세요. 3 시술 부위를 강하게 마사지하거나 누르지 말아주세요.,크림마취 수면마취,수요일 10:00 ~ 19:00 (점심 13:00 ~ 14:00) / 목요일 휴진 / 금요일 11:00 ~ 21:00 (점심 13:00 ~ 14:00) / 토요일 10:00 ~ 16:00 (점심 13:00 ~ 14:00) / 일요일 휴진 / 월요일 10:00 ~ 19:00 (점심 13:00 ~ 14:00),0508-0353-5231
https://www.yeoshin.co.kr/event/mobile/6040,,,,피부과전문의_포인트 바디 튠라이너,"#피부과 전문의
#목/턱
#얼굴지방개선",https://d3gurpvil0se70.cloudfront.net/upfiles/images/product/SnYEpje68zCedQnEeNFvzSFrpLX1.jpg?q=90&f=webp&w=1024,,,440000.0,433000,VAT 포함,페이브피부과의원(용산),"서울특별시 용산구 한강대로 69 (한강로2가, 용산푸르지오써밋) 페이브피부과의원주소복사",전문의 1명 여의사 진료 수술실 CCTV 사후관리 영어 응대 중국어 응대 일본어 응대,"튠라이너 #입체초음파 입체초음파를 이용하여 지방세포를 선택적으로 파괴 #탄력개선 #얼굴라인개선 늘어진 심부볼, 이중턱 등 지방이 많은 부위에 시술하여 탄력과 라인을 개선 #손상NO #반복시술OK 피부와 신경, 혈관등에 손상 NO, 반복 시술로도 체내에 부담은 DOWN 권장주기 2~3주 / 3회 이상 시술",VAT 포함,"팔자/미간 주름, 잔주름, 이중턱 등이 고민인 분 / 노화로 인해 처진 피부를 재생하고 싶은 분 / 처진 이마와 눈썹이 고민인 분","시술 특장점 입체 초음파를 이용한 지방세포 파괴 늘어진 심부볼, 이중턱 등 지방이 많은 부위에 시술하여 얼굴라인 개선 피부, 신경, 혈관 손상 없이 반복 시술 가능 비교적 안전한 리프팅","언제부터 효과가 있나요? 직후효과도 있지만, 3-4주에 걸쳐서 더 효과가 극대화됩니다. 시술 시 부작용이 있나요? 튠라이너 시술은 비교적 안전하고 일상생활에 지장이 없는 부작용이 거의 없는 시술입니다. 개인마다 붉음증이나 열 두드러기 반응이 있을 수 있습니다.",튠라이너 시술시간 30~50분 마취여부 마취없음 회복시간 3일 시술효과 2~4주 후,"주의사항 1 시술 부위를 강하게 마사지하거나 누르지 말아주세요 2 시술 후, 일주일간은 음주 및 흡연을 자제해주세요. 3 세안 및 메이크업 가능하며, 저자극클렌저를 사용합니다.",,수요일 휴진 / 목요일 10:00 ~ 20:00 (점심 13:00 ~ 14:00) / 금요일 10:00 ~ 20:00 (점심 13:00 ~ 14:00) / 토요일 09:30 ~ 15:00 / 일요일 휴진 / 월요일 10:00 ~ 20:00 (점심 13:00 ~ 14:00) / (공휴일이 있는 주는 수요일 정상진료),0508-0353-1618
https://www.yeoshin.co.kr/event/mobile/7733,,,,명동루비_튠라이너,"#목/턱
#얼굴지방개선
#리프팅레이저",https://d3gurpvil0se70.cloudfront.net/upfiles/images/product/1993320315.jpg?q=90&f=webp&w=1024,9.0,612.0,60000.0,53000,VAT 포함,루비의원(명동점),,,,VAT 포함,,,,튠라이너 시술시간 30분 마취여부 마취없음 회복시간 3일 시술효과 2~4주 후,,,수요일 10:30 ~ 20:30 (점심 13:30 ~ 15:00) / 목요일 10:30 ~ 20:30 (점심 13:30 ~ 15:00) / 금요일 10:30 ~ 20:30 (점심 13:30 ~ 15:00) / 토요일 10:00 ~ 16:00 / 일요일 12:00 ~ 17:00 / 월요일 10:30 ~ 20:30 (점심 13:30 ~ 15:00),0508-0353-8508
https://www.yeoshin.co.kr/event/mobile/8320,,,,피부과전문의/튠라이너효도패키지,"#피부과 전문의
#목/턱
#얼굴지방개선",https://d3gurpvil0se70.cloudfront.net/upfiles/images/product/CJubgBr2LiNEZPazswcxbRIKqR5A.jpg?q=90&f=webp&w=1024,,,440000.0,433000,VAT 포함,페이브피부과의원(용산),"서울특별시 용산구 한강대로 69 (한강로2가, 용산푸르지오써밋) 페이브피부과의원주소복사",전문의 1명 여의사 진료 수술실 CCTV 사후관리 영어 응대 중국어 응대 일본어 응대,"튠라이너 #입체초음파 입체초음파를 이용하여 지방세포를 선택적으로 파괴 #탄력개선 #얼굴라인개선 늘어진 심부볼, 이중턱 등 지방이 많은 부위에 시술하여 탄력과 라인을 개선 #손상NO #반복시술OK 피부와 신경, 혈관등에 손상 NO, 반복 시술로도 체내에 부담은 DOWN 권장주기 2~3주 / 3회 이상 시술",VAT 포함,평소 통통한 볼살이 고민이었던 분 / 리프팅 시술이 하고싶지만 통증이 두려운 분 / 체지방 감소를 원하는 분 / 이중턱이나 볼살 등 얼굴 지방 개선을 원하는 분,"시술 특장점 탄력 개선 늘어진 심부볼, 이중턱 등 지방이 많은 부위에 시술하여 탄력과 라인을 개선 피부 손상 적은 리프팅 피부와 신경, 혈관 등에 손상 적은 비교적 안전한 리프팅 시술","시술 후 관리는 어떻게 하나요? 해당 부위가 과한 열감이나 냉감에 노출되는 것을 피해주시고 수분크림을 자주 발라주세요. 시술 시 부작용이 있나요? 부작용은 거의 없는 편이지만, 개인에 따라서 시술 후 미세한 부기나 열감 등이 있을 수 있습니다.",튠라이너 시술시간 30~50분 마취여부 마취없음 회복시간 3일 시술효과 2~4주 후,"주의사항 1 시술 후, 일주일간은 음주 및 흡연을 자제해주세요. 2 시술 부위를 강하게 마사지하거나 누르지 말아주세요 3 세안 및 메이크업 가능하며, 저자극클렌저를 사용합니다.",,수요일 휴진 / 목요일 10:00 ~ 20:00 (점심 13:00 ~ 14:00) / 금요일 10:00 ~ 20:00 (점심 13:00 ~ 14:00) / 토요일 09:30 ~ 15:00 / 일요일 휴진 / 월요일 10:00 ~ 20:00 (점심 13:00 ~ 14:00) / (공휴일이 있는 주는 수요일 정상진료),0508-0353-1618
https://www.yeoshin.co.kr/event/mobile/10817,,,,내 눈가는 소중하니까,"#목/턱
#얼굴지방개선
#리프팅레이저",https://d3gurpvil0se70.cloudfront.net/upfiles/images/product/95507058.jpg?q=90&f=webp&w=1024,,,1199000.0,1192000,VAT 포함,센텀릴리의원,부산광역시 해운대구 센텀2로 15 센텀릴리의원주소복사,전문의 1명,"튠라이너 올리지오는 RF고주파를 이용하여 진피층의 콜라겐을 활성화하는 시술입니다. 인체에 무해한 전류와 함께 진피까지 전달된 열이 콜라겐을 변성시켜 이중턱 교정, 피부처짐, 피부결 개선의 효과를 기대할 수 있습니다. 시술 후 콜라겐이 점차 생성되어 비교적 오랜 시간 효과를 유도해주는 것이 특징이며 비침습적 방식으로 마취없이 쿨링 및 진동모드로 통증을 덜 수 있습니다. 권장주기 3~6주 / 2~3회 시술",VAT 포함,피부의 전체적인 탄력 개선을 원하는 분 / 처진 볼살과 턱살이 고민인 분 / 처진 눈꺼풀과 힘없는 입가가 고민인 분,,,튠라이너 시술시간 60분 마취여부 마취없음 회복시간 3일 시술효과 2~4주 후,,,수요일 11:00 ~ 20:00 (점심 13:00 ~ 14:00) / 목요일 11:00 ~ 20:00 (점심 13:00 ~ 14:00) / 금요일 11:00 ~ 20:00 (점심 13:00 ~ 14:00) / 토요일 11:00 ~ 16:00 / 일요일 휴진 / 월요일 11:00 ~ 20:00 (점심 13:00 ~ 14:00),0508-0354-2054
https://www.yeoshin.co.kr/event/mobile/7261,,,,튠쎄라,"#목/턱
#얼굴지방개선
#리프팅레이저",https://d3gurpvil0se70.cloudfront.net/upfiles/images/product/2397550130.jpg?q=90&f=webp&w=1024,,,1529000.0,1522000,VAT 포함,센텀릴리의원,부산광역시 해운대구 센텀2로 15 센텀릴리의원주소복사,전문의 1명,튠라이너 울쎄라는 고강도의 초음파에너지를 피부 속 4.5mm에 이르는 근막층(SMAS)까지 도달하여 피부 속 표피와 진피층 및 깊은 곳 부터 늘어진 조직을 리프팅하는 시술입니다. 노화로 인해 늘어지는 피부 근막층을 초음파 에너지가 강한 열 응고점을 만들어 수축시켜줌으로써 탄력 개선만으로는 부족했던 강력한 피부 리프팅 효과를 기대할 수 있습니다. 권장주기 6~12개월 / 3회 시술,VAT 포함,강력한 리프팅 효과를 원하는 분 / 피곤해보이는 피부톤이 고민인 분 / 자연스러운 광채효과를 원하는 분 / 피부 속부터 당기는 건조한 피부를 가진 분,,,튠라이너 시술시간 60분 마취여부 크림마취 회복시간 3일 시술효과 2~4주 후,,,수요일 11:00 ~ 20:00 (점심 13:00 ~ 14:00) / 목요일 11:00 ~ 20:00 (점심 13:00 ~ 14:00) / 금요일 11:00 ~ 20:00 (점심 13:00 ~ 14:00) / 토요일 11:00 ~ 16:00 / 일요일 휴진 / 월요일 11:00 ~ 20:00 (점심 13:00 ~ 14:00),0508-0354-2054
https://www.yeoshin.co.kr/event/mobile/5267,,,,3D 입체 지방분해 리프팅,"#목/턱
#얼굴지방개선
#리프팅레이저",https://d3gurpvil0se70.cloudfront.net/upfiles/images/product/4045202581.jpg?q=90&f=webp&w=1024,,,847000.0,840000,VAT 포함,센텀릴리의원,부산광역시 해운대구 센텀2로 15 센텀릴리의원주소복사,전문의 1명,"튠라이너 슈링크 유니버스는 고강도 집속 초음파 HIFU를 이용한 리프팅 장비로, 피부 표면의 손상 거의 없이 근막(SMAS) 층에 에너지를 집속 시켜 콜라겐을 재생하고 늘어진 조직을 수축하여 전체적인 탄력 개선이 가능한 시술로 슈링크 2세대 버전의 리프팅입니다. 슈링크 유니버스는 울트라 부스터 펜 타입 핸드피스로 턱 라인, 볼, 광대뿐 아니라 굴곡진 면이나 눈가 등 세밀한 부분까지 에너지를 전달해 꼼꼼한 리프팅이 가능한 것이 장점이며 2가지의 강한 초음파 모드로 더욱 더 세밀하게 초음파 에너지를 전달합니다. 2.5배 빨라진 레이저 조사 속도로 시술 시간을 단축해 적은 통증으로 편안하게 시술받을 수 있습니다. 권장주기 6개월 / 1회 시술",VAT 포함,처진 피부를 리프팅하고 이중턱을 개선하고 싶은 분 / 처진 볼살과 턱살이 고민인 분 / 처진 이마와 눈썹이 고민인 분 / 이중턱이나 볼살 등 얼굴 지방 개선을 원하는 분,,,튠라이너 시술시간 5~60분 마취여부 크림마취 회복시간 3일 시술효과 2~4주 후,,,수요일 11:00 ~ 20:00 (점심 13:00 ~ 14:00) / 목요일 11:00 ~ 20:00 (점심 13:00 ~ 14:00) / 금요일 11:00 ~ 20:00 (점심 13:00 ~ 14:00) / 토요일 11:00 ~ 16:00 / 일요일 휴진 / 월요일 11:00 ~ 20:00 (점심 13:00 ~ 14:00),0508-0354-2054
https://www.yeoshin.co.kr/event/mobile/15951,,,,튠라이너,"#목/턱
#얼굴지방개선
#리프팅레이저",https://d3gurpvil0se70.cloudfront.net/upfiles/images/product/WdI4EFCLeaukcbpI5XxiXJqdNW6.jpg?q=90&f=webp&w=1024,10.0,2.0,165000.0,158000,VAT 포함,제이린의원(서면점),,,"튠라이너 #턱선정리 매끄러운 V라인 #탄력개선 #얼굴라인개선 탄력과 이중턱 라인을 개선 #손상NO #반복시술OK 피부와 신경, 혈관등에 손상 NO, 반복 시술로도 체내에 부담은 DOWN 권장주기 2~3주 / 3회 이상 시술",VAT 포함,건조하고 탄력이 떨어진 피부가 고민인 분 / 리프팅 시술이 하고싶지만 통증이 두려운 분 / 탄탄한 피부와 갸름한 얼굴라인을 원하는 분 / 잔주름과 모공 개선 효과를 원하는 분,시술 특장점 피부 손상 적은 시술 주변 피부나 신경조직을 건드리지 않아 피부 손상이 거의 없이 시술 가능합니다. V라인 두툼한 이중턱을을 매끄럽게 정리해줍니다.,시술 후 관리는 어떻게 하나요? 해당 부위가 과한 열감이나 냉감에 노출되는 것을 피해주시고 수분크림을 자주 발라주세요. 시술 시 통증은 없나요? 마취없이도 시술이 가능할 정도로 통증은 약한 편에 속하지만 개인마다 느끼는 통증은 다를 수 있습니다.,튠라이너 시술시간 10분 마취여부 마취없음 회복시간 당일 시술효과 1~2주 후,주의사항 1 시술 후 일주일간은 음주 및 흡연을 자제해주세요. 2 3~4일간 과격하고 무리한 운동은 자제해주세요. 3 시술 부위를 강하게 마사지하거나 누르지 말아주세요.,,수요일 10:30 ~ 19:00 (점심 13:00 ~ 14:30) / 목요일 10:30 ~ 19:00 (점심 13:00 ~ 14:30) / 금요일 10:30 ~ 20:00 (점심 13:00 ~ 14:30) / 토요일 10:30 ~ 14:30 / 일요일 휴진 / 월요일 10:30 ~ 20:00 (점심 13:00 ~ 14:30),0508-0354-2276
https://www.yeoshin.co.kr/event/mobile/17223,,,,V라인 튠라이너,"#목/턱
#얼굴지방개선
#리프팅레이저",https://d3gurpvil0se70.cloudfront.net/upfiles/images/product/6W9U6OSIGVwVH3hA6h1nx9AtQKF2.jpg?q=90&f=webp&w=1024,,,330000.0,323000,VAT 포함,톡스앤필(제주점),,,"튠라이너 #입체초음파 입체초음파를 이용하여 지방세포를 선택적으로 파괴 #탄력개선 #얼굴라인개선 늘어진 심부볼, 이중턱 등 지방이 많은 부위에 시술하여 탄력과 라인을 개선 #손상NO #반복시술OK 피부와 신경, 혈관등에 손상 NO, 반복 시술로도 체내에 부담은 DOWN 권장주기 2~3주 / 3회 이상 시술",VAT 포함,건조하고 탄력이 떨어진 피부가 고민인 분 / 리프팅 시술이 하고싶지만 통증이 두려운 분 / 탄탄한 피부와 갸름한 얼굴라인을 원하는 분 / 잔주름과 모공 개선 효과를 원하는 분,,,튠라이너 시술시간 30~50분 마취여부 마취없음 회복시간 약 3일 시술효과 2~4주 후,,,수요일 10:00 ~ 19:00 (점심 13:00 ~ 14:00) / 목요일 10:00 ~ 20:00 (점심 13:00 ~ 14:00) / 금요일 10:00 ~ 19:30 (점심 13:00 ~ 14:00) / 토요일 09:30 ~ 15:30 / 일요일 휴진 / 월요일 10:00 ~ 20:00 (점심 13:00 ~ 14:00),0508-0354-2777
https://www.yeoshin.co.kr/event/mobile/9005,,,,리프테라2 펜,"#피부과 전문의
#리프팅레이저
#타이트닝",https://d3gurpvil0se70.cloudfront.net/upfiles/images/product/HRXFyI56zdTFh5yzvA3DRxaQPuD5.png?q=90&f=webp&w=1024,8.6,361.0,42900.0,35900,VAT 포함,리엔장성형외과의원(본점),서울특별시 서초구 강남대로 403 (서초동) 14~18층(서초동)주소복사,전문의 7명 영어 응대 중국어 응대 일본어 응대,"리프테라 #다양한피부층 #타이트닝 피부 속 깊은 근막층(SMAS)까지 에너지를 전달시키는 리프팅 #피부재생 #잔주름개선 #V라인 자연스러운 피부 재생을 유도하여 탄력, V라인, 잔주름 등을 개선하는 효과 #굴곡진부분 #섬세한리프팅 펜 타입의 어플리케이터를 이용해 굴곡진 피부면도 꼼꼼한 시술이 가능!",VAT 포함,울퉁불퉁해진 얼굴 윤곽을 개선하고 싶은 분 / 피부의 전체적인 탄력 개선을 원하는 분 / 절개나 실을 이용한 리프팅은 부담스러운 분 / 이중턱이나 볼살 등 얼굴 지방 개선을 원하는 분,,,리프테라 시술시간 20~40분 마취여부 크림마취 회복시간 약 5일 시술효과 약 8주 후,,,수요일 10:00 ~ 20:00 / 목요일 10:00 ~ 20:00 / 금요일 10:00 ~ 20:00 / 토요일 09:30 ~ 17:00 / 일요일 11:00 ~ 17:00 / 월요일 10:00 ~ 20:00 / 일요일 : 휴진(글로벌센터만 운영),0508-0353-7084
https://www.yeoshin.co.kr/event/mobile/15471,,,,피부과전문의_리프테라2,"#피부과 전문의
#리프팅레이저
#타이트닝",https://d3gurpvil0se70.cloudfront.net/upfiles/images/product/VK7KugWsWMqHwYYs0ovFZE2OPpd1.jpg?q=90&f=webp&w=1024,10.0,2.0,77000.0,70000,VAT 포함,페이브피부과의원(용산),"서울특별시 용산구 한강대로 69 (한강로2가, 용산푸르지오써밋) 페이브피부과의원주소복사",전문의 1명 여의사 진료 수술실 CCTV 사후관리 영어 응대 중국어 응대 일본어 응대,"리프테라 #다양한피부층 #타이트닝 피부 속 깊은 근막층(SMAS)까지 에너지를 전달시키는 리프팅 #피부재생 #잔주름개선 #V라인 자연스러운 피부 재생을 유도하여 탄력, V라인, 잔주름 등을 개선하는 효과 #굴곡진부분 #섬세한리프팅 펜 타입의 어플리케이터를 이용해 굴곡진 피부면도 꼼꼼한 시술이 가능! 권장주기 2~4주 / 3~5회 이상 시술",VAT 포함,울퉁불퉁해진 얼굴 윤곽을 개선하고 싶은 분 / 피부의 전체적인 탄력 개선을 원하는 분 / 절개나 실을 이용한 리프팅은 부담스러운 분 / 이중턱이나 볼살 등 얼굴 지방 개선을 원하는 분,시술 특장점 다양한 피부층에 시술 SMAS층 뿐만 아니라 다양한 깊이의 피부층에 시술이 가능합니다. 특정한 피부층에 효과 리프팅에 필요한 열 에너지를 조사하여 특정한 피부층에 열 효과를 낼 수 있습니다. 굴곡진 부분까지 섬세하게 얼굴 모양선을 따라 굴곡진 부분까지 섬세하게 리프팅이 가능합니다.,"시술 시 부작용이 있나요? 비교적 간단한 시술로 부작용이 거의 없으나 개인마다 간지럼증이나 두드러기 반응이 있을 수 있습니다. 마취가 필요한가요? 통증이 적은 편이라 일반적인 경우 마취가 필요없지만, 민감한 환자의 경우에는 국소 연고마취크림을 시술 전에 진행하기도 합니다. 샷 수가 많을수록 효과가 더 좋은가요? 샷 수가 높아지면 효과는 크겠지만 개개인의 처짐 정도가 다르기 때문에 충분한 상담 후 1:1 맞춤으로 적정 샷 수를 권장 받으시길 바랍니다. 색소 레이저나 필러도 같이 시술 가능한가요? 색소 레이저나 필러 모두 하루에도 같은 날 진행이 가능하십니다~ 보통 레이저를 먼저 진행하고, 필러나 주사시술을 나중에 하게됩니다~ 한번 시술하면 시술 받은 상태가 계속 유지 되나요? 시술 후에도 피부노화는 계속 진행되기 때문에 유지 및 노화 예방 차원에서 주기적으로 시술하시길 권장드립니다.",리프테라 시술시간 20~40분 마취여부 크림마취 회복시간 5일 시술효과 8주 후,"주의사항 1 시술 후 세안 및 메이크업이 가능하며, 저자극 클렌저 사용을 권장합니다. 2 초음파 열의 효과적인 유지를 위해 약 3일간은 미온수로 세안해주세요. 3 시술 후 일주일 정도 필링 시술, 스크럽 제품의 사용을 피해주세요. 4 일시적으로 피부가 욱신거리거나 부기, 멍, 붉음증이 나타날 수 있습니다. 5 외출 시 자외선 차단 및 보습제 도포에 꼼꼼히 신경 써주세요. 6 콜라겐 재생을 위해 야채나 비타민을 먹는 것도 도움이 됩니다. 7 피부에 자극이 가는 행동은 하지 않도록 해주세요. 8 드물게 가려움증이 나타날 수 있지만 금방 회복 되는 것이 정상입니다. 9 시술 후 약 1~2주 동안 얼굴에 통증이 있을 수 있습니다. 10 수분과 비타민 C를 충분히 섭취해주시면 효과를 더욱 높일 수 있습니다.",,수요일 휴진 / 목요일 10:00 ~ 20:00 (점심 13:00 ~ 14:00) / 금요일 10:00 ~ 20:00 (점심 13:00 ~ 14:00) / 토요일 09:30 ~ 15:00 / 일요일 휴진 / 월요일 10:00 ~ 20:00 (점심 13:00 ~ 14:00) / (공휴일이 있는 주는 수요일 정상진료),0508-0353-1618
https://www.yeoshin.co.kr/event/mobile/3260,,,,피부과전문의_원데이 아이리프팅,"#피부과 전문의
#리프팅레이저
#타이트닝",https://d3gurpvil0se70.cloudfront.net/upfiles/images/product/diUuc1BvoYUxOkot5TKKlvsfmDq7.jpg?q=90&f=webp&w=1024,,,220000.0,213000,VAT 포함,페이브피부과의원(용산),"서울특별시 용산구 한강대로 69 (한강로2가, 용산푸르지오써밋) 페이브피부과의원주소복사",전문의 1명 여의사 진료 수술실 CCTV 사후관리 영어 응대 중국어 응대 일본어 응대,"리프테라 #다양한피부층 #타이트닝 피부 속 깊은 근막층(SMAS)까지 에너지를 전달시키는 리프팅 #피부재생 #잔주름개선 #V라인 자연스러운 피부 재생을 유도하여 탄력, V라인, 잔주름 등을 개선하는 효과 #굴곡진부분 #섬세한리프팅 펜 타입의 어플리케이터를 이용해 굴곡진 피부면도 꼼꼼한 시술이 가능! 권장주기 2주 / 3회 이상 시술",VAT 포함,처진 피부가 고민인 분 / 처진 이마와 눈썹이 고민인 분 / 절개나 실을 이용한 리프팅은 부담스러운 분 / 리프팅 시술이 하고싶지만 통증이 두려운 분,,시술 시 부작용이 있나요? 비교적 간단한 시술로 부작용이 거의 없으나 개인마다 간지럼증이나 두드러기 반응이 있을 수 있습니다. 언제부터 효과가 나타나나요? 개인에 따라 다르지만 약 8주후부터 눈에 띄는 효과가 나타나는 편입니다.,리프테라 시술시간 20~40분 마취여부 크림마취 회복시간 5일 시술효과 8주 후,"주의사항 1 세안 및 메이크업 가능하며, 저자극클렌저를 사용합니다. 2 시술 후 3일간은 미온수로 세안을 권장합니다. 3 1주일은 사우나, 음주, 필링은 피해주세요.",,수요일 휴진 / 목요일 10:00 ~ 20:00 (점심 13:00 ~ 14:00) / 금요일 10:00 ~ 20:00 (점심 13:00 ~ 14:00) / 토요일 09:30 ~ 15:00 / 일요일 휴진 / 월요일 10:00 ~ 20:00 (점심 13:00 ~ 14:00) / (공휴일이 있는 주는 수요일 정상진료),0508-0353-1618
https://www.yeoshin.co.kr/event/mobile/24300,,,,피부과전문의 남성 맨즈케어 4주패키지,"#피부과 전문의
#리프팅레이저
#타이트닝",https://d3gurpvil0se70.cloudfront.net/upfiles/images/product/1xyOvDmviRpKiy5H2PquYT3JvLG4.jpg?q=90&f=webp&w=1024,,,1320000.0,1313000,VAT 포함,페이브피부과의원(용산),"서울특별시 용산구 한강대로 69 (한강로2가, 용산푸르지오써밋) 페이브피부과의원주소복사",전문의 1명 여의사 진료 수술실 CCTV 사후관리 영어 응대 중국어 응대 일본어 응대,"리프테라 #다양한피부층 #타이트닝 피부 속 깊은 근막층(SMAS)까지 에너지를 전달시키는 리프팅 #피부재생 #잔주름개선 #V라인 자연스러운 피부 재생을 유도하여 탄력, V라인, 잔주름 등을 개선하는 효과 #굴곡진부분 #섬세한리프팅 펜 타입의 어플리케이터를 이용해 굴곡진 피부면도 꼼꼼한 시술이 가능! 권장주기 2주 / 3회 이상 시술",VAT 포함,울퉁불퉁해진 얼굴 윤곽을 개선하고 싶은 분 / 피부의 전체적인 탄력 개선을 원하는 분 / 절개나 실을 이용한 리프팅은 부담스러운 분 / 이중턱이나 볼살 등 얼굴 지방 개선을 원하는 분,시술 특장점 다양한 피부층에 시술 SMAS층 뿐만 아니라 다양한 깊이의 피부층에 시술이 가능합니다. 특정한 피부층에 효과 리프팅에 필요한 열 에너지를 조사하여 특정한 피부층에 열 효과를 냅니다. 굴곡진 부분까지 섬세하게 얼굴 모양선을 따라 굴곡진 부분까지 섬세하게 리프팅이 가능합니다.,"시술 시 부작용이 있나요? 비교적 간단한 시술로 부작용이 거의 없으나 개인마다 간지럼증이나 두드러기 반응이 있을 수 있습니다. 마취가 필요한가요? 통증이 적은 편이라 일반적인 경우 마취가 필요없지만, 민감한 환자의 경우에는 국소 마취크림을 시술 전에 진행하기도 합니다.",리프테라 시술시간 20~40분 마취여부 크림마취 회복시간 약 5일 시술효과 약 8주 후,"주의사항 1 시술 후 세안 및 메이크업이 가능하며, 저자극 클렌저 사용을 권장합니다. 2 초음파 열의 효과적인 유지를 위해 약 3일간은 미온수로 세안해주세요. 3 시술 후 일주일 정도 필링 시술, 스크럽 제품의 사용을 피해주세요.",,수요일 휴진 / 목요일 10:00 ~ 20:00 (점심 13:00 ~ 14:00) / 금요일 10:00 ~ 20:00 (점심 13:00 ~ 14:00) / 토요일 09:30 ~ 15:00 / 일요일 휴진 / 월요일 10:00 ~ 20:00 (점심 13:00 ~ 14:00) / (공휴일이 있는 주는 수요일 정상진료),0508-0353-1618
https://www.yeoshin.co.kr/event/mobile/11773,,,,리프테라 리프팅 3000샷,"#리프팅레이저
#타이트닝",https://d3gurpvil0se70.cloudfront.net/upfiles/images/product/yI568SZ9rk2a9o5n3nCAGfRWVfS1.jpg?q=90&f=webp&w=1024,9.3,30.0,99000.0,92000,VAT 포함,뷰티크의원(방배이수점),,,리프테라 리프테라 리프팅 HIFU 리프테라 리프팅은 피부 속에 열 에너지를 집속하여 진피층의 콜라겐 열 자극과 늘어진 SMAS층에 열응고점을 만들어주어 노화로 인해 처진 피부를 리프팅해주는 비수술적 안티에이징 시술입니다. 권장주기 2주 / 3회 이상 시술,VAT 포함,처진 이마와 눈썹이 고민인 분 / 이중턱이나 볼살 등 얼굴 지방 개선을 원하는 분 / 처진 피부가 고민인 분,,,리프테라 시술시간 30분 마취여부 냉각마취 회복시간 5일 시술효과 8주 후,,,수요일 11:00 ~ 20:00 / 목요일 11:00 ~ 20:00 / 금요일 11:00 ~ 20:00 / 토요일 10:00 ~ 16:30 / 일요일 휴진 / 월요일 11:00 ~ 20:00 / 공휴일은 휴진입니다.,0507-0094-5649
https://www.yeoshin.co.kr/event/mobile/7236,,,,[대표원장님 시술]리프테라3000샷 9만,"#리프팅레이저
#타이트닝",https://d3gurpvil0se70.cloudfront.net/upfiles/images/product/sw9vWxNjcbZIn9PBqOQxtXKIpfz2.jpg?q=90&f=webp&w=1024,10.0,6.0,90000.0,83000,VAT 포함,수지의원,"서울특별시 송파구 가락로 99, 3층 301호 (석촌동) 수지의원주소복사",전문의 1명,"리프테라 #다양한피부층 #타이트닝 피부 속 깊은 근막층(SMAS)까지 에너지를 전달시키는 리프팅 #피부재생 #잔주름개선 #V라인 자연스러운 피부 재생을 유도하여 탄력, V라인, 잔주름 등을 개선하는 효과 #굴곡진부분 #섬세한리프팅 펜 타입의 어플리케이터를 이용해 굴곡진 피부면도 꼼꼼한 시술이 가능! 권장주기 2주 / 3회 이상 시술",VAT 포함,울퉁불퉁해진 얼굴 윤곽을 개선하고 싶은 분 / 피부의 전체적인 탄력 개선을 원하는 분 / 절개나 실을 이용한 리프팅은 부담스러운 분 / 이중턱이나 볼살 등 얼굴 지방 개선을 원하는 분,시술 특장점 다양한 피부층에 시술 SMAS층 뿐만 아니라 다양한 깊이의 피부층에 시술이 가능합니다. 특정한 피부층에 효과 리프팅에 필요한 열 에너지를 조사하여 특정한 피부층에 열 효과를 냅니다. 굴곡진 부분까지 섬세하게 얼굴 모양선을 따라 굴곡진 부분까지 섬세하게 리프팅이 가능합니다.,"시술 시 부작용이 있나요? 비교적 간단한 시술로 부작용이 거의 없으나 개인마다 간지럼증이나 두드러기 반응이 있을 수 있습니다. 마취가 필요한가요? 통증이 적은 편이라 일반적인 경우 마취가 필요없지만, 민감한 환자의 경우에는 국소 마취크림을 시술 전에 진행하기도 합니다.",리프테라 시술시간 20~40분 마취여부 마취연고 회복시간 약 5일 시술효과 약 8주 후,"주의사항 1 시술 후 세안 및 메이크업이 가능하며, 저자극 클렌저 사용을 권장합니다. 2 초음파 열의 효과적인 유지를 위해 약 3일간은 미온수로 세안해주세요. 3 시술 후 일주일 정도 필링 시술, 스크럽 제품의 사용을 피해주세요.",,수요일 14:00 ~ 21:00 / 목요일 10:00 ~ 19:00 (점심 13:00 ~ 14:00) / 금요일 10:00 ~ 19:00 (점심 13:00 ~ 14:00) / 토요일 10:00 ~ 14:00 / 일요일 휴진 / 월요일 10:00 ~ 19:00 (점심 13:00 ~ 14:00),0508-0353-3111
https://www.yeoshin.co.kr/event/mobile/8979,,,,빈틈없이 탄력UP! 리프테라,"#리프팅레이저
#타이트닝",https://d3gurpvil0se70.cloudfront.net/upfiles/images/product/tvOJycZ9cvjXYhDsIAW0Lbyo1nT4.png?q=90&f=webp&w=1024,9.5,19.0,31900.0,24900,VAT 포함,리엔장의원(목동점),서울시 양천구 오목로 325 리엔장의원(목동점)주소복사,전문의 1명 중국어 응대,"리프테라 #다양한피부층 #타이트닝 피부 속 깊은 근막층(SMAS)까지 에너지를 전달시키는 리프팅 #피부재생 #잔주름개선 #V라인 자연스러운 피부 재생을 유도하여 탄력, V라인, 잔주름 등을 개선하는 효과 #굴곡진부분 #섬세한리프팅 펜 타입의 어플리케이터를 이용해 굴곡진 피부면도 꼼꼼한 시술이 가능! 권장주기 2주 / 3회 이상 시술",VAT 포함,울퉁불퉁해진 얼굴 윤곽을 개선하고 싶은 분 / 피부의 전체적인 탄력 개선을 원하는 분 / 절개나 실을 이용한 리프팅은 부담스러운 분 / 이중턱이나 볼살 등 얼굴 지방 개선을 원하는 분,,,리프테라 시술시간 20~40분 마취여부 크림마취 회복시간 약 5일 시술효과 약 8주 후,,,수요일 10:00 ~ 20:00 (점심 13:00 ~ 14:00) / 목요일 10:00 ~ 20:00 (점심 13:00 ~ 14:00) / 금요일 10:00 ~ 20:00 (점심 13:00 ~ 14:00) / 토요일 09:00 ~ 16:00 / 일요일 휴진 / 월요일 10:00 ~ 20:00 (점심 13:00 ~ 14:00),0508-0353-1953
https://www.yeoshin.co.kr/event/mobile/26040,,,,대구 리프테라+조각주사,"#리프팅레이저
#타이트닝",https://d3gurpvil0se70.cloudfront.net/upfiles/images/product/eOjs68n4iAsU8OlZB2Mn67Sp1WR9.jpg?q=90&f=webp&w=1024,,,297000.0,290000,VAT 포함,에디트의원,"대구광역시 수성구 달구벌대로 2442 (범어동) 7층, 702호주소복사",,,VAT 포함,,,,리프테라 시술시간 20~40분 마취여부 크림마취 회복시간 약 5일 시술효과 약 8주 후,,크림마취 국소마취,수요일 10:00 ~ 20:00 (점심 13:00 ~ 14:30) / 목요일 10:00 ~ 20:00 (점심 13:00 ~ 14:30) / 금요일 10:00 ~ 20:00 (점심 13:00 ~ 14:30) / 토요일 10:00 ~ 17:00 (점심 13:00 ~ 14:00) / 일요일 휴진 / 월요일 10:00 ~ 20:00 (점심 13:00 ~ 14:30),"대구광역시 수성구 달구벌대로 2442, ,동소 189-34, 7층 702호(범어 동)"
https://www.yeoshin.co.kr/event/mobile/26877,,,,리프팅 레이저 : 리프테라,"#리프팅레이저
#타이트닝",https://d3gurpvil0se70.cloudfront.net/upfiles/images/product/rd626RdlyajAMEAuRQS9Oll8J1F5.jpg?q=90&f=webp&w=1024,,,41800.0,34800,VAT 포함,벨로아의원,크림마취,전문의 1명 여의사 진료 사후관리,"리프테라 #다양한피부층 #타이트닝 피부 속 깊은 근막층(SMAS)까지 에너지를 전달시키는 리프팅 #피부재생 #잔주름개선 #V라인 자연스러운 피부 재생을 유도하여 탄력, V라인, 잔주름 등을 개선하는 효과 #굴곡진부분 #섬세한리프팅 펜 타입의 어플리케이터를 이용해 굴곡진 피부면도 꼼꼼한 시술이 가능! 권장주기 2주 / 3회 이상 시술",VAT 포함,울퉁불퉁해진 얼굴 윤곽을 개선하고 싶은 분 / 피부의 전체적인 탄력 개선을 원하는 분 / 절개나 실을 이용한 리프팅은 부담스러운 분 / 이중턱이나 볼살 등 얼굴 지방 개선을 원하는 분,시술 특장점 다양한 피부층에 시술 SMAS층 뿐만 아니라 다양한 깊이의 피부층에 시술이 가능합니다. 특정한 피부층에 효과 리프팅에 필요한 열 에너지를 조사하여 특정한 피부층에 열 효과를 냅니다. 굴곡진 부분까지 섬세하게 얼굴 모양선을 따라 굴곡진 부분까지 섬세하게 리프팅이 가능합니다.,"시술 시 부작용이 있나요? 비교적 간단한 시술로 부작용이 거의 없으나 개인마다 간지럼증이나 두드러기 반응이 있을 수 있습니다. 마취가 필요한가요? 통증이 적은 편이라 일반적인 경우 마취가 필요없지만, 민감한 환자의 경우에는 국소 마취크림을 시술 전에 진행하기도 합니다.",리프테라 시술시간 20~40분 마취여부 크림마취 회복시간 약 5일 시술효과 약 8주 후,"주의사항 1 시술 후 세안 및 메이크업이 가능하며, 저자극 클렌저 사용을 권장합니다. 2 초음파 열의 효과적인 유지를 위해 약 3일간은 미온수로 세안해주세요. 3 시술 후 일주일 정도 필링 시술, 스크럽 제품의 사용을 피해주세요.",크림마취,수요일 10:00 ~ 19:00 (점심 13:00 ~ 14:00) / 목요일 10:00 ~ 20:30 (점심 13:00 ~ 14:00) / 금요일 10:00 ~ 19:00 (점심 13:00 ~ 14:00) / 토요일 09:30 ~ 14:30 / 일요일 휴진 / 월요일 10:00 ~ 19:00 (점심 13:00 ~ 14:00),050803543291
https://www.yeoshin.co.kr/event/mobile/15953,,,,리프테라,"#리프팅레이저
#타이트닝",https://d3gurpvil0se70.cloudfront.net/upfiles/images/product/Nd8ymKdiqVPDUcE98HBJvJf9cQW6.jpg?q=90&f=webp&w=1024,9.8,4.0,27500.0,20500,VAT 포함,제이린의원(서면점),,,"리프테라 #다양한피부층 #타이트닝 피부 속 깊은 근막층(SMAS)까지 에너지를 전달시키는 리프팅 #피부재생 #잔주름개선 #V라인 자연스러운 피부 재생을 유도하여 탄력, V라인, 잔주름 등을 개선하는 효과 #굴곡진부분 #섬세한리프팅 펜 타입의 어플리케이터를 이용해 굴곡진 피부면도 꼼꼼한 시술이 가능! 권장주기 2주 / 3회 이상 시술",VAT 포함,울퉁불퉁해진 얼굴 윤곽을 개선하고 싶은 분 / 피부의 전체적인 탄력 개선을 원하는 분 / 절개나 실을 이용한 리프팅은 부담스러운 분 / 이중턱이나 볼살 등 얼굴 지방 개선을 원하는 분,,,리프테라 시술시간 10분 마취여부 크림마취 회복시간 당일 시술효과 3~4주 후,,,수요일 10:30 ~ 19:00 (점심 13:00 ~ 14:30) / 목요일 10:30 ~ 19:00 (점심 13:00 ~ 14:30) / 금요일 10:30 ~ 20:00 (점심 13:00 ~ 14:30) / 토요일 10:30 ~ 14:30 / 일요일 휴진 / 월요일 10:30 ~ 20:00 (점심 13:00 ~ 14:30),0508-0354-2276
https://www.yeoshin.co.kr/event/mobile/14626,,,,리프테라1000샷,"#리프팅레이저
#타이트닝",https://d3gurpvil0se70.cloudfront.net/upfiles/images/product/zbilMndaxwlfIRG0eJiDOVbGcPp.jpg?q=90&f=webp&w=1024,9.2,31.0,49500.0,42500,VAT 포함,비오페이스의원,크림마취,수술실 CCTV 응급처치 시스템 영어 응대 중국어 응대 일본어 응대,,VAT 포함,,,,리프테라 시술시간 30분 마취여부 냉각마취 회복시간 5일 시술효과 8주 후,,크림마취 수면마취 비수면 무통마취 국소마취,수요일 10:00 ~ 20:00 (점심 13:00 ~ 14:00) / 목요일 10:00 ~ 19:00 (점심 13:00 ~ 14:00) / 금요일 10:00 ~ 20:00 (점심 13:00 ~ 14:00) / 토요일 10:00 ~ 16:00 / 일요일 휴진 / 월요일 10:00 ~ 20:00 (점심 13:00 ~ 14:00),0508-0353-7263
https://www.yeoshin.co.kr/event/mobile/24763,,,,촘촘하게 땡겨주는 리프테라 리프팅,"#리프팅레이저
#타이트닝",https://d3gurpvil0se70.cloudfront.net/upfiles/images/product/lCEERtfZwXGa3vHW9xZFItCmG5i3.jpg?q=90&f=webp&w=1024,,,99000.0,92000,VAT 포함,용인미하나의원,경기도 용인시 처인구 금령로 86 용인미하나의원주소복사,전문의 1명,"리프테라 #다양한피부층 #타이트닝 피부 속 깊은 근막층(SMAS)까지 에너지를 전달시키는 리프팅 #피부재생 #잔주름개선 #V라인 자연스러운 피부 재생을 유도하여 탄력, V라인, 잔주름 등을 개선하는 효과 #굴곡진부분 #섬세한리프팅 펜 타입의 어플리케이터를 이용해 굴곡진 피부면도 꼼꼼한 시술이 가능!",VAT 포함,울퉁불퉁해진 얼굴 윤곽을 개선하고 싶은 분 / 피부의 전체적인 탄력 개선을 원하는 분 / 절개나 실을 이용한 리프팅은 부담스러운 분 / 이중턱이나 볼살 등 얼굴 지방 개선을 원하는 분,시술 특장점 다양한 피부층에 시술 SMAS층 뿐만 아니라 다양한 깊이의 피부층에 시술이 가능합니다. 특정한 피부층에 효과 리프팅에 필요한 열 에너지를 조사하여 특정한 피부층에 열 효과를 냅니다. 굴곡진 부분까지 섬세하게 얼굴 모양선을 따라 굴곡진 부분까지 섬세하게 리프팅이 가능합니다.,"시술 시 부작용이 있나요? 비교적 간단한 시술로 부작용이 거의 없으나 개인마다 간지럼증이나 두드러기 반응이 있을 수 있습니다. 마취가 필요한가요? 통증이 적은 편이라 일반적인 경우 마취가 필요없지만, 민감한 환자의 경우에는 국소 마취크림을 시술 전에 진행하기도 합니다.",리프테라 시술시간 20~40분 마취여부 마취없음 회복시간 약 5일 시술효과 약 2~4주,"주의사항 1 시술 후 세안 및 메이크업이 가능하며, 저자극 클렌저 사용을 권장합니다. 2 초음파 열의 효과적인 유지를 위해 약 3일간은 미온수로 세안해주세요. 3 시술 후 일주일 정도 필링 시술, 스크럽 제품의 사용을 피해주세요.",,수요일 10:00 ~ 20:30 (점심 13:00 ~ 14:00) / 목요일 10:00 ~ 20:30 (점심 13:00 ~ 14:00) / 금요일 10:00 ~ 20:30 (점심 13:00 ~ 14:00) / 토요일 10:00 ~ 16:30 / 일요일 휴진 / 월요일 10:00 ~ 20:30 (점심 13:00 ~ 14:00),0508-0353-9926
https://www.yeoshin.co.kr/event/mobile/26742,,,,리프팅 끝판왕! 세르프 탄력 개선 풀페이스,"#리프팅레이저
#타이트닝",https://d3gurpvil0se70.cloudfront.net/upfiles/images/product/EIaaCqRkpmOlCXIzu07DpvqhfTs2.jpg?q=90&f=webp&w=1024,10.0,1.0,980000.0,973000,VAT 포함,청담엔샤인의원,크림마취,전문의 1명 여의사 진료 수술실 CCTV 중국어 응대,"세르프 #통증DOWN #쿨링시스템 #편안함 강력한 쿨링 시스템이 피부 표면 온도를 시술과 동시에 즉각적으로 낮춥니다. 뜨거운 고주파 에너지에 의한 통증과 피부 자극을 최소화하여, 시술 강도를 효과적으로 높일 때도 고객님은 편안하고 안정적인 경험을 하실 수 있습니다. 통증에 민감하신 분들도 안심하고 시술 받으실 수 있습니다. #시술시간DOWN #빠른일상복귀 #간편 약 20~30분 내외의 짧은 시술 시간으로 바쁜 일상 중에도 부담 없이 리프팅 관리가 가능합니다. 비침습(수술 없이) 방식으로 진행되며, 멍이나 붓기가 적어 시술 직후에도 바로 일상생활에 복귀하실 수 있습니다. 시간을 절약하면서도 드라마틱한 탄력 개선 효과를 얻을 수 있는 간편한 시술입니다. #섬세한디자인 #원장님노하우 #빈틈없이 대표 원장님의 오랜 경험과 숙련된 노하우를 바탕으로, 고객님의 얼굴형과 처짐 상태에 따라 에너지 조사 지점과 깊이를 섬세하게 디자인합니다. 4가지 맞춤 팁을 활용하여 턱선, 볼살, 목주름 등 고민 부위에 빈틈없이 에너지를 전달하여, 개인 맞춤형 리프팅 효과를 극대화합니다. 권장주기 6~12개월 / 1회 시술",VAT 포함,노화로 인한 탄력 저하가 고민인 분 / 늘어지고 처진 피부의 리프팅을 원하는 분 / 탄력없는 피부와 잔주름이 고민인 분 / 자연스러운 리프팅을 원하는 분,,,세르프 시술시간 20~30분 마취여부 연고마취 회복시간 약 1~3일 시술효과 1개월 후,,크림마취 국소마취,수요일 휴진 / 목요일 10:00 ~ 19:00 / 금요일 10:00 ~ 20:00 / 토요일 10:00 ~ 15:00 / 일요일 휴진 / 월요일 10:00 ~ 19:00,0508-0353-5899
https://www.yeoshin.co.kr/event/mobile/26607,,,,BTQ 세르프 (최고 출력 시술),"#리프팅레이저
#타이트닝",https://d3gurpvil0se70.cloudfront.net/upfiles/images/product/TVMeTrDvOCqcIf2wyCM0Vs8FpN23.jpg?q=90&f=webp&w=1024,10.0,6.0,1210000.0,1203000,VAT 포함,비티큐의원,크림마취,전문의 1명 여의사 진료 전담회복실 중국어 응대 피부진단기 F-RAY 촬영 >,세르프 #2가지파장 #모노폴라 #고주파 2가지 파장을 사용해 피부층에 따라 열에너지를 선택적으로 전달 #4가지팁 용도에 맞는 4가지 팁을 사용하여 얼굴과 바디윤곽 개선 #쿨링시스템 #통증완화 시술 강도에 따라 표피 온도를 낮춰서 피부자극 DOWN 권장주기 6~12개월 / 1회 시술,VAT 포함,노화로 인한 탄력 저하가 고민인 분 / 늘어지고 처진 피부의 리프팅을 원하는 분 / 탄력없는 피부와 잔주름이 고민인 분 / 자연스러운 리프팅을 원하는 분,시술 특장점 정밀한 피부층 타깃 시술 피부층별로 효과적인 자극을 제공하여 콜라겐 재생과 리프팅 효과를 유도합니다. 비침습적 고주파 시술 비침습적으로 진피층까지 에너지를 전달하여 피부의 자극을 최소화합니다.,통증은 어느 정도인가요? 개인차가 있으나 대부분의 경우 경미한 따끔거림 정도로 통증이 적은 편입니다. 시술 후 일상생활은 언제부터 가능한가요? 다운타임이 거의 없어 시술 직후 일상생활이 가능합니다.,세르프 시술시간 20~30분 마취여부 마취없음 회복시간 약 1~3일 시술효과 1개월 후,주의사항 1 시술 후 하루는 사우나 및 뜨거운 샤워를 피해주세요. 2 시술 부위를 문지르거나 세게 누르지 마세요. 3 시술당일 음주 및 격한 운동은 자제해주세요.,크림마취 가글마취 비수면 무통마취 국소마취,수요일 10:00 ~ 20:00 / 목요일 10:00 ~ 20:00 / 금요일 10:00 ~ 20:00 / 토요일 10:00 ~ 16:00 / 일요일 휴진 / 월요일 10:00 ~ 20:00 / 공휴일 : 10:00 ~ 16:00,050803542323
https://www.yeoshin.co.kr/event/mobile/24322,,,,저통증 세르프리프팅_원장지정가능,"#리프팅레이저
#타이트닝",https://d3gurpvil0se70.cloudfront.net/upfiles/images/product/7A7kWyTjwuMPlHurTE0B3fpNISM9.jpg?q=90&f=webp&w=1024,9.8,18.0,870000.0,863000,VAT 포함,네스트의원(강남),"서울특별시 서초구 강남대로 453 (서초동) 서초빌딩 4층, 5층주소복사",전문의 1명 여의사 진료 영어 응대,,VAT 포함,,,,세르프 시술시간 20~30분 마취여부 마취없음 회복시간 약 1~3일 시술효과 1개월 후,,,수요일 10:30 ~ 20:00 / 목요일 10:30 ~ 20:00 / 금요일 10:30 ~ 20:00 / 토요일 10:00 ~ 17:00 / 일요일 휴진 / 월요일 10:30 ~ 20:00,0508-0353-4665
https://www.yeoshin.co.kr/event/mobile/27558,,,,대표원장 커스텀 디자인 세르프 특가,"#리프팅레이저
#타이트닝",https://d3gurpvil0se70.cloudfront.net/upfiles/images/product/Z0hT4z6ag0ajN3VDg7bM8cOwrs57.jpg?q=90&f=webp&w=1024,,,858000.0,851000,VAT 포함,비욘드의원,크림마취,여의사 진료 응급처치 시스템 분야별 협진 사후관리 피부진단기 F-RAY 촬영 >,"세르프 #2가지파장 #모노폴라 #고주파 2가지 파장을 사용해 피부층에 따라 열에너지를 선택적으로 전달 #쿨링시스템 #통증완화 시술 강도에 따라 표피 온도를 낮춰서 피부자극 DOWN #비수술적 #콜라겐재생 #탄력회복 비수술적 방법으로 콜라겐 재생을 유도하여 피부 본래의 탄력회복 및 얼굴 주름, 이중턱, 떨어진 피부탄력 등을 개선 권장주기 6~12개월 / 1회 시술",VAT 포함,노화로 인한 탄력 저하가 고민인 분 / 늘어지고 처진 피부의 리프팅을 원하는 분 / 탄력없는 피부와 잔주름이 고민인 분 / 자연스러운 리프팅을 원하는 분,,,세르프 시술시간 20~30분 마취여부 크림마취 회복시간 약 1~3일 시술효과 1개월 후,,크림마취 수면마취,수요일 휴진 / 목요일 10:00 ~ 19:00 (점심 14:00 ~ 15:00) / 금요일 10:00 ~ 20:00 (점심 14:00 ~ 15:00) / 토요일 10:00 ~ 16:00 / 일요일 휴진 / 월요일 10:00 ~ 20:00 (점심 14:00 ~ 15:00),050803543468
https://www.yeoshin.co.kr/event/mobile/26414,,,,세르프 맛집 300샷 단독 특가,"#리프팅레이저
#타이트닝",https://d3gurpvil0se70.cloudfront.net/upfiles/images/product/gTlo2KHVsfKFHL7tWCwHhAYg5Ej8.jpg?q=90&f=webp&w=1024,9.8,6.0,790000.0,783000,VAT 포함,퀸스유피에스의원,크림마취,전문의 1명 여의사 진료 분야별 협진 사후관리,세르프 #2가지파장 #모노폴라 #고주파 듀얼 모노폴라RF를 사용해 피부층에 따라 열에너지를 선택적으로 전달하여 리프팅 효과 #넓은 팁으로 더 많은 에너지 전달 넓은 팁을 사용하여 얼굴 전체 처짐과 윤곽 개선 #쿨링시스템 #통증완화 시술 강도에 따라 표피 온도를 낮춰서 피부자극 DOWN 권장주기 6~12개월 / 1~3회 시술,VAT 포함,노화로 인한 탄력 저하가 고민인 분 / 늘어지고 처진 피부의 리프팅을 원하는 분 / 탄력없는 피부와 잔주름이 고민인 분 / 자연스러운 리프팅을 원하는 분,,,세르프 시술시간 30분~50분 마취여부 마취없음 회복시간 약 1~3일 시술효과 1개월 후,,크림마취,수요일 10:00 ~ 19:00 (점심 13:00 ~ 14:00) / 목요일 10:00 ~ 19:00 (점심 13:00 ~ 14:00) / 금요일 10:00 ~ 20:00 (점심 13:00 ~ 14:00) / 토요일 10:00 ~ 16:00 / 일요일 휴진 / 월요일 10:00 ~ 20:00 (점심 13:00 ~ 14:00),0508-0353-8045
https://www.yeoshin.co.kr/event/mobile/21011,,,,통증 거의 없이예뻐지자! 엔샤인 온다쎄르프,"#리프팅레이저
#타이트닝",https://d3gurpvil0se70.cloudfront.net/upfiles/images/product/Vvfhg5RjiLfJdYj4xBohif9yR49.png?q=90&f=webp&w=1024,,,,1263000,,청담엔샤인의원,크림마취,전문의 1명 여의사 진료 수술실 CCTV 중국어 응대,"리프팅레이저 #대표원장직접시술 #맞춤형동안 세심한 시술, 뛰어난 감각, 맞춤형 동안 시술 #콜라겐재생 #탄력회복 콜라겐 재생을 유도하여 피부 본래의 탄력회복을 기대 #비수술적 #간편시술#탄력윤곽개선 피부의 전반적인 탄력과 얼굴 윤곽 개선에 효과적 비수술적 방법으로 얼굴 주름, 이중턱, 떨어진 피부탄력 등을 개선 권장주기 1~3개월 / 3회 이상 시술",,피부의 전체적인 탄력 개선을 원하는 분 / 두툼한 이중턱이 고민인 분 / 비수술적인 방법으로 V라인을 원하는 분 / 얼굴살로 인해 얼굴이 커 보이는 분,시술 특장점 부담 적은 시술 비수술적 방법으로 시술에 대한 부담이 적고 일상생활에 지장이 거의 없습니다. 매끄럽고 탄탄한 얼굴라인 주름지고 처진 피부를 레이저로 자극하여 얼굴선을 매끄럽고 탄탄하게 개선합니다.,"시술 후 부작용이 있나요? 부기, 붉은기, 감각이 둔해지는 증상, 통증 등이 일시적으로 발생할 수 있으며, 자연스럽게 호전됩니다. 어느 부위에 받을 수 있나요? 탄력과 잔주름 개선이 필요한 팔자, 이마, 미간, 눈가, 볼 등 얼굴 전체에 받을 수 있습니다.",리프팅레이저 시술시간 40~60분 마취여부 크림마취 회복시간 약 3일 시술효과 1달 후,"주의사항 1 시술 부위를 강하게 마사지하거나 누르지 마세요. 2 시술 후 붉은 기, 붓기가 일시적으로 나타날 수 있습니다. 3 세안은 미온수로 하시고, 저자극 클렌저를 사용해주세요.",크림마취 국소마취,수요일 휴진 / 목요일 10:00 ~ 19:00 / 금요일 10:00 ~ 20:00 / 토요일 10:00 ~ 15:00 / 일요일 휴진 / 월요일 10:00 ~ 19:00,0508-0353-5899
https://www.yeoshin.co.kr/event/mobile/20757,,,,명동루비_세르프리프팅,"#리프팅레이저
#타이트닝",https://d3gurpvil0se70.cloudfront.net/upfiles/images/product/vA4k4kVMPbI9UR9dHaGqTdQt7WD7.jpg?q=90&f=webp&w=1024,8.9,9.0,121000.0,114000,VAT 포함,루비의원(명동점),,,,VAT 포함,,,,리프팅레이저 시술시간 40~60분 마취여부 크림마취 회복시간 약 3일 시술효과 2~3달 후,,,수요일 10:30 ~ 20:30 (점심 13:30 ~ 15:00) / 목요일 10:30 ~ 20:30 (점심 13:30 ~ 15:00) / 금요일 10:30 ~ 20:30 (점심 13:30 ~ 15:00) / 토요일 10:00 ~ 16:00 / 일요일 12:00 ~ 17:00 / 월요일 10:30 ~ 20:30 (점심 13:30 ~ 15:00),0508-0353-8508
https://www.yeoshin.co.kr/event/mobile/26771,,,,반하다 세르프리프팅,"#리프팅레이저
#타이트닝",https://d3gurpvil0se70.cloudfront.net/upfiles/images/product/Zcu4ec6zrFzoJHBFJc5IOFZsVyj5.jpg?q=90&f=webp&w=1024,,,330000.0,323000,VAT 포함,반하다의원,"서울 강남구 논현로 822 3층(신사동, 로뎀빌딩)주소복사",수술실 CCTV 응급처치 시스템 기본 입원실 사후관리,세르프 #2가지파장 #모노폴라 #고주파 2가지 파장을 사용해 피부층에 따라 열에너지를 선택적으로 전달 #4가지팁 용도에 맞는 4가지 팁을 사용하여 얼굴과 바디윤곽 개선 #쿨링시스템 #통증완화 시술 강도에 따라 표피 온도를 낮춰서 피부자극 DOWN 권장주기 6~12개월 / 1회 시술,VAT 포함,노화로 인한 탄력 저하가 고민인 분 / 늘어지고 처진 피부의 리프팅을 원하는 분 / 탄력없는 피부와 잔주름이 고민인 분 / 자연스러운 리프팅을 원하는 분,,,세르프 시술시간 20~30분 마취여부 마취없음 회복시간 약 1~3일 시술효과 1개월 후,,,수요일 10:00 ~ 19:00 (점심 13:00 ~ 14:00) / 목요일 10:00 ~ 19:00 (점심 13:00 ~ 14:00) / 금요일 10:00 ~ 19:00 (점심 13:00 ~ 14:00) / 토요일 10:00 ~ 16:00 (점심 13:00 ~ 14:00) / 일요일 휴진 / 월요일 10:00 ~ 19:00 (점심 13:00 ~ 14:00) / 공휴일 진료시간 : 10시~7시 (유동적/ 점심시간 동일),0508-0353-3640
https://www.yeoshin.co.kr/event/mobile/25074,,,,통증 적은 세르프리프팅,"#리프팅레이저
#타이트닝",https://d3gurpvil0se70.cloudfront.net/upfiles/images/product/hscyfESpgo3cdoBmrHVg1YmksT9A.jpg?q=90&f=webp&w=1024,,,,422000,,한나이브성형외과의원,경기도 안양시 만안구 안양로 330-1 (안양동) (안양동) 다니엘빌딩 B1~7F주소복사,전문의 10명 여의사 진료 수술실 CCTV 응급처치 시스템 분야별 협진 기본 입원실 환자전용숙소 전담회복실 사후관리 영어 응대 일본어 응대,,,,,,세르프 시술시간 30분 마취여부 마취없음 회복시간 약 1일 시술효과 1개월 후,,,수요일 10:00 ~ 19:00 / 목요일 10:00 ~ 19:00 / 금요일 10:00 ~ 21:00 / 토요일 10:00 ~ 17:00 / 일요일 휴진 / 월요일 10:00 ~ 19:00,0508-0354-0082
https://www.yeoshin.co.kr/event/mobile/20797,,,,[저통증 고주파리프팅] 1인원장 세르프,"#리프팅레이저
#타이트닝",https://d3gurpvil0se70.cloudfront.net/upfiles/images/product/5G6hifiWDF8c8QRKwXKXXKka3uD5.png?q=90&f=webp&w=1024,10.0,6.0,266000.0,259000,VAT 포함,세린의원,크림마취,영어 응대 중국어 응대,"리프팅레이저 #탄력윤곽개선 피부의 전반적인 탄력과 얼굴 윤곽 개선에 효과적 #콜라겐재생 #탄력회복 듀얼 주파수로 기존 고주파 리프팅보다 깊은 층까지 침투하며, 콜라겐 재생을 유도하여 피부 본래의 탄력회복을 기대 #비수술적 #간편시술 비수술적 방법으로 얼굴 주름, 이중턱, 떨어진 피부탄력 등을 개선 권장주기 1~3개월 / 3회 이상 시술",VAT 포함,피부의 전체적인 탄력 개선을 원하는 분 / 두툼한 이중턱이 고민인 분 / 비수술적인 방법으로 V라인을 원하는 분 / 얼굴살로 인해 얼굴이 커 보이는 분,,,리프팅레이저 시술시간 40~60분 마취여부 크림마취 회복시간 약 3일 시술효과 2~3달 후,,크림마취 비수면 무통마취,수요일 휴진 / 목요일 11:00 ~ 20:00 / 금요일 11:00 ~ 20:00 / 토요일 11:00 ~ 16:00 / 일요일 휴진 / 월요일 11:00 ~ 20:00,0508-0353-3518
https://www.yeoshin.co.kr/event/mobile/25575,,,,세르프 연예인 리프팅,"#리프팅레이저
#타이트닝",https://d3gurpvil0se70.cloudfront.net/upfiles/images/product/z4JEe8tnqwTHFQV7M17aFs3EWya1.jpg?q=90&f=webp&w=1024,,,946000.0,939000,VAT 포함,웰니스365의원(강서),크림마취,수술실 CCTV 응급처치 시스템 사후관리 영어 응대,세르프 #고주파 #모노폴라 2가지 파장을 사용해 피부층에 따라 열에너지를 선택적으로 전달 #탄력#리프팅 얼굴윤곽 개선 #쿨링시스템 #통증완화 시술 강도에 따라 표피 온도를 낮춰서 피부자극 DOWM 권장주기 6~12개월 / 1회 시술,VAT 포함,노화로 인한 탄력 저하가 고민인 분 / 늘어지고 처진 피부의 리프팅을 원하는 분 / 탄력없는 피부와 잔주름이 고민인 분 / 자연스러운 리프팅을 원하는 분,,,세르프 시술시간 40~60분 마취여부 마취없음 회복시간 약 1~3일 시술효과 1개월 후,,크림마취 국소마취,수요일 10:00 ~ 22:00 (점심 14:00 ~ 15:00) / 목요일 10:00 ~ 22:00 (점심 14:00 ~ 15:00) / 금요일 10:00 ~ 22:00 (점심 14:00 ~ 15:00) / 토요일 10:00 ~ 22:00 (점심 14:00 ~ 15:00) / 일요일 10:00 ~ 19:00 (점심 14:00 ~ 15:00) / 월요일 10:00 ~ 22:00 (점심 14:00 ~ 15:00),050803531375
https://www.yeoshin.co.kr/event/mobile/23865,,,,빈틈적은 고주파 세르프리프팅,"#리프팅레이저
#타이트닝",https://d3gurpvil0se70.cloudfront.net/upfiles/images/product/UcyE0tbhzEv6c2YlT3Z0hA78YTO7.jpg?q=90&f=webp&w=1024,,,935000.0,928000,VAT 포함,루미에버의원,크림마취,여의사 진료 사후관리 피부진단기 F-RAY 촬영 >,세르프 #탄력윤곽개선 피부의 전반적인 탄력과 얼굴 윤곽 개선에 효과적 #콜라겐재생 #탄력회복 콜라겐 재생을 유도하여 피부 본래의 탄력회복을 기대 권장주기 6~12개월 / 1~2회 시술,VAT 포함,노화로 인한 탄력 저하가 고민인 분 / 늘어지고 처진 피부의 리프팅을 원하는 분 / 탄력없는 피부와 잔주름이 고민인 분 / 자연스러운 리프팅을 원하는 분,,,세르프 시술시간 20~30분 마취여부 크림마취 회복시간 약 1~3일 시술효과 1개월 후,,크림마취 국소마취,수요일 휴진 / 목요일 10:00 ~ 20:00 (점심 13:00 ~ 14:00) / 금요일 10:00 ~ 20:00 (점심 13:00 ~ 14:00) / 토요일 10:00 ~ 14:00 / 일요일 휴진 / 월요일 10:00 ~ 20:00 (점심 13:00 ~ 14:00),0508-0353-0396
https://www.yeoshin.co.kr/event/mobile/26566,,,,세르프 이벤트 특가 300샷,"#리프팅레이저
#타이트닝",https://d3gurpvil0se70.cloudfront.net/upfiles/images/product/lFgxMvleLAsmH6M5oWbJd0br2tP4.jpg?q=90&f=webp&w=1024,,,890000.0,883000,VAT 포함,닥터쁘띠의원(왕십리점),크림마취,전문의 1명,세르프 #2가지파장 #모노폴라 #고주파 2가지 파장을 사용해 피부층에 따라 열에너지를 선택적으로 전달 #4가지팁 용도에 맞는 4가지 팁을 사용하여 얼굴과 바디윤곽 개선 #쿨링시스템 #통증완화 시술 강도에 따라 표피 온도를 낮춰서 피부자극 DOWN 권장주기 6~12개월 / 1회 시술,VAT 포함,노화로 인한 탄력 저하가 고민인 분 / 늘어지고 처진 피부의 리프팅을 원하는 분 / 탄력없는 피부와 잔주름이 고민인 분 / 자연스러운 리프팅을 원하는 분,,,세르프 시술시간 20~30분 마취여부 마취없음 회복시간 약 1~3일 시술효과 1개월 후,,크림마취 국소마취,수요일 휴진 / 목요일 10:00 ~ 20:00 (점심 13:00 ~ 14:00) / 금요일 10:00 ~ 20:00 (점심 13:00 ~ 14:00) / 토요일 10:00 ~ 16:00 / 일요일 휴진 / 월요일 10:00 ~ 20:00 (점심 13:00 ~ 14:00),0508-0353-1857
https://www.yeoshin.co.kr/event/mobile/23483,,,,세르프(XERF) X 토르RF,"#리프팅레이저
#타이트닝",https://d3gurpvil0se70.cloudfront.net/upfiles/images/product/zSBpzPurUaXeSH4syea3NIyBBps2.jpg?q=90&f=webp&w=1024,,,3100000.0,3093000,VAT 포함,청담르벨의원,서울특별시 강남구 선릉로 756 (청담동) 대성빌딩 3층주소복사,전문의 1명,"세르프 세르프(XERF) X 토르RF ""환상의 리프팅 조합"" 통증이 거의 없는 K-써마지 마취크림이 필요 없을 정도로 통증이 적은 시술 “탄력 고민? 한 방에 개선! 강력한 RF 에너지로 처짐 없는 피부 완성” ""럭셔리한 피부 관리, 이제 당신도 경험할 차례입니다."" 권장주기 6~12개월 / 1회 시술",VAT 포함,노화로 인한 탄력 저하가 고민인 분 / 늘어지고 처진 피부의 리프팅을 원하는 분 / 탄력없는 피부와 잔주름이 고민인 분 / 자연스러운 리프팅을 원하는 분,,"시술 후 부작용이 있나요? 붓기나 각질이 평소보다 많이 발생할 수 있으나 일시적입니다. 잔물집이나 딱지 같은 반응이 생길 수 있지만 보통 일주일 내로 회복됩니다. 어느 부위에 받을 수 있나요? 탄력과 잔주름 개선이 필요한 팔자, 이마, 미간, 눈가, 볼 등 얼굴 전체에 받을 수 있습니다.",세르프 시술시간 20~30분 마취여부 마취없음 회복시간 약 1~3일 시술효과 1개월 후,"주의사항 1 시술 부위를 강하게 마사지하거나 누르지 마세요. 2 시술 후 붉은 기, 붓기가 일시적으로 나타날 수 있습니다. 3 세안은 미온수로 하시고, 저자극 클렌저를 사용해주세요. 4 시술 후 일주일동안 필링 시술이나 스크럽제 사용은 피하는 것이 좋습니다. 5 시술 후에는 보습제 사용을 권장합니다. 6 시술 후 3~4일간 과격하고 무리한 운동은 자제해주세요. 7 시술 후 음주 및 흡연을 자제해주세요.",,수요일 휴진 / 목요일 10:00 ~ 19:30 (점심 13:00 ~ 14:00) / 금요일 10:00 ~ 19:30 (점심 13:00 ~ 14:00) / 토요일 09:30 ~ 15:30 / 일요일 휴진 / 월요일 10:00 ~ 19:30 (점심 13:00 ~ 14:00),0508-0353-1257
