event_url,원가,할인가격,할인율
https://www.yeoshin.co.kr/event/mobile/16693,790000.0,783000,0.0
https://www.yeoshin.co.kr/event/mobile/25183,770000.0,763000,0.0
https://www.yeoshin.co.kr/event/mobile/27687,1419000.0,1412000,0.0
https://www.yeoshin.co.kr/event/mobile/5421,385000.0,378000,1.0
https://www.yeoshin.co.kr/event/mobile/26604,1250000.0,1243000,0.0
https://www.yeoshin.co.kr/event/mobile/20567,363000.0,356000,1.0
https://www.yeoshin.co.kr/event/mobile/18540,590000.0,583000,1.0
https://www.yeoshin.co.kr/event/mobile/21364,335000.0,328000,2.0
https://www.yeoshin.co.kr/event/mobile/23106,1199000.0,1192000,0.0
https://www.yeoshin.co.kr/event/mobile/26166,1290000.0,1283000,0.0
https://www.yeoshin.co.kr/event/mobile/25842,,278000,
https://www.yeoshin.co.kr/event/mobile/21917,319000.0,312000,2.0
https://www.yeoshin.co.kr/event/mobile/27778,363000.0,356000,1.0
https://www.yeoshin.co.kr/event/mobile/27652,1199000.0,1192000,0.0
https://www.yeoshin.co.kr/event/mobile/27353,1309000.0,1302000,0.0
https://www.yeoshin.co.kr/event/mobile/26176,429000.0,422000,1.0
https://www.yeoshin.co.kr/event/mobile/25153,2574000.0,2567000,0.0
https://www.yeoshin.co.kr/event/mobile/17376,319000.0,312000,2.0
https://www.yeoshin.co.kr/event/mobile/17291,297000.0,290000,2.0
https://www.yeoshin.co.kr/event/mobile/7644,297000.0,290000,2.0
https://www.yeoshin.co.kr/event/mobile/79,847000.0,840000,0.0
https://www.yeoshin.co.kr/event/mobile/25998,1790000.0,1783000,0.0
https://www.yeoshin.co.kr/event/mobile/26740,,1183000,
https://www.yeoshin.co.kr/event/mobile/26688,396000.0,389000,1.0
https://www.yeoshin.co.kr/event/mobile/24073,1089000.0,1082000,0.0
https://www.yeoshin.co.kr/event/mobile/12171,429000.0,422000,1.0
https://www.yeoshin.co.kr/event/mobile/21140,1969000.0,1962000,0.0
https://www.yeoshin.co.kr/event/mobile/7060,660000.0,653000,1.0
https://www.yeoshin.co.kr/event/mobile/27335,1155000.0,1148000,0.0
https://www.yeoshin.co.kr/event/mobile/17873,1650000.0,1643000,0.0
https://www.yeoshin.co.kr/event/mobile/27326,341000.0,334000,2.0
https://www.yeoshin.co.kr/event/mobile/22022,580000.0,573000,1.0
https://www.yeoshin.co.kr/event/mobile/3531,383900.0,376900,1.0
https://www.yeoshin.co.kr/event/mobile/27043,440000.0,433000,1.0
https://www.yeoshin.co.kr/event/mobile/24426,1320000.0,1313000,0.0
https://www.yeoshin.co.kr/event/mobile/23537,363000.0,356000,1.0
https://www.yeoshin.co.kr/event/mobile/27172,1320000.0,1313000,0.0
https://www.yeoshin.co.kr/event/mobile/27008,770000.0,763000,0.0
https://www.yeoshin.co.kr/event/mobile/10076,440000.0,433000,1.0
https://www.yeoshin.co.kr/event/mobile/27813,3000000.0,2993000,0.0
https://www.yeoshin.co.kr/event/mobile/25497,319000.0,312000,2.0
https://www.yeoshin.co.kr/event/mobile/2325,649000.0,642000,1.0
https://www.yeoshin.co.kr/event/mobile/27464,940000.0,933000,0.0
https://www.yeoshin.co.kr/event/mobile/24898,207900.0,200900,3.0
https://www.yeoshin.co.kr/event/mobile/27206,2090000.0,2083000,0.0
https://www.yeoshin.co.kr/event/mobile/26165,2310000.0,2303000,0.0
https://www.yeoshin.co.kr/event/mobile/22735,319000.0,312000,2.0
https://www.yeoshin.co.kr/event/mobile/25767,825000.0,818000,0.0
https://www.yeoshin.co.kr/event/mobile/24954,1070000.0,1063000,0.0
https://www.yeoshin.co.kr/event/mobile/17119,380000.0,373000,1.0
https://www.yeoshin.co.kr/event/mobile/26426,539000.0,532000,1.0
https://www.yeoshin.co.kr/event/mobile/23217,1650000.0,1643000,0.0
https://www.yeoshin.co.kr/event/mobile/27459,484000.0,477000,1.0
https://www.yeoshin.co.kr/event/mobile/25768,825000.0,818000,0.0
https://www.yeoshin.co.kr/event/mobile/17298,319000.0,312000,2.0
https://www.yeoshin.co.kr/event/mobile/27015,1045000.0,1038000,0.0
https://www.yeoshin.co.kr/event/mobile/14201,1309000.0,1302000,0.0
https://www.yeoshin.co.kr/event/mobile/26950,2700000.0,2693000,0.0
https://www.yeoshin.co.kr/event/mobile/27491,990000.0,983000,0.0
https://www.yeoshin.co.kr/event/mobile/4623,385000.0,378000,1.0
https://www.yeoshin.co.kr/event/mobile/20373,869000.0,862000,0.0
https://www.yeoshin.co.kr/event/mobile/3345,440000.0,433000,1.0
https://www.yeoshin.co.kr/event/mobile/20630,1650000.0,1643000,0.0
https://www.yeoshin.co.kr/event/mobile/27633,1419000.0,1412000,0.0
https://www.yeoshin.co.kr/event/mobile/27529,841500.0,834500,0.0
https://www.yeoshin.co.kr/event/mobile/24666,1320000.0,1313000,0.0
https://www.yeoshin.co.kr/event/mobile/23490,330000.0,323000,2.0
https://www.yeoshin.co.kr/event/mobile/22534,1089000.0,1082000,0.0
https://www.yeoshin.co.kr/event/mobile/15726,385000.0,378000,1.0
https://www.yeoshin.co.kr/event/mobile/26189,350000.0,343000,2.0
https://www.yeoshin.co.kr/event/mobile/23171,550000.0,543000,1.0
https://www.yeoshin.co.kr/event/mobile/20667,1650000.0,1643000,0.0
https://www.yeoshin.co.kr/event/mobile/20599,1320000.0,1313000,0.0
https://www.yeoshin.co.kr/event/mobile/4007,363000.0,356000,1.0
https://www.yeoshin.co.kr/event/mobile/25438,462000.0,455000,1.0
https://www.yeoshin.co.kr/event/mobile/9147,363000.0,356000,1.0
https://www.yeoshin.co.kr/event/mobile/25822,539000.0,532000,1.0
https://www.yeoshin.co.kr/event/mobile/18239,319000.0,312000,2.0
https://www.yeoshin.co.kr/event/mobile/24105,,1302000,
https://www.yeoshin.co.kr/event/mobile/15954,1089000.0,1082000,0.0
https://www.yeoshin.co.kr/event/mobile/26100,550000.0,543000,1.0
https://www.yeoshin.co.kr/event/mobile/9884,1969000.0,1962000,0.0
https://www.yeoshin.co.kr/event/mobile/16191,759000.0,752000,0.0
https://www.yeoshin.co.kr/event/mobile/25283,319000.0,312000,2.0
https://www.yeoshin.co.kr/event/mobile/27781,363000.0,356000,1.0
https://www.yeoshin.co.kr/event/mobile/16092,420000.0,413000,1.0
https://www.yeoshin.co.kr/event/mobile/16091,429000.0,422000,1.0
https://www.yeoshin.co.kr/event/mobile/26432,330000.0,323000,2.0
https://www.yeoshin.co.kr/event/mobile/12553,275000.0,268000,2.0
https://www.yeoshin.co.kr/event/mobile/24983,1369500.0,1362500,0.0
https://www.yeoshin.co.kr/event/mobile/26884,2490000.0,2483000,0.0
https://www.yeoshin.co.kr/event/mobile/26882,3400000.0,3393000,0.0
https://www.yeoshin.co.kr/event/mobile/18267,285000.0,278000,2.0
https://www.yeoshin.co.kr/event/mobile/26411,1640000.0,1633000,0.0
https://www.yeoshin.co.kr/event/mobile/19154,250000.0,243000,2.0
https://www.yeoshin.co.kr/event/mobile/18747,108900.0,101900,6.0
https://www.yeoshin.co.kr/event/mobile/18746,108900.0,101900,6.0
https://www.yeoshin.co.kr/event/mobile/18748,187000.0,180000,3.0
https://www.yeoshin.co.kr/event/mobile/18749,154000.0,147000,4.0
https://www.yeoshin.co.kr/event/mobile/20563,86900.0,79900,8.0
https://www.yeoshin.co.kr/event/mobile/27590,97900.0,90900,7.0
https://www.yeoshin.co.kr/event/mobile/18801,165000.0,158000,4.0
https://www.yeoshin.co.kr/event/mobile/18803,88000.0,81000,7.0
https://www.yeoshin.co.kr/event/mobile/23080,45000.0,38000,15.0
https://www.yeoshin.co.kr/event/mobile/6746,75900.0,68900,9.0
https://www.yeoshin.co.kr/event/mobile/21982,42900.0,35900,16.0
https://www.yeoshin.co.kr/event/mobile/2350,64900.0,57900,10.0
https://www.yeoshin.co.kr/event/mobile/11972,55000.0,48000,12.0
https://www.yeoshin.co.kr/event/mobile/16374,59000.0,52000,11.0
https://www.yeoshin.co.kr/event/mobile/17371,27500.0,20500,25.0
https://www.yeoshin.co.kr/event/mobile/21268,31900.0,24900,21.0
https://www.yeoshin.co.kr/event/mobile/18802,20000.0,13000,35.0
https://www.yeoshin.co.kr/event/mobile/6823,110000.0,103000,6.0
https://www.yeoshin.co.kr/event/mobile/18804,99000.0,92000,7.0
https://www.yeoshin.co.kr/event/mobile/17981,108900.0,101900,6.0
https://www.yeoshin.co.kr/event/mobile/1263,330000.0,323000,2.0
https://www.yeoshin.co.kr/event/mobile/16988,42900.0,35900,16.0
https://www.yeoshin.co.kr/event/mobile/18049,330000.0,323000,2.0
https://www.yeoshin.co.kr/event/mobile/718,55000.0,48000,12.0
https://www.yeoshin.co.kr/event/mobile/25221,99000.0,92000,7.0
https://www.yeoshin.co.kr/event/mobile/5290,38500.0,31500,18.0
https://www.yeoshin.co.kr/event/mobile/25222,196900.0,189900,3.0
https://www.yeoshin.co.kr/event/mobile/17288,31900.0,24900,21.0
https://www.yeoshin.co.kr/event/mobile/13029,27500.0,20500,25.0
https://www.yeoshin.co.kr/event/mobile/12140,97900.0,90900,7.0
https://www.yeoshin.co.kr/event/mobile/6344,129000.0,122000,5.0
https://www.yeoshin.co.kr/event/mobile/3664,132000.0,125000,5.0
https://www.yeoshin.co.kr/event/mobile/26638,55000.0,48000,12.0
https://www.yeoshin.co.kr/event/mobile/21213,165000.0,158000,4.0
https://www.yeoshin.co.kr/event/mobile/27334,27500.0,20500,25.0
https://www.yeoshin.co.kr/event/mobile/26669,77000.0,70000,9.0
https://www.yeoshin.co.kr/event/mobile/18357,132000.0,125000,5.0
https://www.yeoshin.co.kr/event/mobile/8081,77000.0,70000,9.0
https://www.yeoshin.co.kr/event/mobile/27591,119900.0,112900,5.0
https://www.yeoshin.co.kr/event/mobile/17505,165000.0,158000,4.0
https://www.yeoshin.co.kr/event/mobile/25845,,213000,
https://www.yeoshin.co.kr/event/mobile/26708,165000.0,158000,4.0
https://www.yeoshin.co.kr/event/mobile/25268,55000.0,48000,12.0
https://www.yeoshin.co.kr/event/mobile/26695,88000.0,81000,7.0
https://www.yeoshin.co.kr/event/mobile/27029,75900.0,68900,9.0
https://www.yeoshin.co.kr/event/mobile/19818,40000.0,33000,17.0
https://www.yeoshin.co.kr/event/mobile/1519,64900.0,57900,10.0
https://www.yeoshin.co.kr/event/mobile/10300,319000.0,312000,2.0
https://www.yeoshin.co.kr/event/mobile/4661,42900.0,35900,16.0
https://www.yeoshin.co.kr/event/mobile/16760,62700.0,55700,11.0
https://www.yeoshin.co.kr/event/mobile/6493,110000.0,103000,6.0
https://www.yeoshin.co.kr/event/mobile/23583,66000.0,59000,10.0
https://www.yeoshin.co.kr/event/mobile/5871,50000.0,43000,14.0
https://www.yeoshin.co.kr/event/mobile/18566,108900.0,101900,6.0
https://www.yeoshin.co.kr/event/mobile/23625,44000.0,37000,15.0
https://www.yeoshin.co.kr/event/mobile/20594,119900.0,112900,5.0
https://www.yeoshin.co.kr/event/mobile/17287,24200.0,17200,28.0
https://www.yeoshin.co.kr/event/mobile/9269,84700.0,77700,8.0
https://www.yeoshin.co.kr/event/mobile/7227,165000.0,158000,4.0
https://www.yeoshin.co.kr/event/mobile/26026,75900.0,68900,9.0
https://www.yeoshin.co.kr/event/mobile/26025,42900.0,35900,16.0
https://www.yeoshin.co.kr/event/mobile/26159,53900.0,46900,12.0
https://www.yeoshin.co.kr/event/mobile/27534,128700.0,121700,5.0
https://www.yeoshin.co.kr/event/mobile/25256,53900.0,46900,12.0
https://www.yeoshin.co.kr/event/mobile/6836,132000.0,125000,5.0
https://www.yeoshin.co.kr/event/mobile/17247,,246000,
https://www.yeoshin.co.kr/event/mobile/23065,220000.0,213000,3.0
https://www.yeoshin.co.kr/event/mobile/1879,99000.0,92000,7.0
https://www.yeoshin.co.kr/event/mobile/14763,82500.0,75500,8.0
https://www.yeoshin.co.kr/event/mobile/16381,77000.0,70000,9.0
https://www.yeoshin.co.kr/event/mobile/17280,165000.0,158000,4.0
https://www.yeoshin.co.kr/event/mobile/26133,31900.0,24900,21.0
https://www.yeoshin.co.kr/event/mobile/9558,,153000,
https://www.yeoshin.co.kr/event/mobile/1230,68200.0,61200,10.0
https://www.yeoshin.co.kr/event/mobile/9632,42900.0,35900,16.0
https://www.yeoshin.co.kr/event/mobile/15947,22000.0,15000,31.0
https://www.yeoshin.co.kr/event/mobile/14069,55000.0,48000,12.0
https://www.yeoshin.co.kr/event/mobile/13878,165000.0,158000,4.0
https://www.yeoshin.co.kr/event/mobile/7593,253000.0,246000,2.0
https://www.yeoshin.co.kr/event/mobile/10953,110000.0,103000,6.0
https://www.yeoshin.co.kr/event/mobile/18242,42900.0,35900,16.0
https://www.yeoshin.co.kr/event/mobile/1378,59800.0,52800,11.0
https://www.yeoshin.co.kr/event/mobile/13720,165000.0,158000,4.0
https://www.yeoshin.co.kr/event/mobile/16535,49500.0,42500,14.0
https://www.yeoshin.co.kr/event/mobile/14770,28000.0,21000,25.0
https://www.yeoshin.co.kr/event/mobile/20634,220000.0,213000,3.0
https://www.yeoshin.co.kr/event/mobile/14656,253000.0,246000,2.0
https://www.yeoshin.co.kr/event/mobile/24928,87000.0,80000,8.0
https://www.yeoshin.co.kr/event/mobile/25826,319000.0,312000,2.0
https://www.yeoshin.co.kr/event/mobile/8155,90000.0,83000,7.0
https://www.yeoshin.co.kr/event/mobile/14689,132000.0,125000,5.0
https://www.yeoshin.co.kr/event/mobile/13419,108900.0,101900,6.0
https://www.yeoshin.co.kr/event/mobile/7581,99000.0,92000,7.0
https://www.yeoshin.co.kr/event/mobile/14842,110000.0,103000,6.0
https://www.yeoshin.co.kr/event/mobile/7777,110000.0,103000,6.0
https://www.yeoshin.co.kr/event/mobile/15074,174900.0,167900,4.0
https://www.yeoshin.co.kr/event/mobile/15454,196900.0,189900,3.0
https://www.yeoshin.co.kr/event/mobile/16104,440000.0,433000,1.0
https://www.yeoshin.co.kr/event/mobile/10148,60500.0,53500,11.0
https://www.yeoshin.co.kr/event/mobile/2598,187000.0,180000,3.0
https://www.yeoshin.co.kr/event/mobile/3393,297000.0,290000,2.0
https://www.yeoshin.co.kr/event/mobile/27323,97900.0,90900,7.0
https://www.yeoshin.co.kr/event/mobile/21911,42900.0,35900,16.0
https://www.yeoshin.co.kr/event/mobile/27333,38500.0,31500,18.0
https://www.yeoshin.co.kr/event/mobile/23081,108900.0,101900,6.0
https://www.yeoshin.co.kr/event/mobile/18785,99000.0,92000,7.0
https://www.yeoshin.co.kr/event/mobile/16991,31900.0,24900,21.0
https://www.yeoshin.co.kr/event/mobile/22020,155000.0,148000,4.0
https://www.yeoshin.co.kr/event/mobile/21214,165000.0,158000,4.0
https://www.yeoshin.co.kr/event/mobile/26101,110000.0,103000,6.0
https://www.yeoshin.co.kr/event/mobile/4385,38500.0,31500,18.0
https://www.yeoshin.co.kr/event/mobile/27593,163900.0,156900,4.0
https://www.yeoshin.co.kr/event/mobile/27519,50000.0,43000,14.0
https://www.yeoshin.co.kr/event/mobile/25186,99000.0,92000,7.0
https://www.yeoshin.co.kr/event/mobile/17375,38500.0,31500,18.0
https://www.yeoshin.co.kr/event/mobile/17290,38500.0,31500,18.0
https://www.yeoshin.co.kr/event/mobile/10398,165000.0,158000,4.0
https://www.yeoshin.co.kr/event/mobile/9811,55000.0,48000,12.0
https://www.yeoshin.co.kr/event/mobile/8651,53900.0,46900,12.0
https://www.yeoshin.co.kr/event/mobile/3722,53900.0,46900,12.0
https://www.yeoshin.co.kr/event/mobile/650,79000.0,72000,8.0
https://www.yeoshin.co.kr/event/mobile/26637,79000.0,72000,8.0
https://www.yeoshin.co.kr/event/mobile/9054,55000.0,48000,12.0
https://www.yeoshin.co.kr/event/mobile/27046,75900.0,68900,9.0
https://www.yeoshin.co.kr/event/mobile/15878,110000.0,103000,6.0
https://www.yeoshin.co.kr/event/mobile/26672,55000.0,48000,12.0
https://www.yeoshin.co.kr/event/mobile/21732,165000.0,158000,4.0
https://www.yeoshin.co.kr/event/mobile/21250,90000.0,83000,7.0
https://www.yeoshin.co.kr/event/mobile/16759,75900.0,68900,9.0
https://www.yeoshin.co.kr/event/mobile/18624,33000.0,26000,21.0
https://www.yeoshin.co.kr/event/mobile/568,42900.0,35900,16.0
https://www.yeoshin.co.kr/event/mobile/27802,130000.0,123000,5.0
https://www.yeoshin.co.kr/event/mobile/27357,220000.0,213000,3.0
https://www.yeoshin.co.kr/event/mobile/25501,31900.0,24900,21.0
https://www.yeoshin.co.kr/event/mobile/11319,77000.0,70000,9.0
https://www.yeoshin.co.kr/event/mobile/23805,165000.0,158000,4.0
https://www.yeoshin.co.kr/event/mobile/19012,98000.0,91000,7.0
https://www.yeoshin.co.kr/event/mobile/25160,99000.0,92000,7.0
https://www.yeoshin.co.kr/event/mobile/1718,66000.0,59000,10.0
https://www.yeoshin.co.kr/event/mobile/26294,330000.0,323000,2.0
https://www.yeoshin.co.kr/event/mobile/1377,140000.0,133000,5.0
https://www.yeoshin.co.kr/event/mobile/20368,132000.0,125000,5.0
https://www.yeoshin.co.kr/event/mobile/17296,31900.0,24900,21.0
https://www.yeoshin.co.kr/event/mobile/14699,159000.0,152000,4.0
https://www.yeoshin.co.kr/event/mobile/23332,49000.0,42000,14.0
https://www.yeoshin.co.kr/event/mobile/25332,44000.0,37000,15.0
https://www.yeoshin.co.kr/event/mobile/9795,70000.0,63000,9.0
https://www.yeoshin.co.kr/event/mobile/16368,110000.0,103000,6.0
https://www.yeoshin.co.kr/event/mobile/16318,66000.0,59000,10.0
https://www.yeoshin.co.kr/event/mobile/27531,63300.0,56300,11.0
https://www.yeoshin.co.kr/event/mobile/1937,88000.0,81000,7.0
https://www.yeoshin.co.kr/event/mobile/9495,30800.0,23800,22.0
https://www.yeoshin.co.kr/event/mobile/17246,,158000,
https://www.yeoshin.co.kr/event/mobile/24723,88000.0,81000,7.0
https://www.yeoshin.co.kr/event/mobile/12197,53900.0,46900,12.0
https://www.yeoshin.co.kr/event/mobile/17225,66000.0,59000,10.0
https://www.yeoshin.co.kr/event/mobile/26134,97900.0,90900,7.0
https://www.yeoshin.co.kr/event/mobile/6623,55000.0,48000,12.0
https://www.yeoshin.co.kr/event/mobile/9132,90200.0,83200,7.0
https://www.yeoshin.co.kr/event/mobile/15948,27500.0,20500,25.0
https://www.yeoshin.co.kr/event/mobile/17263,108900.0,101900,6.0
https://www.yeoshin.co.kr/event/mobile/15939,99000.0,92000,7.0
https://www.yeoshin.co.kr/event/mobile/11825,484000.0,477000,1.0
https://www.yeoshin.co.kr/event/mobile/6130,44000.0,37000,15.0
https://www.yeoshin.co.kr/event/mobile/16379,55000.0,48000,12.0
https://www.yeoshin.co.kr/event/mobile/24669,77000.0,70000,9.0
https://www.yeoshin.co.kr/event/mobile/26150,165000.0,158000,4.0
https://www.yeoshin.co.kr/event/mobile/18031,605000.0,598000,1.0
https://www.yeoshin.co.kr/event/mobile/7973,88000.0,81000,7.0
https://www.yeoshin.co.kr/event/mobile/5117,62700.0,55700,11.0
https://www.yeoshin.co.kr/event/mobile/18045,935000.0,928000,0.0
https://www.yeoshin.co.kr/event/mobile/25455,75900.0,68900,9.0
https://www.yeoshin.co.kr/event/mobile/25027,330000.0,323000,2.0
https://www.yeoshin.co.kr/event/mobile/5600,869000.0,862000,0.0
https://www.yeoshin.co.kr/event/mobile/7477,132000.0,125000,5.0
https://www.yeoshin.co.kr/event/mobile/27031,75900.0,68900,9.0
https://www.yeoshin.co.kr/event/mobile/16042,,92000,
https://www.yeoshin.co.kr/event/mobile/23445,55000.0,48000,12.0
https://www.yeoshin.co.kr/event/mobile/4156,55000.0,48000,12.0
https://www.yeoshin.co.kr/event/mobile/295,185900.0,178900,3.0
https://www.yeoshin.co.kr/event/mobile/15452,88000.0,81000,7.0
https://www.yeoshin.co.kr/event/mobile/20236,99000.0,92000,7.0
https://www.yeoshin.co.kr/event/mobile/6098,53900.0,46900,12.0
https://www.yeoshin.co.kr/event/mobile/24652,,57900,
https://www.yeoshin.co.kr/event/mobile/26715,1890000.0,1883000,0.0
https://www.yeoshin.co.kr/event/mobile/23337,1890000.0,1883000,0.0
https://www.yeoshin.co.kr/event/mobile/25170,1199000.0,1192000,0.0
https://www.yeoshin.co.kr/event/mobile/24427,1990000.0,1983000,0.0
https://www.yeoshin.co.kr/event/mobile/25843,,192000,
https://www.yeoshin.co.kr/event/mobile/22523,2189000.0,2182000,0.0
https://www.yeoshin.co.kr/event/mobile/27207,2090000.0,2083000,0.0
https://www.yeoshin.co.kr/event/mobile/10242,1089000.0,1082000,0.0
https://www.yeoshin.co.kr/event/mobile/25969,2000000.0,1993000,0.0
https://www.yeoshin.co.kr/event/mobile/25951,1850000.0,1843000,0.0
https://www.yeoshin.co.kr/event/mobile/26849,1990000.0,1983000,0.0
https://www.yeoshin.co.kr/event/mobile/26568,,1843000,
https://www.yeoshin.co.kr/event/mobile/27625,1749000.0,1742000,0.0
https://www.yeoshin.co.kr/event/mobile/27325,1210000.0,1203000,0.0
https://www.yeoshin.co.kr/event/mobile/3221,1386000.0,1379000,0.0
https://www.yeoshin.co.kr/event/mobile/11094,990000.0,983000,0.0
https://www.yeoshin.co.kr/event/mobile/26799,,1962000,
https://www.yeoshin.co.kr/event/mobile/5903,1089000.0,1082000,0.0
https://www.yeoshin.co.kr/event/mobile/26733,2420000.0,2413000,0.0
https://www.yeoshin.co.kr/event/mobile/25169,1199000.0,1192000,0.0
https://www.yeoshin.co.kr/event/mobile/4351,1089000.0,1082000,0.0
https://www.yeoshin.co.kr/event/mobile/6532,1650000.0,1643000,0.0
https://www.yeoshin.co.kr/event/mobile/26115,1320000.0,1313000,0.0
https://www.yeoshin.co.kr/event/mobile/26234,1200000.0,1193000,0.0
https://www.yeoshin.co.kr/event/mobile/27116,1199000.0,1192000,0.0
https://www.yeoshin.co.kr/event/mobile/26038,1210000.0,1203000,0.0
https://www.yeoshin.co.kr/event/mobile/25025,1990000.0,1983000,0.0
https://www.yeoshin.co.kr/event/mobile/16965,2750000.0,2743000,0.0
https://www.yeoshin.co.kr/event/mobile/20631,2750000.0,2743000,0.0
https://www.yeoshin.co.kr/event/mobile/25464,1320000.0,1313000,0.0
https://www.yeoshin.co.kr/event/mobile/27233,2420000.0,2413000,0.0
https://www.yeoshin.co.kr/event/mobile/24107,2189000.0,2182000,0.0
https://www.yeoshin.co.kr/event/mobile/23334,1990000.0,1983000,0.0
https://www.yeoshin.co.kr/event/mobile/11967,1320000.0,1313000,0.0
https://www.yeoshin.co.kr/event/mobile/15958,1320000.0,1313000,0.0
https://www.yeoshin.co.kr/event/mobile/18080,1650000.0,1643000,0.0
https://www.yeoshin.co.kr/event/mobile/20666,2750000.0,2743000,0.0
https://www.yeoshin.co.kr/event/mobile/20600,2750000.0,2743000,0.0
https://www.yeoshin.co.kr/event/mobile/18614,1199000.0,1192000,0.0
https://www.yeoshin.co.kr/event/mobile/2974,1199000.0,1192000,0.0
https://www.yeoshin.co.kr/event/mobile/27790,2189000.0,2182000,0.0
https://www.yeoshin.co.kr/event/mobile/25336,2090000.0,2083000,0.0
https://www.yeoshin.co.kr/event/mobile/24987,2079000.0,2072000,0.0
https://www.yeoshin.co.kr/event/mobile/16093,1639000.0,1632000,0.0
https://www.yeoshin.co.kr/event/mobile/25288,1309000.0,1302000,0.0
https://www.yeoshin.co.kr/event/mobile/22590,,1893000,
https://www.yeoshin.co.kr/event/mobile/16094,2420000.0,2413000,0.0
https://www.yeoshin.co.kr/event/mobile/26410,1590000.0,1583000,0.0
https://www.yeoshin.co.kr/event/mobile/26204,1067000.0,1060000,0.0
https://www.yeoshin.co.kr/event/mobile/25910,,1973000,
https://www.yeoshin.co.kr/event/mobile/389,39600.0,32600,17.0
https://www.yeoshin.co.kr/event/mobile/26171,770000.0,763000,0.0
https://www.yeoshin.co.kr/event/mobile/18797,319000.0,312000,2.0
https://www.yeoshin.co.kr/event/mobile/18798,319000.0,312000,2.0
https://www.yeoshin.co.kr/event/mobile/19724,77000.0,70000,9.0
https://www.yeoshin.co.kr/event/mobile/27341,49500.0,42500,14.0
https://www.yeoshin.co.kr/event/mobile/22859,52800.0,45800,13.0
https://www.yeoshin.co.kr/event/mobile/21108,77000.0,70000,9.0
https://www.yeoshin.co.kr/event/mobile/27654,660000.0,653000,1.0
https://www.yeoshin.co.kr/event/mobile/26196,68200.0,61200,10.0
https://www.yeoshin.co.kr/event/mobile/11993,88000.0,81000,7.0
https://www.yeoshin.co.kr/event/mobile/4138,44000.0,37000,15.0
https://www.yeoshin.co.kr/event/mobile/27119,220000.0,213000,3.0
https://www.yeoshin.co.kr/event/mobile/27604,440000.0,433000,1.0
https://www.yeoshin.co.kr/event/mobile/17919,77000.0,70000,9.0
https://www.yeoshin.co.kr/event/mobile/22650,55000.0,48000,12.0
https://www.yeoshin.co.kr/event/mobile/21231,44000.0,37000,15.0
https://www.yeoshin.co.kr/event/mobile/27190,38000.0,31000,18.0
https://www.yeoshin.co.kr/event/mobile/24442,165000.0,158000,4.0
https://www.yeoshin.co.kr/event/mobile/15771,110000.0,103000,6.0
https://www.yeoshin.co.kr/event/mobile/26439,121000.0,114000,5.0
https://www.yeoshin.co.kr/event/mobile/24576,49500.0,42500,14.0
https://www.yeoshin.co.kr/event/mobile/16079,55000.0,48000,12.0
https://www.yeoshin.co.kr/event/mobile/26392,660000.0,653000,1.0
https://www.yeoshin.co.kr/event/mobile/24651,,178900,
https://www.yeoshin.co.kr/event/mobile/26398,165000.0,158000,4.0
https://www.yeoshin.co.kr/event/mobile/24116,600000.0,593000,1.0
https://www.yeoshin.co.kr/event/mobile/22448,57000.0,50000,12.0
https://www.yeoshin.co.kr/event/mobile/20312,89000.0,82000,7.0
https://www.yeoshin.co.kr/event/mobile/15240,64900.0,57900,10.0
https://www.yeoshin.co.kr/event/mobile/23626,55000.0,48000,12.0
https://www.yeoshin.co.kr/event/mobile/25447,66000.0,59000,10.0
https://www.yeoshin.co.kr/event/mobile/25463,55000.0,48000,12.0
https://www.yeoshin.co.kr/event/mobile/24960,132000.0,125000,5.0
https://www.yeoshin.co.kr/event/mobile/25075,66000.0,59000,10.0
https://www.yeoshin.co.kr/event/mobile/26624,55000.0,48000,12.0
https://www.yeoshin.co.kr/event/mobile/26464,86900.0,79900,8.0
https://www.yeoshin.co.kr/event/mobile/26503,36300.0,29300,19.0
https://www.yeoshin.co.kr/event/mobile/27444,59000.0,52000,11.0
https://www.yeoshin.co.kr/event/mobile/16766,77000.0,70000,9.0
https://www.yeoshin.co.kr/event/mobile/26945,55000.0,48000,12.0
https://www.yeoshin.co.kr/event/mobile/27392,55000.0,48000,12.0
https://www.yeoshin.co.kr/event/mobile/27296,330000.0,323000,2.0
https://www.yeoshin.co.kr/event/mobile/24115,88000.0,81000,7.0
https://www.yeoshin.co.kr/event/mobile/26141,77000.0,70000,9.0
https://www.yeoshin.co.kr/event/mobile/26513,64900.0,57900,10.0
https://www.yeoshin.co.kr/event/mobile/26370,330000.0,323000,2.0
https://www.yeoshin.co.kr/event/mobile/27182,96800.0,89800,7.0
https://www.yeoshin.co.kr/event/mobile/20596,69000.0,62000,10.0
https://www.yeoshin.co.kr/event/mobile/24891,77000.0,70000,9.0
https://www.yeoshin.co.kr/event/mobile/26342,90000.0,83000,7.0
https://www.yeoshin.co.kr/event/mobile/25326,,847000,
https://www.yeoshin.co.kr/event/mobile/16474,110000.0,103000,6.0
https://www.yeoshin.co.kr/event/mobile/26274,77000.0,70000,9.0
https://www.yeoshin.co.kr/event/mobile/18810,44000.0,37000,15.0
https://www.yeoshin.co.kr/event/mobile/3808,88000.0,81000,7.0
https://www.yeoshin.co.kr/event/mobile/17255,66000.0,59000,10.0
https://www.yeoshin.co.kr/event/mobile/17233,88000.0,81000,7.0
https://www.yeoshin.co.kr/event/mobile/22262,60000.0,53000,11.0
https://www.yeoshin.co.kr/event/mobile/16041,90000.0,83000,7.0
https://www.yeoshin.co.kr/event/mobile/27284,110000.0,103000,6.0
https://www.yeoshin.co.kr/event/mobile/24663,66000.0,59000,10.0
https://www.yeoshin.co.kr/event/mobile/16156,350000.0,343000,2.0
https://www.yeoshin.co.kr/event/mobile/25431,66000.0,59000,10.0
https://www.yeoshin.co.kr/event/mobile/25028,99000.0,92000,7.0
https://www.yeoshin.co.kr/event/mobile/19127,165000.0,158000,4.0
https://www.yeoshin.co.kr/event/mobile/25257,64900.0,57900,10.0
https://www.yeoshin.co.kr/event/mobile/5490,42900.0,35900,16.0
https://www.yeoshin.co.kr/event/mobile/16523,99000.0,92000,7.0
https://www.yeoshin.co.kr/event/mobile/15076,77000.0,70000,9.0
https://www.yeoshin.co.kr/event/mobile/22288,88000.0,81000,7.0
https://www.yeoshin.co.kr/event/mobile/24990,190000.0,183000,3.0
https://www.yeoshin.co.kr/event/mobile/25888,,37000,
https://www.yeoshin.co.kr/event/mobile/27037,,92000,
https://www.yeoshin.co.kr/event/mobile/26013,,173000,
https://www.yeoshin.co.kr/event/mobile/26422,1000000.0,993000,0.0
https://www.yeoshin.co.kr/event/mobile/26561,77000.0,70000,9.0
https://www.yeoshin.co.kr/event/mobile/23073,473000.0,466000,1.0
https://www.yeoshin.co.kr/event/mobile/26718,220000.0,213000,3.0
https://www.yeoshin.co.kr/event/mobile/24564,220000.0,213000,3.0
https://www.yeoshin.co.kr/event/mobile/22892,770000.0,763000,0.0
https://www.yeoshin.co.kr/event/mobile/24653,,378000,
https://www.yeoshin.co.kr/event/mobile/26102,66000.0,59000,10.0
https://www.yeoshin.co.kr/event/mobile/21009,490000.0,483000,1.0
https://www.yeoshin.co.kr/event/mobile/23994,87000.0,80000,8.0
https://www.yeoshin.co.kr/event/mobile/24237,253000.0,246000,2.0
https://www.yeoshin.co.kr/event/mobile/23385,649000.0,642000,1.0
https://www.yeoshin.co.kr/event/mobile/27324,209000.0,202000,3.0
https://www.yeoshin.co.kr/event/mobile/24027,253000.0,246000,2.0
https://www.yeoshin.co.kr/event/mobile/18324,59000.0,52000,11.0
https://www.yeoshin.co.kr/event/mobile/20094,132000.0,125000,5.0
https://www.yeoshin.co.kr/event/mobile/24214,87000.0,80000,8.0
https://www.yeoshin.co.kr/event/mobile/26052,99000.0,92000,7.0
https://www.yeoshin.co.kr/event/mobile/27221,87000.0,80000,8.0
https://www.yeoshin.co.kr/event/mobile/21448,99000.0,92000,7.0
https://www.yeoshin.co.kr/event/mobile/27222,253000.0,246000,2.0
https://www.yeoshin.co.kr/event/mobile/26976,385000.0,378000,1.0
https://www.yeoshin.co.kr/event/mobile/25353,77000.0,70000,9.0
https://www.yeoshin.co.kr/event/mobile/17876,440000.0,433000,1.0
https://www.yeoshin.co.kr/event/mobile/23778,165000.0,158000,4.0
https://www.yeoshin.co.kr/event/mobile/25912,825000.0,818000,0.0
https://www.yeoshin.co.kr/event/mobile/27122,,73000,
https://www.yeoshin.co.kr/event/mobile/19155,141900.0,134900,4.0
https://www.yeoshin.co.kr/event/mobile/25806,165000.0,158000,4.0
https://www.yeoshin.co.kr/event/mobile/25070,130900.0,123900,5.0
https://www.yeoshin.co.kr/event/mobile/17373,27500.0,20500,25.0
https://www.yeoshin.co.kr/event/mobile/2979,99000.0,92000,7.0
https://www.yeoshin.co.kr/event/mobile/16176,53900.0,46900,12.0
https://www.yeoshin.co.kr/event/mobile/24356,66000.0,59000,10.0
https://www.yeoshin.co.kr/event/mobile/27245,60000.0,53000,11.0
https://www.yeoshin.co.kr/event/mobile/19269,,213000,
https://www.yeoshin.co.kr/event/mobile/27395,165000.0,158000,4.0
https://www.yeoshin.co.kr/event/mobile/23584,110000.0,103000,6.0
https://www.yeoshin.co.kr/event/mobile/11939,110000.0,103000,6.0
https://www.yeoshin.co.kr/event/mobile/12175,99000.0,92000,7.0
https://www.yeoshin.co.kr/event/mobile/24366,55000.0,48000,12.0
https://www.yeoshin.co.kr/event/mobile/5096,99000.0,92000,7.0
https://www.yeoshin.co.kr/event/mobile/20269,539000.0,532000,1.0
https://www.yeoshin.co.kr/event/mobile/25794,55000.0,48000,12.0
https://www.yeoshin.co.kr/event/mobile/24096,60000.0,53000,11.0
https://www.yeoshin.co.kr/event/mobile/14891,39000.0,32000,17.0
https://www.yeoshin.co.kr/event/mobile/25006,99000.0,92000,7.0
https://www.yeoshin.co.kr/event/mobile/20479,198000.0,191000,3.0
https://www.yeoshin.co.kr/event/mobile/5640,450000.0,443000,1.0
https://www.yeoshin.co.kr/event/mobile/26035,,565000,
https://www.yeoshin.co.kr/event/mobile/26263,99000.0,92000,7.0
https://www.yeoshin.co.kr/event/mobile/17292,22000.0,15000,31.0
https://www.yeoshin.co.kr/event/mobile/17281,220000.0,213000,3.0
https://www.yeoshin.co.kr/event/mobile/24343,66000.0,59000,10.0
https://www.yeoshin.co.kr/event/mobile/7996,66000.0,59000,10.0
https://www.yeoshin.co.kr/event/mobile/25827,165000.0,158000,4.0
https://www.yeoshin.co.kr/event/mobile/20635,220000.0,213000,3.0
https://www.yeoshin.co.kr/event/mobile/2034,55000.0,48000,12.0
https://www.yeoshin.co.kr/event/mobile/8763,33000.0,26000,21.0
https://www.yeoshin.co.kr/event/mobile/16100,440000.0,433000,1.0
https://www.yeoshin.co.kr/event/mobile/6085,99000.0,92000,7.0
https://www.yeoshin.co.kr/event/mobile/24988,97900.0,90900,7.0
https://www.yeoshin.co.kr/event/mobile/26243,539000.0,532000,1.0
https://www.yeoshin.co.kr/event/mobile/8495,249000.0,242000,2.0
https://www.yeoshin.co.kr/event/mobile/11288,110000.0,103000,6.0
https://www.yeoshin.co.kr/event/mobile/21916,429000.0,422000,1.0
https://www.yeoshin.co.kr/event/mobile/23160,2750000.0,2743000,0.0
https://www.yeoshin.co.kr/event/mobile/11001,660000.0,653000,1.0
https://www.yeoshin.co.kr/event/mobile/26983,396000.0,389000,1.0
https://www.yeoshin.co.kr/event/mobile/27322,440000.0,433000,1.0
https://www.yeoshin.co.kr/event/mobile/26700,495000.0,488000,1.0
https://www.yeoshin.co.kr/event/mobile/16173,209000.0,202000,3.0
https://www.yeoshin.co.kr/event/mobile/27462,560000.0,553000,1.0
https://www.yeoshin.co.kr/event/mobile/20568,814000.0,807000,0.0
https://www.yeoshin.co.kr/event/mobile/25040,1100000.0,1093000,0.0
https://www.yeoshin.co.kr/event/mobile/15143,1540000.0,1533000,0.0
https://www.yeoshin.co.kr/event/mobile/26795,649000.0,642000,1.0
https://www.yeoshin.co.kr/event/mobile/22357,190000.0,183000,3.0
https://www.yeoshin.co.kr/event/mobile/17570,440000.0,433000,1.0
https://www.yeoshin.co.kr/event/mobile/27575,603900.0,596900,1.0
https://www.yeoshin.co.kr/event/mobile/18660,495000.0,488000,1.0
https://www.yeoshin.co.kr/event/mobile/27275,275000.0,268000,2.0
https://www.yeoshin.co.kr/event/mobile/27227,440000.0,433000,1.0
https://www.yeoshin.co.kr/event/mobile/26161,390000.0,383000,1.0
https://www.yeoshin.co.kr/event/mobile/15110,935000.0,928000,0.0
https://www.yeoshin.co.kr/event/mobile/19970,440000.0,433000,1.0
https://www.yeoshin.co.kr/event/mobile/18733,660000.0,653000,1.0
https://www.yeoshin.co.kr/event/mobile/23214,550000.0,543000,1.0
https://www.yeoshin.co.kr/event/mobile/27780,660000.0,653000,1.0
https://www.yeoshin.co.kr/event/mobile/20668,880000.0,873000,0.0
https://www.yeoshin.co.kr/event/mobile/20601,880000.0,873000,0.0
https://www.yeoshin.co.kr/event/mobile/20632,880000.0,873000,0.0
https://www.yeoshin.co.kr/event/mobile/4024,440000.0,433000,1.0
https://www.yeoshin.co.kr/event/mobile/6111,913000.0,906000,0.0
https://www.yeoshin.co.kr/event/mobile/26832,649000.0,642000,1.0
https://www.yeoshin.co.kr/event/mobile/16062,,193000,
https://www.yeoshin.co.kr/event/mobile/15378,550000.0,543000,1.0
https://www.yeoshin.co.kr/event/mobile/9728,319000.0,312000,2.0
https://www.yeoshin.co.kr/event/mobile/15165,440000.0,433000,1.0
https://www.yeoshin.co.kr/event/mobile/26845,1300000.0,1293000,0.0
https://www.yeoshin.co.kr/event/mobile/21526,,990000,
https://www.yeoshin.co.kr/event/mobile/4455,165000.0,158000,4.0
https://www.yeoshin.co.kr/event/mobile/27810,550000.0,543000,1.0
https://www.yeoshin.co.kr/event/mobile/438,49000.0,42000,14.0
https://www.yeoshin.co.kr/event/mobile/19900,1089000.0,1082000,0.0
https://www.yeoshin.co.kr/event/mobile/26746,,4000000,
https://www.yeoshin.co.kr/event/mobile/3290,44000.0,37000,15.0
https://www.yeoshin.co.kr/event/mobile/21103,,990000,
https://www.yeoshin.co.kr/event/mobile/1986,30000.0,23000,23.0
https://www.yeoshin.co.kr/event/mobile/20901,,599000,
https://www.yeoshin.co.kr/event/mobile/21912,363000.0,356000,1.0
https://www.yeoshin.co.kr/event/mobile/27520,150000.0,143000,4.0
https://www.yeoshin.co.kr/event/mobile/25216,165000.0,158000,4.0
https://www.yeoshin.co.kr/event/mobile/12714,352000.0,345000,1.0
https://www.yeoshin.co.kr/event/mobile/14362,429000.0,422000,1.0
https://www.yeoshin.co.kr/event/mobile/27247,150000.0,143000,4.0
https://www.yeoshin.co.kr/event/mobile/27081,,180000,
https://www.yeoshin.co.kr/event/mobile/27814,495000.0,488000,1.0
https://www.yeoshin.co.kr/event/mobile/25498,396000.0,389000,1.0
https://www.yeoshin.co.kr/event/mobile/9845,99000.0,92000,7.0
https://www.yeoshin.co.kr/event/mobile/3380,143000.0,136000,4.0
https://www.yeoshin.co.kr/event/mobile/16652,72000.0,65000,9.0
https://www.yeoshin.co.kr/event/mobile/661,385000.0,378000,1.0
https://www.yeoshin.co.kr/event/mobile/24952,152900.0,145900,4.0
https://www.yeoshin.co.kr/event/mobile/26341,150000.0,143000,4.0
https://www.yeoshin.co.kr/event/mobile/27356,109000.0,102000,6.0
https://www.yeoshin.co.kr/event/mobile/9673,88000.0,81000,7.0
https://www.yeoshin.co.kr/event/mobile/27011,220000.0,213000,3.0
https://www.yeoshin.co.kr/event/mobile/8656,139000.0,132000,5.0
https://www.yeoshin.co.kr/event/mobile/26840,109000.0,102000,6.0
https://www.yeoshin.co.kr/event/mobile/26876,275000.0,268000,2.0
https://www.yeoshin.co.kr/event/mobile/21555,429000.0,422000,1.0
https://www.yeoshin.co.kr/event/mobile/20002,99000.0,92000,7.0
https://www.yeoshin.co.kr/event/mobile/15929,110000.0,103000,6.0
https://www.yeoshin.co.kr/event/mobile/22905,550000.0,543000,1.0
https://www.yeoshin.co.kr/event/mobile/17880,187000.0,180000,3.0
https://www.yeoshin.co.kr/event/mobile/18245,110000.0,103000,6.0
https://www.yeoshin.co.kr/event/mobile/14675,550000.0,543000,1.0
https://www.yeoshin.co.kr/event/mobile/13650,495000.0,488000,1.0
https://www.yeoshin.co.kr/event/mobile/6003,605000.0,598000,1.0
https://www.yeoshin.co.kr/event/mobile/12500,143000.0,136000,4.0
https://www.yeoshin.co.kr/event/mobile/22535,1089000.0,1082000,0.0
https://www.yeoshin.co.kr/event/mobile/17190,165000.0,158000,4.0
https://www.yeoshin.co.kr/event/mobile/25821,759000.0,752000,0.0
https://www.yeoshin.co.kr/event/mobile/18055,660000.0,653000,1.0
https://www.yeoshin.co.kr/event/mobile/8013,462000.0,455000,1.0
https://www.yeoshin.co.kr/event/mobile/15497,242000.0,235000,2.0
https://www.yeoshin.co.kr/event/mobile/11774,150000.0,143000,4.0
https://www.yeoshin.co.kr/event/mobile/17285,,598000,
https://www.yeoshin.co.kr/event/mobile/12196,165000.0,158000,4.0
https://www.yeoshin.co.kr/event/mobile/27347,195000.0,188000,3.0
https://www.yeoshin.co.kr/event/mobile/15451,429000.0,422000,1.0
https://www.yeoshin.co.kr/event/mobile/16543,89000.0,82000,7.0
https://www.yeoshin.co.kr/event/mobile/19715,89000.0,82000,7.0
https://www.yeoshin.co.kr/event/mobile/6586,550000.0,543000,1.0
https://www.yeoshin.co.kr/event/mobile/22283,143000.0,136000,4.0
https://www.yeoshin.co.kr/event/mobile/10222,341000.0,334000,2.0
https://www.yeoshin.co.kr/event/mobile/2610,130000.0,123000,5.0
https://www.yeoshin.co.kr/event/mobile/15936,72000.0,65000,9.0
https://www.yeoshin.co.kr/event/mobile/6154,176000.0,169000,3.0
https://www.yeoshin.co.kr/event/mobile/18800,420000.0,413000,1.0
https://www.yeoshin.co.kr/event/mobile/15686,165000.0,158000,4.0
https://www.yeoshin.co.kr/event/mobile/25072,99000.0,92000,7.0
https://www.yeoshin.co.kr/event/mobile/23082,467500.0,460500,1.0
https://www.yeoshin.co.kr/event/mobile/26781,187000.0,180000,3.0
https://www.yeoshin.co.kr/event/mobile/23622,174000.0,167000,4.0
https://www.yeoshin.co.kr/event/mobile/24654,,174500,
https://www.yeoshin.co.kr/event/mobile/26783,220000.0,213000,3.0
https://www.yeoshin.co.kr/event/mobile/1166,72000.0,65000,9.0
https://www.yeoshin.co.kr/event/mobile/24295,308000.0,301000,2.0
https://www.yeoshin.co.kr/event/mobile/27804,190000.0,183000,3.0
https://www.yeoshin.co.kr/event/mobile/27803,390000.0,383000,1.0
https://www.yeoshin.co.kr/event/mobile/19014,349000.0,342000,2.0
https://www.yeoshin.co.kr/event/mobile/26270,220000.0,213000,3.0
https://www.yeoshin.co.kr/event/mobile/25348,330000.0,323000,2.0
https://www.yeoshin.co.kr/event/mobile/18309,150000.0,143000,4.0
https://www.yeoshin.co.kr/event/mobile/16369,209000.0,202000,3.0
https://www.yeoshin.co.kr/event/mobile/26028,308000.0,301000,2.0
https://www.yeoshin.co.kr/event/mobile/17248,,708000,
https://www.yeoshin.co.kr/event/mobile/27535,603900.0,596900,1.0
https://www.yeoshin.co.kr/event/mobile/7874,220000.0,213000,3.0
https://www.yeoshin.co.kr/event/mobile/17224,594000.0,587000,1.0
https://www.yeoshin.co.kr/event/mobile/20092,385000.0,378000,1.0
https://www.yeoshin.co.kr/event/mobile/17262,462000.0,455000,1.0
https://www.yeoshin.co.kr/event/mobile/19912,165000.0,158000,4.0
https://www.yeoshin.co.kr/event/mobile/17030,319000.0,312000,2.0
https://www.yeoshin.co.kr/event/mobile/16638,110000.0,103000,6.0
https://www.yeoshin.co.kr/event/mobile/24307,165000.0,158000,4.0
https://www.yeoshin.co.kr/event/mobile/26433,149000.0,142000,4.0
https://www.yeoshin.co.kr/event/mobile/16175,319000.0,312000,2.0
https://www.yeoshin.co.kr/event/mobile/26465,1089000.0,1082000,0.0
https://www.yeoshin.co.kr/event/mobile/27569,1590000.0,1583000,0.0
https://www.yeoshin.co.kr/event/mobile/27568,1000000.0,993000,0.0
https://www.yeoshin.co.kr/event/mobile/22354,825000.0,818000,0.0
https://www.yeoshin.co.kr/event/mobile/26827,1990000.0,1983000,0.0
https://www.yeoshin.co.kr/event/mobile/15448,531000.0,524000,1.0
https://www.yeoshin.co.kr/event/mobile/27612,660000.0,653000,1.0
https://www.yeoshin.co.kr/event/mobile/26447,1780000.0,1773000,0.0
https://www.yeoshin.co.kr/event/mobile/27348,1100000.0,1093000,0.0
https://www.yeoshin.co.kr/event/mobile/24432,1290000.0,1283000,0.0
https://www.yeoshin.co.kr/event/mobile/24973,218900.0,211900,3.0
https://www.yeoshin.co.kr/event/mobile/18427,2178000.0,2171000,0.0
https://www.yeoshin.co.kr/event/mobile/24324,935000.0,928000,0.0
https://www.yeoshin.co.kr/event/mobile/16299,700000.0,693000,1.0
https://www.yeoshin.co.kr/event/mobile/26125,850000.0,843000,0.0
https://www.yeoshin.co.kr/event/mobile/24108,968000.0,961000,0.0
https://www.yeoshin.co.kr/event/mobile/18054,240000.0,233000,2.0
https://www.yeoshin.co.kr/event/mobile/20005,319000.0,312000,2.0
https://www.yeoshin.co.kr/event/mobile/27573,450000.0,443000,1.0
https://www.yeoshin.co.kr/event/mobile/17954,330000.0,323000,2.0
https://www.yeoshin.co.kr/event/mobile/13987,495000.0,488000,1.0
https://www.yeoshin.co.kr/event/mobile/23582,490000.0,483000,1.0
https://www.yeoshin.co.kr/event/mobile/26701,253000.0,246000,2.0
https://www.yeoshin.co.kr/event/mobile/8659,330000.0,323000,2.0
https://www.yeoshin.co.kr/event/mobile/27321,220000.0,213000,3.0
https://www.yeoshin.co.kr/event/mobile/24430,590000.0,583000,1.0
https://www.yeoshin.co.kr/event/mobile/5715,190000.0,183000,3.0
https://www.yeoshin.co.kr/event/mobile/22358,120000.0,113000,5.0
https://www.yeoshin.co.kr/event/mobile/6950,275000.0,268000,2.0
https://www.yeoshin.co.kr/event/mobile/13125,490000.0,483000,1.0
https://www.yeoshin.co.kr/event/mobile/15406,490000.0,483000,1.0
https://www.yeoshin.co.kr/event/mobile/7290,825000.0,818000,0.0
https://www.yeoshin.co.kr/event/mobile/21394,308000.0,301000,2.0
https://www.yeoshin.co.kr/event/mobile/26160,539000.0,532000,1.0
https://www.yeoshin.co.kr/event/mobile/17186,550000.0,543000,1.0
https://www.yeoshin.co.kr/event/mobile/5726,979000.0,972000,0.0
https://www.yeoshin.co.kr/event/mobile/20669,880000.0,873000,0.0
https://www.yeoshin.co.kr/event/mobile/18053,1980000.0,1973000,0.0
https://www.yeoshin.co.kr/event/mobile/17187,253000.0,246000,2.0
https://www.yeoshin.co.kr/event/mobile/20602,880000.0,873000,0.0
https://www.yeoshin.co.kr/event/mobile/5783,825000.0,818000,0.0
https://www.yeoshin.co.kr/event/mobile/15956,110000.0,103000,6.0
https://www.yeoshin.co.kr/event/mobile/11474,132000.0,125000,5.0
https://www.yeoshin.co.kr/event/mobile/16576,,392000,
https://www.yeoshin.co.kr/event/mobile/20419,869000.0,862000,0.0
https://www.yeoshin.co.kr/event/mobile/10544,1166000.0,1159000,0.0
https://www.yeoshin.co.kr/event/mobile/26859,1100000.0,1093000,0.0
https://www.yeoshin.co.kr/event/mobile/19263,990000.0,983000,0.0
https://www.yeoshin.co.kr/event/mobile/23744,,983000,
https://www.yeoshin.co.kr/event/mobile/19800,990000.0,983000,0.0
https://www.yeoshin.co.kr/event/mobile/16088,1520000.0,1513000,0.0
https://www.yeoshin.co.kr/event/mobile/16086,1320000.0,1313000,0.0
https://www.yeoshin.co.kr/event/mobile/26888,1100000.0,1093000,0.0
https://www.yeoshin.co.kr/event/mobile/21215,99000.0,92000,7.0
https://www.yeoshin.co.kr/event/mobile/26178,99000.0,92000,7.0
https://www.yeoshin.co.kr/event/mobile/25772,55000.0,48000,12.0
https://www.yeoshin.co.kr/event/mobile/15949,55000.0,48000,12.0
https://www.yeoshin.co.kr/event/mobile/27518,50000.0,43000,14.0
https://www.yeoshin.co.kr/event/mobile/18784,110000.0,103000,6.0
https://www.yeoshin.co.kr/event/mobile/27570,450000.0,443000,1.0
https://www.yeoshin.co.kr/event/mobile/6040,440000.0,433000,1.0
https://www.yeoshin.co.kr/event/mobile/7733,60000.0,53000,11.0
https://www.yeoshin.co.kr/event/mobile/8320,440000.0,433000,1.0
https://www.yeoshin.co.kr/event/mobile/10817,1199000.0,1192000,0.0
https://www.yeoshin.co.kr/event/mobile/7261,1529000.0,1522000,0.0
https://www.yeoshin.co.kr/event/mobile/5267,847000.0,840000,0.0
https://www.yeoshin.co.kr/event/mobile/15951,165000.0,158000,4.0
https://www.yeoshin.co.kr/event/mobile/17223,330000.0,323000,2.0
https://www.yeoshin.co.kr/event/mobile/9005,42900.0,35900,16.0
https://www.yeoshin.co.kr/event/mobile/15471,77000.0,70000,9.0
https://www.yeoshin.co.kr/event/mobile/3260,220000.0,213000,3.0
https://www.yeoshin.co.kr/event/mobile/24300,1320000.0,1313000,0.0
https://www.yeoshin.co.kr/event/mobile/11773,99000.0,92000,7.0
https://www.yeoshin.co.kr/event/mobile/7236,90000.0,83000,7.0
https://www.yeoshin.co.kr/event/mobile/8979,31900.0,24900,21.0
https://www.yeoshin.co.kr/event/mobile/26040,297000.0,290000,2.0
https://www.yeoshin.co.kr/event/mobile/26877,41800.0,34800,16.0
https://www.yeoshin.co.kr/event/mobile/15953,27500.0,20500,25.0
https://www.yeoshin.co.kr/event/mobile/14626,49500.0,42500,14.0
https://www.yeoshin.co.kr/event/mobile/24763,99000.0,92000,7.0
https://www.yeoshin.co.kr/event/mobile/26742,980000.0,973000,0.0
https://www.yeoshin.co.kr/event/mobile/26607,1210000.0,1203000,0.0
https://www.yeoshin.co.kr/event/mobile/24322,870000.0,863000,0.0
https://www.yeoshin.co.kr/event/mobile/27558,858000.0,851000,0.0
https://www.yeoshin.co.kr/event/mobile/26414,790000.0,783000,0.0
https://www.yeoshin.co.kr/event/mobile/21011,,1263000,
https://www.yeoshin.co.kr/event/mobile/20757,121000.0,114000,5.0
https://www.yeoshin.co.kr/event/mobile/26771,330000.0,323000,2.0
https://www.yeoshin.co.kr/event/mobile/25074,429000.0,422000,1.0
https://www.yeoshin.co.kr/event/mobile/20797,266000.0,259000,2.0
https://www.yeoshin.co.kr/event/mobile/25575,946000.0,939000,0.0
https://www.yeoshin.co.kr/event/mobile/23865,935000.0,928000,0.0
https://www.yeoshin.co.kr/event/mobile/26566,890000.0,883000,0.0
https://www.yeoshin.co.kr/event/mobile/23483,3100000.0,3093000,0.0
https://www.yeoshin.co.kr/event/mobile/23004,1590000.0,1583000,0.0
https://www.yeoshin.co.kr/event/mobile/25914,850000.0,843000,0.0
https://www.yeoshin.co.kr/event/mobile/20941,770000.0,763000,0.0
https://www.yeoshin.co.kr/event/mobile/25681,660000.0,653000,1.0
https://www.yeoshin.co.kr/event/mobile/20880,1350000.0,1343000,0.0
https://www.yeoshin.co.kr/event/mobile/16989,207900.0,200900,3.0
https://www.yeoshin.co.kr/event/mobile/24437,1190000.0,1183000,0.0
https://www.yeoshin.co.kr/event/mobile/26240,1309000.0,1302000,0.0
https://www.yeoshin.co.kr/event/mobile/11330,72000.0,65000,9.0
https://www.yeoshin.co.kr/event/mobile/26798,,653000,
https://www.yeoshin.co.kr/event/mobile/11202,1309000.0,1302000,0.0
https://www.yeoshin.co.kr/event/mobile/25515,469000.0,462000,1.0
https://www.yeoshin.co.kr/event/mobile/23585,649000.0,642000,1.0
https://www.yeoshin.co.kr/event/mobile/25971,1200000.0,1193000,0.0
https://www.yeoshin.co.kr/event/mobile/17109,1650000.0,1643000,0.0
https://www.yeoshin.co.kr/event/mobile/17037,240000.0,233000,2.0
https://www.yeoshin.co.kr/event/mobile/22334,979000.0,972000,0.0
https://www.yeoshin.co.kr/event/mobile/18182,500000.0,493000,1.0
https://www.yeoshin.co.kr/event/mobile/20326,675000.0,668000,1.0
https://www.yeoshin.co.kr/event/mobile/25465,1090000.0,1083000,0.0
https://www.yeoshin.co.kr/event/mobile/16654,770000.0,763000,0.0
https://www.yeoshin.co.kr/event/mobile/24993,1089000.0,1082000,0.0
https://www.yeoshin.co.kr/event/mobile/15318,300000.0,293000,2.0
https://www.yeoshin.co.kr/event/mobile/22503,440000.0,433000,1.0
https://www.yeoshin.co.kr/event/mobile/26205,495000.0,488000,1.0
https://www.yeoshin.co.kr/event/mobile/27510,715000.0,708000,0.0
https://www.yeoshin.co.kr/event/mobile/16990,97900.0,90900,7.0
https://www.yeoshin.co.kr/event/mobile/3437,82500.0,75500,8.0
https://www.yeoshin.co.kr/event/mobile/20268,176000.0,169000,3.0
https://www.yeoshin.co.kr/event/mobile/20951,500000.0,493000,1.0
https://www.yeoshin.co.kr/event/mobile/25972,400000.0,393000,1.0
https://www.yeoshin.co.kr/event/mobile/26239,869000.0,862000,0.0
https://www.yeoshin.co.kr/event/mobile/27712,797000.0,790000,0.0
https://www.yeoshin.co.kr/event/mobile/27709,330000.0,323000,2.0
https://www.yeoshin.co.kr/event/mobile/184,300000.0,293000,2.0
https://www.yeoshin.co.kr/event/mobile/22347,539000.0,532000,1.0
https://www.yeoshin.co.kr/event/mobile/16964,550000.0,543000,1.0
https://www.yeoshin.co.kr/event/mobile/15957,209000.0,202000,3.0
https://www.yeoshin.co.kr/event/mobile/27283,330000.0,323000,2.0
https://www.yeoshin.co.kr/event/mobile/14344,100000.0,93000,6.0
https://www.yeoshin.co.kr/event/mobile/7824,150000.0,143000,4.0
https://www.yeoshin.co.kr/event/mobile/14466,130000.0,123000,5.0
https://www.yeoshin.co.kr/event/mobile/20409,220000.0,213000,3.0
https://www.yeoshin.co.kr/event/mobile/22480,195900.0,188900,3.0
https://www.yeoshin.co.kr/event/mobile/23342,,742000,
https://www.yeoshin.co.kr/event/mobile/24127,,743000,
https://www.yeoshin.co.kr/event/mobile/25898,,1038000,
https://www.yeoshin.co.kr/event/mobile/20408,88000.0,81000,7.0
https://www.yeoshin.co.kr/event/mobile/26793,,191000,
https://www.yeoshin.co.kr/event/mobile/13422,330000.0,323000,2.0
https://www.yeoshin.co.kr/event/mobile/15690,110000.0,103000,6.0
https://www.yeoshin.co.kr/event/mobile/22815,161700.0,154700,4.0
https://www.yeoshin.co.kr/event/mobile/3621,220000.0,213000,3.0
https://www.yeoshin.co.kr/event/mobile/6542,87000.0,80000,8.0
https://www.yeoshin.co.kr/event/mobile/4739,66000.0,59000,10.0
https://www.yeoshin.co.kr/event/mobile/20006,75900.0,68900,9.0
https://www.yeoshin.co.kr/event/mobile/25989,,133000,
https://www.yeoshin.co.kr/event/mobile/25913,270000.0,263000,2.0
https://www.yeoshin.co.kr/event/mobile/27580,231000.0,224000,3.0
https://www.yeoshin.co.kr/event/mobile/26448,70000.0,63000,9.0
https://www.yeoshin.co.kr/event/mobile/22858,185900.0,178900,3.0
https://www.yeoshin.co.kr/event/mobile/26354,176000.0,169000,3.0
https://www.yeoshin.co.kr/event/mobile/4655,350000.0,343000,2.0
https://www.yeoshin.co.kr/event/mobile/20354,385000.0,378000,1.0
https://www.yeoshin.co.kr/event/mobile/24544,440000.0,433000,1.0
https://www.yeoshin.co.kr/event/mobile/25536,330000.0,323000,2.0
https://www.yeoshin.co.kr/event/mobile/18107,440000.0,433000,1.0
https://www.yeoshin.co.kr/event/mobile/26086,343000.0,336000,2.0
https://www.yeoshin.co.kr/event/mobile/874,77000.0,70000,9.0
https://www.yeoshin.co.kr/event/mobile/19857,200000.0,193000,3.0
https://www.yeoshin.co.kr/event/mobile/19704,150000.0,143000,4.0
https://www.yeoshin.co.kr/event/mobile/22755,110000.0,103000,6.0
https://www.yeoshin.co.kr/event/mobile/20306,44000.0,37000,15.0
https://www.yeoshin.co.kr/event/mobile/24848,660000.0,653000,1.0
https://www.yeoshin.co.kr/event/mobile/25441,929000.0,922000,0.0
https://www.yeoshin.co.kr/event/mobile/26873,1320000.0,1313000,0.0
https://www.yeoshin.co.kr/event/mobile/27295,825000.0,818000,0.0
https://www.yeoshin.co.kr/event/mobile/26428,429000.0,422000,1.0
https://www.yeoshin.co.kr/event/mobile/21360,220000.0,213000,3.0
https://www.yeoshin.co.kr/event/mobile/17049,440000.0,433000,1.0
https://www.yeoshin.co.kr/event/mobile/25003,220000.0,213000,3.0
https://www.yeoshin.co.kr/event/mobile/18533,149000.0,142000,4.0
https://www.yeoshin.co.kr/event/mobile/7323,327800.0,320800,2.0
https://www.yeoshin.co.kr/event/mobile/26512,209000.0,202000,3.0
https://www.yeoshin.co.kr/event/mobile/25377,217800.0,210800,3.0
https://www.yeoshin.co.kr/event/mobile/26111,418000.0,411000,1.0
https://www.yeoshin.co.kr/event/mobile/811,396000.0,389000,1.0
https://www.yeoshin.co.kr/event/mobile/6739,660000.0,653000,1.0
https://www.yeoshin.co.kr/event/mobile/16257,132000.0,125000,5.0
https://www.yeoshin.co.kr/event/mobile/17266,209000.0,202000,3.0
https://www.yeoshin.co.kr/event/mobile/15955,108900.0,101900,6.0
https://www.yeoshin.co.kr/event/mobile/23140,490000.0,483000,1.0
https://www.yeoshin.co.kr/event/mobile/1923,539000.0,532000,1.0
https://www.yeoshin.co.kr/event/mobile/27036,,203000,
https://www.yeoshin.co.kr/event/mobile/23980,297000.0,290000,2.0
https://www.yeoshin.co.kr/event/mobile/13615,759000.0,752000,0.0
https://www.yeoshin.co.kr/event/mobile/26878,66000.0,59000,10.0
https://www.yeoshin.co.kr/event/mobile/23870,88000.0,81000,7.0
https://www.yeoshin.co.kr/event/mobile/11159,180000.0,173000,3.0
https://www.yeoshin.co.kr/event/mobile/442,110000.0,103000,6.0
https://www.yeoshin.co.kr/event/mobile/21626,300000.0,293000,2.0
https://www.yeoshin.co.kr/event/mobile/4437,132000.0,125000,5.0
https://www.yeoshin.co.kr/event/mobile/12003,110000.0,103000,6.0
https://www.yeoshin.co.kr/event/mobile/8850,170000.0,163000,4.0
https://www.yeoshin.co.kr/event/mobile/26803,616000.0,609000,1.0
https://www.yeoshin.co.kr/event/mobile/22348,770000.0,763000,0.0
https://www.yeoshin.co.kr/event/mobile/23254,396000.0,389000,1.0
https://www.yeoshin.co.kr/event/mobile/2214,275000.0,268000,2.0
https://www.yeoshin.co.kr/event/mobile/26322,80000.0,73000,8.0
https://www.yeoshin.co.kr/event/mobile/1887,132000.0,125000,5.0
https://www.yeoshin.co.kr/event/mobile/8879,99000.0,92000,7.0
https://www.yeoshin.co.kr/event/mobile/11900,,92000,
https://www.yeoshin.co.kr/event/mobile/13106,59000.0,52000,11.0
https://www.yeoshin.co.kr/event/mobile/16047,440000.0,433000,1.0
https://www.yeoshin.co.kr/event/mobile/13224,198000.0,191000,3.0
https://www.yeoshin.co.kr/event/mobile/25669,450000.0,443000,1.0
https://www.yeoshin.co.kr/event/mobile/23549,119900.0,112900,5.0
https://www.yeoshin.co.kr/event/mobile/15542,200000.0,193000,3.0
https://www.yeoshin.co.kr/event/mobile/17128,200000.0,193000,3.0
https://www.yeoshin.co.kr/event/mobile/15889,495000.0,488000,1.0
https://www.yeoshin.co.kr/event/mobile/15638,430000.0,423000,1.0
https://www.yeoshin.co.kr/event/mobile/22162,,605000,
https://www.yeoshin.co.kr/event/mobile/22161,,605000,
https://www.yeoshin.co.kr/event/mobile/26874,495000.0,488000,1.0
https://www.yeoshin.co.kr/event/mobile/20478,385000.0,378000,1.0
https://www.yeoshin.co.kr/event/mobile/27532,323400.0,316400,2.0
https://www.yeoshin.co.kr/event/mobile/27028,250000.0,243000,2.0
https://www.yeoshin.co.kr/event/mobile/26606,690000.0,683000,1.0
https://www.yeoshin.co.kr/event/mobile/22268,700000.0,693000,1.0
https://www.yeoshin.co.kr/event/mobile/23112,407000.0,400000,1.0
https://www.yeoshin.co.kr/event/mobile/25704,150000.0,143000,4.0
https://www.yeoshin.co.kr/event/mobile/11481,297000.0,290000,2.0
https://www.yeoshin.co.kr/event/mobile/27514,220000.0,213000,3.0
https://www.yeoshin.co.kr/event/mobile/25851,,653000,
https://www.yeoshin.co.kr/event/mobile/17129,3000000.0,2993000,0.0
https://www.yeoshin.co.kr/event/mobile/25705,363000.0,356000,1.0
https://www.yeoshin.co.kr/event/mobile/25703,192500.0,185500,3.0
https://www.yeoshin.co.kr/event/mobile/25848,,873000,
https://www.yeoshin.co.kr/event/mobile/20943,1188000.0,1181000,0.0
https://www.yeoshin.co.kr/event/mobile/18039,990000.0,983000,0.0
https://www.yeoshin.co.kr/event/mobile/26605,1150000.0,1143000,0.0
https://www.yeoshin.co.kr/event/mobile/22023,800000.0,793000,0.0
https://www.yeoshin.co.kr/event/mobile/5011,440000.0,433000,1.0
https://www.yeoshin.co.kr/event/mobile/25582,396000.0,389000,1.0
https://www.yeoshin.co.kr/event/mobile/26511,759000.0,752000,0.0
https://www.yeoshin.co.kr/event/mobile/27282,880000.0,873000,0.0
https://www.yeoshin.co.kr/event/mobile/25844,,125000,
https://www.yeoshin.co.kr/event/mobile/25809,59000.0,52000,11.0
https://www.yeoshin.co.kr/event/mobile/24458,,290000,
https://www.yeoshin.co.kr/event/mobile/22460,,429000,
https://www.yeoshin.co.kr/event/mobile/24472,,500000,
https://www.yeoshin.co.kr/event/mobile/11707,90000.0,83000,7.0
https://www.yeoshin.co.kr/event/mobile/23033,700000.0,693000,1.0
https://www.yeoshin.co.kr/event/mobile/20315,66000.0,59000,10.0
https://www.yeoshin.co.kr/event/mobile/20561,275000.0,268000,2.0
https://www.yeoshin.co.kr/event/mobile/7402,2189000.0,2182000,0.0
https://www.yeoshin.co.kr/event/mobile/20556,110000.0,103000,6.0
https://www.yeoshin.co.kr/event/mobile/23113,207900.0,200900,3.0
https://www.yeoshin.co.kr/event/mobile/20560,207900.0,200900,3.0
https://www.yeoshin.co.kr/event/mobile/20562,250000.0,243000,2.0
https://www.yeoshin.co.kr/event/mobile/20559,165000.0,158000,4.0
https://www.yeoshin.co.kr/event/mobile/20557,53900.0,46900,12.0
https://www.yeoshin.co.kr/event/mobile/20558,97900.0,90900,7.0
https://www.yeoshin.co.kr/event/mobile/20633,3960000.0,3953000,0.0
https://www.yeoshin.co.kr/event/mobile/17111,550000.0,543000,1.0
https://www.yeoshin.co.kr/event/mobile/11823,660000.0,653000,1.0
https://www.yeoshin.co.kr/event/mobile/15689,550000.0,543000,1.0
https://www.yeoshin.co.kr/event/mobile/24332,440000.0,433000,1.0
https://www.yeoshin.co.kr/event/mobile/18036,330000.0,323000,2.0
https://www.yeoshin.co.kr/event/mobile/16046,550000.0,543000,1.0
https://www.yeoshin.co.kr/event/mobile/17867,429000.0,422000,1.0
https://www.yeoshin.co.kr/event/mobile/11441,90000.0,83000,7.0
https://www.yeoshin.co.kr/event/mobile/24775,385000.0,378000,1.0
https://www.yeoshin.co.kr/event/mobile/15647,660000.0,653000,1.0
https://www.yeoshin.co.kr/event/mobile/9711,1320000.0,1313000,0.0
https://www.yeoshin.co.kr/event/mobile/16970,53900.0,46900,12.0
https://www.yeoshin.co.kr/event/mobile/24359,55000.0,48000,12.0
https://www.yeoshin.co.kr/event/mobile/18786,44000.0,37000,15.0
https://www.yeoshin.co.kr/event/mobile/21918,187000.0,180000,3.0
https://www.yeoshin.co.kr/event/mobile/25266,55000.0,48000,12.0
https://www.yeoshin.co.kr/event/mobile/27443,1089000.0,1082000,0.0
https://www.yeoshin.co.kr/event/mobile/27168,150000.0,143000,4.0
https://www.yeoshin.co.kr/event/mobile/25811,385000.0,378000,1.0
https://www.yeoshin.co.kr/event/mobile/21527,960000.0,953000,0.0
https://www.yeoshin.co.kr/event/mobile/7162,60500.0,53500,11.0
https://www.yeoshin.co.kr/event/mobile/20309,319000.0,312000,2.0
https://www.yeoshin.co.kr/event/mobile/16181,495000.0,488000,1.0
https://www.yeoshin.co.kr/event/mobile/20448,99000.0,92000,7.0
https://www.yeoshin.co.kr/event/mobile/20021,110000.0,103000,6.0
https://www.yeoshin.co.kr/event/mobile/20028,99000.0,92000,7.0
https://www.yeoshin.co.kr/event/mobile/20020,198000.0,191000,3.0
https://www.yeoshin.co.kr/event/mobile/27088,990000.0,983000,0.0
https://www.yeoshin.co.kr/event/mobile/24011,1320000.0,1313000,0.0
https://www.yeoshin.co.kr/event/mobile/20353,99000.0,92000,7.0
https://www.yeoshin.co.kr/event/mobile/21403,840000.0,833000,0.0
https://www.yeoshin.co.kr/event/mobile/25355,649000.0,642000,1.0
https://www.yeoshin.co.kr/event/mobile/25354,440000.0,433000,1.0
https://www.yeoshin.co.kr/event/mobile/20451,77000.0,70000,9.0
https://www.yeoshin.co.kr/event/mobile/21486,590000.0,583000,1.0
https://www.yeoshin.co.kr/event/mobile/25847,,653000,
https://www.yeoshin.co.kr/event/mobile/24842,79000.0,72000,8.0
https://www.yeoshin.co.kr/event/mobile/25037,870000.0,863000,0.0
https://www.yeoshin.co.kr/event/mobile/20027,220000.0,213000,3.0
https://www.yeoshin.co.kr/event/mobile/20025,99000.0,92000,7.0
https://www.yeoshin.co.kr/event/mobile/20023,429000.0,422000,1.0
https://www.yeoshin.co.kr/event/mobile/20029,110000.0,103000,6.0
https://www.yeoshin.co.kr/event/mobile/20022,429000.0,422000,1.0
https://www.yeoshin.co.kr/event/mobile/20450,99000.0,92000,7.0
https://www.yeoshin.co.kr/event/mobile/20452,77000.0,70000,9.0
https://www.yeoshin.co.kr/event/mobile/22024,539000.0,532000,1.0
https://www.yeoshin.co.kr/event/mobile/24802,540000.0,533000,1.0
https://www.yeoshin.co.kr/event/mobile/20455,99000.0,92000,7.0
https://www.yeoshin.co.kr/event/mobile/20932,539000.0,532000,1.0
https://www.yeoshin.co.kr/event/mobile/25304,132000.0,125000,5.0
https://www.yeoshin.co.kr/event/mobile/18115,880000.0,873000,0.0
https://www.yeoshin.co.kr/event/mobile/790,,103000,
https://www.yeoshin.co.kr/event/mobile/17997,88000.0,81000,7.0
https://www.yeoshin.co.kr/event/mobile/25846,,433000,
https://www.yeoshin.co.kr/event/mobile/20026,396000.0,389000,1.0
https://www.yeoshin.co.kr/event/mobile/13078,869000.0,862000,0.0
https://www.yeoshin.co.kr/event/mobile/20453,77000.0,70000,9.0
https://www.yeoshin.co.kr/event/mobile/3140,66000.0,59000,10.0
https://www.yeoshin.co.kr/event/mobile/20449,22000.0,15000,31.0
https://www.yeoshin.co.kr/event/mobile/2726,66000.0,59000,10.0
https://www.yeoshin.co.kr/event/mobile/17827,150000.0,143000,4.0
https://www.yeoshin.co.kr/event/mobile/22478,88000.0,81000,7.0
https://www.yeoshin.co.kr/event/mobile/21162,99000.0,92000,7.0
https://www.yeoshin.co.kr/event/mobile/18858,150000.0,143000,4.0
https://www.yeoshin.co.kr/event/mobile/17828,132000.0,125000,5.0
https://www.yeoshin.co.kr/event/mobile/24807,470000.0,463000,1.0
https://www.yeoshin.co.kr/event/mobile/27811,66000.0,59000,10.0
https://www.yeoshin.co.kr/event/mobile/27809,350000.0,343000,2.0
https://www.yeoshin.co.kr/event/mobile/27611,440000.0,433000,1.0
https://www.yeoshin.co.kr/event/mobile/27320,1200000.0,1193000,0.0
https://www.yeoshin.co.kr/event/mobile/25496,389400.0,382400,1.0
https://www.yeoshin.co.kr/event/mobile/19173,99000.0,92000,7.0
https://www.yeoshin.co.kr/event/mobile/19169,55000.0,48000,12.0
https://www.yeoshin.co.kr/event/mobile/17700,250000.0,243000,2.0
https://www.yeoshin.co.kr/event/mobile/26083,88000.0,81000,7.0
https://www.yeoshin.co.kr/event/mobile/18071,880000.0,873000,0.0
https://www.yeoshin.co.kr/event/mobile/26431,352000.0,345000,1.0
https://www.yeoshin.co.kr/event/mobile/4665,328900.0,321900,2.0
https://www.yeoshin.co.kr/event/mobile/20332,110000.0,103000,6.0
https://www.yeoshin.co.kr/event/mobile/10098,16500.0,9500,42.0
https://www.yeoshin.co.kr/event/mobile/25273,440000.0,433000,1.0
https://www.yeoshin.co.kr/event/mobile/24644,,101900,
https://www.yeoshin.co.kr/event/mobile/16710,55000.0,48000,12.0
https://www.yeoshin.co.kr/event/mobile/20942,660000.0,653000,1.0
https://www.yeoshin.co.kr/event/mobile/22543,108900.0,101900,6.0
https://www.yeoshin.co.kr/event/mobile/24962,99000.0,92000,7.0
https://www.yeoshin.co.kr/event/mobile/26600,66000.0,59000,10.0
https://www.yeoshin.co.kr/event/mobile/11031,44000.0,37000,15.0
https://www.yeoshin.co.kr/event/mobile/15865,11000.0,6100,44.0
https://www.yeoshin.co.kr/event/mobile/19170,99000.0,92000,7.0
https://www.yeoshin.co.kr/event/mobile/26570,55000.0,48000,12.0
https://www.yeoshin.co.kr/event/mobile/23642,220000.0,213000,3.0
https://www.yeoshin.co.kr/event/mobile/1343,43000.0,36000,16.0
https://www.yeoshin.co.kr/event/mobile/20923,479600.0,472600,1.0
https://www.yeoshin.co.kr/event/mobile/12863,165000.0,158000,4.0
https://www.yeoshin.co.kr/event/mobile/16775,1200000.0,1193000,0.0
https://www.yeoshin.co.kr/event/mobile/19175,55000.0,48000,12.0
https://www.yeoshin.co.kr/event/mobile/19178,55000.0,48000,12.0
https://www.yeoshin.co.kr/event/mobile/11693,165000.0,158000,4.0
https://www.yeoshin.co.kr/event/mobile/19179,165000.0,158000,4.0
https://www.yeoshin.co.kr/event/mobile/20454,220000.0,213000,3.0
https://www.yeoshin.co.kr/event/mobile/27002,319000.0,312000,2.0
https://www.yeoshin.co.kr/event/mobile/26754,870000.0,863000,0.0
https://www.yeoshin.co.kr/event/mobile/25523,430000.0,423000,1.0
https://www.yeoshin.co.kr/event/mobile/19177,55000.0,48000,12.0
https://www.yeoshin.co.kr/event/mobile/26889,385000.0,378000,1.0
https://www.yeoshin.co.kr/event/mobile/19176,55000.0,48000,12.0
https://www.yeoshin.co.kr/event/mobile/8735,53900.0,46900,12.0
https://www.yeoshin.co.kr/event/mobile/4387,99000.0,92000,7.0
https://www.yeoshin.co.kr/event/mobile/6334,53900.0,46900,12.0
https://www.yeoshin.co.kr/event/mobile/14006,66000.0,59000,10.0
https://www.yeoshin.co.kr/event/mobile/17117,2000000.0,1993000,0.0
https://www.yeoshin.co.kr/event/mobile/26242,54000.0,47000,12.0
https://www.yeoshin.co.kr/event/mobile/26024,,488000,
https://www.yeoshin.co.kr/event/mobile/27483,660000.0,653000,1.0
https://www.yeoshin.co.kr/event/mobile/25976,297000.0,290000,2.0
https://www.yeoshin.co.kr/event/mobile/24060,880000.0,873000,0.0
https://www.yeoshin.co.kr/event/mobile/4754,66000.0,59000,10.0
https://www.yeoshin.co.kr/event/mobile/27290,990000.0,983000,0.0
https://www.yeoshin.co.kr/event/mobile/20866,10000.0,5500,44.0
https://www.yeoshin.co.kr/event/mobile/24373,60000.0,53000,11.0
https://www.yeoshin.co.kr/event/mobile/26321,500000.0,493000,1.0
https://www.yeoshin.co.kr/event/mobile/20481,865000.0,858000,0.0
https://www.yeoshin.co.kr/event/mobile/26326,7000.0,3900,44.0
https://www.yeoshin.co.kr/event/mobile/15694,660000.0,653000,1.0
https://www.yeoshin.co.kr/event/mobile/25001,600000.0,593000,1.0
https://www.yeoshin.co.kr/event/mobile/20243,330000.0,323000,2.0
https://www.yeoshin.co.kr/event/mobile/13336,40000.0,33000,17.0
https://www.yeoshin.co.kr/event/mobile/24464,429000.0,422000,1.0
https://www.yeoshin.co.kr/event/mobile/17112,660000.0,653000,1.0
https://www.yeoshin.co.kr/event/mobile/17159,99000.0,92000,7.0
https://www.yeoshin.co.kr/event/mobile/16158,1400000.0,1393000,0.0
https://www.yeoshin.co.kr/event/mobile/25114,1089000.0,1082000,0.0
https://www.yeoshin.co.kr/event/mobile/24348,165000.0,158000,4.0
https://www.yeoshin.co.kr/event/mobile/26056,110000.0,103000,6.0
https://www.yeoshin.co.kr/event/mobile/24869,121000.0,114000,5.0
https://www.yeoshin.co.kr/event/mobile/24061,880000.0,873000,0.0
https://www.yeoshin.co.kr/event/mobile/8501,75900.0,68900,9.0
https://www.yeoshin.co.kr/event/mobile/8319,172000.0,165000,4.0
https://www.yeoshin.co.kr/event/mobile/6955,1540000.0,1533000,0.0
https://www.yeoshin.co.kr/event/mobile/24338,77000.0,70000,9.0
https://www.yeoshin.co.kr/event/mobile/3537,60000.0,53000,11.0
https://www.yeoshin.co.kr/event/mobile/25458,160000.0,153000,4.0
https://www.yeoshin.co.kr/event/mobile/3170,220000.0,213000,3.0
https://www.yeoshin.co.kr/event/mobile/24668,187000.0,180000,3.0
https://www.yeoshin.co.kr/event/mobile/27110,1100000.0,1093000,0.0
https://www.yeoshin.co.kr/event/mobile/27099,108900.0,101900,6.0
https://www.yeoshin.co.kr/event/mobile/13472,77000.0,70000,9.0
https://www.yeoshin.co.kr/event/mobile/4409,55000.0,48000,12.0
https://www.yeoshin.co.kr/event/mobile/5149,55000.0,48000,12.0
https://www.yeoshin.co.kr/event/mobile/18043,330000.0,323000,2.0
https://www.yeoshin.co.kr/event/mobile/25452,2500000.0,2493000,0.0
https://www.yeoshin.co.kr/event/mobile/24784,55000.0,48000,12.0
https://www.yeoshin.co.kr/event/mobile/24305,55000.0,48000,12.0
https://www.yeoshin.co.kr/event/mobile/20672,1980000.0,1973000,0.0
https://www.yeoshin.co.kr/event/mobile/20604,1320000.0,1313000,0.0
https://www.yeoshin.co.kr/event/mobile/20639,1980000.0,1973000,0.0
https://www.yeoshin.co.kr/event/mobile/18018,137500.0,130500,5.0
https://www.yeoshin.co.kr/event/mobile/15888,110000.0,103000,6.0
https://www.yeoshin.co.kr/event/mobile/20671,1650000.0,1643000,0.0
https://www.yeoshin.co.kr/event/mobile/18580,42900.0,35900,16.0
https://www.yeoshin.co.kr/event/mobile/20605,550000.0,543000,1.0
https://www.yeoshin.co.kr/event/mobile/20603,2420000.0,2413000,0.0
https://www.yeoshin.co.kr/event/mobile/4717,220000.0,213000,3.0
https://www.yeoshin.co.kr/event/mobile/24722,132000.0,125000,5.0
https://www.yeoshin.co.kr/event/mobile/24667,264000.0,257000,2.0
https://www.yeoshin.co.kr/event/mobile/27272,495000.0,488000,1.0
https://www.yeoshin.co.kr/event/mobile/25439,77000.0,70000,9.0
https://www.yeoshin.co.kr/event/mobile/14664,385000.0,378000,1.0
https://www.yeoshin.co.kr/event/mobile/26055,44000.0,37000,15.0
https://www.yeoshin.co.kr/event/mobile/26085,330000.0,323000,2.0
https://www.yeoshin.co.kr/event/mobile/16361,66000.0,59000,10.0
https://www.yeoshin.co.kr/event/mobile/10533,110000.0,103000,6.0
https://www.yeoshin.co.kr/event/mobile/7661,110000.0,103000,6.0
https://www.yeoshin.co.kr/event/mobile/16363,44000.0,37000,15.0
https://www.yeoshin.co.kr/event/mobile/15387,220000.0,213000,3.0
https://www.yeoshin.co.kr/event/mobile/15459,99000.0,92000,7.0
https://www.yeoshin.co.kr/event/mobile/25230,550000.0,543000,1.0
https://www.yeoshin.co.kr/event/mobile/19767,300000.0,293000,2.0
https://www.yeoshin.co.kr/event/mobile/11730,363000.0,356000,1.0
https://www.yeoshin.co.kr/event/mobile/23397,550000.0,543000,1.0
https://www.yeoshin.co.kr/event/mobile/26349,160000.0,153000,4.0
https://www.yeoshin.co.kr/event/mobile/9047,55000.0,48000,12.0
https://www.yeoshin.co.kr/event/mobile/26557,50000.0,43000,14.0
https://www.yeoshin.co.kr/event/mobile/12039,350000.0,343000,2.0
https://www.yeoshin.co.kr/event/mobile/6002,1089000.0,1082000,0.0
https://www.yeoshin.co.kr/event/mobile/9218,66000.0,59000,10.0
https://www.yeoshin.co.kr/event/mobile/24861,,869000,
https://www.yeoshin.co.kr/event/mobile/26823,,715000,
https://www.yeoshin.co.kr/event/mobile/21473,,2200000,
https://www.yeoshin.co.kr/event/mobile/21038,,1870000,
https://www.yeoshin.co.kr/event/mobile/22426,,979000,
https://www.yeoshin.co.kr/event/mobile/26183,,2079000,
https://www.yeoshin.co.kr/event/mobile/25477,,6600000,
https://www.yeoshin.co.kr/event/mobile/27661,,422000,
https://www.yeoshin.co.kr/event/mobile/16174,1089000.0,1082000,0.0
https://www.yeoshin.co.kr/event/mobile/26796,1540000.0,1533000,0.0
https://www.yeoshin.co.kr/event/mobile/26190,649000.0,642000,1.0
https://www.yeoshin.co.kr/event/mobile/26385,440000.0,433000,1.0
https://www.yeoshin.co.kr/event/mobile/25616,429000.0,422000,1.0
https://www.yeoshin.co.kr/event/mobile/22931,440000.0,433000,1.0
https://www.yeoshin.co.kr/event/mobile/23917,385000.0,378000,1.0
https://www.yeoshin.co.kr/event/mobile/27498,385000.0,378000,1.0
https://www.yeoshin.co.kr/event/mobile/26135,1155000.0,1148000,0.0
https://www.yeoshin.co.kr/event/mobile/25909,,2193000,
https://www.yeoshin.co.kr/event/mobile/18299,99000.0,92000,7.0
https://www.yeoshin.co.kr/event/mobile/20407,132000.0,125000,5.0
https://www.yeoshin.co.kr/event/mobile/27403,880000.0,873000,0.0
https://www.yeoshin.co.kr/event/mobile/25446,363000.0,356000,1.0
https://www.yeoshin.co.kr/event/mobile/27298,550000.0,543000,1.0
https://www.yeoshin.co.kr/event/mobile/26872,1265000.0,1258000,0.0
https://www.yeoshin.co.kr/event/mobile/26188,1125000.0,1118000,0.0
https://www.yeoshin.co.kr/event/mobile/1474,660000.0,653000,1.0
https://www.yeoshin.co.kr/event/mobile/25911,2519000.0,2512000,0.0
https://www.yeoshin.co.kr/event/mobile/22902,429000.0,422000,1.0
https://www.yeoshin.co.kr/event/mobile/22359,220000.0,213000,3.0
https://www.yeoshin.co.kr/event/mobile/26650,121000.0,114000,5.0
https://www.yeoshin.co.kr/event/mobile/13184,27500.0,20500,25.0
https://www.yeoshin.co.kr/event/mobile/21833,550000.0,543000,1.0
https://www.yeoshin.co.kr/event/mobile/5197,119900.0,112900,5.0
https://www.yeoshin.co.kr/event/mobile/24094,30000.0,23000,23.0
https://www.yeoshin.co.kr/event/mobile/6087,55000.0,48000,12.0
https://www.yeoshin.co.kr/event/mobile/1919,55000.0,48000,12.0
https://www.yeoshin.co.kr/event/mobile/6880,38500.0,31500,18.0
https://www.yeoshin.co.kr/event/mobile/26592,44000.0,37000,15.0
https://www.yeoshin.co.kr/event/mobile/20772,55000.0,48000,12.0
https://www.yeoshin.co.kr/event/mobile/20768,32000.0,25000,21.0
https://www.yeoshin.co.kr/event/mobile/11154,64900.0,57900,10.0
https://www.yeoshin.co.kr/event/mobile/19743,132000.0,125000,5.0
https://www.yeoshin.co.kr/event/mobile/26170,66000.0,59000,10.0
https://www.yeoshin.co.kr/event/mobile/19805,49000.0,42000,14.0
https://www.yeoshin.co.kr/event/mobile/21907,275000.0,268000,2.0
https://www.yeoshin.co.kr/event/mobile/17206,53900.0,46900,12.0
https://www.yeoshin.co.kr/event/mobile/11832,242000.0,235000,2.0
https://www.yeoshin.co.kr/event/mobile/27300,251900.0,244900,2.0
https://www.yeoshin.co.kr/event/mobile/27553,330000.0,323000,2.0
https://www.yeoshin.co.kr/event/mobile/20434,869000.0,862000,0.0
https://www.yeoshin.co.kr/event/mobile/26657,110000.0,103000,6.0
https://www.yeoshin.co.kr/event/mobile/23076,72600.0,65600,9.0
https://www.yeoshin.co.kr/event/mobile/26042,250000.0,243000,2.0
https://www.yeoshin.co.kr/event/mobile/13978,550000.0,543000,1.0
https://www.yeoshin.co.kr/event/mobile/22585,110000.0,103000,6.0
https://www.yeoshin.co.kr/event/mobile/21203,385000.0,378000,1.0
https://www.yeoshin.co.kr/event/mobile/27204,1419000.0,1412000,0.0
https://www.yeoshin.co.kr/event/mobile/26805,440000.0,433000,1.0
https://www.yeoshin.co.kr/event/mobile/25475,152900.0,145900,4.0
https://www.yeoshin.co.kr/event/mobile/25188,110000.0,103000,6.0
https://www.yeoshin.co.kr/event/mobile/17401,86900.0,79900,8.0
https://www.yeoshin.co.kr/event/mobile/17313,64900.0,57900,10.0
https://www.yeoshin.co.kr/event/mobile/15121,363000.0,356000,1.0
https://www.yeoshin.co.kr/event/mobile/11363,66000.0,59000,10.0
https://www.yeoshin.co.kr/event/mobile/20221,254100.0,247100,2.0
https://www.yeoshin.co.kr/event/mobile/21204,440000.0,433000,1.0
https://www.yeoshin.co.kr/event/mobile/25269,99000.0,92000,7.0
https://www.yeoshin.co.kr/event/mobile/26051,110000.0,103000,6.0
https://www.yeoshin.co.kr/event/mobile/25835,,356000,
https://www.yeoshin.co.kr/event/mobile/25837,,213000,
https://www.yeoshin.co.kr/event/mobile/20565,218900.0,211900,3.0
https://www.yeoshin.co.kr/event/mobile/21260,250000.0,243000,2.0
https://www.yeoshin.co.kr/event/mobile/4731,110000.0,103000,6.0
https://www.yeoshin.co.kr/event/mobile/18653,132000.0,125000,5.0
https://www.yeoshin.co.kr/event/mobile/16810,350900.0,343900,1.0
https://www.yeoshin.co.kr/event/mobile/17215,275000.0,268000,2.0
https://www.yeoshin.co.kr/event/mobile/20566,229900.0,222900,3.0
https://www.yeoshin.co.kr/event/mobile/19812,49000.0,42000,14.0
https://www.yeoshin.co.kr/event/mobile/26451,220000.0,213000,3.0
https://www.yeoshin.co.kr/event/mobile/21106,79000.0,72000,8.0
https://www.yeoshin.co.kr/event/mobile/25615,429000.0,422000,1.0
https://www.yeoshin.co.kr/event/mobile/24070,380000.0,373000,1.0
https://www.yeoshin.co.kr/event/mobile/11323,220000.0,213000,3.0
https://www.yeoshin.co.kr/event/mobile/20352,375000.0,368000,1.0
https://www.yeoshin.co.kr/event/mobile/27667,59000.0,52000,11.0
https://www.yeoshin.co.kr/event/mobile/24431,450000.0,443000,1.0
https://www.yeoshin.co.kr/event/mobile/27080,,92000,
https://www.yeoshin.co.kr/event/mobile/19811,45000.0,38000,15.0
https://www.yeoshin.co.kr/event/mobile/27589,493900.0,486900,1.0
https://www.yeoshin.co.kr/event/mobile/24066,250000.0,243000,2.0
https://www.yeoshin.co.kr/event/mobile/27287,154000.0,147000,4.0
https://www.yeoshin.co.kr/event/mobile/17120,119000.0,112000,5.0
https://www.yeoshin.co.kr/event/mobile/25495,209000.0,202000,3.0
https://www.yeoshin.co.kr/event/mobile/23629,75900.0,68900,9.0
https://www.yeoshin.co.kr/event/mobile/17699,69000.0,62000,10.0
https://www.yeoshin.co.kr/event/mobile/310,218900.0,211900,3.0
https://www.yeoshin.co.kr/event/mobile/19279,,353000,
https://www.yeoshin.co.kr/event/mobile/13852,46600.0,39600,15.0
https://www.yeoshin.co.kr/event/mobile/26997,110000.0,103000,6.0
https://www.yeoshin.co.kr/event/mobile/18273,108900.0,101900,6.0
https://www.yeoshin.co.kr/event/mobile/15344,51200.0,44200,13.0
https://www.yeoshin.co.kr/event/mobile/27289,176000.0,169000,3.0
https://www.yeoshin.co.kr/event/mobile/27399,330000.0,323000,2.0
https://www.yeoshin.co.kr/event/mobile/20223,298000.0,291000,2.0
https://www.yeoshin.co.kr/event/mobile/19016,88000.0,81000,7.0
https://www.yeoshin.co.kr/event/mobile/18626,88000.0,81000,7.0
https://www.yeoshin.co.kr/event/mobile/23404,53900.0,46900,12.0
https://www.yeoshin.co.kr/event/mobile/27219,110000.0,103000,6.0
https://www.yeoshin.co.kr/event/mobile/11165,121000.0,114000,5.0
https://www.yeoshin.co.kr/event/mobile/26944,319000.0,312000,2.0
https://www.yeoshin.co.kr/event/mobile/26825,275000.0,268000,2.0
https://www.yeoshin.co.kr/event/mobile/19714,385000.0,378000,1.0
https://www.yeoshin.co.kr/event/mobile/20083,59000.0,52000,11.0
https://www.yeoshin.co.kr/event/mobile/25009,300000.0,293000,2.0
https://www.yeoshin.co.kr/event/mobile/27414,110000.0,103000,6.0
https://www.yeoshin.co.kr/event/mobile/17329,73700.0,66700,9.0
https://www.yeoshin.co.kr/event/mobile/6318,310000.0,303000,2.0
https://www.yeoshin.co.kr/event/mobile/19736,319000.0,312000,2.0
https://www.yeoshin.co.kr/event/mobile/19755,110000.0,103000,6.0
https://www.yeoshin.co.kr/event/mobile/18333,275000.0,268000,2.0
https://www.yeoshin.co.kr/event/mobile/15679,58000.0,51000,12.0
https://www.yeoshin.co.kr/event/mobile/17039,85000.0,78000,8.0
https://www.yeoshin.co.kr/event/mobile/26009,330000.0,323000,2.0
https://www.yeoshin.co.kr/event/mobile/19214,350000.0,343000,2.0
https://www.yeoshin.co.kr/event/mobile/16520,100000.0,93000,6.0
https://www.yeoshin.co.kr/event/mobile/16680,110000.0,103000,6.0
https://www.yeoshin.co.kr/event/mobile/16372,250000.0,243000,2.0
https://www.yeoshin.co.kr/event/mobile/26281,550000.0,543000,1.0
https://www.yeoshin.co.kr/event/mobile/23352,350000.0,343000,2.0
https://www.yeoshin.co.kr/event/mobile/24525,605000.0,598000,1.0
https://www.yeoshin.co.kr/event/mobile/26029,198000.0,191000,3.0
https://www.yeoshin.co.kr/event/mobile/17110,440000.0,433000,1.0
https://www.yeoshin.co.kr/event/mobile/18908,77000.0,70000,9.0
https://www.yeoshin.co.kr/event/mobile/22932,440000.0,433000,1.0
https://www.yeoshin.co.kr/event/mobile/24524,440000.0,433000,1.0
https://www.yeoshin.co.kr/event/mobile/18704,280000.0,273000,2.0
https://www.yeoshin.co.kr/event/mobile/23770,363000.0,356000,1.0
https://www.yeoshin.co.kr/event/mobile/17046,60500.0,53500,11.0
https://www.yeoshin.co.kr/event/mobile/17881,319000.0,312000,2.0
https://www.yeoshin.co.kr/event/mobile/17957,273900.0,266900,2.0
https://www.yeoshin.co.kr/event/mobile/27648,55000.0,48000,12.0
https://www.yeoshin.co.kr/event/mobile/27501,310000.0,303000,2.0
https://www.yeoshin.co.kr/event/mobile/27281,550000.0,543000,1.0
https://www.yeoshin.co.kr/event/mobile/27097,110000.0,103000,6.0
https://www.yeoshin.co.kr/event/mobile/6335,429000.0,422000,1.0
https://www.yeoshin.co.kr/event/mobile/3000,220000.0,213000,3.0
https://www.yeoshin.co.kr/event/mobile/18240,86900.0,79900,8.0
https://www.yeoshin.co.kr/event/mobile/26142,176000.0,169000,3.0
https://www.yeoshin.co.kr/event/mobile/18317,99000.0,92000,7.0
https://www.yeoshin.co.kr/event/mobile/18476,214500.0,207500,3.0
https://www.yeoshin.co.kr/event/mobile/3919,97900.0,90900,7.0
https://www.yeoshin.co.kr/event/mobile/20211,400000.0,393000,1.0
https://www.yeoshin.co.kr/event/mobile/25442,66000.0,59000,10.0
https://www.yeoshin.co.kr/event/mobile/24673,297000.0,290000,2.0
https://www.yeoshin.co.kr/event/mobile/15940,363000.0,356000,1.0
https://www.yeoshin.co.kr/event/mobile/25457,704000.0,697000,0.0
https://www.yeoshin.co.kr/event/mobile/17267,88000.0,81000,7.0
https://www.yeoshin.co.kr/event/mobile/18293,110000.0,103000,6.0
https://www.yeoshin.co.kr/event/mobile/20328,550000.0,543000,1.0
https://www.yeoshin.co.kr/event/mobile/13290,,183000,
https://www.yeoshin.co.kr/event/mobile/15944,209000.0,202000,3.0
https://www.yeoshin.co.kr/event/mobile/25829,429000.0,422000,1.0
https://www.yeoshin.co.kr/event/mobile/18969,759000.0,752000,0.0
https://www.yeoshin.co.kr/event/mobile/22532,495000.0,488000,1.0
https://www.yeoshin.co.kr/event/mobile/20647,88000.0,81000,7.0
https://www.yeoshin.co.kr/event/mobile/12024,759000.0,752000,0.0
https://www.yeoshin.co.kr/event/mobile/15687,242000.0,235000,2.0
https://www.yeoshin.co.kr/event/mobile/24984,363000.0,356000,1.0
https://www.yeoshin.co.kr/event/mobile/25287,275000.0,268000,2.0
https://www.yeoshin.co.kr/event/mobile/25303,55000.0,48000,12.0
https://www.yeoshin.co.kr/event/mobile/1420,165000.0,158000,4.0
https://www.yeoshin.co.kr/event/mobile/26089,506000.0,499000,1.0
https://www.yeoshin.co.kr/event/mobile/16096,385000.0,378000,1.0
https://www.yeoshin.co.kr/event/mobile/26061,220000.0,213000,3.0
https://www.yeoshin.co.kr/event/mobile/27034,185900.0,178900,3.0
https://www.yeoshin.co.kr/event/mobile/25335,165000.0,158000,4.0
https://www.yeoshin.co.kr/event/mobile/26434,339000.0,332000,2.0
https://www.yeoshin.co.kr/event/mobile/26560,230000.0,223000,3.0
https://www.yeoshin.co.kr/event/mobile/17868,85000.0,78000,8.0
https://www.yeoshin.co.kr/event/mobile/3878,299000.0,292000,2.0
https://www.yeoshin.co.kr/event/mobile/26553,330000.0,323000,2.0
https://www.yeoshin.co.kr/event/mobile/20172,299000.0,292000,2.0
https://www.yeoshin.co.kr/event/mobile/13694,231000.0,224000,3.0
https://www.yeoshin.co.kr/event/mobile/25181,99000.0,92000,7.0
https://www.yeoshin.co.kr/event/mobile/20564,218900.0,211900,3.0
https://www.yeoshin.co.kr/event/mobile/18825,210000.0,203000,3.0
https://www.yeoshin.co.kr/event/mobile/27602,199000.0,192000,3.0
https://www.yeoshin.co.kr/event/mobile/23074,148500.0,141500,4.0
https://www.yeoshin.co.kr/event/mobile/2791,220000.0,213000,3.0
https://www.yeoshin.co.kr/event/mobile/16972,299000.0,292000,2.0
https://www.yeoshin.co.kr/event/mobile/25262,220000.0,213000,3.0
https://www.yeoshin.co.kr/event/mobile/21205,242000.0,235000,2.0
https://www.yeoshin.co.kr/event/mobile/6050,440000.0,433000,1.0
https://www.yeoshin.co.kr/event/mobile/25068,273900.0,266900,2.0
https://www.yeoshin.co.kr/event/mobile/27566,350000.0,343000,2.0
https://www.yeoshin.co.kr/event/mobile/27258,693000.0,686000,1.0
https://www.yeoshin.co.kr/event/mobile/17422,152900.0,145900,4.0
https://www.yeoshin.co.kr/event/mobile/17391,104500.0,97500,6.0
https://www.yeoshin.co.kr/event/mobile/17305,152900.0,145900,4.0
https://www.yeoshin.co.kr/event/mobile/17304,185900.0,178900,3.0
https://www.yeoshin.co.kr/event/mobile/959,143000.0,136000,4.0
https://www.yeoshin.co.kr/event/mobile/21906,185900.0,178900,3.0
https://www.yeoshin.co.kr/event/mobile/16375,219000.0,212000,3.0
https://www.yeoshin.co.kr/event/mobile/26649,154000.0,147000,4.0
https://www.yeoshin.co.kr/event/mobile/24433,290000.0,283000,2.0
https://www.yeoshin.co.kr/event/mobile/9430,660000.0,653000,1.0
https://www.yeoshin.co.kr/event/mobile/27343,119900.0,112900,5.0
https://www.yeoshin.co.kr/event/mobile/26016,,893000,
https://www.yeoshin.co.kr/event/mobile/21015,,183000,
https://www.yeoshin.co.kr/event/mobile/18657,330000.0,323000,2.0
https://www.yeoshin.co.kr/event/mobile/2764,269000.0,262000,2.0
https://www.yeoshin.co.kr/event/mobile/19809,200000.0,193000,3.0
https://www.yeoshin.co.kr/event/mobile/27170,275000.0,268000,2.0
https://www.yeoshin.co.kr/event/mobile/8534,308000.0,301000,2.0
https://www.yeoshin.co.kr/event/mobile/3403,220000.0,213000,3.0
https://www.yeoshin.co.kr/event/mobile/26449,143000.0,136000,4.0
https://www.yeoshin.co.kr/event/mobile/22025,220000.0,213000,3.0
https://www.yeoshin.co.kr/event/mobile/26264,199000.0,192000,3.0
https://www.yeoshin.co.kr/event/mobile/10307,290000.0,283000,2.0
https://www.yeoshin.co.kr/event/mobile/27588,328900.0,321900,2.0
https://www.yeoshin.co.kr/event/mobile/19266,,268000,
https://www.yeoshin.co.kr/event/mobile/27666,219000.0,212000,3.0
https://www.yeoshin.co.kr/event/mobile/8448,145000.0,138000,4.0
https://www.yeoshin.co.kr/event/mobile/12505,165000.0,158000,4.0
https://www.yeoshin.co.kr/event/mobile/27007,253000.0,246000,2.0
https://www.yeoshin.co.kr/event/mobile/25494,217800.0,210800,3.0
https://www.yeoshin.co.kr/event/mobile/23581,275000.0,268000,2.0
https://www.yeoshin.co.kr/event/mobile/17688,198000.0,191000,3.0
https://www.yeoshin.co.kr/event/mobile/7928,119900.0,112900,5.0
https://www.yeoshin.co.kr/event/mobile/20337,143000.0,136000,4.0
https://www.yeoshin.co.kr/event/mobile/24766,230000.0,223000,3.0
https://www.yeoshin.co.kr/event/mobile/27540,199000.0,192000,3.0
https://www.yeoshin.co.kr/event/mobile/23780,108900.0,101900,6.0
https://www.yeoshin.co.kr/event/mobile/26497,270000.0,263000,2.0
https://www.yeoshin.co.kr/event/mobile/26506,152900.0,145900,4.0
https://www.yeoshin.co.kr/event/mobile/23047,194000.0,187000,3.0
https://www.yeoshin.co.kr/event/mobile/19265,,213000,
https://www.yeoshin.co.kr/event/mobile/14937,209000.0,202000,3.0
https://www.yeoshin.co.kr/event/mobile/13678,218900.0,211900,3.0
https://www.yeoshin.co.kr/event/mobile/26019,198000.0,191000,3.0
https://www.yeoshin.co.kr/event/mobile/21506,330000.0,323000,2.0
https://www.yeoshin.co.kr/event/mobile/12926,89000.0,82000,7.0
https://www.yeoshin.co.kr/event/mobile/19648,275000.0,268000,2.0
https://www.yeoshin.co.kr/event/mobile/24098,220000.0,213000,3.0
https://www.yeoshin.co.kr/event/mobile/10122,130000.0,123000,5.0
https://www.yeoshin.co.kr/event/mobile/27704,420000.0,413000,1.0
https://www.yeoshin.co.kr/event/mobile/17336,192500.0,185500,3.0
https://www.yeoshin.co.kr/event/mobile/17322,185900.0,178900,3.0
https://www.yeoshin.co.kr/event/mobile/3423,330000.0,323000,2.0
https://www.yeoshin.co.kr/event/mobile/19101,220000.0,213000,3.0
https://www.yeoshin.co.kr/event/mobile/20480,599000.0,592000,1.0
https://www.yeoshin.co.kr/event/mobile/26153,308000.0,301000,2.0
https://www.yeoshin.co.kr/event/mobile/18241,198000.0,191000,3.0
https://www.yeoshin.co.kr/event/mobile/16963,330000.0,323000,2.0
https://www.yeoshin.co.kr/event/mobile/25900,660000.0,653000,1.0
https://www.yeoshin.co.kr/event/mobile/22933,330000.0,323000,2.0
https://www.yeoshin.co.kr/event/mobile/4446,330000.0,323000,2.0
https://www.yeoshin.co.kr/event/mobile/21564,165000.0,158000,4.0
https://www.yeoshin.co.kr/event/mobile/22531,275000.0,268000,2.0
https://www.yeoshin.co.kr/event/mobile/16380,220000.0,213000,3.0
https://www.yeoshin.co.kr/event/mobile/885,242000.0,235000,2.0
https://www.yeoshin.co.kr/event/mobile/17226,352000.0,345000,1.0
https://www.yeoshin.co.kr/event/mobile/17193,209000.0,202000,3.0
https://www.yeoshin.co.kr/event/mobile/16981,220000.0,213000,3.0
https://www.yeoshin.co.kr/event/mobile/23904,214500.0,207500,3.0
https://www.yeoshin.co.kr/event/mobile/12685,220000.0,213000,3.0
https://www.yeoshin.co.kr/event/mobile/663,199000.0,192000,3.0
https://www.yeoshin.co.kr/event/mobile/18477,308000.0,301000,2.0
https://www.yeoshin.co.kr/event/mobile/17265,308000.0,301000,2.0
https://www.yeoshin.co.kr/event/mobile/2728,242000.0,235000,2.0
https://www.yeoshin.co.kr/event/mobile/17282,275000.0,268000,2.0
https://www.yeoshin.co.kr/event/mobile/5608,385000.0,378000,1.0
https://www.yeoshin.co.kr/event/mobile/20610,330000.0,323000,2.0
https://www.yeoshin.co.kr/event/mobile/5295,218900.0,211900,3.0
https://www.yeoshin.co.kr/event/mobile/1037,165000.0,158000,4.0
https://www.yeoshin.co.kr/event/mobile/25437,330000.0,323000,2.0
https://www.yeoshin.co.kr/event/mobile/25825,308000.0,301000,2.0
https://www.yeoshin.co.kr/event/mobile/14461,,213000,
https://www.yeoshin.co.kr/event/mobile/18106,440000.0,433000,1.0
https://www.yeoshin.co.kr/event/mobile/26143,196900.0,189900,3.0
https://www.yeoshin.co.kr/event/mobile/20664,330000.0,323000,2.0
https://www.yeoshin.co.kr/event/mobile/19693,242000.0,235000,2.0
https://www.yeoshin.co.kr/event/mobile/16048,390000.0,383000,1.0
https://www.yeoshin.co.kr/event/mobile/9533,110000.0,103000,6.0
https://www.yeoshin.co.kr/event/mobile/24680,330000.0,323000,2.0
https://www.yeoshin.co.kr/event/mobile/15902,165000.0,158000,4.0
https://www.yeoshin.co.kr/event/mobile/5500,253000.0,246000,2.0
https://www.yeoshin.co.kr/event/mobile/14276,82500.0,75500,8.0
https://www.yeoshin.co.kr/event/mobile/27033,180000.0,173000,3.0
https://www.yeoshin.co.kr/event/mobile/1851,97900.0,90900,7.0
https://www.yeoshin.co.kr/event/mobile/24879,209000.0,202000,3.0
https://www.yeoshin.co.kr/event/mobile/25981,286000.0,279000,2.0
https://www.yeoshin.co.kr/event/mobile/26446,330000.0,323000,2.0
https://www.yeoshin.co.kr/event/mobile/25978,120000.0,113000,5.0
https://www.yeoshin.co.kr/event/mobile/25078,,202000,
https://www.yeoshin.co.kr/event/mobile/10255,200000.0,193000,3.0
https://www.yeoshin.co.kr/event/mobile/15144,120000.0,113000,5.0
https://www.yeoshin.co.kr/event/mobile/7121,264000.0,257000,2.0
https://www.yeoshin.co.kr/event/mobile/26611,500000.0,493000,1.0
https://www.yeoshin.co.kr/event/mobile/26612,520000.0,513000,1.0
https://www.yeoshin.co.kr/event/mobile/16974,99000.0,92000,7.0
https://www.yeoshin.co.kr/event/mobile/14536,330000.0,323000,2.0
https://www.yeoshin.co.kr/event/mobile/20417,99000.0,92000,7.0
https://www.yeoshin.co.kr/event/mobile/20413,385000.0,378000,1.0
https://www.yeoshin.co.kr/event/mobile/17396,71500.0,64500,9.0
https://www.yeoshin.co.kr/event/mobile/17308,71500.0,64500,9.0
https://www.yeoshin.co.kr/event/mobile/2797,88000.0,81000,7.0
https://www.yeoshin.co.kr/event/mobile/21209,99000.0,92000,7.0
https://www.yeoshin.co.kr/event/mobile/20516,847000.0,840000,0.0
https://www.yeoshin.co.kr/event/mobile/22649,70000.0,63000,9.0
https://www.yeoshin.co.kr/event/mobile/24016,275000.0,268000,2.0
https://www.yeoshin.co.kr/event/mobile/22846,97900.0,90900,7.0
https://www.yeoshin.co.kr/event/mobile/22827,165000.0,158000,4.0
https://www.yeoshin.co.kr/event/mobile/26706,99000.0,92000,7.0
https://www.yeoshin.co.kr/event/mobile/16728,99000.0,92000,7.0
https://www.yeoshin.co.kr/event/mobile/5146,330000.0,323000,2.0
https://www.yeoshin.co.kr/event/mobile/21279,93500.0,86500,7.0
https://www.yeoshin.co.kr/event/mobile/12801,308000.0,301000,2.0
https://www.yeoshin.co.kr/event/mobile/21107,163900.0,156900,4.0
https://www.yeoshin.co.kr/event/mobile/16946,40000.0,33000,17.0
https://www.yeoshin.co.kr/event/mobile/26265,99000.0,92000,7.0
https://www.yeoshin.co.kr/event/mobile/10919,605000.0,598000,1.0
https://www.yeoshin.co.kr/event/mobile/8435,80000.0,73000,8.0
https://www.yeoshin.co.kr/event/mobile/25035,99000.0,92000,7.0
https://www.yeoshin.co.kr/event/mobile/26804,550000.0,543000,1.0
https://www.yeoshin.co.kr/event/mobile/16767,86900.0,79900,8.0
https://www.yeoshin.co.kr/event/mobile/26036,66000.0,59000,10.0
https://www.yeoshin.co.kr/event/mobile/26213,,81000,
https://www.yeoshin.co.kr/event/mobile/25176,100000.0,93000,6.0
https://www.yeoshin.co.kr/event/mobile/27016,319000.0,312000,2.0
https://www.yeoshin.co.kr/event/mobile/17325,64900.0,57900,10.0
https://www.yeoshin.co.kr/event/mobile/7263,150000.0,143000,4.0
https://www.yeoshin.co.kr/event/mobile/27715,165000.0,158000,4.0
https://www.yeoshin.co.kr/event/mobile/20544,121000.0,114000,5.0
https://www.yeoshin.co.kr/event/mobile/8446,75000.0,68000,9.0
https://www.yeoshin.co.kr/event/mobile/16383,99000.0,92000,7.0
https://www.yeoshin.co.kr/event/mobile/22294,330000.0,323000,2.0
https://www.yeoshin.co.kr/event/mobile/14162,132000.0,125000,5.0
https://www.yeoshin.co.kr/event/mobile/2881,165000.0,158000,4.0
https://www.yeoshin.co.kr/event/mobile/15488,77000.0,70000,9.0
https://www.yeoshin.co.kr/event/mobile/25727,55000.0,48000,12.0
https://www.yeoshin.co.kr/event/mobile/11779,82500.0,75500,8.0
https://www.yeoshin.co.kr/event/mobile/4343,66000.0,59000,10.0
https://www.yeoshin.co.kr/event/mobile/18019,165000.0,158000,4.0
https://www.yeoshin.co.kr/event/mobile/26186,163900.0,156900,4.0
https://www.yeoshin.co.kr/event/mobile/16966,550000.0,543000,1.0
https://www.yeoshin.co.kr/event/mobile/20091,319000.0,312000,2.0
https://www.yeoshin.co.kr/event/mobile/22533,440000.0,433000,1.0
https://www.yeoshin.co.kr/event/mobile/27035,99000.0,92000,7.0
https://www.yeoshin.co.kr/event/mobile/16525,275000.0,268000,2.0
https://www.yeoshin.co.kr/event/mobile/19385,55000.0,48000,12.0
https://www.yeoshin.co.kr/event/mobile/25264,132000.0,125000,5.0
https://www.yeoshin.co.kr/event/mobile/21207,143000.0,136000,4.0
https://www.yeoshin.co.kr/event/mobile/19810,120000.0,113000,5.0
https://www.yeoshin.co.kr/event/mobile/25966,109000.0,102000,6.0
https://www.yeoshin.co.kr/event/mobile/27285,198000.0,191000,3.0
https://www.yeoshin.co.kr/event/mobile/4594,275000.0,268000,2.0
https://www.yeoshin.co.kr/event/mobile/11119,132000.0,125000,5.0
https://www.yeoshin.co.kr/event/mobile/27068,180000.0,173000,3.0
https://www.yeoshin.co.kr/event/mobile/20746,286000.0,279000,2.0
https://www.yeoshin.co.kr/event/mobile/5610,209000.0,202000,3.0
https://www.yeoshin.co.kr/event/mobile/19692,165000.0,158000,4.0
https://www.yeoshin.co.kr/event/mobile/15723,187000.0,180000,3.0
https://www.yeoshin.co.kr/event/mobile/21206,143000.0,136000,4.0
https://www.yeoshin.co.kr/event/mobile/26601,174900.0,167900,4.0
https://www.yeoshin.co.kr/event/mobile/17393,159500.0,152500,4.0
https://www.yeoshin.co.kr/event/mobile/21487,240000.0,233000,2.0
https://www.yeoshin.co.kr/event/mobile/14476,880000.0,873000,0.0
https://www.yeoshin.co.kr/event/mobile/17468,198000.0,191000,3.0
https://www.yeoshin.co.kr/event/mobile/15681,594000.0,587000,1.0
https://www.yeoshin.co.kr/event/mobile/20210,800000.0,793000,0.0
https://www.yeoshin.co.kr/event/mobile/13859,330000.0,323000,2.0
https://www.yeoshin.co.kr/event/mobile/27286,242000.0,235000,2.0
https://www.yeoshin.co.kr/event/mobile/21488,660000.0,653000,1.0
https://www.yeoshin.co.kr/event/mobile/26147,600000.0,593000,1.0
https://www.yeoshin.co.kr/event/mobile/27192,660000.0,653000,1.0
https://www.yeoshin.co.kr/event/mobile/27260,1650000.0,1643000,0.0
https://www.yeoshin.co.kr/event/mobile/25187,660000.0,653000,1.0
https://www.yeoshin.co.kr/event/mobile/27592,649000.0,642000,1.0
https://www.yeoshin.co.kr/event/mobile/27572,890000.0,883000,0.0
https://www.yeoshin.co.kr/event/mobile/27567,900000.0,893000,0.0
https://www.yeoshin.co.kr/event/mobile/26858,630000.0,623000,1.0
https://www.yeoshin.co.kr/event/mobile/26589,700000.0,693000,1.0
https://www.yeoshin.co.kr/event/mobile/27109,660000.0,653000,1.0
https://www.yeoshin.co.kr/event/mobile/26866,,983000,
https://www.yeoshin.co.kr/event/mobile/26947,660000.0,653000,1.0
https://www.yeoshin.co.kr/event/mobile/25320,550000.0,543000,1.0
https://www.yeoshin.co.kr/event/mobile/27277,600000.0,593000,1.0
https://www.yeoshin.co.kr/event/mobile/27027,660000.0,653000,1.0
https://www.yeoshin.co.kr/event/mobile/27400,594000.0,587000,1.0
https://www.yeoshin.co.kr/event/mobile/26942,550000.0,543000,1.0
https://www.yeoshin.co.kr/event/mobile/27547,580000.0,573000,1.0
https://www.yeoshin.co.kr/event/mobile/26736,550000.0,543000,1.0
https://www.yeoshin.co.kr/event/mobile/26633,660000.0,653000,1.0
https://www.yeoshin.co.kr/event/mobile/27171,627000.0,620000,1.0
https://www.yeoshin.co.kr/event/mobile/25394,660000.0,653000,1.0
https://www.yeoshin.co.kr/event/mobile/26831,660000.0,653000,1.0
https://www.yeoshin.co.kr/event/mobile/27753,539000.0,532000,1.0
https://www.yeoshin.co.kr/event/mobile/27632,594000.0,587000,1.0
https://www.yeoshin.co.kr/event/mobile/27176,759000.0,752000,0.0
https://www.yeoshin.co.kr/event/mobile/27740,605000.0,598000,1.0
https://www.yeoshin.co.kr/event/mobile/27442,680000.0,673000,1.0
https://www.yeoshin.co.kr/event/mobile/24803,660000.0,653000,1.0
https://www.yeoshin.co.kr/event/mobile/26875,660000.0,653000,1.0
https://www.yeoshin.co.kr/event/mobile/26307,539000.0,532000,1.0
https://www.yeoshin.co.kr/event/mobile/24878,440000.0,433000,1.0
https://www.yeoshin.co.kr/event/mobile/25079,,158000,
https://www.yeoshin.co.kr/event/mobile/26559,600000.0,593000,1.0
https://www.yeoshin.co.kr/event/mobile/27653,89000.0,82000,7.0
https://www.yeoshin.co.kr/event/mobile/24608,90000.0,83000,7.0
https://www.yeoshin.co.kr/event/mobile/14719,99000.0,92000,7.0
https://www.yeoshin.co.kr/event/mobile/17284,275000.0,268000,2.0
https://www.yeoshin.co.kr/event/mobile/24220,165000.0,158000,4.0
https://www.yeoshin.co.kr/event/mobile/16051,120000.0,113000,5.0
https://www.yeoshin.co.kr/event/mobile/24415,590000.0,583000,1.0
https://www.yeoshin.co.kr/event/mobile/27668,,883000,
https://www.yeoshin.co.kr/event/mobile/27203,759000.0,752000,0.0
https://www.yeoshin.co.kr/event/mobile/21856,715000.0,708000,0.0
https://www.yeoshin.co.kr/event/mobile/17907,968000.0,961000,0.0
https://www.yeoshin.co.kr/event/mobile/18732,390000.0,383000,1.0
https://www.yeoshin.co.kr/event/mobile/26797,,763000,
https://www.yeoshin.co.kr/event/mobile/26082,820000.0,813000,0.0
https://www.yeoshin.co.kr/event/mobile/24057,704000.0,697000,0.0
https://www.yeoshin.co.kr/event/mobile/25779,715000.0,708000,0.0
https://www.yeoshin.co.kr/event/mobile/25970,800000.0,793000,0.0
https://www.yeoshin.co.kr/event/mobile/24554,880000.0,873000,0.0
https://www.yeoshin.co.kr/event/mobile/21221,1188000.0,1181000,0.0
https://www.yeoshin.co.kr/event/mobile/25469,869000.0,862000,0.0
https://www.yeoshin.co.kr/event/mobile/19103,935000.0,928000,0.0
https://www.yeoshin.co.kr/event/mobile/23864,825000.0,818000,0.0
https://www.yeoshin.co.kr/event/mobile/23823,990000.0,983000,0.0
https://www.yeoshin.co.kr/event/mobile/20329,850000.0,843000,0.0
https://www.yeoshin.co.kr/event/mobile/25272,275000.0,268000,2.0
https://www.yeoshin.co.kr/event/mobile/17399,319000.0,312000,2.0
https://www.yeoshin.co.kr/event/mobile/8983,154000.0,147000,4.0
https://www.yeoshin.co.kr/event/mobile/19162,264000.0,257000,2.0
https://www.yeoshin.co.kr/event/mobile/20304,165000.0,158000,4.0
https://www.yeoshin.co.kr/event/mobile/25715,250000.0,243000,2.0
https://www.yeoshin.co.kr/event/mobile/595,440000.0,433000,1.0
https://www.yeoshin.co.kr/event/mobile/18389,143000.0,136000,4.0
https://www.yeoshin.co.kr/event/mobile/23496,77000.0,70000,9.0
https://www.yeoshin.co.kr/event/mobile/23472,165000.0,158000,4.0
https://www.yeoshin.co.kr/event/mobile/26461,220000.0,213000,3.0
https://www.yeoshin.co.kr/event/mobile/17521,440000.0,433000,1.0
https://www.yeoshin.co.kr/event/mobile/9150,319000.0,312000,2.0
https://www.yeoshin.co.kr/event/mobile/27432,220000.0,213000,3.0
https://www.yeoshin.co.kr/event/mobile/25836,,333000,
https://www.yeoshin.co.kr/event/mobile/25805,198000.0,191000,3.0
https://www.yeoshin.co.kr/event/mobile/5813,149000.0,142000,4.0
https://www.yeoshin.co.kr/event/mobile/8885,218900.0,211900,3.0
https://www.yeoshin.co.kr/event/mobile/829,187000.0,180000,3.0
https://www.yeoshin.co.kr/event/mobile/19008,219000.0,212000,3.0
https://www.yeoshin.co.kr/event/mobile/24801,198000.0,191000,3.0
https://www.yeoshin.co.kr/event/mobile/17040,250000.0,243000,2.0
https://www.yeoshin.co.kr/event/mobile/17616,319000.0,312000,2.0
https://www.yeoshin.co.kr/event/mobile/8288,55000.0,48000,12.0
https://www.yeoshin.co.kr/event/mobile/25008,220000.0,213000,3.0
https://www.yeoshin.co.kr/event/mobile/20313,185000.0,178000,3.0
https://www.yeoshin.co.kr/event/mobile/17328,258500.0,251500,2.0
https://www.yeoshin.co.kr/event/mobile/23509,64900.0,57900,10.0
https://www.yeoshin.co.kr/event/mobile/9174,108900.0,101900,6.0
https://www.yeoshin.co.kr/event/mobile/26345,200000.0,193000,3.0
https://www.yeoshin.co.kr/event/mobile/16598,300000.0,293000,2.0
https://www.yeoshin.co.kr/event/mobile/16600,400000.0,393000,1.0
https://www.yeoshin.co.kr/event/mobile/25707,220000.0,213000,3.0
https://www.yeoshin.co.kr/event/mobile/17048,275000.0,268000,2.0
https://www.yeoshin.co.kr/event/mobile/9223,64900.0,57900,10.0
https://www.yeoshin.co.kr/event/mobile/18321,550000.0,543000,1.0
https://www.yeoshin.co.kr/event/mobile/13196,440000.0,433000,1.0
https://www.yeoshin.co.kr/event/mobile/1761,200000.0,193000,3.0
https://www.yeoshin.co.kr/event/mobile/24044,,323000,
https://www.yeoshin.co.kr/event/mobile/16802,220000.0,213000,3.0
https://www.yeoshin.co.kr/event/mobile/13951,200000.0,193000,3.0
https://www.yeoshin.co.kr/event/mobile/23077,89000.0,82000,7.0
https://www.yeoshin.co.kr/event/mobile/27664,,132000,
https://www.yeoshin.co.kr/event/mobile/25808,330000.0,323000,2.0
https://www.yeoshin.co.kr/event/mobile/16703,33000.0,26000,21.0
https://www.yeoshin.co.kr/event/mobile/17620,154000.0,147000,4.0
https://www.yeoshin.co.kr/event/mobile/22889,450000.0,443000,1.0
https://www.yeoshin.co.kr/event/mobile/17326,137500.0,130500,5.0
https://www.yeoshin.co.kr/event/mobile/25466,400000.0,393000,1.0
https://www.yeoshin.co.kr/event/mobile/20414,385000.0,378000,1.0
https://www.yeoshin.co.kr/event/mobile/27231,539000.0,532000,1.0
https://www.yeoshin.co.kr/event/mobile/22848,393800.0,386800,1.0
https://www.yeoshin.co.kr/event/mobile/19596,327600.0,320600,2.0
https://www.yeoshin.co.kr/event/mobile/24418,390000.0,383000,1.0
https://www.yeoshin.co.kr/event/mobile/24560,250000.0,243000,2.0
https://www.yeoshin.co.kr/event/mobile/26775,165000.0,158000,4.0
https://www.yeoshin.co.kr/event/mobile/26181,330000.0,323000,2.0
https://www.yeoshin.co.kr/event/mobile/23873,275000.0,268000,2.0
https://www.yeoshin.co.kr/event/mobile/27499,275000.0,268000,2.0
https://www.yeoshin.co.kr/event/mobile/27160,660000.0,653000,1.0
https://www.yeoshin.co.kr/event/mobile/25440,275000.0,268000,2.0
https://www.yeoshin.co.kr/event/mobile/23673,297000.0,290000,2.0
https://www.yeoshin.co.kr/event/mobile/19157,209000.0,202000,3.0
https://www.yeoshin.co.kr/event/mobile/26703,77000.0,70000,9.0
https://www.yeoshin.co.kr/event/mobile/16537,77000.0,70000,9.0
https://www.yeoshin.co.kr/event/mobile/21208,198000.0,191000,3.0
https://www.yeoshin.co.kr/event/mobile/22335,275000.0,268000,2.0
https://www.yeoshin.co.kr/event/mobile/18067,165000.0,158000,4.0
https://www.yeoshin.co.kr/event/mobile/25374,440000.0,433000,1.0
https://www.yeoshin.co.kr/event/mobile/24335,286000.0,279000,2.0
https://www.yeoshin.co.kr/event/mobile/27257,429000.0,422000,1.0
https://www.yeoshin.co.kr/event/mobile/26177,500000.0,493000,1.0
https://www.yeoshin.co.kr/event/mobile/27546,350000.0,343000,2.0
https://www.yeoshin.co.kr/event/mobile/23480,539000.0,532000,1.0
https://www.yeoshin.co.kr/event/mobile/26509,361900.0,354900,1.0
https://www.yeoshin.co.kr/event/mobile/24099,350000.0,343000,2.0
https://www.yeoshin.co.kr/event/mobile/24552,440000.0,433000,1.0
https://www.yeoshin.co.kr/event/mobile/27232,440000.0,433000,1.0
https://www.yeoshin.co.kr/event/mobile/25823,660000.0,653000,1.0
https://www.yeoshin.co.kr/event/mobile/22479,440000.0,433000,1.0
https://www.yeoshin.co.kr/event/mobile/25725,341000.0,334000,2.0
https://www.yeoshin.co.kr/event/mobile/24764,319000.0,312000,2.0
https://www.yeoshin.co.kr/event/mobile/26290,438900.0,431900,1.0
https://www.yeoshin.co.kr/event/mobile/2268,62000.0,55000,11.0
https://www.yeoshin.co.kr/event/mobile/26395,385000.0,378000,1.0
https://www.yeoshin.co.kr/event/mobile/26645,62000.0,55000,11.0
https://www.yeoshin.co.kr/event/mobile/16293,330000.0,323000,2.0
https://www.yeoshin.co.kr/event/mobile/21210,264000.0,257000,2.0
https://www.yeoshin.co.kr/event/mobile/21211,352000.0,345000,1.0
https://www.yeoshin.co.kr/event/mobile/24052,200000.0,193000,3.0
https://www.yeoshin.co.kr/event/mobile/17057,220000.0,213000,3.0
https://www.yeoshin.co.kr/event/mobile/26440,418000.0,411000,1.0
https://www.yeoshin.co.kr/event/mobile/17093,110000.0,103000,6.0
https://www.yeoshin.co.kr/event/mobile/18020,165000.0,158000,4.0
https://www.yeoshin.co.kr/event/mobile/24420,132000.0,125000,5.0
https://www.yeoshin.co.kr/event/mobile/26964,396000.0,389000,1.0
https://www.yeoshin.co.kr/event/mobile/16242,99000.0,92000,7.0
https://www.yeoshin.co.kr/event/mobile/27118,165000.0,158000,4.0
https://www.yeoshin.co.kr/event/mobile/20847,350000.0,343000,2.0
https://www.yeoshin.co.kr/event/mobile/27627,450000.0,443000,1.0
https://www.yeoshin.co.kr/event/mobile/27049,880000.0,873000,0.0
https://www.yeoshin.co.kr/event/mobile/25995,113000.0,106000,6.0
https://www.yeoshin.co.kr/event/mobile/17244,99000.0,92000,7.0
https://www.yeoshin.co.kr/event/mobile/27818,99000.0,92000,7.0
https://www.yeoshin.co.kr/event/mobile/19445,33000.0,26000,21.0
https://www.yeoshin.co.kr/event/mobile/17294,16500.0,9500,42.0
https://www.yeoshin.co.kr/event/mobile/27492,45000.0,38000,15.0
https://www.yeoshin.co.kr/event/mobile/27797,100000.0,93000,6.0
https://www.yeoshin.co.kr/event/mobile/26287,64900.0,57900,10.0
https://www.yeoshin.co.kr/event/mobile/17380,18700.0,11700,37.0
https://www.yeoshin.co.kr/event/mobile/27344,20900.0,13900,33.0
https://www.yeoshin.co.kr/event/mobile/26015,132000.0,125000,5.0
https://www.yeoshin.co.kr/event/mobile/5040,38500.0,31500,18.0
https://www.yeoshin.co.kr/event/mobile/3946,99000.0,92000,7.0
https://www.yeoshin.co.kr/event/mobile/26459,33000.0,26000,21.0
https://www.yeoshin.co.kr/event/mobile/1255,275000.0,268000,2.0
https://www.yeoshin.co.kr/event/mobile/6005,1540000.0,1533000,0.0
https://www.yeoshin.co.kr/event/mobile/27799,45000.0,38000,15.0
https://www.yeoshin.co.kr/event/mobile/27401,110000.0,103000,6.0
https://www.yeoshin.co.kr/event/mobile/26217,55000.0,48000,12.0
https://www.yeoshin.co.kr/event/mobile/24844,249000.0,242000,2.0
https://www.yeoshin.co.kr/event/mobile/27137,108900.0,101900,6.0
https://www.yeoshin.co.kr/event/mobile/6459,275000.0,268000,2.0
https://www.yeoshin.co.kr/event/mobile/5945,50000.0,43000,14.0
https://www.yeoshin.co.kr/event/mobile/17533,495000.0,488000,1.0
https://www.yeoshin.co.kr/event/mobile/23039,690000.0,683000,1.0
https://www.yeoshin.co.kr/event/mobile/13138,29000.0,22000,24.0
https://www.yeoshin.co.kr/event/mobile/20749,110000.0,103000,6.0
https://www.yeoshin.co.kr/event/mobile/11902,66000.0,59000,10.0
https://www.yeoshin.co.kr/event/mobile/27596,100000.0,93000,6.0
https://www.yeoshin.co.kr/event/mobile/27387,990000.0,983000,0.0
https://www.yeoshin.co.kr/event/mobile/20865,60000.0,53000,11.0
https://www.yeoshin.co.kr/event/mobile/16519,49000.0,42000,14.0
https://www.yeoshin.co.kr/event/mobile/17303,14300.0,7900,44.0
https://www.yeoshin.co.kr/event/mobile/26277,165000.0,158000,4.0
https://www.yeoshin.co.kr/event/mobile/15691,220000.0,213000,3.0
https://www.yeoshin.co.kr/event/mobile/24365,16500.0,9500,42.0
https://www.yeoshin.co.kr/event/mobile/18068,150000.0,143000,4.0
https://www.yeoshin.co.kr/event/mobile/25872,49500.0,42500,14.0
https://www.yeoshin.co.kr/event/mobile/16049,77000.0,70000,9.0
https://www.yeoshin.co.kr/event/mobile/25863,275000.0,268000,2.0
https://www.yeoshin.co.kr/event/mobile/14326,55000.0,48000,12.0
https://www.yeoshin.co.kr/event/mobile/10867,220000.0,213000,3.0
https://www.yeoshin.co.kr/event/mobile/27012,,33000,
https://www.yeoshin.co.kr/event/mobile/1771,77000.0,70000,9.0
https://www.yeoshin.co.kr/event/mobile/24340,33000.0,26000,21.0
https://www.yeoshin.co.kr/event/mobile/10212,33000.0,26000,21.0
https://www.yeoshin.co.kr/event/mobile/26146,16500.0,9500,42.0
https://www.yeoshin.co.kr/event/mobile/18312,165000.0,158000,4.0
https://www.yeoshin.co.kr/event/mobile/20660,330000.0,323000,2.0
https://www.yeoshin.co.kr/event/mobile/18506,99000.0,92000,7.0
https://www.yeoshin.co.kr/event/mobile/20607,330000.0,323000,2.0
https://www.yeoshin.co.kr/event/mobile/4571,53900.0,46900,12.0
https://www.yeoshin.co.kr/event/mobile/8357,600000.0,593000,1.0
https://www.yeoshin.co.kr/event/mobile/20710,275000.0,268000,2.0
https://www.yeoshin.co.kr/event/mobile/24986,319000.0,312000,2.0
https://www.yeoshin.co.kr/event/mobile/18007,33000.0,26000,21.0
https://www.yeoshin.co.kr/event/mobile/15646,330000.0,323000,2.0
https://www.yeoshin.co.kr/event/mobile/14926,165000.0,158000,4.0
https://www.yeoshin.co.kr/event/mobile/15644,121000.0,114000,5.0
https://www.yeoshin.co.kr/event/mobile/26348,75000.0,68000,9.0
https://www.yeoshin.co.kr/event/mobile/14773,40000.0,33000,17.0
https://www.yeoshin.co.kr/event/mobile/24645,,101900,
https://www.yeoshin.co.kr/event/mobile/16179,159000.0,152000,4.0
https://www.yeoshin.co.kr/event/mobile/23085,242000.0,235000,2.0
https://www.yeoshin.co.kr/event/mobile/16987,163900.0,156900,4.0
https://www.yeoshin.co.kr/event/mobile/24440,440000.0,433000,1.0
https://www.yeoshin.co.kr/event/mobile/21484,49000.0,42000,14.0
https://www.yeoshin.co.kr/event/mobile/16177,396000.0,389000,1.0
https://www.yeoshin.co.kr/event/mobile/7276,363000.0,356000,1.0
https://www.yeoshin.co.kr/event/mobile/21013,330000.0,323000,2.0
https://www.yeoshin.co.kr/event/mobile/27004,159000.0,152000,4.0
https://www.yeoshin.co.kr/event/mobile/26719,143000.0,136000,4.0
https://www.yeoshin.co.kr/event/mobile/26394,495000.0,488000,1.0
https://www.yeoshin.co.kr/event/mobile/25182,143000.0,136000,4.0
https://www.yeoshin.co.kr/event/mobile/27193,319000.0,312000,2.0
https://www.yeoshin.co.kr/event/mobile/25647,220000.0,213000,3.0
https://www.yeoshin.co.kr/event/mobile/21247,169400.0,162400,4.0
https://www.yeoshin.co.kr/event/mobile/17995,150000.0,143000,4.0
https://www.yeoshin.co.kr/event/mobile/27349,120000.0,113000,5.0
https://www.yeoshin.co.kr/event/mobile/20416,55000.0,48000,12.0
https://www.yeoshin.co.kr/event/mobile/11503,99000.0,92000,7.0
https://www.yeoshin.co.kr/event/mobile/26527,250000.0,243000,2.0
https://www.yeoshin.co.kr/event/mobile/25581,198000.0,191000,3.0
https://www.yeoshin.co.kr/event/mobile/23508,108900.0,101900,6.0
https://www.yeoshin.co.kr/event/mobile/666,,183000,
https://www.yeoshin.co.kr/event/mobile/14458,180000.0,173000,3.0
https://www.yeoshin.co.kr/event/mobile/27052,132000.0,125000,5.0
https://www.yeoshin.co.kr/event/mobile/26328,429000.0,422000,1.0
https://www.yeoshin.co.kr/event/mobile/2469,220000.0,213000,3.0
https://www.yeoshin.co.kr/event/mobile/27819,330000.0,323000,2.0
https://www.yeoshin.co.kr/event/mobile/15277,165000.0,158000,4.0
https://www.yeoshin.co.kr/event/mobile/15692,300000.0,293000,2.0
https://www.yeoshin.co.kr/event/mobile/26030,154000.0,147000,4.0
https://www.yeoshin.co.kr/event/mobile/21553,174900.0,167900,4.0
https://www.yeoshin.co.kr/event/mobile/25259,130900.0,123900,5.0
https://www.yeoshin.co.kr/event/mobile/8282,154000.0,147000,4.0
https://www.yeoshin.co.kr/event/mobile/25024,440000.0,433000,1.0
https://www.yeoshin.co.kr/event/mobile/875,150000.0,143000,4.0
https://www.yeoshin.co.kr/event/mobile/18249,165000.0,158000,4.0
https://www.yeoshin.co.kr/event/mobile/4490,165000.0,158000,4.0
https://www.yeoshin.co.kr/event/mobile/27533,137500.0,130500,5.0
https://www.yeoshin.co.kr/event/mobile/1996,385000.0,378000,1.0
https://www.yeoshin.co.kr/event/mobile/27092,270000.0,263000,2.0
https://www.yeoshin.co.kr/event/mobile/26346,165000.0,158000,4.0
https://www.yeoshin.co.kr/event/mobile/14428,300000.0,293000,2.0
https://www.yeoshin.co.kr/event/mobile/21703,165000.0,158000,4.0
https://www.yeoshin.co.kr/event/mobile/27477,209000.0,202000,3.0
https://www.yeoshin.co.kr/event/mobile/25302,273900.0,266900,2.0
https://www.yeoshin.co.kr/event/mobile/23257,200000.0,193000,3.0
https://www.yeoshin.co.kr/event/mobile/20872,99000.0,92000,7.0
https://www.yeoshin.co.kr/event/mobile/26292,180000.0,173000,3.0
https://www.yeoshin.co.kr/event/mobile/18828,55000.0,48000,12.0
https://www.yeoshin.co.kr/event/mobile/26694,50000.0,43000,14.0
https://www.yeoshin.co.kr/event/mobile/18814,33000.0,26000,21.0
https://www.yeoshin.co.kr/event/mobile/21908,88000.0,81000,7.0
https://www.yeoshin.co.kr/event/mobile/13742,50000.0,43000,14.0
https://www.yeoshin.co.kr/event/mobile/12416,75900.0,68900,9.0
https://www.yeoshin.co.kr/event/mobile/27791,20900.0,13900,33.0
https://www.yeoshin.co.kr/event/mobile/22026,42900.0,35900,16.0
https://www.yeoshin.co.kr/event/mobile/22849,86900.0,79900,8.0
https://www.yeoshin.co.kr/event/mobile/27560,,173000,
https://www.yeoshin.co.kr/event/mobile/16377,99000.0,92000,7.0
https://www.yeoshin.co.kr/event/mobile/21910,163900.0,156900,4.0
https://www.yeoshin.co.kr/event/mobile/1740,110000.0,103000,6.0
https://www.yeoshin.co.kr/event/mobile/3684,60500.0,53500,11.0
https://www.yeoshin.co.kr/event/mobile/26588,88000.0,81000,7.0
https://www.yeoshin.co.kr/event/mobile/7970,220000.0,213000,3.0
https://www.yeoshin.co.kr/event/mobile/27446,,103000,
https://www.yeoshin.co.kr/event/mobile/16851,132000.0,125000,5.0
https://www.yeoshin.co.kr/event/mobile/18625,42900.0,35900,16.0
https://www.yeoshin.co.kr/event/mobile/26033,42900.0,35900,16.0
https://www.yeoshin.co.kr/event/mobile/27785,53900.0,46900,12.0
https://www.yeoshin.co.kr/event/mobile/26504,44000.0,37000,15.0
https://www.yeoshin.co.kr/event/mobile/26214,,191000,
https://www.yeoshin.co.kr/event/mobile/11002,,213000,
https://www.yeoshin.co.kr/event/mobile/10892,130000.0,123000,5.0
https://www.yeoshin.co.kr/event/mobile/772,55000.0,48000,12.0
https://www.yeoshin.co.kr/event/mobile/17270,66000.0,59000,10.0
https://www.yeoshin.co.kr/event/mobile/12212,55000.0,48000,12.0
https://www.yeoshin.co.kr/event/mobile/14742,88000.0,81000,7.0
https://www.yeoshin.co.kr/event/mobile/17240,121000.0,114000,5.0
https://www.yeoshin.co.kr/event/mobile/9056,108900.0,101900,6.0
https://www.yeoshin.co.kr/event/mobile/26271,132000.0,125000,5.0
https://www.yeoshin.co.kr/event/mobile/5550,135000.0,128000,5.0
https://www.yeoshin.co.kr/event/mobile/26119,93500.0,86500,7.0
https://www.yeoshin.co.kr/event/mobile/7851,,103000,
https://www.yeoshin.co.kr/event/mobile/21702,165000.0,158000,4.0
https://www.yeoshin.co.kr/event/mobile/19667,88000.0,81000,7.0
https://www.yeoshin.co.kr/event/mobile/27537,762300.0,755300,0.0
https://www.yeoshin.co.kr/event/mobile/19446,55000.0,48000,12.0
https://www.yeoshin.co.kr/event/mobile/17295,75900.0,68900,9.0
https://www.yeoshin.co.kr/event/mobile/27494,90000.0,83000,7.0
https://www.yeoshin.co.kr/event/mobile/17382,64900.0,57900,10.0
https://www.yeoshin.co.kr/event/mobile/22851,119900.0,112900,5.0
https://www.yeoshin.co.kr/event/mobile/21236,132000.0,125000,5.0
https://www.yeoshin.co.kr/event/mobile/27439,154000.0,147000,4.0
https://www.yeoshin.co.kr/event/mobile/23353,158400.0,151400,4.0
https://www.yeoshin.co.kr/event/mobile/25585,99000.0,92000,7.0
https://www.yeoshin.co.kr/event/mobile/27800,90000.0,83000,7.0
https://www.yeoshin.co.kr/event/mobile/26462,44000.0,37000,15.0
https://www.yeoshin.co.kr/event/mobile/26048,55000.0,48000,12.0
https://www.yeoshin.co.kr/event/mobile/26285,149000.0,142000,4.0
https://www.yeoshin.co.kr/event/mobile/25702,53900.0,46900,12.0
https://www.yeoshin.co.kr/event/mobile/17309,75900.0,68900,9.0
https://www.yeoshin.co.kr/event/mobile/15787,1050000.0,1043000,0.0
https://www.yeoshin.co.kr/event/mobile/26229,90000.0,83000,7.0
https://www.yeoshin.co.kr/event/mobile/25884,50000.0,43000,14.0
https://www.yeoshin.co.kr/event/mobile/25868,1518000.0,1511000,0.0
https://www.yeoshin.co.kr/event/mobile/17283,880000.0,873000,0.0
https://www.yeoshin.co.kr/event/mobile/17269,132000.0,125000,5.0
https://www.yeoshin.co.kr/event/mobile/8877,88000.0,81000,7.0
https://www.yeoshin.co.kr/event/mobile/12876,99000.0,92000,7.0
https://www.yeoshin.co.kr/event/mobile/24579,,59000,
https://www.yeoshin.co.kr/event/mobile/17384,165000.0,158000,4.0
https://www.yeoshin.co.kr/event/mobile/239,100000.0,93000,6.0
https://www.yeoshin.co.kr/event/mobile/17297,165000.0,158000,4.0
https://www.yeoshin.co.kr/event/mobile/9309,275000.0,268000,2.0
https://www.yeoshin.co.kr/event/mobile/11994,99000.0,92000,7.0
https://www.yeoshin.co.kr/event/mobile/17312,159500.0,152500,4.0
https://www.yeoshin.co.kr/event/mobile/27556,55000.0,48000,12.0
https://www.yeoshin.co.kr/event/mobile/8527,11000.0,6100,44.0
https://www.yeoshin.co.kr/event/mobile/23639,385000.0,378000,1.0
https://www.yeoshin.co.kr/event/mobile/18817,1700.0,1000,41.0
https://www.yeoshin.co.kr/event/mobile/25389,99000.0,92000,7.0
https://www.yeoshin.co.kr/event/mobile/21110,11000.0,6100,44.0
https://www.yeoshin.co.kr/event/mobile/26787,5000.0,2800,43.0
https://www.yeoshin.co.kr/event/mobile/21218,11000.0,6100,44.0
https://www.yeoshin.co.kr/event/mobile/27525,10000.0,5500,44.0
https://www.yeoshin.co.kr/event/mobile/26416,149000.0,142000,4.0
https://www.yeoshin.co.kr/event/mobile/26305,324500.0,317500,2.0
https://www.yeoshin.co.kr/event/mobile/20511,385000.0,378000,1.0
https://www.yeoshin.co.kr/event/mobile/26885,330000.0,323000,2.0
https://www.yeoshin.co.kr/event/mobile/24503,385000.0,378000,1.0
https://www.yeoshin.co.kr/event/mobile/26366,2000.0,1100,44.0
https://www.yeoshin.co.kr/event/mobile/27808,10000.0,5500,44.0
https://www.yeoshin.co.kr/event/mobile/25879,5000.0,2800,43.0
https://www.yeoshin.co.kr/event/mobile/26887,4400.0,2500,43.0
https://www.yeoshin.co.kr/event/mobile/25709,5500.0,3100,43.0
https://www.yeoshin.co.kr/event/mobile/15699,330000.0,323000,2.0
https://www.yeoshin.co.kr/event/mobile/25865,330000.0,323000,2.0
https://www.yeoshin.co.kr/event/mobile/15747,165000.0,158000,4.0
https://www.yeoshin.co.kr/event/mobile/25630,300000.0,293000,2.0
https://www.yeoshin.co.kr/event/mobile/26767,99000.0,92000,7.0
https://www.yeoshin.co.kr/event/mobile/25553,220000.0,213000,3.0
https://www.yeoshin.co.kr/event/mobile/6793,200000.0,193000,3.0
https://www.yeoshin.co.kr/event/mobile/25041,330000.0,323000,2.0
https://www.yeoshin.co.kr/event/mobile/24339,11000.0,6100,44.0
https://www.yeoshin.co.kr/event/mobile/27105,550000.0,543000,1.0
https://www.yeoshin.co.kr/event/mobile/25205,11000.0,6100,44.0
https://www.yeoshin.co.kr/event/mobile/25763,299000.0,292000,2.0
https://www.yeoshin.co.kr/event/mobile/26630,300000.0,293000,2.0
https://www.yeoshin.co.kr/event/mobile/20440,2200.0,1300,40.0
https://www.yeoshin.co.kr/event/mobile/25757,110000.0,103000,6.0
https://www.yeoshin.co.kr/event/mobile/25999,250000.0,243000,2.0
https://www.yeoshin.co.kr/event/mobile/27493,70000.0,63000,9.0
https://www.yeoshin.co.kr/event/mobile/9537,440000.0,433000,1.0
https://www.yeoshin.co.kr/event/mobile/26463,33000.0,26000,21.0
https://www.yeoshin.co.kr/event/mobile/27801,70000.0,63000,9.0
https://www.yeoshin.co.kr/event/mobile/24342,55000.0,48000,12.0
https://www.yeoshin.co.kr/event/mobile/25729,30000.0,23000,23.0
https://www.yeoshin.co.kr/event/mobile/16302,79000.0,72000,8.0
https://www.yeoshin.co.kr/event/mobile/21363,56000.0,49000,12.0
https://www.yeoshin.co.kr/event/mobile/23071,108900.0,101900,6.0
https://www.yeoshin.co.kr/event/mobile/25813,165000.0,158000,4.0
https://www.yeoshin.co.kr/event/mobile/25217,253000.0,246000,2.0
https://www.yeoshin.co.kr/event/mobile/25185,55000.0,48000,12.0
https://www.yeoshin.co.kr/event/mobile/26714,99000.0,92000,7.0
https://www.yeoshin.co.kr/event/mobile/25234,64900.0,57900,10.0
https://www.yeoshin.co.kr/event/mobile/21212,165000.0,158000,4.0
https://www.yeoshin.co.kr/event/mobile/21228,165000.0,158000,4.0
https://www.yeoshin.co.kr/event/mobile/22571,59000.0,52000,11.0
https://www.yeoshin.co.kr/event/mobile/23072,88000.0,81000,7.0
https://www.yeoshin.co.kr/event/mobile/8710,55000.0,48000,12.0
https://www.yeoshin.co.kr/event/mobile/5966,77000.0,70000,9.0
https://www.yeoshin.co.kr/event/mobile/17035,119900.0,112900,5.0
https://www.yeoshin.co.kr/event/mobile/20307,99000.0,92000,7.0
https://www.yeoshin.co.kr/event/mobile/18032,330000.0,323000,2.0
https://www.yeoshin.co.kr/event/mobile/332,11000.0,6100,44.0
https://www.yeoshin.co.kr/event/mobile/27526,150000.0,143000,4.0
https://www.yeoshin.co.kr/event/mobile/17299,42900.0,35900,16.0
https://www.yeoshin.co.kr/event/mobile/24357,110000.0,103000,6.0
https://www.yeoshin.co.kr/event/mobile/17385,31900.0,24900,21.0
https://www.yeoshin.co.kr/event/mobile/26123,440000.0,433000,1.0
https://www.yeoshin.co.kr/event/mobile/17314,38500.0,31500,18.0
https://www.yeoshin.co.kr/event/mobile/24368,110000.0,103000,6.0
https://www.yeoshin.co.kr/event/mobile/8142,20000.0,13000,35.0
https://www.yeoshin.co.kr/event/mobile/21981,97900.0,90900,7.0
https://www.yeoshin.co.kr/event/mobile/19443,66000.0,59000,10.0
https://www.yeoshin.co.kr/event/mobile/23109,154000.0,147000,4.0
https://www.yeoshin.co.kr/event/mobile/26621,75900.0,68900,9.0
https://www.yeoshin.co.kr/event/mobile/25953,88000.0,81000,7.0
https://www.yeoshin.co.kr/event/mobile/26037,,125000,
https://www.yeoshin.co.kr/event/mobile/26896,429000.0,422000,1.0
https://www.yeoshin.co.kr/event/mobile/3625,119000.0,112000,5.0
https://www.yeoshin.co.kr/event/mobile/7220,60500.0,53500,11.0
https://www.yeoshin.co.kr/event/mobile/17752,88000.0,81000,7.0
https://www.yeoshin.co.kr/event/mobile/19766,350000.0,343000,2.0
https://www.yeoshin.co.kr/event/mobile/20953,100000.0,93000,6.0
https://www.yeoshin.co.kr/event/mobile/25215,99000.0,92000,7.0
https://www.yeoshin.co.kr/event/mobile/25214,44000.0,37000,15.0
https://www.yeoshin.co.kr/event/mobile/21277,13200.0,7300,44.0
https://www.yeoshin.co.kr/event/mobile/24422,33000.0,26000,21.0
https://www.yeoshin.co.kr/event/mobile/21278,104500.0,97500,6.0
https://www.yeoshin.co.kr/event/mobile/20954,9900.0,5500,44.0
https://www.yeoshin.co.kr/event/mobile/27314,66000.0,59000,10.0
https://www.yeoshin.co.kr/event/mobile/17618,27000.0,20000,25.0
https://www.yeoshin.co.kr/event/mobile/27313,11000.0,6100,44.0
https://www.yeoshin.co.kr/event/mobile/27330,33000.0,26000,21.0
https://www.yeoshin.co.kr/event/mobile/17619,69000.0,62000,10.0
https://www.yeoshin.co.kr/event/mobile/27331,66000.0,59000,10.0
https://www.yeoshin.co.kr/event/mobile/27303,11000.0,6100,44.0
https://www.yeoshin.co.kr/event/mobile/27304,11000.0,6100,44.0
https://www.yeoshin.co.kr/event/mobile/21554,60500.0,53500,11.0
https://www.yeoshin.co.kr/event/mobile/27332,66000.0,59000,10.0
https://www.yeoshin.co.kr/event/mobile/24556,99000.0,92000,7.0
https://www.yeoshin.co.kr/event/mobile/20361,49500.0,42500,14.0
https://www.yeoshin.co.kr/event/mobile/7501,121000.0,114000,5.0
https://www.yeoshin.co.kr/event/mobile/24528,165000.0,158000,4.0
https://www.yeoshin.co.kr/event/mobile/22538,99000.0,92000,7.0
https://www.yeoshin.co.kr/event/mobile/24555,99000.0,92000,7.0
https://www.yeoshin.co.kr/event/mobile/19128,92000.0,85000,7.0
https://www.yeoshin.co.kr/event/mobile/27686,39900.0,32900,17.0
https://www.yeoshin.co.kr/event/mobile/9645,,43000,
https://www.yeoshin.co.kr/event/mobile/26890,11000.0,6100,44.0
https://www.yeoshin.co.kr/event/mobile/25876,5000.0,2800,43.0
https://www.yeoshin.co.kr/event/mobile/14755,3300.0,1900,42.0
https://www.yeoshin.co.kr/event/mobile/25646,100000.0,93000,6.0
https://www.yeoshin.co.kr/event/mobile/21915,38500.0,31500,18.0
https://www.yeoshin.co.kr/event/mobile/21914,11000.0,6100,44.0
https://www.yeoshin.co.kr/event/mobile/21007,33000.0,26000,21.0
https://www.yeoshin.co.kr/event/mobile/21235,33000.0,26000,21.0
https://www.yeoshin.co.kr/event/mobile/25807,275000.0,268000,2.0
https://www.yeoshin.co.kr/event/mobile/26716,55000.0,48000,12.0
https://www.yeoshin.co.kr/event/mobile/21234,55000.0,48000,12.0
https://www.yeoshin.co.kr/event/mobile/24409,88000.0,81000,7.0
https://www.yeoshin.co.kr/event/mobile/12952,16400.0,9400,42.0
https://www.yeoshin.co.kr/event/mobile/25172,55000.0,48000,12.0
https://www.yeoshin.co.kr/event/mobile/13753,21900.0,14900,31.0
https://www.yeoshin.co.kr/event/mobile/26494,207000.0,200000,3.0
https://www.yeoshin.co.kr/event/mobile/26505,28000.0,21000,25.0
https://www.yeoshin.co.kr/event/mobile/26500,5000.0,2800,43.0
https://www.yeoshin.co.kr/event/mobile/15695,330000.0,323000,2.0
https://www.yeoshin.co.kr/event/mobile/23064,55000.0,48000,12.0
https://www.yeoshin.co.kr/event/mobile/3936,60000.0,53000,11.0
https://www.yeoshin.co.kr/event/mobile/23063,55000.0,48000,12.0
https://www.yeoshin.co.kr/event/mobile/11843,100000.0,93000,6.0
https://www.yeoshin.co.kr/event/mobile/25277,11000.0,6100,44.0
https://www.yeoshin.co.kr/event/mobile/3710,69000.0,62000,10.0
https://www.yeoshin.co.kr/event/mobile/24062,220000.0,213000,3.0
https://www.yeoshin.co.kr/event/mobile/17746,11000.0,6100,44.0
https://www.yeoshin.co.kr/event/mobile/22225,55000.0,48000,12.0
https://www.yeoshin.co.kr/event/mobile/27419,10000.0,5500,44.0
https://www.yeoshin.co.kr/event/mobile/27807,5000.0,2800,43.0
https://www.yeoshin.co.kr/event/mobile/27376,5500.0,3100,43.0
https://www.yeoshin.co.kr/event/mobile/26216,199000.0,192000,3.0
https://www.yeoshin.co.kr/event/mobile/24800,11000.0,6100,44.0
https://www.yeoshin.co.kr/event/mobile/26221,149000.0,142000,4.0
https://www.yeoshin.co.kr/event/mobile/15698,220000.0,213000,3.0
https://www.yeoshin.co.kr/event/mobile/25413,319000.0,312000,2.0
https://www.yeoshin.co.kr/event/mobile/22279,209000.0,202000,3.0
https://www.yeoshin.co.kr/event/mobile/22282,110000.0,103000,6.0
https://www.yeoshin.co.kr/event/mobile/25643,250000.0,243000,2.0
https://www.yeoshin.co.kr/event/mobile/24501,5000.0,2800,43.0
https://www.yeoshin.co.kr/event/mobile/12290,5000.0,2800,43.0
https://www.yeoshin.co.kr/event/mobile/23320,330000.0,323000,2.0
https://www.yeoshin.co.kr/event/mobile/27581,330000.0,323000,2.0
https://www.yeoshin.co.kr/event/mobile/25451,275000.0,268000,2.0
https://www.yeoshin.co.kr/event/mobile/27280,330000.0,323000,2.0
https://www.yeoshin.co.kr/event/mobile/23869,330000.0,323000,2.0
https://www.yeoshin.co.kr/event/mobile/24765,330000.0,323000,2.0
https://www.yeoshin.co.kr/event/mobile/1078,50000.0,43000,14.0
https://www.yeoshin.co.kr/event/mobile/1709,132000.0,125000,5.0
https://www.yeoshin.co.kr/event/mobile/17886,143000.0,136000,4.0
https://www.yeoshin.co.kr/event/mobile/8215,209000.0,202000,3.0
https://www.yeoshin.co.kr/event/mobile/19216,200000.0,193000,3.0
https://www.yeoshin.co.kr/event/mobile/2194,100000.0,93000,6.0
https://www.yeoshin.co.kr/event/mobile/11,150000.0,143000,4.0
https://www.yeoshin.co.kr/event/mobile/11640,165000.0,158000,4.0
https://www.yeoshin.co.kr/event/mobile/6901,143000.0,136000,4.0
https://www.yeoshin.co.kr/event/mobile/17243,242000.0,235000,2.0
https://www.yeoshin.co.kr/event/mobile/24119,85000.0,78000,8.0
https://www.yeoshin.co.kr/event/mobile/11615,49000.0,42000,14.0
https://www.yeoshin.co.kr/event/mobile/23357,253000.0,246000,2.0
https://www.yeoshin.co.kr/event/mobile/22151,198000.0,191000,3.0
https://www.yeoshin.co.kr/event/mobile/535,163900.0,156900,4.0
https://www.yeoshin.co.kr/event/mobile/26626,189000.0,182000,3.0
https://www.yeoshin.co.kr/event/mobile/27805,350000.0,343000,2.0
https://www.yeoshin.co.kr/event/mobile/11622,363000.0,356000,1.0
https://www.yeoshin.co.kr/event/mobile/25923,242000.0,235000,2.0
https://www.yeoshin.co.kr/event/mobile/17878,319000.0,312000,2.0
https://www.yeoshin.co.kr/event/mobile/18034,165000.0,158000,4.0
https://www.yeoshin.co.kr/event/mobile/17272,275000.0,268000,2.0
https://www.yeoshin.co.kr/event/mobile/26011,190000.0,183000,3.0
https://www.yeoshin.co.kr/event/mobile/26686,33000.0,26000,21.0
https://www.yeoshin.co.kr/event/mobile/11135,33000.0,26000,21.0
https://www.yeoshin.co.kr/event/mobile/20998,155000.0,148000,4.0
https://www.yeoshin.co.kr/event/mobile/24627,110000.0,103000,6.0
https://www.yeoshin.co.kr/event/mobile/17108,770000.0,763000,0.0
https://www.yeoshin.co.kr/event/mobile/21239,100000.0,93000,6.0
https://www.yeoshin.co.kr/event/mobile/21427,,100000,
https://www.yeoshin.co.kr/event/mobile/22428,150000.0,143000,4.0
https://www.yeoshin.co.kr/event/mobile/27607,150000.0,143000,4.0
https://www.yeoshin.co.kr/event/mobile/27551,50000.0,43000,14.0
https://www.yeoshin.co.kr/event/mobile/16772,165000.0,158000,4.0
https://www.yeoshin.co.kr/event/mobile/9294,77000.0,70000,9.0
https://www.yeoshin.co.kr/event/mobile/12184,33000.0,26000,21.0
https://www.yeoshin.co.kr/event/mobile/16090,715000.0,708000,0.0
https://www.yeoshin.co.kr/event/mobile/590,79000.0,72000,8.0
https://www.yeoshin.co.kr/event/mobile/6628,60000.0,53000,11.0
https://www.yeoshin.co.kr/event/mobile/20436,108900.0,101900,6.0
https://www.yeoshin.co.kr/event/mobile/10545,86900.0,79900,8.0
https://www.yeoshin.co.kr/event/mobile/27751,121000.0,114000,5.0
https://www.yeoshin.co.kr/event/mobile/25500,108900.0,101900,6.0
https://www.yeoshin.co.kr/event/mobile/20648,150000.0,143000,4.0
https://www.yeoshin.co.kr/event/mobile/21766,205000.0,198000,3.0
https://www.yeoshin.co.kr/event/mobile/27503,198000.0,191000,3.0
https://www.yeoshin.co.kr/event/mobile/5350,220000.0,213000,3.0
https://www.yeoshin.co.kr/event/mobile/21758,150000.0,143000,4.0
https://www.yeoshin.co.kr/event/mobile/17706,66000.0,59000,10.0
https://www.yeoshin.co.kr/event/mobile/26786,220000.0,213000,3.0
https://www.yeoshin.co.kr/event/mobile/24341,198000.0,191000,3.0
https://www.yeoshin.co.kr/event/mobile/23704,100000.0,93000,6.0
https://www.yeoshin.co.kr/event/mobile/19729,100000.0,93000,6.0
https://www.yeoshin.co.kr/event/mobile/26863,,1590000,
https://www.yeoshin.co.kr/event/mobile/26659,132000.0,125000,5.0
https://www.yeoshin.co.kr/event/mobile/19456,220000.0,213000,3.0
https://www.yeoshin.co.kr/event/mobile/15286,97900.0,90900,7.0
https://www.yeoshin.co.kr/event/mobile/7209,2079000.0,2072000,0.0
https://www.yeoshin.co.kr/event/mobile/23012,600000.0,593000,1.0
https://www.yeoshin.co.kr/event/mobile/27597,1980000.0,1973000,0.0
https://www.yeoshin.co.kr/event/mobile/4707,159000.0,152000,4.0
https://www.yeoshin.co.kr/event/mobile/19129,92000.0,85000,7.0
https://www.yeoshin.co.kr/event/mobile/17582,165000.0,158000,4.0
https://www.yeoshin.co.kr/event/mobile/24423,220000.0,213000,3.0
https://www.yeoshin.co.kr/event/mobile/27647,230000.0,223000,3.0
https://www.yeoshin.co.kr/event/mobile/3713,64900.0,57900,10.0
https://www.yeoshin.co.kr/event/mobile/16105,385000.0,378000,1.0
https://www.yeoshin.co.kr/event/mobile/24425,2200000.0,2193000,0.0
https://www.yeoshin.co.kr/event/mobile/18131,1980000.0,1973000,0.0
https://www.yeoshin.co.kr/event/mobile/18971,1500000.0,1493000,0.0
https://www.yeoshin.co.kr/event/mobile/18148,2200000.0,2193000,0.0
https://www.yeoshin.co.kr/event/mobile/6032,110000.0,103000,6.0
https://www.yeoshin.co.kr/event/mobile/25467,319000.0,312000,2.0
https://www.yeoshin.co.kr/event/mobile/20580,440000.0,433000,1.0
https://www.yeoshin.co.kr/event/mobile/24648,,8500,
https://www.yeoshin.co.kr/event/mobile/1765,40000.0,33000,17.0
https://www.yeoshin.co.kr/event/mobile/15769,330000.0,323000,2.0
https://www.yeoshin.co.kr/event/mobile/2182,150000.0,143000,4.0
https://www.yeoshin.co.kr/event/mobile/16095,220000.0,213000,3.0
https://www.yeoshin.co.kr/event/mobile/25952,,43000,
https://www.yeoshin.co.kr/event/mobile/22578,77000.0,70000,9.0
https://www.yeoshin.co.kr/event/mobile/27155,165000.0,158000,4.0
https://www.yeoshin.co.kr/event/mobile/15424,869000.0,862000,0.0
https://www.yeoshin.co.kr/event/mobile/14637,89000.0,82000,7.0
https://www.yeoshin.co.kr/event/mobile/26498,110000.0,103000,6.0
https://www.yeoshin.co.kr/event/mobile/20468,110000.0,103000,6.0
https://www.yeoshin.co.kr/event/mobile/25031,185000.0,178000,3.0
https://www.yeoshin.co.kr/event/mobile/23859,200000.0,193000,3.0
https://www.yeoshin.co.kr/event/mobile/20841,165000.0,158000,4.0
https://www.yeoshin.co.kr/event/mobile/16642,770000.0,763000,0.0
https://www.yeoshin.co.kr/event/mobile/26212,385000.0,378000,1.0
https://www.yeoshin.co.kr/event/mobile/19156,649000.0,642000,1.0
https://www.yeoshin.co.kr/event/mobile/26169,1100000.0,1093000,0.0
https://www.yeoshin.co.kr/event/mobile/22552,319000.0,312000,2.0
https://www.yeoshin.co.kr/event/mobile/17331,192500.0,185500,3.0
https://www.yeoshin.co.kr/event/mobile/18037,440000.0,433000,1.0
https://www.yeoshin.co.kr/event/mobile/20665,660000.0,653000,1.0
https://www.yeoshin.co.kr/event/mobile/20640,1100000.0,1093000,0.0
https://www.yeoshin.co.kr/event/mobile/20628,330000.0,323000,2.0
https://www.yeoshin.co.kr/event/mobile/19998,108900.0,101900,6.0
https://www.yeoshin.co.kr/event/mobile/16971,97900.0,90900,7.0
https://www.yeoshin.co.kr/event/mobile/27415,550000.0,543000,1.0
https://www.yeoshin.co.kr/event/mobile/26510,11000.0,6100,44.0
https://www.yeoshin.co.kr/event/mobile/26420,24200.0,17200,28.0
https://www.yeoshin.co.kr/event/mobile/26784,209000.0,202000,3.0
https://www.yeoshin.co.kr/event/mobile/10528,40000.0,33000,17.0
https://www.yeoshin.co.kr/event/mobile/11746,108900.0,101900,6.0
https://www.yeoshin.co.kr/event/mobile/25816,,1540000,
https://www.yeoshin.co.kr/event/mobile/24897,,880000,
https://www.yeoshin.co.kr/event/mobile/27411,,1100000,
https://www.yeoshin.co.kr/event/mobile/22119,,1100000,
https://www.yeoshin.co.kr/event/mobile/27423,,3850000,
https://www.yeoshin.co.kr/event/mobile/24466,,300000,
https://www.yeoshin.co.kr/event/mobile/24463,300000.0,293000,2.0
https://www.yeoshin.co.kr/event/mobile/25771,,3190000,
https://www.yeoshin.co.kr/event/mobile/26236,,4950000,
https://www.yeoshin.co.kr/event/mobile/26806,,484000,
https://www.yeoshin.co.kr/event/mobile/26235,,979000,
https://www.yeoshin.co.kr/event/mobile/26770,,660000,
https://www.yeoshin.co.kr/event/mobile/27408,,330000,
https://www.yeoshin.co.kr/event/mobile/26220,,1800000,
https://www.yeoshin.co.kr/event/mobile/26883,,1089000,
https://www.yeoshin.co.kr/event/mobile/26031,,715000,
https://www.yeoshin.co.kr/event/mobile/20696,,660000,
https://www.yeoshin.co.kr/event/mobile/26256,,715000,
https://www.yeoshin.co.kr/event/mobile/27381,,1100000,
https://www.yeoshin.co.kr/event/mobile/25327,,1947000,
https://www.yeoshin.co.kr/event/mobile/22342,,2200000,
https://www.yeoshin.co.kr/event/mobile/25450,,1300000,
https://www.yeoshin.co.kr/event/mobile/25476,,530000,
https://www.yeoshin.co.kr/event/mobile/27541,49000.0,42000,14.0
https://www.yeoshin.co.kr/event/mobile/19953,55000.0,48000,12.0
https://www.yeoshin.co.kr/event/mobile/19999,108900.0,101900,6.0
https://www.yeoshin.co.kr/event/mobile/26469,,980000,
https://www.yeoshin.co.kr/event/mobile/20101,550000.0,543000,1.0
https://www.yeoshin.co.kr/event/mobile/27515,1430000.0,1423000,0.0
https://www.yeoshin.co.kr/event/mobile/25449,132000.0,125000,5.0
https://www.yeoshin.co.kr/event/mobile/27707,350000.0,343000,2.0
https://www.yeoshin.co.kr/event/mobile/26018,,37000,
https://www.yeoshin.co.kr/event/mobile/25558,,80000,
https://www.yeoshin.co.kr/event/mobile/17307,185900.0,178900,3.0
https://www.yeoshin.co.kr/event/mobile/17395,104500.0,97500,6.0
https://www.yeoshin.co.kr/event/mobile/19100,165000.0,158000,4.0
https://www.yeoshin.co.kr/event/mobile/2356,297000.0,290000,2.0
https://www.yeoshin.co.kr/event/mobile/27605,42900.0,35900,16.0
https://www.yeoshin.co.kr/event/mobile/19277,88000.0,81000,7.0
https://www.yeoshin.co.kr/event/mobile/19723,22000.0,15000,31.0
https://www.yeoshin.co.kr/event/mobile/22857,26400.0,19400,26.0
https://www.yeoshin.co.kr/event/mobile/21230,44000.0,37000,15.0
https://www.yeoshin.co.kr/event/mobile/27340,16500.0,9500,42.0
https://www.yeoshin.co.kr/event/mobile/26383,42900.0,35900,16.0
https://www.yeoshin.co.kr/event/mobile/23341,53900.0,46900,12.0
https://www.yeoshin.co.kr/event/mobile/21008,77000.0,70000,9.0
https://www.yeoshin.co.kr/event/mobile/9307,33000.0,26000,21.0
https://www.yeoshin.co.kr/event/mobile/26195,28600.0,21600,24.0
https://www.yeoshin.co.kr/event/mobile/20940,,59000,
https://www.yeoshin.co.kr/event/mobile/23620,44000.0,37000,15.0
https://www.yeoshin.co.kr/event/mobile/21275,33000.0,26000,21.0
https://www.yeoshin.co.kr/event/mobile/27020,20900.0,13900,33.0
https://www.yeoshin.co.kr/event/mobile/26963,64900.0,57900,10.0
https://www.yeoshin.co.kr/event/mobile/21109,36300.0,29300,19.0
https://www.yeoshin.co.kr/event/mobile/24299,33000.0,26000,21.0
https://www.yeoshin.co.kr/event/mobile/15763,110000.0,103000,6.0
https://www.yeoshin.co.kr/event/mobile/3513,31900.0,24900,21.0
https://www.yeoshin.co.kr/event/mobile/8,55000.0,48000,12.0
https://www.yeoshin.co.kr/event/mobile/27044,27500.0,20500,25.0
https://www.yeoshin.co.kr/event/mobile/26684,55000.0,48000,12.0
https://www.yeoshin.co.kr/event/mobile/24500,72600.0,65600,9.0
https://www.yeoshin.co.kr/event/mobile/27397,33000.0,26000,21.0
https://www.yeoshin.co.kr/event/mobile/24963,27500.0,20500,25.0
https://www.yeoshin.co.kr/event/mobile/27608,30000.0,23000,23.0
https://www.yeoshin.co.kr/event/mobile/26445,75900.0,68900,9.0
https://www.yeoshin.co.kr/event/mobile/2752,53900.0,46900,12.0
https://www.yeoshin.co.kr/event/mobile/17041,30000.0,23000,23.0
https://www.yeoshin.co.kr/event/mobile/17261,49000.0,42000,14.0
https://www.yeoshin.co.kr/event/mobile/3974,108900.0,101900,6.0
https://www.yeoshin.co.kr/event/mobile/4842,80000.0,73000,8.0
https://www.yeoshin.co.kr/event/mobile/4867,20900.0,13900,33.0
https://www.yeoshin.co.kr/event/mobile/26627,38000.0,31000,18.0
https://www.yeoshin.co.kr/event/mobile/15426,300000.0,293000,2.0
https://www.yeoshin.co.kr/event/mobile/14427,33000.0,26000,21.0
https://www.yeoshin.co.kr/event/mobile/5561,33000.0,26000,21.0
https://www.yeoshin.co.kr/event/mobile/16384,55000.0,48000,12.0
https://www.yeoshin.co.kr/event/mobile/2962,66000.0,59000,10.0
https://www.yeoshin.co.kr/event/mobile/27507,50000.0,43000,14.0
https://www.yeoshin.co.kr/event/mobile/15407,33000.0,26000,21.0
https://www.yeoshin.co.kr/event/mobile/17239,53900.0,46900,12.0
https://www.yeoshin.co.kr/event/mobile/23766,42900.0,35900,16.0
https://www.yeoshin.co.kr/event/mobile/25830,55000.0,48000,12.0
https://www.yeoshin.co.kr/event/mobile/24664,88000.0,81000,7.0
https://www.yeoshin.co.kr/event/mobile/24346,33000.0,26000,21.0
https://www.yeoshin.co.kr/event/mobile/26140,20900.0,13900,33.0
https://www.yeoshin.co.kr/event/mobile/16968,110000.0,103000,6.0
https://www.yeoshin.co.kr/event/mobile/17738,55000.0,48000,12.0
https://www.yeoshin.co.kr/event/mobile/16522,55000.0,48000,12.0
https://www.yeoshin.co.kr/event/mobile/16102,99000.0,92000,7.0
https://www.yeoshin.co.kr/event/mobile/24992,60500.0,53500,11.0
https://www.yeoshin.co.kr/event/mobile/16274,38500.0,31500,18.0
https://www.yeoshin.co.kr/event/mobile/26562,55000.0,48000,12.0
https://www.yeoshin.co.kr/event/mobile/26644,75900.0,68900,9.0
https://www.yeoshin.co.kr/event/mobile/2115,75900.0,68900,9.0
https://www.yeoshin.co.kr/event/mobile/26693,82500.0,75500,8.0
https://www.yeoshin.co.kr/event/mobile/12473,33000.0,26000,21.0
https://www.yeoshin.co.kr/event/mobile/27342,55000.0,48000,12.0
https://www.yeoshin.co.kr/event/mobile/3588,33000.0,26000,21.0
https://www.yeoshin.co.kr/event/mobile/10683,99000.0,92000,7.0
https://www.yeoshin.co.kr/event/mobile/23719,109000.0,102000,6.0
https://www.yeoshin.co.kr/event/mobile/18463,330000.0,323000,2.0
https://www.yeoshin.co.kr/event/mobile/20862,79000.0,72000,8.0
https://www.yeoshin.co.kr/event/mobile/26682,99000.0,92000,7.0
https://www.yeoshin.co.kr/event/mobile/21233,99000.0,92000,7.0
https://www.yeoshin.co.kr/event/mobile/3984,132000.0,125000,5.0
https://www.yeoshin.co.kr/event/mobile/27696,40000.0,33000,17.0
https://www.yeoshin.co.kr/event/mobile/11521,132000.0,125000,5.0
https://www.yeoshin.co.kr/event/mobile/9781,275000.0,268000,2.0
https://www.yeoshin.co.kr/event/mobile/2703,55000.0,48000,12.0
https://www.yeoshin.co.kr/event/mobile/2372,99000.0,92000,7.0
https://www.yeoshin.co.kr/event/mobile/15772,154000.0,147000,4.0
https://www.yeoshin.co.kr/event/mobile/27134,88000.0,81000,7.0
https://www.yeoshin.co.kr/event/mobile/23632,165000.0,158000,4.0
https://www.yeoshin.co.kr/event/mobile/26660,198000.0,191000,3.0
https://www.yeoshin.co.kr/event/mobile/902,66000.0,59000,10.0
https://www.yeoshin.co.kr/event/mobile/25632,45000.0,38000,15.0
https://www.yeoshin.co.kr/event/mobile/1704,60500.0,53500,11.0
https://www.yeoshin.co.kr/event/mobile/23794,99000.0,92000,7.0
https://www.yeoshin.co.kr/event/mobile/23423,69000.0,62000,10.0
https://www.yeoshin.co.kr/event/mobile/6105,33000.0,26000,21.0
https://www.yeoshin.co.kr/event/mobile/26640,66000.0,59000,10.0
https://www.yeoshin.co.kr/event/mobile/26646,99000.0,92000,7.0
https://www.yeoshin.co.kr/event/mobile/26653,33000.0,26000,21.0
https://www.yeoshin.co.kr/event/mobile/25352,330000.0,323000,2.0
https://www.yeoshin.co.kr/event/mobile/20731,77000.0,70000,9.0
https://www.yeoshin.co.kr/event/mobile/17389,60500.0,53500,11.0
https://www.yeoshin.co.kr/event/mobile/27716,66000.0,59000,10.0
https://www.yeoshin.co.kr/event/mobile/27582,75900.0,68900,9.0
https://www.yeoshin.co.kr/event/mobile/27522,140000.0,133000,5.0
https://www.yeoshin.co.kr/event/mobile/27487,,150000,
https://www.yeoshin.co.kr/event/mobile/27485,77000.0,70000,9.0
https://www.yeoshin.co.kr/event/mobile/27436,150000.0,143000,4.0
https://www.yeoshin.co.kr/event/mobile/23614,66000.0,59000,10.0
https://www.yeoshin.co.kr/event/mobile/17398,196900.0,189900,3.0
https://www.yeoshin.co.kr/event/mobile/17302,60500.0,53500,11.0
https://www.yeoshin.co.kr/event/mobile/12346,77000.0,70000,9.0
https://www.yeoshin.co.kr/event/mobile/23703,66000.0,59000,10.0
https://www.yeoshin.co.kr/event/mobile/26384,64900.0,57900,10.0
https://www.yeoshin.co.kr/event/mobile/13219,82500.0,75500,8.0
https://www.yeoshin.co.kr/event/mobile/21232,121000.0,114000,5.0
https://www.yeoshin.co.kr/event/mobile/20576,165000.0,158000,4.0
https://www.yeoshin.co.kr/event/mobile/11047,99000.0,92000,7.0
https://www.yeoshin.co.kr/event/mobile/8121,220000.0,213000,3.0
https://www.yeoshin.co.kr/event/mobile/1099,121000.0,114000,5.0
https://www.yeoshin.co.kr/event/mobile/19204,11000.0,6100,44.0
https://www.yeoshin.co.kr/event/mobile/5981,44000.0,37000,15.0
https://www.yeoshin.co.kr/event/mobile/23650,73000.0,66000,9.0
https://www.yeoshin.co.kr/event/mobile/5604,198000.0,191000,3.0
https://www.yeoshin.co.kr/event/mobile/26247,110000.0,103000,6.0
https://www.yeoshin.co.kr/event/mobile/21353,66000.0,59000,10.0
https://www.yeoshin.co.kr/event/mobile/24443,165000.0,158000,4.0
https://www.yeoshin.co.kr/event/mobile/27606,76000.0,69000,9.0
https://www.yeoshin.co.kr/event/mobile/25796,,900000,
https://www.yeoshin.co.kr/event/mobile/2781,33000.0,26000,21.0
https://www.yeoshin.co.kr/event/mobile/4905,11000.0,6100,44.0
https://www.yeoshin.co.kr/event/mobile/26662,44000.0,37000,15.0
https://www.yeoshin.co.kr/event/mobile/17956,154000.0,147000,4.0
https://www.yeoshin.co.kr/event/mobile/10435,264000.0,257000,2.0
https://www.yeoshin.co.kr/event/mobile/26670,99000.0,92000,7.0
https://www.yeoshin.co.kr/event/mobile/27003,70400.0,63400,9.0
https://www.yeoshin.co.kr/event/mobile/22168,77000.0,70000,9.0
https://www.yeoshin.co.kr/event/mobile/26712,55000.0,48000,12.0
https://www.yeoshin.co.kr/event/mobile/24444,220000.0,213000,3.0
https://www.yeoshin.co.kr/event/mobile/24571,330000.0,323000,2.0
https://www.yeoshin.co.kr/event/mobile/26862,660000.0,653000,1.0
https://www.yeoshin.co.kr/event/mobile/27697,60000.0,53000,11.0
https://www.yeoshin.co.kr/event/mobile/25391,99000.0,92000,7.0
https://www.yeoshin.co.kr/event/mobile/7234,66000.0,59000,10.0
https://www.yeoshin.co.kr/event/mobile/24570,385000.0,378000,1.0
https://www.yeoshin.co.kr/event/mobile/21272,148500.0,141500,4.0
https://www.yeoshin.co.kr/event/mobile/26691,33000.0,26000,21.0
https://www.yeoshin.co.kr/event/mobile/25392,290000.0,283000,2.0
https://www.yeoshin.co.kr/event/mobile/24791,242000.0,235000,2.0
https://www.yeoshin.co.kr/event/mobile/26641,121000.0,114000,5.0
https://www.yeoshin.co.kr/event/mobile/20303,99000.0,92000,7.0
https://www.yeoshin.co.kr/event/mobile/26639,11000.0,6100,44.0
https://www.yeoshin.co.kr/event/mobile/26687,66000.0,59000,10.0
https://www.yeoshin.co.kr/event/mobile/26676,275000.0,268000,2.0
https://www.yeoshin.co.kr/event/mobile/20042,100000.0,93000,6.0
https://www.yeoshin.co.kr/event/mobile/26808,97900.0,90900,7.0
https://www.yeoshin.co.kr/event/mobile/1197,88000.0,81000,7.0
https://www.yeoshin.co.kr/event/mobile/25723,69000.0,62000,10.0
https://www.yeoshin.co.kr/event/mobile/24068,99000.0,92000,7.0
https://www.yeoshin.co.kr/event/mobile/13136,275000.0,268000,2.0
https://www.yeoshin.co.kr/event/mobile/26460,44000.0,37000,15.0
https://www.yeoshin.co.kr/event/mobile/8117,88000.0,81000,7.0
https://www.yeoshin.co.kr/event/mobile/26642,60500.0,53500,11.0
https://www.yeoshin.co.kr/event/mobile/27087,220000.0,213000,3.0
https://www.yeoshin.co.kr/event/mobile/27391,77000.0,70000,9.0
https://www.yeoshin.co.kr/event/mobile/26567,90000.0,83000,7.0
https://www.yeoshin.co.kr/event/mobile/23588,110000.0,103000,6.0
https://www.yeoshin.co.kr/event/mobile/26655,132000.0,125000,5.0
https://www.yeoshin.co.kr/event/mobile/15898,220000.0,213000,3.0
https://www.yeoshin.co.kr/event/mobile/26685,99000.0,92000,7.0
https://www.yeoshin.co.kr/event/mobile/26681,264000.0,257000,2.0
https://www.yeoshin.co.kr/event/mobile/7467,50000.0,43000,14.0
https://www.yeoshin.co.kr/event/mobile/26652,27500.0,20500,25.0
https://www.yeoshin.co.kr/event/mobile/26648,33000.0,26000,21.0
https://www.yeoshin.co.kr/event/mobile/26219,110000.0,103000,6.0
https://www.yeoshin.co.kr/event/mobile/26647,55000.0,48000,12.0
https://www.yeoshin.co.kr/event/mobile/26658,11000.0,6100,44.0
https://www.yeoshin.co.kr/event/mobile/26713,11000.0,6100,44.0
https://www.yeoshin.co.kr/event/mobile/6503,119900.0,112900,5.0
https://www.yeoshin.co.kr/event/mobile/2134,100000.0,93000,6.0
https://www.yeoshin.co.kr/event/mobile/26675,11000.0,6100,44.0
https://www.yeoshin.co.kr/event/mobile/26218,77000.0,70000,9.0
https://www.yeoshin.co.kr/event/mobile/23912,60000.0,53000,11.0
https://www.yeoshin.co.kr/event/mobile/26514,141900.0,134900,4.0
https://www.yeoshin.co.kr/event/mobile/26663,33000.0,26000,21.0
https://www.yeoshin.co.kr/event/mobile/25276,77000.0,70000,9.0
https://www.yeoshin.co.kr/event/mobile/26629,77000.0,70000,9.0
https://www.yeoshin.co.kr/event/mobile/26651,154000.0,147000,4.0
https://www.yeoshin.co.kr/event/mobile/27548,77000.0,70000,9.0
https://www.yeoshin.co.kr/event/mobile/26665,66000.0,59000,10.0
https://www.yeoshin.co.kr/event/mobile/18631,64900.0,57900,10.0
https://www.yeoshin.co.kr/event/mobile/26250,88000.0,81000,7.0
https://www.yeoshin.co.kr/event/mobile/14435,39000.0,32000,17.0
https://www.yeoshin.co.kr/event/mobile/20482,330000.0,323000,2.0
https://www.yeoshin.co.kr/event/mobile/23010,400000.0,393000,1.0
https://www.yeoshin.co.kr/event/mobile/20788,55000.0,48000,12.0
https://www.yeoshin.co.kr/event/mobile/18926,77000.0,70000,9.0
https://www.yeoshin.co.kr/event/mobile/20469,88000.0,81000,7.0
https://www.yeoshin.co.kr/event/mobile/25866,275000.0,268000,2.0
https://www.yeoshin.co.kr/event/mobile/17319,60500.0,53500,11.0
https://www.yeoshin.co.kr/event/mobile/27563,500000.0,493000,1.0
https://www.yeoshin.co.kr/event/mobile/26279,49500.0,42500,14.0
https://www.yeoshin.co.kr/event/mobile/17327,185900.0,178900,3.0
https://www.yeoshin.co.kr/event/mobile/20483,605000.0,598000,1.0
https://www.yeoshin.co.kr/event/mobile/17043,77000.0,70000,9.0
https://www.yeoshin.co.kr/event/mobile/20595,66000.0,59000,10.0
https://www.yeoshin.co.kr/event/mobile/10517,66000.0,59000,10.0
https://www.yeoshin.co.kr/event/mobile/26365,120000.0,113000,5.0
https://www.yeoshin.co.kr/event/mobile/26628,55000.0,48000,12.0
https://www.yeoshin.co.kr/event/mobile/17992,77000.0,70000,9.0
https://www.yeoshin.co.kr/event/mobile/15273,77000.0,70000,9.0
https://www.yeoshin.co.kr/event/mobile/25883,200000.0,193000,3.0
https://www.yeoshin.co.kr/event/mobile/19213,70000.0,63000,9.0
https://www.yeoshin.co.kr/event/mobile/20484,880000.0,873000,0.0
https://www.yeoshin.co.kr/event/mobile/15427,250000.0,243000,2.0
https://www.yeoshin.co.kr/event/mobile/20775,550000.0,543000,1.0
https://www.yeoshin.co.kr/event/mobile/24169,55000.0,48000,12.0
https://www.yeoshin.co.kr/event/mobile/15715,550000.0,543000,1.0
https://www.yeoshin.co.kr/event/mobile/25708,77000.0,70000,9.0
https://www.yeoshin.co.kr/event/mobile/676,82500.0,75500,8.0
https://www.yeoshin.co.kr/event/mobile/17264,77000.0,70000,9.0
https://www.yeoshin.co.kr/event/mobile/18035,110000.0,103000,6.0
https://www.yeoshin.co.kr/event/mobile/27101,55000.0,48000,12.0
https://www.yeoshin.co.kr/event/mobile/5914,,70000,
https://www.yeoshin.co.kr/event/mobile/5541,,92000,
https://www.yeoshin.co.kr/event/mobile/15498,71500.0,64500,9.0
https://www.yeoshin.co.kr/event/mobile/26536,55000.0,48000,12.0
https://www.yeoshin.co.kr/event/mobile/23441,49000.0,42000,14.0
https://www.yeoshin.co.kr/event/mobile/26898,132000.0,125000,5.0
https://www.yeoshin.co.kr/event/mobile/22756,770000.0,763000,0.0
https://www.yeoshin.co.kr/event/mobile/22292,1650000.0,1643000,0.0
https://www.yeoshin.co.kr/event/mobile/13535,99000.0,92000,7.0
https://www.yeoshin.co.kr/event/mobile/6366,65000.0,58000,10.0
https://www.yeoshin.co.kr/event/mobile/19218,6000.0,3300,44.0
https://www.yeoshin.co.kr/event/mobile/25533,52800.0,45800,13.0
https://www.yeoshin.co.kr/event/mobile/17189,77000.0,70000,9.0
https://www.yeoshin.co.kr/event/mobile/16371,55000.0,48000,12.0
https://www.yeoshin.co.kr/event/mobile/27506,30000.0,23000,23.0
https://www.yeoshin.co.kr/event/mobile/4592,88000.0,81000,7.0
https://www.yeoshin.co.kr/event/mobile/17237,53900.0,46900,12.0
https://www.yeoshin.co.kr/event/mobile/9621,154000.0,147000,4.0
https://www.yeoshin.co.kr/event/mobile/19220,70000.0,63000,9.0
https://www.yeoshin.co.kr/event/mobile/16370,77000.0,70000,9.0
https://www.yeoshin.co.kr/event/mobile/19217,35000.0,28000,19.0
https://www.yeoshin.co.kr/event/mobile/21968,88000.0,81000,7.0
https://www.yeoshin.co.kr/event/mobile/15789,77000.0,70000,9.0
https://www.yeoshin.co.kr/event/mobile/23526,99000.0,92000,7.0
https://www.yeoshin.co.kr/event/mobile/24665,132000.0,125000,5.0
https://www.yeoshin.co.kr/event/mobile/15401,66000.0,59000,10.0
https://www.yeoshin.co.kr/event/mobile/19219,50000.0,43000,14.0
https://www.yeoshin.co.kr/event/mobile/11329,64900.0,57900,10.0
https://www.yeoshin.co.kr/event/mobile/25517,52800.0,45800,13.0
https://www.yeoshin.co.kr/event/mobile/16969,165000.0,158000,4.0
https://www.yeoshin.co.kr/event/mobile/15788,99000.0,92000,7.0
https://www.yeoshin.co.kr/event/mobile/27478,66000.0,59000,10.0
https://www.yeoshin.co.kr/event/mobile/10096,88000.0,81000,7.0
https://www.yeoshin.co.kr/event/mobile/12432,88000.0,81000,7.0
https://www.yeoshin.co.kr/event/mobile/22490,99000.0,92000,7.0
https://www.yeoshin.co.kr/event/mobile/15458,75900.0,68900,9.0
https://www.yeoshin.co.kr/event/mobile/25979,110000.0,103000,6.0
https://www.yeoshin.co.kr/event/mobile/25977,55000.0,48000,12.0
https://www.yeoshin.co.kr/event/mobile/4674,65000.0,58000,10.0
https://www.yeoshin.co.kr/event/mobile/26563,80000.0,73000,8.0
https://www.yeoshin.co.kr/event/mobile/25099,1430000.0,1423000,0.0
https://www.yeoshin.co.kr/event/mobile/27093,60000.0,53000,11.0
https://www.yeoshin.co.kr/event/mobile/26734,60000.0,53000,11.0
https://www.yeoshin.co.kr/event/mobile/27554,264000.0,257000,2.0
https://www.yeoshin.co.kr/event/mobile/22336,270000.0,263000,2.0
https://www.yeoshin.co.kr/event/mobile/18563,230000.0,223000,3.0
https://www.yeoshin.co.kr/event/mobile/2590,25300.0,18300,27.0
https://www.yeoshin.co.kr/event/mobile/18745,19800.0,12800,35.0
https://www.yeoshin.co.kr/event/mobile/11519,25300.0,18300,27.0
https://www.yeoshin.co.kr/event/mobile/18789,33000.0,26000,21.0
https://www.yeoshin.co.kr/event/mobile/19278,33000.0,26000,21.0
https://www.yeoshin.co.kr/event/mobile/20826,33000.0,26000,21.0
https://www.yeoshin.co.kr/event/mobile/22515,30000.0,23000,23.0
https://www.yeoshin.co.kr/event/mobile/22957,77000.0,70000,9.0
https://www.yeoshin.co.kr/event/mobile/27599,55000.0,48000,12.0
https://www.yeoshin.co.kr/event/mobile/17403,27500.0,20500,25.0
https://www.yeoshin.co.kr/event/mobile/17315,25300.0,18300,27.0
https://www.yeoshin.co.kr/event/mobile/14847,33000.0,26000,21.0
https://www.yeoshin.co.kr/event/mobile/17917,55000.0,48000,12.0
https://www.yeoshin.co.kr/event/mobile/26241,55000.0,48000,12.0
https://www.yeoshin.co.kr/event/mobile/24825,60000.0,53000,11.0
https://www.yeoshin.co.kr/event/mobile/26860,35000.0,28000,19.0
https://www.yeoshin.co.kr/event/mobile/25225,25000.0,18000,28.0
https://www.yeoshin.co.kr/event/mobile/395,31900.0,24900,21.0
https://www.yeoshin.co.kr/event/mobile/27538,25000.0,18000,28.0
https://www.yeoshin.co.kr/event/mobile/20343,22000.0,15000,31.0
https://www.yeoshin.co.kr/event/mobile/18237,64900.0,57900,10.0
https://www.yeoshin.co.kr/event/mobile/13,19800.0,12800,35.0
https://www.yeoshin.co.kr/event/mobile/27201,55000.0,48000,12.0
https://www.yeoshin.co.kr/event/mobile/20078,44000.0,37000,15.0
https://www.yeoshin.co.kr/event/mobile/9410,24200.0,17200,28.0
https://www.yeoshin.co.kr/event/mobile/27159,25000.0,18000,28.0
https://www.yeoshin.co.kr/event/mobile/26108,27500.0,20500,25.0
https://www.yeoshin.co.kr/event/mobile/24370,55000.0,48000,12.0
https://www.yeoshin.co.kr/event/mobile/15546,50000.0,43000,14.0
https://www.yeoshin.co.kr/event/mobile/26955,60000.0,53000,11.0
https://www.yeoshin.co.kr/event/mobile/20296,33000.0,26000,21.0
https://www.yeoshin.co.kr/event/mobile/25208,33000.0,26000,21.0
https://www.yeoshin.co.kr/event/mobile/15702,30000.0,23000,23.0
https://www.yeoshin.co.kr/event/mobile/23767,44000.0,37000,15.0
https://www.yeoshin.co.kr/event/mobile/27104,38500.0,31500,18.0
https://www.yeoshin.co.kr/event/mobile/16052,44000.0,37000,15.0
https://www.yeoshin.co.kr/event/mobile/24877,30000.0,23000,23.0
https://www.yeoshin.co.kr/event/mobile/26558,30000.0,23000,23.0
https://www.yeoshin.co.kr/event/mobile/17333,20900.0,13900,33.0
https://www.yeoshin.co.kr/event/mobile/27402,20000.0,13000,35.0
https://www.yeoshin.co.kr/event/mobile/18751,28600.0,21600,24.0
https://www.yeoshin.co.kr/event/mobile/27586,86900.0,79900,8.0
https://www.yeoshin.co.kr/event/mobile/24965,55000.0,48000,12.0
https://www.yeoshin.co.kr/event/mobile/26408,55000.0,48000,12.0
https://www.yeoshin.co.kr/event/mobile/6631,55000.0,48000,12.0
https://www.yeoshin.co.kr/event/mobile/19732,50000.0,43000,14.0
https://www.yeoshin.co.kr/event/mobile/26788,55000.0,48000,12.0
https://www.yeoshin.co.kr/event/mobile/27539,25000.0,18000,28.0
https://www.yeoshin.co.kr/event/mobile/26518,50000.0,43000,14.0
https://www.yeoshin.co.kr/event/mobile/24543,30000.0,23000,23.0
https://www.yeoshin.co.kr/event/mobile/26893,55000.0,48000,12.0
https://www.yeoshin.co.kr/event/mobile/26954,60000.0,53000,11.0
https://www.yeoshin.co.kr/event/mobile/27620,44000.0,37000,15.0
https://www.yeoshin.co.kr/event/mobile/27619,55000.0,48000,12.0
https://www.yeoshin.co.kr/event/mobile/27618,77000.0,70000,9.0
https://www.yeoshin.co.kr/event/mobile/4111,55000.0,48000,12.0
https://www.yeoshin.co.kr/event/mobile/12031,29000.0,22000,24.0
https://www.yeoshin.co.kr/event/mobile/557,38000.0,31000,18.0
https://www.yeoshin.co.kr/event/mobile/14874,16500.0,9500,42.0
https://www.yeoshin.co.kr/event/mobile/27549,40000.0,33000,17.0
https://www.yeoshin.co.kr/event/mobile/26291,27500.0,20500,25.0
https://www.yeoshin.co.kr/event/mobile/27178,55000.0,48000,12.0
https://www.yeoshin.co.kr/event/mobile/22947,22000.0,15000,31.0
https://www.yeoshin.co.kr/event/mobile/15545,50000.0,43000,14.0
https://www.yeoshin.co.kr/event/mobile/25207,33000.0,26000,21.0
https://www.yeoshin.co.kr/event/mobile/19730,40000.0,33000,17.0
https://www.yeoshin.co.kr/event/mobile/419,132000.0,125000,5.0
https://www.yeoshin.co.kr/event/mobile/15549,40000.0,33000,17.0
https://www.yeoshin.co.kr/event/mobile/27111,77000.0,70000,9.0
https://www.yeoshin.co.kr/event/mobile/16980,33000.0,26000,21.0
https://www.yeoshin.co.kr/event/mobile/6442,30000.0,23000,23.0
https://www.yeoshin.co.kr/event/mobile/27710,55000.0,48000,12.0
https://www.yeoshin.co.kr/event/mobile/19859,40000.0,33000,17.0
https://www.yeoshin.co.kr/event/mobile/26238,55000.0,48000,12.0
https://www.yeoshin.co.kr/event/mobile/6399,22000.0,15000,31.0
https://www.yeoshin.co.kr/event/mobile/15548,60000.0,53000,11.0
https://www.yeoshin.co.kr/event/mobile/27711,55000.0,48000,12.0
https://www.yeoshin.co.kr/event/mobile/27360,15000.0,8300,44.0
https://www.yeoshin.co.kr/event/mobile/27278,440000.0,433000,1.0
https://www.yeoshin.co.kr/event/mobile/15191,88000.0,81000,7.0
https://www.yeoshin.co.kr/event/mobile/18236,97900.0,90900,7.0
https://www.yeoshin.co.kr/event/mobile/10395,29000.0,22000,24.0
https://www.yeoshin.co.kr/event/mobile/13954,88000.0,81000,7.0
https://www.yeoshin.co.kr/event/mobile/3292,50000.0,43000,14.0
https://www.yeoshin.co.kr/event/mobile/17301,53900.0,46900,12.0
https://www.yeoshin.co.kr/event/mobile/17388,53900.0,46900,12.0
https://www.yeoshin.co.kr/event/mobile/10325,66000.0,59000,10.0
https://www.yeoshin.co.kr/event/mobile/27795,55000.0,48000,12.0
https://www.yeoshin.co.kr/event/mobile/26792,165000.0,158000,4.0
https://www.yeoshin.co.kr/event/mobile/15323,99000.0,92000,7.0
https://www.yeoshin.co.kr/event/mobile/27460,33000.0,26000,21.0
https://www.yeoshin.co.kr/event/mobile/17317,49500.0,42500,14.0
https://www.yeoshin.co.kr/event/mobile/24547,100000.0,93000,6.0
https://www.yeoshin.co.kr/event/mobile/5473,77000.0,70000,9.0
https://www.yeoshin.co.kr/event/mobile/26254,163900.0,156900,4.0
https://www.yeoshin.co.kr/event/mobile/25649,20000.0,13000,35.0
https://www.yeoshin.co.kr/event/mobile/23627,165000.0,158000,4.0
https://www.yeoshin.co.kr/event/mobile/20253,50000.0,43000,14.0
https://www.yeoshin.co.kr/event/mobile/20575,165000.0,158000,4.0
https://www.yeoshin.co.kr/event/mobile/17846,50000.0,43000,14.0
https://www.yeoshin.co.kr/event/mobile/25285,55000.0,48000,12.0
https://www.yeoshin.co.kr/event/mobile/17848,165000.0,158000,4.0
https://www.yeoshin.co.kr/event/mobile/20242,165000.0,158000,4.0
https://www.yeoshin.co.kr/event/mobile/25556,39000.0,32000,17.0
https://www.yeoshin.co.kr/event/mobile/27603,20000.0,13000,35.0
https://www.yeoshin.co.kr/event/mobile/27595,80000.0,73000,8.0
https://www.yeoshin.co.kr/event/mobile/25203,,26000,
https://www.yeoshin.co.kr/event/mobile/11661,49000.0,42000,14.0
https://www.yeoshin.co.kr/event/mobile/21980,86900.0,79900,8.0
https://www.yeoshin.co.kr/event/mobile/22019,82000.0,75000,8.0
https://www.yeoshin.co.kr/event/mobile/27120,60000.0,53000,11.0
https://www.yeoshin.co.kr/event/mobile/17207,53900.0,46900,12.0
https://www.yeoshin.co.kr/event/mobile/27433,330000.0,323000,2.0
https://www.yeoshin.co.kr/event/mobile/22890,550000.0,543000,1.0
https://www.yeoshin.co.kr/event/mobile/19159,77000.0,70000,9.0
https://www.yeoshin.co.kr/event/mobile/6669,79000.0,72000,8.0
https://www.yeoshin.co.kr/event/mobile/7317,273900.0,266900,2.0
https://www.yeoshin.co.kr/event/mobile/26943,110000.0,103000,6.0
https://www.yeoshin.co.kr/event/mobile/19017,88000.0,81000,7.0
https://www.yeoshin.co.kr/event/mobile/26625,220000.0,213000,3.0
https://www.yeoshin.co.kr/event/mobile/6264,198000.0,191000,3.0
https://www.yeoshin.co.kr/event/mobile/19102,198000.0,191000,3.0
https://www.yeoshin.co.kr/event/mobile/26206,77000.0,70000,9.0
https://www.yeoshin.co.kr/event/mobile/18485,210000.0,203000,3.0
https://www.yeoshin.co.kr/event/mobile/15927,330000.0,323000,2.0
https://www.yeoshin.co.kr/event/mobile/20675,440000.0,433000,1.0
https://www.yeoshin.co.kr/event/mobile/27440,300000.0,293000,2.0
https://www.yeoshin.co.kr/event/mobile/11390,660000.0,653000,1.0
https://www.yeoshin.co.kr/event/mobile/6253,363000.0,356000,1.0
https://www.yeoshin.co.kr/event/mobile/27458,218900.0,211900,3.0
https://www.yeoshin.co.kr/event/mobile/18705,360000.0,353000,1.0
https://www.yeoshin.co.kr/event/mobile/24417,390000.0,383000,1.0
https://www.yeoshin.co.kr/event/mobile/27377,550000.0,543000,1.0
https://www.yeoshin.co.kr/event/mobile/26084,550000.0,543000,1.0
https://www.yeoshin.co.kr/event/mobile/27545,350000.0,343000,2.0
https://www.yeoshin.co.kr/event/mobile/21325,792000.0,785000,0.0
https://www.yeoshin.co.kr/event/mobile/27500,440000.0,433000,1.0
https://www.yeoshin.co.kr/event/mobile/19738,495000.0,488000,1.0
https://www.yeoshin.co.kr/event/mobile/25982,638000.0,631000,1.0
https://www.yeoshin.co.kr/event/mobile/26211,330000.0,323000,2.0
https://www.yeoshin.co.kr/event/mobile/5569,550000.0,543000,1.0
https://www.yeoshin.co.kr/event/mobile/586,539000.0,532000,1.0
https://www.yeoshin.co.kr/event/mobile/12896,220000.0,213000,3.0
https://www.yeoshin.co.kr/event/mobile/10645,88000.0,81000,7.0
https://www.yeoshin.co.kr/event/mobile/14136,24000.0,17000,29.0
https://www.yeoshin.co.kr/event/mobile/6624,400000.0,393000,1.0
https://www.yeoshin.co.kr/event/mobile/9354,31900.0,24900,21.0
https://www.yeoshin.co.kr/event/mobile/15376,165000.0,158000,4.0
https://www.yeoshin.co.kr/event/mobile/21090,165000.0,158000,4.0
https://www.yeoshin.co.kr/event/mobile/25628,50000.0,43000,14.0
https://www.yeoshin.co.kr/event/mobile/18060,220000.0,213000,3.0
https://www.yeoshin.co.kr/event/mobile/25486,199000.0,192000,3.0
https://www.yeoshin.co.kr/event/mobile/23235,77000.0,70000,9.0
https://www.yeoshin.co.kr/event/mobile/27624,89000.0,82000,7.0
https://www.yeoshin.co.kr/event/mobile/15095,1100000.0,1093000,0.0
https://www.yeoshin.co.kr/event/mobile/14716,99000.0,92000,7.0
https://www.yeoshin.co.kr/event/mobile/24799,165000.0,158000,4.0
https://www.yeoshin.co.kr/event/mobile/24337,396000.0,389000,1.0
https://www.yeoshin.co.kr/event/mobile/26517,53900.0,46900,12.0
https://www.yeoshin.co.kr/event/mobile/17200,49000.0,42000,14.0
https://www.yeoshin.co.kr/event/mobile/20859,88000.0,81000,7.0
https://www.yeoshin.co.kr/event/mobile/6957,99000.0,92000,7.0
https://www.yeoshin.co.kr/event/mobile/27579,86900.0,79900,8.0
https://www.yeoshin.co.kr/event/mobile/27523,10000.0,5500,44.0
https://www.yeoshin.co.kr/event/mobile/20861,77000.0,70000,9.0
https://www.yeoshin.co.kr/event/mobile/10682,88000.0,81000,7.0
https://www.yeoshin.co.kr/event/mobile/25406,50000.0,43000,14.0
https://www.yeoshin.co.kr/event/mobile/25271,88000.0,81000,7.0
https://www.yeoshin.co.kr/event/mobile/13754,44000.0,37000,15.0
https://www.yeoshin.co.kr/event/mobile/26791,55000.0,48000,12.0
https://www.yeoshin.co.kr/event/mobile/22367,97900.0,90900,7.0
https://www.yeoshin.co.kr/event/mobile/26501,110000.0,103000,6.0
https://www.yeoshin.co.kr/event/mobile/27181,110000.0,103000,6.0
https://www.yeoshin.co.kr/event/mobile/16565,70000.0,63000,9.0
https://www.yeoshin.co.kr/event/mobile/26892,110000.0,103000,6.0
https://www.yeoshin.co.kr/event/mobile/18304,44000.0,37000,15.0
https://www.yeoshin.co.kr/event/mobile/20677,110000.0,103000,6.0
https://www.yeoshin.co.kr/event/mobile/13038,110000.0,103000,6.0
https://www.yeoshin.co.kr/event/mobile/20678,220000.0,213000,3.0
https://www.yeoshin.co.kr/event/mobile/9727,,103000,
https://www.yeoshin.co.kr/event/mobile/17559,77000.0,70000,9.0
https://www.yeoshin.co.kr/event/mobile/15737,77000.0,70000,9.0
https://www.yeoshin.co.kr/event/mobile/25038,330000.0,323000,2.0
https://www.yeoshin.co.kr/event/mobile/1763,1320000.0,1313000,0.0
https://www.yeoshin.co.kr/event/mobile/21093,165000.0,158000,4.0
https://www.yeoshin.co.kr/event/mobile/24287,53900.0,46900,12.0
https://www.yeoshin.co.kr/event/mobile/18744,49500.0,42500,14.0
https://www.yeoshin.co.kr/event/mobile/24210,220000.0,213000,3.0
https://www.yeoshin.co.kr/event/mobile/23034,55000.0,48000,12.0
https://www.yeoshin.co.kr/event/mobile/19516,189000.0,182000,3.0
https://www.yeoshin.co.kr/event/mobile/22852,64900.0,57900,10.0
https://www.yeoshin.co.kr/event/mobile/20401,220000.0,213000,3.0
https://www.yeoshin.co.kr/event/mobile/27225,220000.0,213000,3.0
https://www.yeoshin.co.kr/event/mobile/26163,110000.0,103000,6.0
https://www.yeoshin.co.kr/event/mobile/13731,77000.0,70000,9.0
https://www.yeoshin.co.kr/event/mobile/6604,35000.0,28000,19.0
https://www.yeoshin.co.kr/event/mobile/2690,38500.0,31500,18.0
https://www.yeoshin.co.kr/event/mobile/4715,44000.0,37000,15.0
https://www.yeoshin.co.kr/event/mobile/15785,160000.0,153000,4.0
https://www.yeoshin.co.kr/event/mobile/11831,440000.0,433000,1.0
https://www.yeoshin.co.kr/event/mobile/17228,165000.0,158000,4.0
https://www.yeoshin.co.kr/event/mobile/27616,88000.0,81000,7.0
https://www.yeoshin.co.kr/event/mobile/27615,55000.0,48000,12.0
https://www.yeoshin.co.kr/event/mobile/4278,440000.0,433000,1.0
https://www.yeoshin.co.kr/event/mobile/10219,55000.0,48000,12.0
https://www.yeoshin.co.kr/event/mobile/7838,99000.0,92000,7.0
https://www.yeoshin.co.kr/event/mobile/19968,209000.0,202000,3.0
https://www.yeoshin.co.kr/event/mobile/6127,,32000,
https://www.yeoshin.co.kr/event/mobile/16271,9900.0,5500,44.0
https://www.yeoshin.co.kr/event/mobile/19761,,32000,
https://www.yeoshin.co.kr/event/mobile/14765,31900.0,24900,21.0
https://www.yeoshin.co.kr/event/mobile/2689,88000.0,81000,7.0
https://www.yeoshin.co.kr/event/mobile/26413,198000.0,191000,3.0
https://www.yeoshin.co.kr/event/mobile/11270,209000.0,202000,3.0
https://www.yeoshin.co.kr/event/mobile/23790,115000.0,108000,6.0
https://www.yeoshin.co.kr/event/mobile/12466,100000.0,93000,6.0
https://www.yeoshin.co.kr/event/mobile/8462,330000.0,323000,2.0
https://www.yeoshin.co.kr/event/mobile/24411,270000.0,263000,2.0
https://www.yeoshin.co.kr/event/mobile/25587,198000.0,191000,3.0
https://www.yeoshin.co.kr/event/mobile/27158,330000.0,323000,2.0
https://www.yeoshin.co.kr/event/mobile/24546,250000.0,243000,2.0
https://www.yeoshin.co.kr/event/mobile/11304,300000.0,293000,2.0
https://www.yeoshin.co.kr/event/mobile/6589,275000.0,268000,2.0
https://www.yeoshin.co.kr/event/mobile/27557,99000.0,92000,7.0
https://www.yeoshin.co.kr/event/mobile/24995,36300.0,29300,19.0
https://www.yeoshin.co.kr/event/mobile/7540,275000.0,268000,2.0
https://www.yeoshin.co.kr/event/mobile/22224,88000.0,81000,7.0
https://www.yeoshin.co.kr/event/mobile/26981,66000.0,59000,10.0
https://www.yeoshin.co.kr/event/mobile/27106,64900.0,57900,10.0
https://www.yeoshin.co.kr/event/mobile/17234,31900.0,24900,21.0
https://www.yeoshin.co.kr/event/mobile/26023,,323000,
https://www.yeoshin.co.kr/event/mobile/13398,31900.0,24900,21.0
https://www.yeoshin.co.kr/event/mobile/27405,1650000.0,1643000,0.0
https://www.yeoshin.co.kr/event/mobile/27404,1920000.0,1913000,0.0
https://www.yeoshin.co.kr/event/mobile/27406,2090000.0,2083000,0.0
https://www.yeoshin.co.kr/event/mobile/27378,495000.0,488000,1.0
https://www.yeoshin.co.kr/event/mobile/27657,290000.0,283000,2.0
https://www.yeoshin.co.kr/event/mobile/18040,1529000.0,1522000,0.0
https://www.yeoshin.co.kr/event/mobile/10371,440000.0,433000,1.0
https://www.yeoshin.co.kr/event/mobile/27328,165000.0,158000,4.0
https://www.yeoshin.co.kr/event/mobile/10410,59000.0,52000,11.0
https://www.yeoshin.co.kr/event/mobile/4179,110000.0,103000,6.0
https://www.yeoshin.co.kr/event/mobile/25305,108000.0,101000,6.0
https://www.yeoshin.co.kr/event/mobile/18041,165000.0,158000,4.0
https://www.yeoshin.co.kr/event/mobile/5552,99000.0,92000,7.0
https://www.yeoshin.co.kr/event/mobile/3340,75900.0,68900,9.0
https://www.yeoshin.co.kr/event/mobile/26603,55000.0,48000,12.0
https://www.yeoshin.co.kr/event/mobile/27167,97900.0,90900,7.0
https://www.yeoshin.co.kr/event/mobile/12277,84700.0,77700,8.0
https://www.yeoshin.co.kr/event/mobile/6479,44000.0,37000,15.0
https://www.yeoshin.co.kr/event/mobile/2746,99000.0,92000,7.0
https://www.yeoshin.co.kr/event/mobile/21775,,1430000,
https://www.yeoshin.co.kr/event/mobile/25158,,540000,
https://www.yeoshin.co.kr/event/mobile/21577,145000.0,138000,4.0
https://www.yeoshin.co.kr/event/mobile/24839,,2999000,
https://www.yeoshin.co.kr/event/mobile/21429,,550000,
https://www.yeoshin.co.kr/event/mobile/22249,,4180000,
https://www.yeoshin.co.kr/event/mobile/21035,,990000,
https://www.yeoshin.co.kr/event/mobile/26533,,660000,
https://www.yeoshin.co.kr/event/mobile/21400,,420000,
https://www.yeoshin.co.kr/event/mobile/22248,,2640000,
https://www.yeoshin.co.kr/event/mobile/21040,,800000,
https://www.yeoshin.co.kr/event/mobile/21601,,2900000,
https://www.yeoshin.co.kr/event/mobile/25142,,760000,
https://www.yeoshin.co.kr/event/mobile/26939,,4400000,
https://www.yeoshin.co.kr/event/mobile/21576,145000.0,138000,4.0
https://www.yeoshin.co.kr/event/mobile/21402,,450000,
https://www.yeoshin.co.kr/event/mobile/22250,,4180000,
https://www.yeoshin.co.kr/event/mobile/21603,,3000000,
https://www.yeoshin.co.kr/event/mobile/21029,,990000,
https://www.yeoshin.co.kr/event/mobile/21776,,1980000,
https://www.yeoshin.co.kr/event/mobile/25156,,390000,
https://www.yeoshin.co.kr/event/mobile/26802,,869000,
https://www.yeoshin.co.kr/event/mobile/21666,172000.0,165000,4.0
https://www.yeoshin.co.kr/event/mobile/22251,,2970000,
https://www.yeoshin.co.kr/event/mobile/25957,,1089000,
https://www.yeoshin.co.kr/event/mobile/21655,,1860000,
https://www.yeoshin.co.kr/event/mobile/21476,,770000,
https://www.yeoshin.co.kr/event/mobile/24896,,1100000,
https://www.yeoshin.co.kr/event/mobile/26520,,847000,
https://www.yeoshin.co.kr/event/mobile/22540,,990000,
https://www.yeoshin.co.kr/event/mobile/21396,,1090000,
https://www.yeoshin.co.kr/event/mobile/24904,,1980000,
https://www.yeoshin.co.kr/event/mobile/22816,,2750000,
https://www.yeoshin.co.kr/event/mobile/23528,209000.0,202000,3.0
https://www.yeoshin.co.kr/event/mobile/23252,,1090000,
https://www.yeoshin.co.kr/event/mobile/22951,,880000,
https://www.yeoshin.co.kr/event/mobile/26343,440000.0,433000,1.0
https://www.yeoshin.co.kr/event/mobile/26201,,2100000,
https://www.yeoshin.co.kr/event/mobile/26325,440000.0,433000,1.0
https://www.yeoshin.co.kr/event/mobile/25312,,990000,
https://www.yeoshin.co.kr/event/mobile/26088,,871000,
https://www.yeoshin.co.kr/event/mobile/21116,,990000,
https://www.yeoshin.co.kr/event/mobile/25016,,590000,
https://www.yeoshin.co.kr/event/mobile/14496,704000.0,697000,0.0
https://www.yeoshin.co.kr/event/mobile/21338,,660000,
https://www.yeoshin.co.kr/event/mobile/21044,,1870000,
https://www.yeoshin.co.kr/event/mobile/21425,,550000,
https://www.yeoshin.co.kr/event/mobile/21610,,1700000,
https://www.yeoshin.co.kr/event/mobile/24010,,990000,
https://www.yeoshin.co.kr/event/mobile/21285,,605000,
https://www.yeoshin.co.kr/event/mobile/27107,,319000,
https://www.yeoshin.co.kr/event/mobile/26532,,1500000,
https://www.yeoshin.co.kr/event/mobile/23442,,1100000,
https://www.yeoshin.co.kr/event/mobile/21428,,330000,
https://www.yeoshin.co.kr/event/mobile/21134,,319000,
https://www.yeoshin.co.kr/event/mobile/21337,,660000,
https://www.yeoshin.co.kr/event/mobile/22252,,2310000,
https://www.yeoshin.co.kr/event/mobile/23424,,1090000,
https://www.yeoshin.co.kr/event/mobile/26164,,330000,
https://www.yeoshin.co.kr/event/mobile/25101,,770000,
https://www.yeoshin.co.kr/event/mobile/26417,660000.0,653000,1.0
https://www.yeoshin.co.kr/event/mobile/26534,,250000,
https://www.yeoshin.co.kr/event/mobile/21264,,363000,
https://www.yeoshin.co.kr/event/mobile/21265,,363000,
https://www.yeoshin.co.kr/event/mobile/21263,,363000,
https://www.yeoshin.co.kr/event/mobile/27466,,990000,
https://www.yeoshin.co.kr/event/mobile/21395,,330000,
https://www.yeoshin.co.kr/event/mobile/24015,,1320000,
https://www.yeoshin.co.kr/event/mobile/24929,,1210000,
https://www.yeoshin.co.kr/event/mobile/25000,,1100000,
https://www.yeoshin.co.kr/event/mobile/21605,,2190000,
https://www.yeoshin.co.kr/event/mobile/21431,,220000,
https://www.yeoshin.co.kr/event/mobile/21445,,660000,
https://www.yeoshin.co.kr/event/mobile/21430,,220000,
https://www.yeoshin.co.kr/event/mobile/21438,,660000,
https://www.yeoshin.co.kr/event/mobile/23678,,990000,
https://www.yeoshin.co.kr/event/mobile/21905,86900.0,79900,8.0
https://www.yeoshin.co.kr/event/mobile/23799,97900.0,90900,7.0
https://www.yeoshin.co.kr/event/mobile/9090,143000.0,136000,4.0
https://www.yeoshin.co.kr/event/mobile/27339,71500.0,64500,9.0
https://www.yeoshin.co.kr/event/mobile/18652,196900.0,189900,3.0
https://www.yeoshin.co.kr/event/mobile/27354,1155000.0,1148000,0.0
https://www.yeoshin.co.kr/event/mobile/25219,108900.0,101900,6.0
https://www.yeoshin.co.kr/event/mobile/20412,154000.0,147000,4.0
https://www.yeoshin.co.kr/event/mobile/10713,99000.0,92000,7.0
https://www.yeoshin.co.kr/event/mobile/27185,144600.0,137600,4.0
https://www.yeoshin.co.kr/event/mobile/9555,33000.0,26000,21.0
https://www.yeoshin.co.kr/event/mobile/22847,174900.0,167900,4.0
https://www.yeoshin.co.kr/event/mobile/21198,132000.0,125000,5.0
https://www.yeoshin.co.kr/event/mobile/22647,40000.0,33000,17.0
https://www.yeoshin.co.kr/event/mobile/24638,,79900,
https://www.yeoshin.co.kr/event/mobile/16983,97900.0,90900,7.0
https://www.yeoshin.co.kr/event/mobile/27048,110000.0,103000,6.0
https://www.yeoshin.co.kr/event/mobile/27676,119000.0,112000,5.0
https://www.yeoshin.co.kr/event/mobile/25839,,92000,
https://www.yeoshin.co.kr/event/mobile/26174,110000.0,103000,6.0
https://www.yeoshin.co.kr/event/mobile/22581,218900.0,211900,3.0
https://www.yeoshin.co.kr/event/mobile/15541,495000.0,488000,1.0
https://www.yeoshin.co.kr/event/mobile/221,264000.0,257000,2.0
https://www.yeoshin.co.kr/event/mobile/22495,66000.0,59000,10.0
https://www.yeoshin.co.kr/event/mobile/15526,86900.0,79900,8.0
https://www.yeoshin.co.kr/event/mobile/24258,30000.0,23000,23.0
https://www.yeoshin.co.kr/event/mobile/17945,129900.0,122900,5.0
https://www.yeoshin.co.kr/event/mobile/25489,42900.0,35900,16.0
https://www.yeoshin.co.kr/event/mobile/26496,150000.0,143000,4.0
https://www.yeoshin.co.kr/event/mobile/18630,31900.0,24900,21.0
https://www.yeoshin.co.kr/event/mobile/25502,209000.0,202000,3.0
https://www.yeoshin.co.kr/event/mobile/25059,110000.0,103000,6.0
https://www.yeoshin.co.kr/event/mobile/19119,198000.0,191000,3.0
https://www.yeoshin.co.kr/event/mobile/24903,75900.0,68900,9.0
https://www.yeoshin.co.kr/event/mobile/24100,80000.0,73000,8.0
https://www.yeoshin.co.kr/event/mobile/26259,143000.0,136000,4.0
https://www.yeoshin.co.kr/event/mobile/16773,165000.0,158000,4.0
https://www.yeoshin.co.kr/event/mobile/26224,150000.0,143000,4.0
https://www.yeoshin.co.kr/event/mobile/20308,77000.0,70000,9.0
https://www.yeoshin.co.kr/event/mobile/17,165000.0,158000,4.0
https://www.yeoshin.co.kr/event/mobile/26020,110000.0,103000,6.0
https://www.yeoshin.co.kr/event/mobile/17251,108900.0,101900,6.0
https://www.yeoshin.co.kr/event/mobile/25817,150000.0,143000,4.0
https://www.yeoshin.co.kr/event/mobile/23768,44000.0,37000,15.0
https://www.yeoshin.co.kr/event/mobile/10320,75900.0,68900,9.0
https://www.yeoshin.co.kr/event/mobile/24678,110000.0,103000,6.0
https://www.yeoshin.co.kr/event/mobile/13228,108900.0,101900,6.0
https://www.yeoshin.co.kr/event/mobile/17268,209000.0,202000,3.0
https://www.yeoshin.co.kr/event/mobile/23688,88000.0,81000,7.0
https://www.yeoshin.co.kr/event/mobile/22537,165000.0,158000,4.0
https://www.yeoshin.co.kr/event/mobile/15778,264000.0,257000,2.0
https://www.yeoshin.co.kr/event/mobile/25831,209000.0,202000,3.0
https://www.yeoshin.co.kr/event/mobile/17172,200000.0,193000,3.0
https://www.yeoshin.co.kr/event/mobile/2110,66000.0,59000,10.0
https://www.yeoshin.co.kr/event/mobile/509,108900.0,101900,6.0
https://www.yeoshin.co.kr/event/mobile/25004,55000.0,48000,12.0
https://www.yeoshin.co.kr/event/mobile/27032,132000.0,125000,5.0
https://www.yeoshin.co.kr/event/mobile/15386,350000.0,343000,2.0
https://www.yeoshin.co.kr/event/mobile/15703,85000.0,78000,8.0
https://www.yeoshin.co.kr/event/mobile/20578,88000.0,81000,7.0
https://www.yeoshin.co.kr/event/mobile/15978,165000.0,158000,4.0
https://www.yeoshin.co.kr/event/mobile/20579,77000.0,70000,9.0
https://www.yeoshin.co.kr/event/mobile/20650,55000.0,48000,12.0
https://www.yeoshin.co.kr/event/mobile/20212,250000.0,243000,2.0
https://www.yeoshin.co.kr/event/mobile/15496,120000.0,113000,5.0
https://www.yeoshin.co.kr/event/mobile/25904,,433000,
https://www.yeoshin.co.kr/event/mobile/11487,80000.0,73000,8.0
https://www.yeoshin.co.kr/event/mobile/8499,44000.0,37000,15.0
https://www.yeoshin.co.kr/event/mobile/20183,19000.0,12000,36.0
https://www.yeoshin.co.kr/event/mobile/6667,27500.0,20500,25.0
https://www.yeoshin.co.kr/event/mobile/16984,31900.0,24900,21.0
https://www.yeoshin.co.kr/event/mobile/27678,15000.0,8300,44.0
https://www.yeoshin.co.kr/event/mobile/26390,55000.0,48000,12.0
https://www.yeoshin.co.kr/event/mobile/23802,28600.0,21600,24.0
https://www.yeoshin.co.kr/event/mobile/11477,22000.0,15000,31.0
https://www.yeoshin.co.kr/event/mobile/18788,9900.0,5500,44.0
https://www.yeoshin.co.kr/event/mobile/19150,27500.0,20500,25.0
https://www.yeoshin.co.kr/event/mobile/23078,21500.0,14500,32.0
https://www.yeoshin.co.kr/event/mobile/13723,44000.0,37000,15.0
https://www.yeoshin.co.kr/event/mobile/21897,13200.0,7300,44.0
https://www.yeoshin.co.kr/event/mobile/13886,9800.0,5400,44.0
https://www.yeoshin.co.kr/event/mobile/5652,66000.0,59000,10.0
https://www.yeoshin.co.kr/event/mobile/12708,,8500,
https://www.yeoshin.co.kr/event/mobile/27336,9900.0,5500,44.0
https://www.yeoshin.co.kr/event/mobile/26745,33000.0,26000,21.0
https://www.yeoshin.co.kr/event/mobile/18816,22000.0,15000,31.0
https://www.yeoshin.co.kr/event/mobile/1945,22000.0,15000,31.0
https://www.yeoshin.co.kr/event/mobile/24407,100000.0,93000,6.0
https://www.yeoshin.co.kr/event/mobile/20905,9900.0,5500,44.0
https://www.yeoshin.co.kr/event/mobile/18651,38500.0,31500,18.0
https://www.yeoshin.co.kr/event/mobile/27794,88000.0,81000,7.0
https://www.yeoshin.co.kr/event/mobile/27792,10900.0,6000,44.0
https://www.yeoshin.co.kr/event/mobile/27565,33000.0,26000,21.0
https://www.yeoshin.co.kr/event/mobile/25810,66000.0,59000,10.0
https://www.yeoshin.co.kr/event/mobile/25069,21900.0,14900,31.0
https://www.yeoshin.co.kr/event/mobile/15292,99000.0,92000,7.0
https://www.yeoshin.co.kr/event/mobile/13328,66000.0,59000,10.0
https://www.yeoshin.co.kr/event/mobile/6552,38500.0,31500,18.0
https://www.yeoshin.co.kr/event/mobile/27382,38500.0,31500,18.0
https://www.yeoshin.co.kr/event/mobile/14698,33000.0,26000,21.0
https://www.yeoshin.co.kr/event/mobile/5099,24200.0,17200,28.0
https://www.yeoshin.co.kr/event/mobile/25841,,22000,
https://www.yeoshin.co.kr/event/mobile/22844,23100.0,16100,30.0
https://www.yeoshin.co.kr/event/mobile/21003,39600.0,32600,17.0
https://www.yeoshin.co.kr/event/mobile/21197,66000.0,59000,10.0
https://www.yeoshin.co.kr/event/mobile/27121,30000.0,23000,23.0
https://www.yeoshin.co.kr/event/mobile/21195,33000.0,26000,21.0
https://www.yeoshin.co.kr/event/mobile/3631,27500.0,20500,25.0
https://www.yeoshin.co.kr/event/mobile/23237,7500.0,4200,43.0
https://www.yeoshin.co.kr/event/mobile/23239,8600.0,4800,44.0
https://www.yeoshin.co.kr/event/mobile/27384,42900.0,35900,16.0
https://www.yeoshin.co.kr/event/mobile/2820,55000.0,48000,12.0
https://www.yeoshin.co.kr/event/mobile/12877,110000.0,103000,6.0
https://www.yeoshin.co.kr/event/mobile/21196,44000.0,37000,15.0
https://www.yeoshin.co.kr/event/mobile/25322,99000.0,92000,7.0
https://www.yeoshin.co.kr/event/mobile/23426,33000.0,26000,21.0
https://www.yeoshin.co.kr/event/mobile/17922,99000.0,92000,7.0
https://www.yeoshin.co.kr/event/mobile/19794,77000.0,70000,9.0
https://www.yeoshin.co.kr/event/mobile/24629,,90900,
https://www.yeoshin.co.kr/event/mobile/24254,20000.0,13000,35.0
https://www.yeoshin.co.kr/event/mobile/17026,59400.0,52400,11.0
https://www.yeoshin.co.kr/event/mobile/27292,20900.0,13900,33.0
https://www.yeoshin.co.kr/event/mobile/3683,19800.0,12800,35.0
https://www.yeoshin.co.kr/event/mobile/1869,20000.0,13000,35.0
https://www.yeoshin.co.kr/event/mobile/27293,33000.0,26000,21.0
https://www.yeoshin.co.kr/event/mobile/15538,88000.0,81000,7.0
https://www.yeoshin.co.kr/event/mobile/26846,75900.0,68900,9.0
https://www.yeoshin.co.kr/event/mobile/27394,99000.0,92000,7.0
https://www.yeoshin.co.kr/event/mobile/27393,55000.0,48000,12.0
https://www.yeoshin.co.kr/event/mobile/25484,16500.0,9500,42.0
https://www.yeoshin.co.kr/event/mobile/11090,18000.0,11000,38.0
https://www.yeoshin.co.kr/event/mobile/25804,,92000,
https://www.yeoshin.co.kr/event/mobile/27288,27500.0,20500,25.0
https://www.yeoshin.co.kr/event/mobile/16761,16500.0,9500,42.0
https://www.yeoshin.co.kr/event/mobile/26790,55000.0,48000,12.0
https://www.yeoshin.co.kr/event/mobile/18757,19900.0,12900,35.0
https://www.yeoshin.co.kr/event/mobile/22792,108900.0,101900,6.0
https://www.yeoshin.co.kr/event/mobile/2191,44000.0,37000,15.0
https://www.yeoshin.co.kr/event/mobile/25991,77000.0,70000,9.0
https://www.yeoshin.co.kr/event/mobile/25828,110000.0,103000,6.0
https://www.yeoshin.co.kr/event/mobile/27009,27400.0,20400,25.0
https://www.yeoshin.co.kr/event/mobile/8933,15000.0,8300,44.0
https://www.yeoshin.co.kr/event/mobile/19001,38500.0,31500,18.0
https://www.yeoshin.co.kr/event/mobile/25802,154000.0,147000,4.0
https://www.yeoshin.co.kr/event/mobile/189,49000.0,42000,14.0
https://www.yeoshin.co.kr/event/mobile/23240,9300.0,5200,44.0
https://www.yeoshin.co.kr/event/mobile/7755,88000.0,81000,7.0
https://www.yeoshin.co.kr/event/mobile/24101,30000.0,23000,23.0
https://www.yeoshin.co.kr/event/mobile/5572,44000.0,37000,15.0
https://www.yeoshin.co.kr/event/mobile/8586,27500.0,20500,25.0
https://www.yeoshin.co.kr/event/mobile/18219,33000.0,26000,21.0
https://www.yeoshin.co.kr/event/mobile/24809,22000.0,15000,31.0
https://www.yeoshin.co.kr/event/mobile/10429,35000.0,28000,19.0
https://www.yeoshin.co.kr/event/mobile/3556,50000.0,43000,14.0
https://www.yeoshin.co.kr/event/mobile/2532,10000.0,5500,44.0
https://www.yeoshin.co.kr/event/mobile/17033,20900.0,13900,33.0
https://www.yeoshin.co.kr/event/mobile/4752,11000.0,6100,44.0
https://www.yeoshin.co.kr/event/mobile/26869,55000.0,48000,12.0
https://www.yeoshin.co.kr/event/mobile/20477,108900.0,101900,6.0
https://www.yeoshin.co.kr/event/mobile/26251,27500.0,20500,25.0
https://www.yeoshin.co.kr/event/mobile/24102,70000.0,63000,9.0
https://www.yeoshin.co.kr/event/mobile/15544,32000.0,25000,21.0
https://www.yeoshin.co.kr/event/mobile/23808,33000.0,26000,21.0
https://www.yeoshin.co.kr/event/mobile/534,33000.0,26000,21.0
https://www.yeoshin.co.kr/event/mobile/22338,55000.0,48000,12.0
https://www.yeoshin.co.kr/event/mobile/13803,55000.0,48000,12.0
https://www.yeoshin.co.kr/event/mobile/6171,20000.0,13000,35.0
https://www.yeoshin.co.kr/event/mobile/22339,110000.0,103000,6.0
https://www.yeoshin.co.kr/event/mobile/1032,20000.0,13000,35.0
https://www.yeoshin.co.kr/event/mobile/22929,44000.0,37000,15.0
https://www.yeoshin.co.kr/event/mobile/26021,,46900,
https://www.yeoshin.co.kr/event/mobile/20229,39000.0,32000,17.0
https://www.yeoshin.co.kr/event/mobile/15700,27500.0,20500,25.0
https://www.yeoshin.co.kr/event/mobile/17065,350000.0,343000,2.0
https://www.yeoshin.co.kr/event/mobile/15776,44000.0,37000,15.0
https://www.yeoshin.co.kr/event/mobile/13618,27500.0,20500,25.0
https://www.yeoshin.co.kr/event/mobile/13329,9900.0,5500,44.0
https://www.yeoshin.co.kr/event/mobile/3184,77000.0,70000,9.0
https://www.yeoshin.co.kr/event/mobile/17839,27500.0,20500,25.0
https://www.yeoshin.co.kr/event/mobile/7044,22000.0,15000,31.0
https://www.yeoshin.co.kr/event/mobile/5297,19000.0,12000,36.0
https://www.yeoshin.co.kr/event/mobile/1105,27500.0,20500,25.0
https://www.yeoshin.co.kr/event/mobile/13710,42900.0,35900,16.0
https://www.yeoshin.co.kr/event/mobile/24110,209000.0,202000,3.0
https://www.yeoshin.co.kr/event/mobile/3122,165000.0,158000,4.0
https://www.yeoshin.co.kr/event/mobile/2557,30000.0,23000,23.0
https://www.yeoshin.co.kr/event/mobile/27703,77000.0,70000,9.0
https://www.yeoshin.co.kr/event/mobile/26272,11000.0,6100,44.0
https://www.yeoshin.co.kr/event/mobile/8900,44000.0,37000,15.0
https://www.yeoshin.co.kr/event/mobile/24682,22000.0,15000,31.0
https://www.yeoshin.co.kr/event/mobile/19260,99000.0,92000,7.0
https://www.yeoshin.co.kr/event/mobile/17131,50000.0,43000,14.0
https://www.yeoshin.co.kr/event/mobile/26137,9800.0,5400,44.0
https://www.yeoshin.co.kr/event/mobile/14652,55000.0,48000,12.0
https://www.yeoshin.co.kr/event/mobile/26367,60000.0,53000,11.0
https://www.yeoshin.co.kr/event/mobile/12647,22000.0,15000,31.0
https://www.yeoshin.co.kr/event/mobile/25022,59000.0,52000,11.0
https://www.yeoshin.co.kr/event/mobile/18069,110000.0,103000,6.0
https://www.yeoshin.co.kr/event/mobile/10233,38500.0,31500,18.0
https://www.yeoshin.co.kr/event/mobile/17273,165000.0,158000,4.0
https://www.yeoshin.co.kr/event/mobile/17853,77000.0,70000,9.0
https://www.yeoshin.co.kr/event/mobile/22536,55000.0,48000,12.0
https://www.yeoshin.co.kr/event/mobile/15775,99000.0,92000,7.0
https://www.yeoshin.co.kr/event/mobile/11079,33000.0,26000,21.0
https://www.yeoshin.co.kr/event/mobile/7184,55000.0,48000,12.0
https://www.yeoshin.co.kr/event/mobile/19671,55000.0,48000,12.0
https://www.yeoshin.co.kr/event/mobile/17658,33000.0,26000,21.0
https://www.yeoshin.co.kr/event/mobile/20582,66000.0,59000,10.0
https://www.yeoshin.co.kr/event/mobile/9488,22000.0,15000,31.0
https://www.yeoshin.co.kr/event/mobile/3741,44000.0,37000,15.0
https://www.yeoshin.co.kr/event/mobile/15721,22000.0,15000,31.0
https://www.yeoshin.co.kr/event/mobile/2534,31900.0,24900,21.0
https://www.yeoshin.co.kr/event/mobile/18932,33000.0,26000,21.0
https://www.yeoshin.co.kr/event/mobile/14008,99000.0,92000,7.0
https://www.yeoshin.co.kr/event/mobile/22289,44000.0,37000,15.0
https://www.yeoshin.co.kr/event/mobile/21578,44000.0,37000,15.0
https://www.yeoshin.co.kr/event/mobile/9121,33000.0,26000,21.0
https://www.yeoshin.co.kr/event/mobile/24980,27500.0,20500,25.0
https://www.yeoshin.co.kr/event/mobile/8444,33000.0,26000,21.0
https://www.yeoshin.co.kr/event/mobile/26187,50000.0,43000,14.0
https://www.yeoshin.co.kr/event/mobile/10339,242000.0,235000,2.0
https://www.yeoshin.co.kr/event/mobile/26555,13200.0,7300,44.0
https://www.yeoshin.co.kr/event/mobile/8916,30000.0,23000,23.0
https://www.yeoshin.co.kr/event/mobile/11998,15000.0,8300,44.0
https://www.yeoshin.co.kr/event/mobile/25852,,92000,
https://www.yeoshin.co.kr/event/mobile/9359,109000.0,102000,6.0
https://www.yeoshin.co.kr/event/mobile/24255,30000.0,23000,23.0
https://www.yeoshin.co.kr/event/mobile/19271,,123000,
https://www.yeoshin.co.kr/event/mobile/20748,297000.0,290000,2.0
https://www.yeoshin.co.kr/event/mobile/12295,89000.0,82000,7.0
https://www.yeoshin.co.kr/event/mobile/15592,53900.0,46900,12.0
https://www.yeoshin.co.kr/event/mobile/17740,22000.0,15000,31.0
https://www.yeoshin.co.kr/event/mobile/18752,33000.0,26000,21.0
https://www.yeoshin.co.kr/event/mobile/18753,110000.0,103000,6.0
https://www.yeoshin.co.kr/event/mobile/21898,20900.0,13900,33.0
https://www.yeoshin.co.kr/event/mobile/18787,19000.0,12000,36.0
https://www.yeoshin.co.kr/event/mobile/23079,33000.0,26000,21.0
https://www.yeoshin.co.kr/event/mobile/22845,34100.0,27100,20.0
https://www.yeoshin.co.kr/event/mobile/27383,42900.0,35900,16.0
https://www.yeoshin.co.kr/event/mobile/8032,88000.0,81000,7.0
https://www.yeoshin.co.kr/event/mobile/26347,33000.0,26000,21.0
https://www.yeoshin.co.kr/event/mobile/18655,38500.0,31500,18.0
https://www.yeoshin.co.kr/event/mobile/24635,,35900,
https://www.yeoshin.co.kr/event/mobile/27677,23000.0,16000,30.0
https://www.yeoshin.co.kr/event/mobile/19036,150000.0,143000,4.0
https://www.yeoshin.co.kr/event/mobile/25339,55000.0,48000,12.0
https://www.yeoshin.co.kr/event/mobile/24408,200000.0,193000,3.0
https://www.yeoshin.co.kr/event/mobile/24630,,125000,
https://www.yeoshin.co.kr/event/mobile/24256,30000.0,23000,23.0
https://www.yeoshin.co.kr/event/mobile/17027,108900.0,101900,6.0
https://www.yeoshin.co.kr/event/mobile/25487,20900.0,13900,33.0
https://www.yeoshin.co.kr/event/mobile/25578,14300.0,7900,44.0
https://www.yeoshin.co.kr/event/mobile/27157,31900.0,24900,21.0
https://www.yeoshin.co.kr/event/mobile/27294,33000.0,26000,21.0
https://www.yeoshin.co.kr/event/mobile/23628,20900.0,13900,33.0
https://www.yeoshin.co.kr/event/mobile/27302,53900.0,46900,12.0
https://www.yeoshin.co.kr/event/mobile/26847,100000.0,93000,6.0
https://www.yeoshin.co.kr/event/mobile/22106,110000.0,103000,6.0
https://www.yeoshin.co.kr/event/mobile/26249,44000.0,37000,15.0
https://www.yeoshin.co.kr/event/mobile/10542,35000.0,28000,19.0
https://www.yeoshin.co.kr/event/mobile/11760,44000.0,37000,15.0
https://www.yeoshin.co.kr/event/mobile/24966,60000.0,53000,11.0
https://www.yeoshin.co.kr/event/mobile/26223,100000.0,93000,6.0
https://www.yeoshin.co.kr/event/mobile/26022,53900.0,46900,12.0
https://www.yeoshin.co.kr/event/mobile/24683,44000.0,37000,15.0
https://www.yeoshin.co.kr/event/mobile/15701,33000.0,26000,21.0
https://www.yeoshin.co.kr/event/mobile/15774,66000.0,59000,10.0
https://www.yeoshin.co.kr/event/mobile/17229,49500.0,42500,14.0
https://www.yeoshin.co.kr/event/mobile/27702,155000.0,148000,4.0
https://www.yeoshin.co.kr/event/mobile/8079,50000.0,43000,14.0
https://www.yeoshin.co.kr/event/mobile/8696,55000.0,48000,12.0
https://www.yeoshin.co.kr/event/mobile/23687,33000.0,26000,21.0
https://www.yeoshin.co.kr/event/mobile/19202,55000.0,48000,12.0
https://www.yeoshin.co.kr/event/mobile/26617,50000.0,43000,14.0
https://www.yeoshin.co.kr/event/mobile/25023,99000.0,92000,7.0
https://www.yeoshin.co.kr/event/mobile/26357,34000.0,27000,20.0
https://www.yeoshin.co.kr/event/mobile/15979,55000.0,48000,12.0
https://www.yeoshin.co.kr/event/mobile/15383,165000.0,158000,4.0
https://www.yeoshin.co.kr/event/mobile/15461,71500.0,64500,9.0
https://www.yeoshin.co.kr/event/mobile/18243,31900.0,24900,21.0
https://www.yeoshin.co.kr/event/mobile/15085,20900.0,13900,33.0
https://www.yeoshin.co.kr/event/mobile/3830,55000.0,48000,12.0
https://www.yeoshin.co.kr/event/mobile/20324,100000.0,93000,6.0
https://www.yeoshin.co.kr/event/mobile/13505,100000.0,93000,6.0
https://www.yeoshin.co.kr/event/mobile/27312,55000.0,48000,12.0
https://www.yeoshin.co.kr/event/mobile/7109,77000.0,70000,9.0
https://www.yeoshin.co.kr/event/mobile/26556,49500.0,42500,14.0
https://www.yeoshin.co.kr/event/mobile/12507,97900.0,90900,7.0
https://www.yeoshin.co.kr/event/mobile/18741,53900.0,46900,12.0
https://www.yeoshin.co.kr/event/mobile/26363,60500.0,53500,11.0
https://www.yeoshin.co.kr/event/mobile/27388,319000.0,312000,2.0
https://www.yeoshin.co.kr/event/mobile/24257,50000.0,43000,14.0
https://www.yeoshin.co.kr/event/mobile/3796,88000.0,81000,7.0
https://www.yeoshin.co.kr/event/mobile/20355,75900.0,68900,9.0
https://www.yeoshin.co.kr/event/mobile/25002,55000.0,48000,12.0
https://www.yeoshin.co.kr/event/mobile/25034,110000.0,103000,6.0
https://www.yeoshin.co.kr/event/mobile/8322,77000.0,70000,9.0
https://www.yeoshin.co.kr/event/mobile/5643,110000.0,103000,6.0
https://www.yeoshin.co.kr/event/mobile/591,53900.0,46900,12.0
https://www.yeoshin.co.kr/event/mobile/18313,88000.0,81000,7.0
https://www.yeoshin.co.kr/event/mobile/9026,99000.0,92000,7.0
https://www.yeoshin.co.kr/event/mobile/15489,66000.0,59000,10.0
https://www.yeoshin.co.kr/event/mobile/10734,165000.0,158000,4.0
https://www.yeoshin.co.kr/event/mobile/10594,80000.0,73000,8.0
https://www.yeoshin.co.kr/event/mobile/23097,60400.0,53400,11.0
https://www.yeoshin.co.kr/event/mobile/27385,165000.0,158000,4.0
https://www.yeoshin.co.kr/event/mobile/12310,132000.0,125000,5.0
https://www.yeoshin.co.kr/event/mobile/6996,107000.0,100000,6.0
https://www.yeoshin.co.kr/event/mobile/3812,220000.0,213000,3.0
https://www.yeoshin.co.kr/event/mobile/6816,52800.0,45800,13.0
https://www.yeoshin.co.kr/event/mobile/4458,165000.0,158000,4.0
https://www.yeoshin.co.kr/event/mobile/14204,77000.0,70000,9.0
https://www.yeoshin.co.kr/event/mobile/26362,60500.0,53500,11.0
https://www.yeoshin.co.kr/event/mobile/21458,42900.0,35900,16.0
https://www.yeoshin.co.kr/event/mobile/19787,108900.0,101900,6.0
https://www.yeoshin.co.kr/event/mobile/25372,121000.0,114000,5.0
https://www.yeoshin.co.kr/event/mobile/7997,88000.0,81000,7.0
https://www.yeoshin.co.kr/event/mobile/26515,50000.0,43000,14.0
https://www.yeoshin.co.kr/event/mobile/26764,88000.0,81000,7.0
https://www.yeoshin.co.kr/event/mobile/13268,75000.0,68000,9.0
https://www.yeoshin.co.kr/event/mobile/14557,36300.0,29300,19.0
https://www.yeoshin.co.kr/event/mobile/15779,99000.0,92000,7.0
https://www.yeoshin.co.kr/event/mobile/27133,49500.0,42500,14.0
https://www.yeoshin.co.kr/event/mobile/17192,77000.0,70000,9.0
https://www.yeoshin.co.kr/event/mobile/21705,33000.0,26000,21.0
https://www.yeoshin.co.kr/event/mobile/15720,44000.0,37000,15.0
https://www.yeoshin.co.kr/event/mobile/8124,40000.0,33000,17.0
https://www.yeoshin.co.kr/event/mobile/11537,220000.0,213000,3.0
https://www.yeoshin.co.kr/event/mobile/333,93500.0,86500,7.0
https://www.yeoshin.co.kr/event/mobile/23800,14300.0,7900,44.0
https://www.yeoshin.co.kr/event/mobile/12185,70000.0,63000,9.0
https://www.yeoshin.co.kr/event/mobile/15682,286000.0,279000,2.0
https://www.yeoshin.co.kr/event/mobile/2345,88000.0,81000,7.0
https://www.yeoshin.co.kr/event/mobile/25061,165000.0,158000,4.0
https://www.yeoshin.co.kr/event/mobile/9698,130900.0,123900,5.0
https://www.yeoshin.co.kr/event/mobile/11747,220000.0,213000,3.0
https://www.yeoshin.co.kr/event/mobile/25363,154000.0,147000,4.0
https://www.yeoshin.co.kr/event/mobile/22455,75900.0,68900,9.0
https://www.yeoshin.co.kr/event/mobile/27675,,62000,
https://www.yeoshin.co.kr/event/mobile/24636,,101900,
https://www.yeoshin.co.kr/event/mobile/7130,99000.0,92000,7.0
https://www.yeoshin.co.kr/event/mobile/18807,99000.0,92000,7.0
https://www.yeoshin.co.kr/event/mobile/24321,71500.0,64500,9.0
https://www.yeoshin.co.kr/event/mobile/27291,110000.0,103000,6.0
https://www.yeoshin.co.kr/event/mobile/25010,69000.0,62000,10.0
https://www.yeoshin.co.kr/event/mobile/26257,132000.0,125000,5.0
https://www.yeoshin.co.kr/event/mobile/1000,79000.0,72000,8.0
https://www.yeoshin.co.kr/event/mobile/17554,275000.0,268000,2.0
https://www.yeoshin.co.kr/event/mobile/15077,108900.0,101900,6.0
https://www.yeoshin.co.kr/event/mobile/15707,165000.0,158000,4.0
https://www.yeoshin.co.kr/event/mobile/25801,66000.0,59000,10.0
https://www.yeoshin.co.kr/event/mobile/10863,132000.0,125000,5.0
https://www.yeoshin.co.kr/event/mobile/21891,,649000,
https://www.yeoshin.co.kr/event/mobile/21433,,490000,
https://www.yeoshin.co.kr/event/mobile/21043,,605000,
https://www.yeoshin.co.kr/event/mobile/25296,,429000,
https://www.yeoshin.co.kr/event/mobile/26193,,1800000,
https://www.yeoshin.co.kr/event/mobile/26192,,1800000,
https://www.yeoshin.co.kr/event/mobile/21114,,530000,
https://www.yeoshin.co.kr/event/mobile/21056,,440000,
https://www.yeoshin.co.kr/event/mobile/27796,,649000,
https://www.yeoshin.co.kr/event/mobile/21397,,990000,
https://www.yeoshin.co.kr/event/mobile/24996,,770000,
https://www.yeoshin.co.kr/event/mobile/22953,,980000,
https://www.yeoshin.co.kr/event/mobile/21434,,1490000,
https://www.yeoshin.co.kr/event/mobile/25279,,660000,
https://www.yeoshin.co.kr/event/mobile/21132,,530000,
https://www.yeoshin.co.kr/event/mobile/21468,,1320000,
https://www.yeoshin.co.kr/event/mobile/21479,,990000,
https://www.yeoshin.co.kr/event/mobile/25485,,880000,
https://www.yeoshin.co.kr/event/mobile/23345,,1188000,
https://www.yeoshin.co.kr/event/mobile/24164,,6500000,
https://www.yeoshin.co.kr/event/mobile/25529,,4000000,
https://www.yeoshin.co.kr/event/mobile/21419,,550000,
https://www.yeoshin.co.kr/event/mobile/23298,,440000,
https://www.yeoshin.co.kr/event/mobile/21053,,390000,
https://www.yeoshin.co.kr/event/mobile/21894,,880000,
https://www.yeoshin.co.kr/event/mobile/21399,,350000,
https://www.yeoshin.co.kr/event/mobile/22052,,690000,
https://www.yeoshin.co.kr/event/mobile/26454,,499000,
https://www.yeoshin.co.kr/event/mobile/24330,,770000,
https://www.yeoshin.co.kr/event/mobile/24447,,600000,
https://www.yeoshin.co.kr/event/mobile/27077,,737000,
https://www.yeoshin.co.kr/event/mobile/25282,,550000,
https://www.yeoshin.co.kr/event/mobile/21424,,715000,
https://www.yeoshin.co.kr/event/mobile/24862,,979000,
https://www.yeoshin.co.kr/event/mobile/23857,,3300000,
https://www.yeoshin.co.kr/event/mobile/23387,,2200000,
https://www.yeoshin.co.kr/event/mobile/27074,,715000,
https://www.yeoshin.co.kr/event/mobile/22952,,1430000,
https://www.yeoshin.co.kr/event/mobile/25298,,550000,
https://www.yeoshin.co.kr/event/mobile/22060,,1900000,
https://www.yeoshin.co.kr/event/mobile/23067,,1590000,
https://www.yeoshin.co.kr/event/mobile/21788,,4800000,
https://www.yeoshin.co.kr/event/mobile/25379,,3990000,
https://www.yeoshin.co.kr/event/mobile/23463,,4900000,
https://www.yeoshin.co.kr/event/mobile/25386,,33000,
https://www.yeoshin.co.kr/event/mobile/25604,,100000,
https://www.yeoshin.co.kr/event/mobile/24559,,2600000,
https://www.yeoshin.co.kr/event/mobile/22062,,2500000,
https://www.yeoshin.co.kr/event/mobile/24854,,2250000,
https://www.yeoshin.co.kr/event/mobile/21088,,2090000,
https://www.yeoshin.co.kr/event/mobile/23797,,2200000,
https://www.yeoshin.co.kr/event/mobile/24840,,2200000,
https://www.yeoshin.co.kr/event/mobile/22107,,2300000,
https://www.yeoshin.co.kr/event/mobile/21764,,2310000,
https://www.yeoshin.co.kr/event/mobile/27228,,3500100,
https://www.yeoshin.co.kr/event/mobile/25567,,2300000,
https://www.yeoshin.co.kr/event/mobile/26864,,2300000,
https://www.yeoshin.co.kr/event/mobile/25537,,2400000,
https://www.yeoshin.co.kr/event/mobile/25568,,4000000,
https://www.yeoshin.co.kr/event/mobile/24853,,3600000,
https://www.yeoshin.co.kr/event/mobile/23462,,2190000,
https://www.yeoshin.co.kr/event/mobile/25540,,1390000,
https://www.yeoshin.co.kr/event/mobile/26127,,2100000,
https://www.yeoshin.co.kr/event/mobile/24956,,235000,
https://www.yeoshin.co.kr/event/mobile/17145,149000.0,142000,4.0
https://www.yeoshin.co.kr/event/mobile/27188,120000.0,113000,5.0
https://www.yeoshin.co.kr/event/mobile/19546,286000.0,279000,2.0
https://www.yeoshin.co.kr/event/mobile/26168,473000.0,466000,1.0
https://www.yeoshin.co.kr/event/mobile/27660,99000.0,92000,7.0
https://www.yeoshin.co.kr/event/mobile/27601,473000.0,466000,1.0
https://www.yeoshin.co.kr/event/mobile/27571,150000.0,143000,4.0
https://www.yeoshin.co.kr/event/mobile/25751,253000.0,246000,2.0
https://www.yeoshin.co.kr/event/mobile/25218,110000.0,103000,6.0
https://www.yeoshin.co.kr/event/mobile/4996,88000.0,81000,7.0
https://www.yeoshin.co.kr/event/mobile/27585,141900.0,134900,4.0
https://www.yeoshin.co.kr/event/mobile/25358,132000.0,125000,5.0
https://www.yeoshin.co.kr/event/mobile/26602,99000.0,92000,7.0
https://www.yeoshin.co.kr/event/mobile/21202,418000.0,411000,1.0
https://www.yeoshin.co.kr/event/mobile/23094,110000.0,103000,6.0
https://www.yeoshin.co.kr/event/mobile/26406,99000.0,92000,7.0
https://www.yeoshin.co.kr/event/mobile/11609,110000.0,103000,6.0
https://www.yeoshin.co.kr/event/mobile/1468,132000.0,125000,5.0
https://www.yeoshin.co.kr/event/mobile/25275,108900.0,101900,6.0
https://www.yeoshin.co.kr/event/mobile/27114,99000.0,92000,7.0
https://www.yeoshin.co.kr/event/mobile/23433,120000.0,113000,5.0
https://www.yeoshin.co.kr/event/mobile/26599,154000.0,147000,4.0
https://www.yeoshin.co.kr/event/mobile/22648,150000.0,143000,4.0
https://www.yeoshin.co.kr/event/mobile/19790,253000.0,246000,2.0
https://www.yeoshin.co.kr/event/mobile/14126,132000.0,125000,5.0
https://www.yeoshin.co.kr/event/mobile/18629,86900.0,79900,8.0
https://www.yeoshin.co.kr/event/mobile/16230,49000.0,42000,14.0
https://www.yeoshin.co.kr/event/mobile/1702,308000.0,301000,2.0
https://www.yeoshin.co.kr/event/mobile/25281,170000.0,163000,4.0
https://www.yeoshin.co.kr/event/mobile/22489,275000.0,268000,2.0
https://www.yeoshin.co.kr/event/mobile/2015,110000.0,103000,6.0
https://www.yeoshin.co.kr/event/mobile/27079,121000.0,114000,5.0
https://www.yeoshin.co.kr/event/mobile/27315,99000.0,92000,7.0
https://www.yeoshin.co.kr/event/mobile/24054,119000.0,112000,5.0
https://www.yeoshin.co.kr/event/mobile/7536,385000.0,378000,1.0
https://www.yeoshin.co.kr/event/mobile/25997,400000.0,393000,1.0
https://www.yeoshin.co.kr/event/mobile/17034,218900.0,211900,3.0
https://www.yeoshin.co.kr/event/mobile/27752,100000.0,93000,6.0
https://www.yeoshin.co.kr/event/mobile/11686,108900.0,101900,6.0
https://www.yeoshin.co.kr/event/mobile/10826,207900.0,200900,3.0
https://www.yeoshin.co.kr/event/mobile/26152,209000.0,202000,3.0
https://www.yeoshin.co.kr/event/mobile/24774,275000.0,268000,2.0
https://www.yeoshin.co.kr/event/mobile/20295,264000.0,257000,2.0
https://www.yeoshin.co.kr/event/mobile/7914,99700.0,92700,7.0
https://www.yeoshin.co.kr/event/mobile/16385,165000.0,158000,4.0
https://www.yeoshin.co.kr/event/mobile/15484,99000.0,92000,7.0
https://www.yeoshin.co.kr/event/mobile/16366,290000.0,283000,2.0
https://www.yeoshin.co.kr/event/mobile/11372,,191000,
https://www.yeoshin.co.kr/event/mobile/319,88000.0,81000,7.0
https://www.yeoshin.co.kr/event/mobile/19198,120000.0,113000,5.0
https://www.yeoshin.co.kr/event/mobile/25297,165000.0,158000,4.0
https://www.yeoshin.co.kr/event/mobile/25803,100000.0,93000,6.0
https://www.yeoshin.co.kr/event/mobile/16418,165000.0,158000,4.0
https://www.yeoshin.co.kr/event/mobile/19108,330000.0,323000,2.0
https://www.yeoshin.co.kr/event/mobile/24662,440000.0,433000,1.0
https://www.yeoshin.co.kr/event/mobile/23689,165000.0,158000,4.0
https://www.yeoshin.co.kr/event/mobile/26034,,433000,
https://www.yeoshin.co.kr/event/mobile/20676,440000.0,433000,1.0
https://www.yeoshin.co.kr/event/mobile/6092,163000.0,156000,4.0
https://www.yeoshin.co.kr/event/mobile/9875,176000.0,169000,3.0
https://www.yeoshin.co.kr/event/mobile/302,165000.0,158000,4.0
https://www.yeoshin.co.kr/event/mobile/15725,165000.0,158000,4.0
https://www.yeoshin.co.kr/event/mobile/18248,80000.0,73000,8.0
https://www.yeoshin.co.kr/event/mobile/9623,165000.0,158000,4.0
https://www.yeoshin.co.kr/event/mobile/18856,96800.0,89800,7.0
https://www.yeoshin.co.kr/event/mobile/16085,209000.0,202000,3.0
https://www.yeoshin.co.kr/event/mobile/11266,121000.0,114000,5.0
https://www.yeoshin.co.kr/event/mobile/16279,66000.0,59000,10.0
https://www.yeoshin.co.kr/event/mobile/7658,99000.0,92000,7.0
https://www.yeoshin.co.kr/event/mobile/1360,165000.0,158000,4.0
https://www.yeoshin.co.kr/event/mobile/25893,99000.0,92000,7.0
https://www.yeoshin.co.kr/event/mobile/25267,88000.0,81000,7.0
https://www.yeoshin.co.kr/event/mobile/19792,429000.0,422000,1.0
https://www.yeoshin.co.kr/event/mobile/27669,,142000,
https://www.yeoshin.co.kr/event/mobile/23088,140300.0,133300,4.0
https://www.yeoshin.co.kr/event/mobile/26865,,253000,
https://www.yeoshin.co.kr/event/mobile/25850,,92000,
https://www.yeoshin.co.kr/event/mobile/23284,220000.0,213000,3.0
https://www.yeoshin.co.kr/event/mobile/21199,143000.0,136000,4.0
https://www.yeoshin.co.kr/event/mobile/22863,97900.0,90900,7.0
https://www.yeoshin.co.kr/event/mobile/26222,132000.0,125000,5.0
https://www.yeoshin.co.kr/event/mobile/12105,250000.0,243000,2.0
https://www.yeoshin.co.kr/event/mobile/24771,88000.0,81000,7.0
https://www.yeoshin.co.kr/event/mobile/15248,165000.0,158000,4.0
https://www.yeoshin.co.kr/event/mobile/27317,132000.0,125000,5.0
https://www.yeoshin.co.kr/event/mobile/16922,152900.0,145900,4.0
https://www.yeoshin.co.kr/event/mobile/25384,330000.0,323000,2.0
https://www.yeoshin.co.kr/event/mobile/11573,110000.0,103000,6.0
https://www.yeoshin.co.kr/event/mobile/6291,440000.0,433000,1.0
https://www.yeoshin.co.kr/event/mobile/24687,440000.0,433000,1.0
https://www.yeoshin.co.kr/event/mobile/26418,528000.0,521000,1.0
https://www.yeoshin.co.kr/event/mobile/15485,99000.0,92000,7.0
https://www.yeoshin.co.kr/event/mobile/4217,297000.0,290000,2.0
https://www.yeoshin.co.kr/event/mobile/23545,495000.0,488000,1.0
https://www.yeoshin.co.kr/event/mobile/15733,165000.0,158000,4.0
https://www.yeoshin.co.kr/event/mobile/8978,297000.0,290000,2.0
https://www.yeoshin.co.kr/event/mobile/26982,242000.0,235000,2.0
https://www.yeoshin.co.kr/event/mobile/7601,97900.0,90900,7.0
https://www.yeoshin.co.kr/event/mobile/23087,119900.0,112900,5.0
https://www.yeoshin.co.kr/event/mobile/25854,,92000,
https://www.yeoshin.co.kr/event/mobile/27670,79000.0,72000,8.0
https://www.yeoshin.co.kr/event/mobile/12144,209000.0,202000,3.0
https://www.yeoshin.co.kr/event/mobile/10482,88000.0,81000,7.0
https://www.yeoshin.co.kr/event/mobile/22861,97900.0,90900,7.0
https://www.yeoshin.co.kr/event/mobile/20311,64900.0,57900,10.0
https://www.yeoshin.co.kr/event/mobile/26286,319000.0,312000,2.0
https://www.yeoshin.co.kr/event/mobile/4324,75900.0,68900,9.0
https://www.yeoshin.co.kr/event/mobile/12475,86900.0,79900,8.0
https://www.yeoshin.co.kr/event/mobile/1060,165000.0,158000,4.0
https://www.yeoshin.co.kr/event/mobile/16765,86900.0,79900,8.0
https://www.yeoshin.co.kr/event/mobile/4782,99000.0,92000,7.0
https://www.yeoshin.co.kr/event/mobile/16751,88000.0,81000,7.0
https://www.yeoshin.co.kr/event/mobile/14838,108900.0,101900,6.0
https://www.yeoshin.co.kr/event/mobile/2596,110000.0,103000,6.0
https://www.yeoshin.co.kr/event/mobile/24684,121000.0,114000,5.0
https://www.yeoshin.co.kr/event/mobile/12165,43000.0,36000,16.0
https://www.yeoshin.co.kr/event/mobile/27655,99000.0,92000,7.0
https://www.yeoshin.co.kr/event/mobile/6289,55000.0,48000,12.0
https://www.yeoshin.co.kr/event/mobile/9193,198000.0,191000,3.0
https://www.yeoshin.co.kr/event/mobile/27358,150000.0,143000,4.0
https://www.yeoshin.co.kr/event/mobile/23089,218900.0,211900,3.0
https://www.yeoshin.co.kr/event/mobile/25853,,92000,
https://www.yeoshin.co.kr/event/mobile/6038,132000.0,125000,5.0
https://www.yeoshin.co.kr/event/mobile/16,77000.0,70000,9.0
https://www.yeoshin.co.kr/event/mobile/11358,290000.0,283000,2.0
https://www.yeoshin.co.kr/event/mobile/5505,108900.0,101900,6.0
https://www.yeoshin.co.kr/event/mobile/25007,70000.0,63000,9.0
https://www.yeoshin.co.kr/event/mobile/17113,880000.0,873000,0.0
https://www.yeoshin.co.kr/event/mobile/23059,110000.0,103000,6.0
https://www.yeoshin.co.kr/event/mobile/15483,99000.0,92000,7.0
https://www.yeoshin.co.kr/event/mobile/14596,330000.0,323000,2.0
https://www.yeoshin.co.kr/event/mobile/444,55000.0,48000,12.0
https://www.yeoshin.co.kr/event/mobile/3599,99000.0,92000,7.0
https://www.yeoshin.co.kr/event/mobile/26107,110000.0,103000,6.0
https://www.yeoshin.co.kr/event/mobile/8870,132000.0,125000,5.0
https://www.yeoshin.co.kr/event/mobile/25444,110000.0,103000,6.0
https://www.yeoshin.co.kr/event/mobile/18502,165000.0,158000,4.0
https://www.yeoshin.co.kr/event/mobile/21913,64900.0,57900,10.0
https://www.yeoshin.co.kr/event/mobile/24413,400000.0,393000,1.0
https://www.yeoshin.co.kr/event/mobile/9882,66000.0,59000,10.0
https://www.yeoshin.co.kr/event/mobile/15732,165000.0,158000,4.0
https://www.yeoshin.co.kr/event/mobile/22862,97900.0,90900,7.0
https://www.yeoshin.co.kr/event/mobile/7116,99000.0,92000,7.0
https://www.yeoshin.co.kr/event/mobile/26319,110000.0,103000,6.0
https://www.yeoshin.co.kr/event/mobile/25720,86900.0,79900,8.0
https://www.yeoshin.co.kr/event/mobile/13004,132000.0,125000,5.0
https://www.yeoshin.co.kr/event/mobile/23198,99000.0,92000,7.0
https://www.yeoshin.co.kr/event/mobile/27352,759000.0,752000,0.0
https://www.yeoshin.co.kr/event/mobile/26743,80000.0,73000,8.0
https://www.yeoshin.co.kr/event/mobile/25375,330000.0,323000,2.0
https://www.yeoshin.co.kr/event/mobile/24318,220000.0,213000,3.0
https://www.yeoshin.co.kr/event/mobile/25599,170000.0,163000,4.0
https://www.yeoshin.co.kr/event/mobile/23288,660000.0,653000,1.0
https://www.yeoshin.co.kr/event/mobile/26826,132000.0,125000,5.0
https://www.yeoshin.co.kr/event/mobile/25137,330000.0,323000,2.0
https://www.yeoshin.co.kr/event/mobile/25301,530000.0,523000,1.0
https://www.yeoshin.co.kr/event/mobile/23060,660000.0,653000,1.0
https://www.yeoshin.co.kr/event/mobile/24773,660000.0,653000,1.0
https://www.yeoshin.co.kr/event/mobile/23662,110000.0,103000,6.0
https://www.yeoshin.co.kr/event/mobile/23862,198000.0,191000,3.0
https://www.yeoshin.co.kr/event/mobile/23354,79000.0,72000,8.0
https://www.yeoshin.co.kr/event/mobile/27050,400000.0,393000,1.0
https://www.yeoshin.co.kr/event/mobile/27316,220000.0,213000,3.0
https://www.yeoshin.co.kr/event/mobile/15730,165000.0,158000,4.0
https://www.yeoshin.co.kr/event/mobile/16958,99000.0,92000,7.0
https://www.yeoshin.co.kr/event/mobile/19494,66000.0,59000,10.0
https://www.yeoshin.co.kr/event/mobile/7939,209000.0,202000,3.0
https://www.yeoshin.co.kr/event/mobile/20641,825000.0,818000,0.0
https://www.yeoshin.co.kr/event/mobile/12840,55000.0,48000,12.0
https://www.yeoshin.co.kr/event/mobile/26571,165000.0,158000,4.0
https://www.yeoshin.co.kr/event/mobile/21227,385000.0,378000,1.0
https://www.yeoshin.co.kr/event/mobile/63,121000.0,114000,5.0
https://www.yeoshin.co.kr/event/mobile/27319,132000.0,125000,5.0
https://www.yeoshin.co.kr/event/mobile/2326,198000.0,191000,3.0
https://www.yeoshin.co.kr/event/mobile/7703,132000.0,125000,5.0
https://www.yeoshin.co.kr/event/mobile/19791,363000.0,356000,1.0
https://www.yeoshin.co.kr/event/mobile/27672,,283000,
https://www.yeoshin.co.kr/event/mobile/26293,385000.0,378000,1.0
https://www.yeoshin.co.kr/event/mobile/24557,308000.0,301000,2.0
https://www.yeoshin.co.kr/event/mobile/24686,715000.0,708000,0.0
https://www.yeoshin.co.kr/event/mobile/25129,330000.0,323000,2.0
https://www.yeoshin.co.kr/event/mobile/15729,165000.0,158000,4.0
https://www.yeoshin.co.kr/event/mobile/2609,132000.0,125000,5.0
https://www.yeoshin.co.kr/event/mobile/16098,418000.0,411000,1.0
https://www.yeoshin.co.kr/event/mobile/27600,209000.0,202000,3.0
https://www.yeoshin.co.kr/event/mobile/27584,526900.0,519900,1.0
https://www.yeoshin.co.kr/event/mobile/21201,385000.0,378000,1.0
https://www.yeoshin.co.kr/event/mobile/17067,143000.0,136000,4.0
https://www.yeoshin.co.kr/event/mobile/23356,110000.0,103000,6.0
https://www.yeoshin.co.kr/event/mobile/25522,330000.0,323000,2.0
https://www.yeoshin.co.kr/event/mobile/26090,330000.0,323000,2.0
https://www.yeoshin.co.kr/event/mobile/6576,209000.0,202000,3.0
https://www.yeoshin.co.kr/event/mobile/13595,275000.0,268000,2.0
https://www.yeoshin.co.kr/event/mobile/26126,165000.0,158000,4.0
https://www.yeoshin.co.kr/event/mobile/2935,363000.0,356000,1.0
https://www.yeoshin.co.kr/event/mobile/4080,539000.0,532000,1.0
https://www.yeoshin.co.kr/event/mobile/23199,99000.0,92000,7.0
https://www.yeoshin.co.kr/event/mobile/23358,1090000.0,1083000,0.0
https://www.yeoshin.co.kr/event/mobile/25108,275000.0,268000,2.0
https://www.yeoshin.co.kr/event/mobile/21037,66000.0,59000,10.0
https://www.yeoshin.co.kr/event/mobile/27574,90000.0,83000,7.0
https://www.yeoshin.co.kr/event/mobile/26381,847000.0,840000,0.0
https://www.yeoshin.co.kr/event/mobile/26616,66000.0,59000,10.0
https://www.yeoshin.co.kr/event/mobile/26162,1980000.0,1973000,0.0
https://www.yeoshin.co.kr/event/mobile/26276,24200.0,17200,28.0
https://www.yeoshin.co.kr/event/mobile/21089,50000.0,43000,14.0
https://www.yeoshin.co.kr/event/mobile/21097,5400000.0,5393000,0.0
https://www.yeoshin.co.kr/event/mobile/25128,275000.0,268000,2.0
https://www.yeoshin.co.kr/event/mobile/22991,66000.0,59000,10.0
https://www.yeoshin.co.kr/event/mobile/17208,99000.0,92000,7.0
https://www.yeoshin.co.kr/event/mobile/25356,209000.0,202000,3.0
https://www.yeoshin.co.kr/event/mobile/22744,77000.0,70000,9.0
https://www.yeoshin.co.kr/event/mobile/27136,,220000,
https://www.yeoshin.co.kr/event/mobile/25478,,1650000,
https://www.yeoshin.co.kr/event/mobile/25018,,2750000,
https://www.yeoshin.co.kr/event/mobile/21136,,2950000,
https://www.yeoshin.co.kr/event/mobile/21135,,4270000,
https://www.yeoshin.co.kr/event/mobile/26316,,2739000,
https://www.yeoshin.co.kr/event/mobile/21481,,2530000,
https://www.yeoshin.co.kr/event/mobile/23578,,2990000,
https://www.yeoshin.co.kr/event/mobile/26010,,2750000,
https://www.yeoshin.co.kr/event/mobile/23858,,4000000,
https://www.yeoshin.co.kr/event/mobile/22172,,3500000,
https://www.yeoshin.co.kr/event/mobile/25790,,4235000,
https://www.yeoshin.co.kr/event/mobile/27076,,2739000,
https://www.yeoshin.co.kr/event/mobile/16985,299000.0,292000,2.0
https://www.yeoshin.co.kr/event/mobile/698,330000.0,323000,2.0
https://www.yeoshin.co.kr/event/mobile/25013,220000.0,213000,3.0
https://www.yeoshin.co.kr/event/mobile/292,49500.0,42500,14.0
https://www.yeoshin.co.kr/event/mobile/616,385000.0,378000,1.0
https://www.yeoshin.co.kr/event/mobile/15236,330000.0,323000,2.0
https://www.yeoshin.co.kr/event/mobile/18288,209000.0,202000,3.0
https://www.yeoshin.co.kr/event/mobile/15893,132000.0,125000,5.0
https://www.yeoshin.co.kr/event/mobile/188,95000.0,88000,7.0
https://www.yeoshin.co.kr/event/mobile/1715,209000.0,202000,3.0
https://www.yeoshin.co.kr/event/mobile/2016,328900.0,321900,2.0
https://www.yeoshin.co.kr/event/mobile/9396,218900.0,211900,3.0
https://www.yeoshin.co.kr/event/mobile/20446,181500.0,174500,3.0
https://www.yeoshin.co.kr/event/mobile/18607,330000.0,323000,2.0
https://www.yeoshin.co.kr/event/mobile/23531,,6500000,
https://www.yeoshin.co.kr/event/mobile/24671,,4050000,
https://www.yeoshin.co.kr/event/mobile/25433,350000.0,343000,2.0
https://www.yeoshin.co.kr/event/mobile/21936,,2490000,
https://www.yeoshin.co.kr/event/mobile/27085,,1639000,
https://www.yeoshin.co.kr/event/mobile/26103,,979000,
https://www.yeoshin.co.kr/event/mobile/26182,,2079000,
https://www.yeoshin.co.kr/event/mobile/18826,4000.0,2200,44.0
https://www.yeoshin.co.kr/event/mobile/5645,7700.0,4300,44.0
https://www.yeoshin.co.kr/event/mobile/17410,7700.0,4300,44.0
https://www.yeoshin.co.kr/event/mobile/17320,9900.0,5500,44.0
https://www.yeoshin.co.kr/event/mobile/19423,11000.0,6100,44.0
https://www.yeoshin.co.kr/event/mobile/17404,2700.0,1500,44.0
https://www.yeoshin.co.kr/event/mobile/17365,5500.0,3100,43.0
https://www.yeoshin.co.kr/event/mobile/7731,33000.0,26000,21.0
https://www.yeoshin.co.kr/event/mobile/15600,143000.0,136000,4.0
https://www.yeoshin.co.kr/event/mobile/17343,14300.0,7900,44.0
https://www.yeoshin.co.kr/event/mobile/10268,33000.0,26000,21.0
https://www.yeoshin.co.kr/event/mobile/16979,11000.0,6100,44.0
https://www.yeoshin.co.kr/event/mobile/20606,165000.0,158000,4.0
https://www.yeoshin.co.kr/event/mobile/17339,9900.0,5500,44.0
https://www.yeoshin.co.kr/event/mobile/19442,82000.0,75000,8.0
https://www.yeoshin.co.kr/event/mobile/17318,42900.0,35900,16.0
https://www.yeoshin.co.kr/event/mobile/4074,165000.0,158000,4.0
https://www.yeoshin.co.kr/event/mobile/3521,88000.0,81000,7.0
https://www.yeoshin.co.kr/event/mobile/1804,77000.0,70000,9.0
https://www.yeoshin.co.kr/event/mobile/27788,62700.0,55700,11.0
https://www.yeoshin.co.kr/event/mobile/17408,31900.0,24900,21.0
https://www.yeoshin.co.kr/event/mobile/10329,56000.0,49000,12.0
https://www.yeoshin.co.kr/event/mobile/23369,99000.0,92000,7.0
https://www.yeoshin.co.kr/event/mobile/15601,143000.0,136000,4.0
https://www.yeoshin.co.kr/event/mobile/7628,165000.0,158000,4.0
https://www.yeoshin.co.kr/event/mobile/2559,36300.0,29300,19.0
https://www.yeoshin.co.kr/event/mobile/18295,429000.0,422000,1.0
https://www.yeoshin.co.kr/event/mobile/27461,275000.0,268000,2.0
https://www.yeoshin.co.kr/event/mobile/17341,31900.0,24900,21.0
https://www.yeoshin.co.kr/event/mobile/18296,539000.0,532000,1.0
https://www.yeoshin.co.kr/event/mobile/20030,275000.0,268000,2.0
https://www.yeoshin.co.kr/event/mobile/2619,264000.0,257000,2.0
https://www.yeoshin.co.kr/event/mobile/22295,64900.0,57900,10.0
https://www.yeoshin.co.kr/event/mobile/2586,150000.0,143000,4.0
https://www.yeoshin.co.kr/event/mobile/27723,79000.0,72000,8.0
https://www.yeoshin.co.kr/event/mobile/17242,64900.0,57900,10.0
https://www.yeoshin.co.kr/event/mobile/18033,99000.0,92000,7.0
https://www.yeoshin.co.kr/event/mobile/17496,55000.0,48000,12.0
https://www.yeoshin.co.kr/event/mobile/17279,440000.0,433000,1.0
https://www.yeoshin.co.kr/event/mobile/15402,110000.0,103000,6.0
https://www.yeoshin.co.kr/event/mobile/27724,59000.0,52000,11.0
https://www.yeoshin.co.kr/event/mobile/6818,88000.0,81000,7.0
https://www.yeoshin.co.kr/event/mobile/918,132000.0,125000,5.0
https://www.yeoshin.co.kr/event/mobile/25983,,59000,
https://www.yeoshin.co.kr/event/mobile/17411,49500.0,42500,14.0
https://www.yeoshin.co.kr/event/mobile/17321,49500.0,42500,14.0
https://www.yeoshin.co.kr/event/mobile/17345,53900.0,46900,12.0
https://www.yeoshin.co.kr/event/mobile/12613,49500.0,42500,14.0
https://www.yeoshin.co.kr/event/mobile/9151,55000.0,48000,12.0
https://www.yeoshin.co.kr/event/mobile/20372,360000.0,353000,1.0
https://www.yeoshin.co.kr/event/mobile/17406,31900.0,24900,21.0
https://www.yeoshin.co.kr/event/mobile/17316,27500.0,20500,25.0
https://www.yeoshin.co.kr/event/mobile/8487,30800.0,23800,22.0
https://www.yeoshin.co.kr/event/mobile/27750,,3100,
https://www.yeoshin.co.kr/event/mobile/27468,55000.0,48000,12.0
https://www.yeoshin.co.kr/event/mobile/13179,22000.0,15000,31.0
https://www.yeoshin.co.kr/event/mobile/17031,15000.0,8300,44.0
https://www.yeoshin.co.kr/event/mobile/17032,9900.0,5500,44.0
https://www.yeoshin.co.kr/event/mobile/17340,35200.0,28200,19.0
https://www.yeoshin.co.kr/event/mobile/25261,427900.0,420900,1.0
https://www.yeoshin.co.kr/event/mobile/26738,88000.0,81000,7.0
https://www.yeoshin.co.kr/event/mobile/15598,220000.0,213000,3.0
https://www.yeoshin.co.kr/event/mobile/15423,539000.0,532000,1.0
https://www.yeoshin.co.kr/event/mobile/18827,55000.0,48000,12.0
https://www.yeoshin.co.kr/event/mobile/15422,319000.0,312000,2.0
https://www.yeoshin.co.kr/event/mobile/19441,38000.0,31000,18.0
https://www.yeoshin.co.kr/event/mobile/12628,165000.0,158000,4.0
https://www.yeoshin.co.kr/event/mobile/11190,132000.0,125000,5.0
https://www.yeoshin.co.kr/event/mobile/24970,33000.0,26000,21.0
https://www.yeoshin.co.kr/event/mobile/15724,55000.0,48000,12.0
https://www.yeoshin.co.kr/event/mobile/21857,64900.0,57900,10.0
https://www.yeoshin.co.kr/event/mobile/15599,286000.0,279000,2.0
https://www.yeoshin.co.kr/event/mobile/1252,108900.0,101900,6.0
https://www.yeoshin.co.kr/event/mobile/16774,220000.0,213000,3.0
https://www.yeoshin.co.kr/event/mobile/21575,319000.0,312000,2.0
https://www.yeoshin.co.kr/event/mobile/7386,935000.0,928000,0.0
https://www.yeoshin.co.kr/event/mobile/27350,7700.0,4300,44.0
https://www.yeoshin.co.kr/event/mobile/20570,53900.0,46900,12.0
https://www.yeoshin.co.kr/event/mobile/27583,22000.0,15000,31.0
https://www.yeoshin.co.kr/event/mobile/19152,55000.0,48000,12.0
https://www.yeoshin.co.kr/event/mobile/27789,22000.0,15000,31.0
https://www.yeoshin.co.kr/event/mobile/27787,16500.0,9500,42.0
https://www.yeoshin.co.kr/event/mobile/11023,45100.0,38100,15.0
https://www.yeoshin.co.kr/event/mobile/9874,16500.0,9500,42.0
https://www.yeoshin.co.kr/event/mobile/4255,33000.0,26000,21.0
https://www.yeoshin.co.kr/event/mobile/27351,26400.0,19400,26.0
https://www.yeoshin.co.kr/event/mobile/23093,30900.0,23900,22.0
https://www.yeoshin.co.kr/event/mobile/26591,33000.0,26000,21.0
https://www.yeoshin.co.kr/event/mobile/15768,16500.0,9500,42.0
https://www.yeoshin.co.kr/event/mobile/20569,547800.0,540800,1.0
https://www.yeoshin.co.kr/event/mobile/23091,14300.0,7900,44.0
https://www.yeoshin.co.kr/event/mobile/15709,10900.0,6000,44.0
https://www.yeoshin.co.kr/event/mobile/19153,88000.0,81000,7.0
https://www.yeoshin.co.kr/event/mobile/25098,330000.0,323000,2.0
https://www.yeoshin.co.kr/event/mobile/23587,66000.0,59000,10.0
https://www.yeoshin.co.kr/event/mobile/23586,33000.0,26000,21.0
https://www.yeoshin.co.kr/event/mobile/18596,11000.0,6100,44.0
https://www.yeoshin.co.kr/event/mobile/21016,66000.0,59000,10.0
https://www.yeoshin.co.kr/event/mobile/27041,12100.0,6700,44.0
https://www.yeoshin.co.kr/event/mobile/26421,19800.0,12800,35.0
https://www.yeoshin.co.kr/event/mobile/26427,29700.0,22700,23.0
https://www.yeoshin.co.kr/event/mobile/14807,10900.0,6000,44.0
https://www.yeoshin.co.kr/event/mobile/12006,12000.0,6600,44.0
https://www.yeoshin.co.kr/event/mobile/23815,11000.0,6100,44.0
https://www.yeoshin.co.kr/event/mobile/23809,55000.0,48000,12.0
https://www.yeoshin.co.kr/event/mobile/26283,33000.0,26000,21.0
https://www.yeoshin.co.kr/event/mobile/26282,22000.0,15000,31.0
https://www.yeoshin.co.kr/event/mobile/27536,14700.0,8100,44.0
https://www.yeoshin.co.kr/event/mobile/24097,80000.0,73000,8.0
https://www.yeoshin.co.kr/event/mobile/17276,14300.0,7900,44.0
https://www.yeoshin.co.kr/event/mobile/7793,11000.0,6100,44.0
https://www.yeoshin.co.kr/event/mobile/25334,38000.0,31000,18.0
https://www.yeoshin.co.kr/event/mobile/11775,55000.0,48000,12.0
https://www.yeoshin.co.kr/event/mobile/27467,330000.0,323000,2.0
https://www.yeoshin.co.kr/event/mobile/21629,539000.0,532000,1.0
https://www.yeoshin.co.kr/event/mobile/17275,49500.0,42500,14.0
https://www.yeoshin.co.kr/event/mobile/481,11000.0,6100,44.0
https://www.yeoshin.co.kr/event/mobile/19105,77000.0,70000,9.0
https://www.yeoshin.co.kr/event/mobile/18473,50000.0,43000,14.0
https://www.yeoshin.co.kr/event/mobile/16382,77000.0,70000,9.0
https://www.yeoshin.co.kr/event/mobile/19104,11000.0,6100,44.0
https://www.yeoshin.co.kr/event/mobile/25337,26000.0,19000,26.0
https://www.yeoshin.co.kr/event/mobile/17241,16500.0,9500,42.0
https://www.yeoshin.co.kr/event/mobile/15418,385000.0,378000,1.0
https://www.yeoshin.co.kr/event/mobile/27140,7600.0,4200,44.0
https://www.yeoshin.co.kr/event/mobile/15421,275000.0,268000,2.0
https://www.yeoshin.co.kr/event/mobile/3375,30000.0,23000,23.0
https://www.yeoshin.co.kr/event/mobile/14067,11000.0,6100,44.0
https://www.yeoshin.co.kr/event/mobile/8409,15000.0,8300,44.0
https://www.yeoshin.co.kr/event/mobile/20637,165000.0,158000,4.0
https://www.yeoshin.co.kr/event/mobile/16967,165000.0,158000,4.0
https://www.yeoshin.co.kr/event/mobile/10795,33000.0,26000,21.0
https://www.yeoshin.co.kr/event/mobile/1813,27500.0,20500,25.0
https://www.yeoshin.co.kr/event/mobile/27509,66000.0,59000,10.0
https://www.yeoshin.co.kr/event/mobile/25033,44000.0,37000,15.0
https://www.yeoshin.co.kr/event/mobile/26881,44000.0,37000,15.0
https://www.yeoshin.co.kr/event/mobile/3779,33000.0,26000,21.0
https://www.yeoshin.co.kr/event/mobile/2679,38500.0,31500,18.0
https://www.yeoshin.co.kr/event/mobile/4701,44000.0,37000,15.0
https://www.yeoshin.co.kr/event/mobile/1163,40000.0,33000,17.0
https://www.yeoshin.co.kr/event/mobile/24982,165000.0,158000,4.0
https://www.yeoshin.co.kr/event/mobile/22286,110000.0,103000,6.0
https://www.yeoshin.co.kr/event/mobile/16277,110000.0,103000,6.0
https://www.yeoshin.co.kr/event/mobile/22285,44000.0,37000,15.0
https://www.yeoshin.co.kr/event/mobile/25984,,13000,
https://www.yeoshin.co.kr/event/mobile/13170,10000.0,5500,44.0
