hospital_url,hospital_rating,review_counts,hospital_address,hospital_phone_safe,clinic_hours,clinic_info_raw,clinic_info,hospital_name
https://www.yeoshin.co.kr/hospitals/119?from=events&tabmenu=INFO,9.4,5K+,서울특별시 강남구 논현로 824 세가지소원의원(압구정),0508.0353.5028,"월 화 수 목 금 토 일
10:00
 ~
 19:00 10:00
 ~
 20:00 10:00
 ~
 19:00 10:00
 ~
 20:00 10:00
 ~
 19:00 10:00
 ~
 17:00 휴진","진료정보
외국인환자 서비스
중국어 응대
일본어 응대
영어 응대
진료과
성형외과
피부과
피부의료기기
악센트프라임",진료정보 | 외국인환자 서비스 | 중국어 응대 | 일본어 응대 | 영어 응대 | 진료과 | 성형외과 | 피부과 | 피부의료기기 | 악센트프라임,세가지소원의원(압구정)
https://www.yeoshin.co.kr/hospitals/103860?from=events&tabmenu=INFO,9.2,10+,대구광역시 중구 달구벌대로 2095 (덕산동) 삼성생명 3층 더올림성형외과의원,0508.0353.1308,"월 화 수 목 금 토 일
10:00
 ~
 19:00 10:00
 ~
 19:00 10:00
 ~
 19:00 10:00
 ~
 19:00 10:00
 ~
 19:00 10:00
 ~
 16:00 휴진","진료정보
병원 정보
전문의 1명
여의사 진료
사후관리
외국인환자 서비스
외국인환자 유치병원
진료과
성형외과
피부과
피부의료기기
악센트프라임
시크릿RF
소노케어
마취정보
크림마취
수면마취
주의!
해당 병원은 시술 시 마취 진행이 가능한 병원입니다. 환자의 시술 및 수술상황과 진료의 상담을 통해서 진행됩니다.",진료정보 | 병원 정보 | 전문의 1명 | 여의사 진료 | 사후관리 | 외국인환자 서비스 | 외국인환자 유치병원 | 진료과 | 성형외과 | 피부과 | 피부의료기기 | 악센트프라임 | 시크릿RF | 소노케어 | 마취정보 | 크림마취 | 수면마취 | 주의! | 해당 병원은 시술 시 마취 진행이 가능한 병원입니다. 환자의 시술 및 수술상황과 진료의 상담을 통해서 진행됩니다.,더올림성형외과의원
https://www.yeoshin.co.kr/hospitals/5408?from=events&tabmenu=INFO,9.4,800+,"서울특별시 마포구 양화로 66 (서교동) 5층,6층",0508.0353.9342,"월 화 수 목 금 토 일
10:00
 ~
 20:00 10:00
 ~
 20:00 10:00
 ~
 20:00 10:00
 ~
 20:00 10:00
 ~
 20:00 10:00
 ~
 16:30 10:00
 ~
 16:30","진료정보
병원 정보
여의사 진료
사후관리
외국인환자 서비스
외국인환자 유치병원
중국어 응대
영어 응대
일본어 응대
진료과
피부과
진료항목
교근보톡스
색소
다이어트
다한증
제모
리프팅
모공
문신제거
미백관리
보톡스
필러
실리프팅
여드름
흉터
점
탈모
홍조
피부관리
바디관리
피부의료기기
인모드
울쎄라
악센트프라임
포텐자(침습)
CO2레이저
피코슈어레이저
오메가라이트
아포지플러스
바디인모드
크라이오셀
오투덤테라피
이온자임
아큐토닝
슈링크유니버스
엔코어리프팅
브이레이저
이온토
볼뉴머
온다(ONDA)
포텐자(비침습)
인모드Fx
인모드Forma",진료정보 | 병원 정보 | 여의사 진료 | 사후관리 | 외국인환자 서비스 | 외국인환자 유치병원 | 중국어 응대 | 영어 응대 | 일본어 응대 | 진료과 | 피부과 | 진료항목 | 교근보톡스 | 색소 | 다이어트 | 다한증 | 제모 | 리프팅 | 모공 | 문신제거 | 미백관리 | 보톡스 | 필러 | 실리프팅 | 여드름 | 흉터 | 점 | 탈모 | 홍조 | 피부관리 | 바디관리 | 피부의료기기 | 인모드 | 울쎄라 | 악센트프라임 | 포텐자(침습) | CO2레이저 | 피코슈어레이저 | 오메가라이트 | 아포지플러스 | 바디인모드 | 크라이오셀 | 오투덤테라피 | 이온자임 | 아큐토닝 | 슈링크유니버스 | 엔코어리프팅 | 브이레이저 | 이온토 | 볼뉴머 | 온다(ONDA) | 포텐자(비침습) | 인모드Fx | 인모드Forma,뷰티블라썸의원
https://www.yeoshin.co.kr/hospitals/4157?from=events&tabmenu=INFO,9.3,500+,서울특별시 서초구 강남대로 399 온리프성형외과,0508.0353.1273,"월 화 수 목 금 토 일
11:00
 ~
 20:00 11:00
 ~
 20:00 11:00
 ~
 20:00 11:00
 ~
 20:00 11:00
 ~
 21:00 10:00
 ~
 17:00 휴진","진료정보
병원 정보
전문의 1명
피부진단기 F-RAY 촬영 >
외국인환자 서비스
외국인환자 유치병원
영어 응대
일본어 응대
중국어 응대
진료과
성형외과",진료정보 | 병원 정보 | 전문의 1명 | 피부진단기 F-RAY 촬영 > | 외국인환자 서비스 | 외국인환자 유치병원 | 영어 응대 | 일본어 응대 | 중국어 응대 | 진료과 | 성형외과,온리프성형외과
https://www.yeoshin.co.kr/hospitals/103999?from=events&tabmenu=INFO,10.0,100+,"서울특별시 강남구 선릉로90길 48 (대치동) 2,3,4층",0508.0354.2323,"월 화 수 목 금 토 일
10:00
 ~
 20:00 10:00
 ~
 20:00 10:00
 ~
 20:00 10:00
 ~
 20:00 10:00
 ~
 20:00 10:00
 ~
 16:00 휴진","진료정보
병원 정보
전문의 1명
여의사 진료
전담회복실
피부진단기 F-RAY 촬영 >
외국인환자 서비스
중국어 응대
진료과
피부과
진료항목
교근보톡스
색소
다한증
제모
리프팅
모공
문신제거
미백관리
보톡스
필러
실리프팅
여드름
흉터
점
탈모
홍조
피부관리
바디관리
피부의료기기
울쎄라
악센트프라임
아쿠아필
포텐자(침습)
엑셀브이
에어다이섹터(에어서브시전)
쿨리프팅
튠페이스
소노케어
쿨페이즈
세르프
튠바디
마취정보
크림마취
가글마취
비수면 무통마취
국소마취
주의!
해당 병원은 시술 시 마취 진행이 가능한 병원입니다. 환자의 시술 및 수술상황과 진료의 상담을 통해서 진행됩니다.",진료정보 | 병원 정보 | 전문의 1명 | 여의사 진료 | 전담회복실 | 피부진단기 F-RAY 촬영 > | 외국인환자 서비스 | 중국어 응대 | 진료과 | 피부과 | 진료항목 | 교근보톡스 | 색소 | 다한증 | 제모 | 리프팅 | 모공 | 문신제거 | 미백관리 | 보톡스 | 필러 | 실리프팅 | 여드름 | 흉터 | 점 | 탈모 | 홍조 | 피부관리 | 바디관리 | 피부의료기기 | 울쎄라 | 악센트프라임 | 아쿠아필 | 포텐자(침습) | 엑셀브이 | 에어다이섹터(에어서브시전) | 쿨리프팅 | 튠페이스 | 소노케어 | 쿨페이즈 | 세르프 | 튠바디 | 마취정보 | 크림마취 | 가글마취 | 비수면 무통마취 | 국소마취 | 주의! | 해당 병원은 시술 시 마취 진행이 가능한 병원입니다. 환자의 시술 및 수술상황과 진료의 상담을 통해서 진행됩니다.,비티큐의원
https://www.yeoshin.co.kr/hospitals/5241?from=events&tabmenu=INFO,9.7,50+,대전광역시 서구 문정로48번길 70 (탄방동) 우리병원건물 2층 닥터쁘띠의원 대전점,0508.0353.0924,"월 화 수 목 금 토 일
10:00
 ~
 20:00 10:00
 ~
 20:00 10:00
 ~
 20:00 10:00
 ~
 20:00 10:00
 ~
 20:00 10:00
 ~
 16:30 휴진","진료정보
병원 정보
여의사 진료
진료과
피부과
진료항목
교근보톡스
색소
다이어트
다한증
제모
리프팅
모공
문신제거
미백관리
보톡스
필러
여드름
흉터
점
탈모
홍조
피부관리
바디관리
피부의료기기
슈링크
인모드
울쎄라
악센트프라임
클라리티(제모)
아쿠아필
시크릿RF
바디인모드
크라이오셀
LDM
오투덤테라피
클라리티2(제모)
V-RO(브이로)
LDM Tri
피코하이
소프라노 티타늄
리프테라2
클라리티2(토닝)
인모드Fx
인모드Forma
피팅(PTING)",진료정보 | 병원 정보 | 여의사 진료 | 진료과 | 피부과 | 진료항목 | 교근보톡스 | 색소 | 다이어트 | 다한증 | 제모 | 리프팅 | 모공 | 문신제거 | 미백관리 | 보톡스 | 필러 | 여드름 | 흉터 | 점 | 탈모 | 홍조 | 피부관리 | 바디관리 | 피부의료기기 | 슈링크 | 인모드 | 울쎄라 | 악센트프라임 | 클라리티(제모) | 아쿠아필 | 시크릿RF | 바디인모드 | 크라이오셀 | LDM | 오투덤테라피 | 클라리티2(제모) | V-RO(브이로) | LDM Tri | 피코하이 | 소프라노 티타늄 | 리프테라2 | 클라리티2(토닝) | 인모드Fx | 인모드Forma | 피팅(PTING),닥터쁘띠의원(대전점)
https://www.yeoshin.co.kr/hospitals/4517?from=events&tabmenu=INFO,9.6,100+,서울특별시 강남구 선릉로152길 17 (청담동) 7층,0508.0353.5495,"월 화 수 목 금 토 일
10:00
 ~
 19:00 10:00
 ~
 19:00 10:00
 ~
 19:00 10:00
 ~
 20:30 10:00
 ~
 20:30 10:00
 ~
 17:00 휴진","진료정보
병원 정보
전문의 1명
외국인환자 서비스
일본어 응대
중국어 응대
영어 응대
진료과
성형외과
피부과
가정의학과
피부의료기기
피코슈어레이저
시크릿RF",진료정보 | 병원 정보 | 전문의 1명 | 외국인환자 서비스 | 일본어 응대 | 중국어 응대 | 영어 응대 | 진료과 | 성형외과 | 피부과 | 가정의학과 | 피부의료기기 | 피코슈어레이저 | 시크릿RF,로렐의원
https://www.yeoshin.co.kr/hospitals/5310?from=events&tabmenu=INFO,9.4,500+,서울특별시 강남구 봉은사로 325 (논현동) 라임타워 2층,0508.0353.5927,"월 화 수 목 금 토 일
10:00
 ~
 19:00 휴진 10:00
 ~
 16:00 10:00
 ~
 19:00 10:00
 ~
 19:00 10:00
 ~
 16:00 휴진","진료정보
병원 정보
전문의 1명
여의사 진료
진료과
피부과
피부의료기기
슈링크
울쎄라
에어젯
써마지 FLX
아쿠아필
피코슈어레이저
시크릿RF
크라이오셀
소노케어
엣지원프락셀
버츄RF
인모드Fx",진료정보 | 병원 정보 | 전문의 1명 | 여의사 진료 | 진료과 | 피부과 | 피부의료기기 | 슈링크 | 울쎄라 | 에어젯 | 써마지 FLX | 아쿠아필 | 피코슈어레이저 | 시크릿RF | 크라이오셀 | 소노케어 | 엣지원프락셀 | 버츄RF | 인모드Fx,청담란셀의원
https://www.yeoshin.co.kr/hospitals/4696?from=events&tabmenu=INFO,9.0,10+,"서울특별시 강남구 도산대로 150 (논현동) 5층,6층 신상성형외과의원",0508.0353.5883,"월 화 수 목 금 토 일
10:00
 ~
 19:00 10:00
 ~
 19:00 10:00
 ~
 19:00 10:00
 ~
 19:00 10:00
 ~
 21:00 10:00
 ~
 17:00 휴진","진료정보
병원 정보
전문의 6명
진료과
성형외과
피부과
진료항목
코재수술
안면윤곽
교근보톡스
지방흡입
지방이식
안면거상
모발이식
다이어트
리프팅
모공
문신제거
보톡스
여드름
흉터
탈모
피부관리
바디관리
코성형",진료정보 | 병원 정보 | 전문의 6명 | 진료과 | 성형외과 | 피부과 | 진료항목 | 코재수술 | 안면윤곽 | 교근보톡스 | 지방흡입 | 지방이식 | 안면거상 | 모발이식 | 다이어트 | 리프팅 | 모공 | 문신제거 | 보톡스 | 여드름 | 흉터 | 탈모 | 피부관리 | 바디관리 | 코성형,신상성형외과의원
https://www.yeoshin.co.kr/hospitals/85450?from=events&tabmenu=INFO,8.2,10+,서울특별시 강남구 영동대로 722 (청담동) 풍양빌딩 2층 (청담동),0508.0353.7622,"월 화 수 목 금 토 일
10:00
 ~
 19:00 10:00
 ~
 19:00 10:00
 ~
 19:00 10:00
 ~
 19:00 10:00
 ~
 20:00 10:00
 ~
 16:00 휴진","진료정보
병원 정보
수술실 CCTV
분야별 협진
외국인환자 서비스
외국인환자 유치병원
일본어 응대
진료과
성형외과
피부과
한의과
진료항목
지방흡입
지방이식
엉덩이성형
모발이식
보조개성형
눈트임
교근보톡스
색소
매선
다이어트한약
다한증
흉터치료
제모
다이어트침
리프팅
가슴침
모공
부기관리
문신제거
지방분해침
미백관리
안면교정
보톡스
필러
실리프팅
여드름
흉터
점
탈모
홍조
피부관리
눈성형
눈재수술
피부의료기기
슈링크
시크릿RF",진료정보 | 병원 정보 | 수술실 CCTV | 분야별 협진 | 외국인환자 서비스 | 외국인환자 유치병원 | 일본어 응대 | 진료과 | 성형외과 | 피부과 | 한의과 | 진료항목 | 지방흡입 | 지방이식 | 엉덩이성형 | 모발이식 | 보조개성형 | 눈트임 | 교근보톡스 | 색소 | 매선 | 다이어트한약 | 다한증 | 흉터치료 | 제모 | 다이어트침 | 리프팅 | 가슴침 | 모공 | 부기관리 | 문신제거 | 지방분해침 | 미백관리 | 안면교정 | 보톡스 | 필러 | 실리프팅 | 여드름 | 흉터 | 점 | 탈모 | 홍조 | 피부관리 | 눈성형 | 눈재수술 | 피부의료기기 | 슈링크 | 시크릿RF,베르미의원/한의원
https://www.yeoshin.co.kr/hospitals/5346?from=events&tabmenu=INFO,9.6,300+,인천광역시 남동구 예술로 126 (구월동) 3층,0508.0353.0764,"월 화 수 목 금 토 일
10:30
 ~
 20:30 10:30
 ~
 20:30 10:30
 ~
 20:30 10:30
 ~
 20:30 10:30
 ~
 20:30 10:30
 ~
 17:00 10:30
 ~
 17:00","진료정보
병원 정보
여의사 진료
사후관리
진료과
피부과
진료항목
색소
다이어트
제모
리프팅
모공
문신제거
보톡스
필러
여드름
흉터
점
홍조
피부관리
바디관리
피부의료기기
인모드
울쎄라
클라리티(제모)
시크릿RF
올리지오
피코플러스
네오빔
리프테라
슈링크유니버스
소프라노 티타늄
마취정보
크림마취
비수면 무통마취
국소마취
주의!
해당 병원은 시술 시 마취 진행이 가능한 병원입니다. 환자의 시술 및 수술상황과 진료의 상담을 통해서 진행됩니다.",진료정보 | 병원 정보 | 여의사 진료 | 사후관리 | 진료과 | 피부과 | 진료항목 | 색소 | 다이어트 | 제모 | 리프팅 | 모공 | 문신제거 | 보톡스 | 필러 | 여드름 | 흉터 | 점 | 홍조 | 피부관리 | 바디관리 | 피부의료기기 | 인모드 | 울쎄라 | 클라리티(제모) | 시크릿RF | 올리지오 | 피코플러스 | 네오빔 | 리프테라 | 슈링크유니버스 | 소프라노 티타늄 | 마취정보 | 크림마취 | 비수면 무통마취 | 국소마취 | 주의! | 해당 병원은 시술 시 마취 진행이 가능한 병원입니다. 환자의 시술 및 수술상황과 진료의 상담을 통해서 진행됩니다.,닥터쁘띠의원(인천구월점)
https://www.yeoshin.co.kr/hospitals/4917?from=events&tabmenu=INFO,9.6,200+,서울특별시 성동구 상원길 26 (성수동1가) 뉴엘라인의원,0508.0353.1719,"월 화 수 목 금 토 일
11:00
 ~
 20:00 11:00
 ~
 20:00 11:00
 ~
 20:00 11:00
 ~
 20:00 11:00
 ~
 21:00 11:00
 ~
 16:00 휴진","진료정보
병원 정보
전문의 1명
여의사 진료
마취과의 진료
수술실 CCTV
외국인환자 서비스
외국인환자 유치병원
진료과
피부과
가정의학과
진료항목
교근보톡스
색소
다이어트
다한증
제모
리프팅
모공
문신제거
미백관리
보톡스
필러
실리프팅
여드름
흉터
점
탈모
홍조
피부관리
바디관리
피부의료기기
울쎄라
클라리티(제모)
아쿠아필
시크릿RF
피코플러스
클라리티(토닝)
슈링크유니버스
볼뉴머
마취정보
크림마취
수면마취
주의!
해당 병원은 시술 시 마취 진행이 가능한 병원입니다. 환자의 시술 및 수술상황과 진료의 상담을 통해서 진행됩니다.",진료정보 | 병원 정보 | 전문의 1명 | 여의사 진료 | 마취과의 진료 | 수술실 CCTV | 외국인환자 서비스 | 외국인환자 유치병원 | 진료과 | 피부과 | 가정의학과 | 진료항목 | 교근보톡스 | 색소 | 다이어트 | 다한증 | 제모 | 리프팅 | 모공 | 문신제거 | 미백관리 | 보톡스 | 필러 | 실리프팅 | 여드름 | 흉터 | 점 | 탈모 | 홍조 | 피부관리 | 바디관리 | 피부의료기기 | 울쎄라 | 클라리티(제모) | 아쿠아필 | 시크릿RF | 피코플러스 | 클라리티(토닝) | 슈링크유니버스 | 볼뉴머 | 마취정보 | 크림마취 | 수면마취 | 주의! | 해당 병원은 시술 시 마취 진행이 가능한 병원입니다. 환자의 시술 및 수술상황과 진료의 상담을 통해서 진행됩니다.,뉴엘라인의원
https://www.yeoshin.co.kr/hospitals/864?from=events&tabmenu=INFO,7.9,1+,서울특별시 서초구 강남대로 415 대동빌딩 6층,0508.0354.0401,"월 화 수 목 금 토 일
10:00
 ~
 19:00 10:00
 ~
 19:00 14:00
 ~
 21:00 10:00
 ~
 19:00 10:00
 ~
 21:00 10:00
 ~
 16:00 휴진","진료정보
병원 정보
전문의 3명
진료과
성형외과
피부과
피부의료기기
악센트프라임",진료정보 | 병원 정보 | 전문의 3명 | 진료과 | 성형외과 | 피부과 | 피부의료기기 | 악센트프라임,리앤영의원(강남점)
https://www.yeoshin.co.kr/hospitals/104061?from=events&tabmenu=INFO,0.0,1+,"서울특별시 서대문구 통일로 433 (홍제동) 조이빌딩 7, 8층",0508.0353.4854,"월 화 수 목 금 토 일
10:00
 ~
 20:00 10:00
 ~
 19:00 10:00
 ~
 19:00 10:00
 ~
 19:00 10:00
 ~
 20:00 09:30
 ~
 16:30 휴진","진료정보
병원 정보
전문의 3명
여의사 진료
수술실 CCTV
응급처치 시스템
전담회복실
사후관리
피부진단기 F-RAY 촬영 >
진료과
피부과
피부의료기기
악센트프라임
피코슈어레이저
소노케어
브이빔퍼펙타
마취정보
크림마취
수면마취
비수면 무통마취
국소마취
주의!
해당 병원은 시술 시 마취 진행이 가능한 병원입니다. 환자의 시술 및 수술상황과 진료의 상담을 통해서 진행됩니다.",진료정보 | 병원 정보 | 전문의 3명 | 여의사 진료 | 수술실 CCTV | 응급처치 시스템 | 전담회복실 | 사후관리 | 피부진단기 F-RAY 촬영 > | 진료과 | 피부과 | 피부의료기기 | 악센트프라임 | 피코슈어레이저 | 소노케어 | 브이빔퍼펙타 | 마취정보 | 크림마취 | 수면마취 | 비수면 무통마취 | 국소마취 | 주의! | 해당 병원은 시술 시 마취 진행이 가능한 병원입니다. 환자의 시술 및 수술상황과 진료의 상담을 통해서 진행됩니다.,리뉴미피부과의원(홍제점)
https://www.yeoshin.co.kr/hospitals/5076?from=events&tabmenu=INFO,9.0,600+,서울특별시 중구 남대문로 84 (남대문로2가) 하이드파크 6층,0508.0354.2895,"월 화 수 목 금 토 일
10:30
 ~
 20:30 10:30
 ~
 20:30 10:30
 ~
 20:30 10:30
 ~
 20:30 10:30
 ~
 20:30 10:00
 ~
 16:30 휴진","진료정보
외국인환자 서비스
외국인환자 유치병원
진료과
피부과
피부의료기기
슈링크
인모드
울쎄라
CO2프락셀
써마지 FLX
아그네스
포텐자(침습)
엑셀브이
레블라이트 토닝
아포지플러스
바디인모드
카복시테라피
카프리레이저
아이콘 맥스지
슈링크유니버스
포텐자(비침습)
인모드Fx
인모드Forma",진료정보 | 외국인환자 서비스 | 외국인환자 유치병원 | 진료과 | 피부과 | 피부의료기기 | 슈링크 | 인모드 | 울쎄라 | CO2프락셀 | 써마지 FLX | 아그네스 | 포텐자(침습) | 엑셀브이 | 레블라이트 토닝 | 아포지플러스 | 바디인모드 | 카복시테라피 | 카프리레이저 | 아이콘 맥스지 | 슈링크유니버스 | 포텐자(비침습) | 인모드Fx | 인모드Forma,블리비의원(명동점)
https://www.yeoshin.co.kr/hospitals/5072?from=events&tabmenu=INFO,8.7,300+,"서울특별시 강서구 강서로 395 (마곡동) 3층(마곡동, 플레이스H)",0508.0354.2882,"월 화 수 목 금 토 일
10:30
 ~
 20:30 10:30
 ~
 20:30 10:30
 ~
 20:30 10:30
 ~
 20:30 10:30
 ~
 20:30 10:00
 ~
 16:30 휴진","진료정보
진료과
피부과
피부의료기기
인모드
울쎄라
CO2프락셀
악센트프라임
아그네스
시크릿RF
엑셀브이
레블라이트 토닝
트리플바디
네오빔
아포지플러스
바디인모드
카복시테라피
튠페이스
플라듀오
디오레듀얼레이저
테라클리어
슈링크유니버스
리니어지
인모드Fx
인모드Forma
튠바디",진료정보 | 진료과 | 피부과 | 피부의료기기 | 인모드 | 울쎄라 | CO2프락셀 | 악센트프라임 | 아그네스 | 시크릿RF | 엑셀브이 | 레블라이트 토닝 | 트리플바디 | 네오빔 | 아포지플러스 | 바디인모드 | 카복시테라피 | 튠페이스 | 플라듀오 | 디오레듀얼레이저 | 테라클리어 | 슈링크유니버스 | 리니어지 | 인모드Fx | 인모드Forma | 튠바디,블리비의원(발산점)
https://www.yeoshin.co.kr/hospitals/4862?from=events&tabmenu=INFO,9.5,2K+,인천광역시 남동구 인하로489번길 10 VS라인의원(인천구월점),0508.0354.1766,"월 화 수 목 금 토 일
10:00
 ~
 20:00 10:00
 ~
 20:00 10:00
 ~
 20:00 10:00
 ~
 20:00 10:00
 ~
 20:00 10:00
 ~
 17:00 휴진","진료정보
병원 정보
피부진단기 F-RAY 촬영 >
진료과
피부과
피부의료기기
인모드
악센트프라임
클라리티(제모)
아쿠아필
포텐자(침습)
피코슈어레이저
시크릿RF
리니어펌
LDM
소노케어
텐써마",진료정보 | 병원 정보 | 피부진단기 F-RAY 촬영 > | 진료과 | 피부과 | 피부의료기기 | 인모드 | 악센트프라임 | 클라리티(제모) | 아쿠아필 | 포텐자(침습) | 피코슈어레이저 | 시크릿RF | 리니어펌 | LDM | 소노케어 | 텐써마,VS라인의원(인천구월점)
https://www.yeoshin.co.kr/hospitals/103983?from=events&tabmenu=INFO,9.7,10+,서울특별시 강남구 선릉로 602 (삼성동) 2층,0508.0353.1528,"월 화 수 목 금 토 일
10:00
 ~
 19:00 10:00
 ~
 19:00 10:00
 ~
 19:00 10:00
 ~
 19:00 10:00
 ~
 19:00 10:00
 ~
 17:00 휴진","진료정보
병원 정보
전문의 1명
사후관리
진료과
피부과
진료항목
보톡스
필러
실리프팅
바디관리
리프팅
피부의료기기
울쎄라
써마지 FLX
텐쎄라
텐써마
온다(ONDA)",진료정보 | 병원 정보 | 전문의 1명 | 사후관리 | 진료과 | 피부과 | 진료항목 | 보톡스 | 필러 | 실리프팅 | 바디관리 | 리프팅 | 피부의료기기 | 울쎄라 | 써마지 FLX | 텐쎄라 | 텐써마 | 온다(ONDA),청담더오피부과의원
https://www.yeoshin.co.kr/hospitals/5280?from=events&tabmenu=INFO,9.6,10+,"서울특별시 강남구 도산대로 333 (신사동) 9층(신사동, K+메디칼타워)",0508.0353.5899,"월 화 수 목 금 토 일
10:00
 ~
 19:00 10:00
 ~
 20:00 휴진 10:00
 ~
 19:00 10:00
 ~
 20:00 10:00
 ~
 15:00 휴진","진료정보
병원 정보
전문의 1명
여의사 진료
수술실 CCTV
외국인환자 서비스
중국어 응대
진료과
피부과
진료항목
교근보톡스
색소
제모
리프팅
모공
미백관리
보톡스
필러
실리프팅
여드름
흉터
점
탈모
홍조
피부관리
바디관리
피부의료기기
울쎄라
써마지 FLX
아쿠아필
포텐자(침습)
CO2레이저
시크릿RF
소노케어
클라리티2(제모)
슈링크유니버스
헐리우드 스펙트라
리프테라2
온다(ONDA)
클라리티2(토닝)
세르프
마취정보
크림마취
국소마취
주의!
해당 병원은 시술 시 마취 진행이 가능한 병원입니다. 환자의 시술 및 수술상황과 진료의 상담을 통해서 진행됩니다.",진료정보 | 병원 정보 | 전문의 1명 | 여의사 진료 | 수술실 CCTV | 외국인환자 서비스 | 중국어 응대 | 진료과 | 피부과 | 진료항목 | 교근보톡스 | 색소 | 제모 | 리프팅 | 모공 | 미백관리 | 보톡스 | 필러 | 실리프팅 | 여드름 | 흉터 | 점 | 탈모 | 홍조 | 피부관리 | 바디관리 | 피부의료기기 | 울쎄라 | 써마지 FLX | 아쿠아필 | 포텐자(침습) | CO2레이저 | 시크릿RF | 소노케어 | 클라리티2(제모) | 슈링크유니버스 | 헐리우드 스펙트라 | 리프테라2 | 온다(ONDA) | 클라리티2(토닝) | 세르프 | 마취정보 | 크림마취 | 국소마취 | 주의! | 해당 병원은 시술 시 마취 진행이 가능한 병원입니다. 환자의 시술 및 수술상황과 진료의 상담을 통해서 진행됩니다.,청담엔샤인의원
https://www.yeoshin.co.kr/hospitals/104043?from=events&tabmenu=INFO,9.4,100+,서울특별시 마포구 양화로 166 (동교동) 제이필의원,0508.0354.3270,"월 화 수 목 금 토 일
10:00
 ~
 20:00 10:00
 ~
 20:00 10:00
 ~
 20:00 10:00
 ~
 20:00 10:00
 ~
 20:00 10:00
 ~
 17:00 휴진","진료정보
병원 정보
전문의 1명
여의사 진료
수술실 CCTV
분야별 협진
사후관리
진료과
성형외과
피부과
마취정보
크림마취
수면마취
비수면 무통마취
주의!
해당 병원은 시술 시 마취 진행이 가능한 병원입니다. 환자의 시술 및 수술상황과 진료의 상담을 통해서 진행됩니다.",진료정보 | 병원 정보 | 전문의 1명 | 여의사 진료 | 수술실 CCTV | 분야별 협진 | 사후관리 | 진료과 | 성형외과 | 피부과 | 마취정보 | 크림마취 | 수면마취 | 비수면 무통마취 | 주의! | 해당 병원은 시술 시 마취 진행이 가능한 병원입니다. 환자의 시술 및 수술상황과 진료의 상담을 통해서 진행됩니다.,제이필의원(홍대점)
https://www.yeoshin.co.kr/hospitals/5366?from=events&tabmenu=INFO,9.1,10+,서울특별시 강남구 도산대로 138 (논현동) 3층,0508.0353.4553,"월 화 수 목 금 토 일
10:00
 ~
 19:00 10:00
 ~
 19:00 10:00
 ~
 19:00 10:00
 ~
 19:00 10:00
 ~
 21:00 10:00
 ~
 17:00 휴진","진료정보
병원 정보
전문의 1명
수술실 CCTV
전담회복실
사후관리
피부진단기 F-RAY 촬영 >
진료과
성형외과
피부과
피부의료기기
슈링크
시크릿RF
엔코어리프팅
마취정보
크림마취
수면마취
비수면 무통마취
국소마취
주의!
해당 병원은 시술 시 마취 진행이 가능한 병원입니다. 환자의 시술 및 수술상황과 진료의 상담을 통해서 진행됩니다.",진료정보 | 병원 정보 | 전문의 1명 | 수술실 CCTV | 전담회복실 | 사후관리 | 피부진단기 F-RAY 촬영 > | 진료과 | 성형외과 | 피부과 | 피부의료기기 | 슈링크 | 시크릿RF | 엔코어리프팅 | 마취정보 | 크림마취 | 수면마취 | 비수면 무통마취 | 국소마취 | 주의! | 해당 병원은 시술 시 마취 진행이 가능한 병원입니다. 환자의 시술 및 수술상황과 진료의 상담을 통해서 진행됩니다.,비올라셀성형외과
https://www.yeoshin.co.kr/hospitals/356?from=events&tabmenu=INFO,9.3,2K+,서울특별시 강남구 강남대로 438 (역삼동) 스타플렉스 B1,0508.0353.4730,"월 화 수 목 금 토 일
10:00
 ~
 20:00 10:00
 ~
 20:00 10:00
 ~
 20:00 10:00
 ~
 20:00 10:00
 ~
 20:00 10:00
 ~
 17:00 휴진","진료정보
외국인환자 서비스
외국인환자 유치병원
중국어 응대
영어 응대
일본어 응대
진료과
성형외과
피부과
가정의학과",진료정보 | 외국인환자 서비스 | 외국인환자 유치병원 | 중국어 응대 | 영어 응대 | 일본어 응대 | 진료과 | 성형외과 | 피부과 | 가정의학과,제이필의원(강남점)
https://www.yeoshin.co.kr/hospitals/4168?from=events&tabmenu=INFO,9.3,500+,서울특별시 마포구 마포대로 127 닥터스피부과의원(공덕점),0508.0353.8201,"월 화 수 목 금 토 일
10:00
 ~
 20:00 10:00
 ~
 20:00 10:00
 ~
 19:30 10:00
 ~
 20:00 10:00
 ~
 20:00 10:00
 ~
 15:00 휴진","진료정보
병원 정보
전문의 4명
진료과
성형외과
피부과
가정의학과
진료항목
미백관리
보톡스
필러
여드름
흉터
리프팅
모공",진료정보 | 병원 정보 | 전문의 4명 | 진료과 | 성형외과 | 피부과 | 가정의학과 | 진료항목 | 미백관리 | 보톡스 | 필러 | 여드름 | 흉터 | 리프팅 | 모공,닥터스피부과의원(공덕점)
https://www.yeoshin.co.kr/hospitals/4826?from=events&tabmenu=INFO,9.5,50+,"서울특별시 용산구 한강대로 69 (한강로2가, 용산푸르지오써밋) 페이브피부과의원",0508.0353.1618,"월 화 수 목 금 토 일
10:00
 ~
 20:00 10:00
 ~
 20:00 휴진 10:00
 ~
 20:00 10:00
 ~
 20:00 09:30
 ~
 15:00 휴진","진료정보
병원 정보
전문의 1명
여의사 진료
수술실 CCTV
사후관리
외국인환자 서비스
외국인환자 유치병원
영어 응대
일본어 응대
중국어 응대
진료과
피부과
피부의료기기
울쎄라
악센트프라임
클라리티(제모)
아쿠아필
피코슈어레이저
시크릿RF
엑셀브이
노블린레이저
노블렉스
레블라이트 토닝
크라이오셀
LDM
오투덤테라피
튠페이스
플라듀오
이온자임
소노케어
리프테라
LDM Tri
엔코어리프팅
리덤 플라즈마
소프라노 티타늄
리프테라2
파셀라
튠바디",진료정보 | 병원 정보 | 전문의 1명 | 여의사 진료 | 수술실 CCTV | 사후관리 | 외국인환자 서비스 | 외국인환자 유치병원 | 영어 응대 | 일본어 응대 | 중국어 응대 | 진료과 | 피부과 | 피부의료기기 | 울쎄라 | 악센트프라임 | 클라리티(제모) | 아쿠아필 | 피코슈어레이저 | 시크릿RF | 엑셀브이 | 노블린레이저 | 노블렉스 | 레블라이트 토닝 | 크라이오셀 | LDM | 오투덤테라피 | 튠페이스 | 플라듀오 | 이온자임 | 소노케어 | 리프테라 | LDM Tri | 엔코어리프팅 | 리덤 플라즈마 | 소프라노 티타늄 | 리프테라2 | 파셀라 | 튠바디,페이브피부과의원(용산)
https://www.yeoshin.co.kr/hospitals/104077?from=events&tabmenu=INFO,9.0,10+,서울특별시 도봉구 마들로11길 51 (창동) 4층,0508.0354.3360,"월 화 수 목 금 토 일
10:00
 ~
 20:30 10:00
 ~
 20:30 10:00
 ~
 20:30 10:00
 ~
 20:30 10:00
 ~
 20:30 10:00
 ~
 16:00 10:00
 ~
 16:00","진료정보
진료과
피부과
진료항목
교근보톡스
색소
다이어트
다한증
제모
리프팅
모공
문신제거
미백관리
보톡스
필러
실리프팅
여드름
흉터
점
홍조
피부관리
바디관리
피부의료기기
인모드
피코슈어레이저
클라리티(토닝)
슈링크유니버스
볼뉴머
더마브이
울쎄라피프라임
마취정보
크림마취
주의!
해당 병원은 시술 시 마취 진행이 가능한 병원입니다. 환자의 시술 및 수술상황과 진료의 상담을 통해서 진행됩니다.",진료정보 | 진료과 | 피부과 | 진료항목 | 교근보톡스 | 색소 | 다이어트 | 다한증 | 제모 | 리프팅 | 모공 | 문신제거 | 미백관리 | 보톡스 | 필러 | 실리프팅 | 여드름 | 흉터 | 점 | 홍조 | 피부관리 | 바디관리 | 피부의료기기 | 인모드 | 피코슈어레이저 | 클라리티(토닝) | 슈링크유니버스 | 볼뉴머 | 더마브이 | 울쎄라피프라임 | 마취정보 | 크림마취 | 주의! | 해당 병원은 시술 시 마취 진행이 가능한 병원입니다. 환자의 시술 및 수술상황과 진료의 상담을 통해서 진행됩니다.,유앤아이의원(창동점)
https://www.yeoshin.co.kr/hospitals/171?from=events&tabmenu=INFO,9.2,10+,서울시 서초구 서초대로 77길 59 에르네의원,0508.0354.2964,"월 화 수 목 금 토 일
10:00
 ~
 21:00 10:00
 ~
 21:00 10:00
 ~
 21:00 10:00
 ~
 21:00 10:00
 ~
 21:00 10:00
 ~
 17:00 10:00
 ~
 17:00","진료정보
병원 정보
여의사 진료
외국인환자 서비스
외국인환자 유치병원
일본어 응대
영어 응대
중국어 응대
진료과
성형외과
피부과
진료항목
안면윤곽
색소
제모
리프팅
모공
미백관리
보톡스
필러
실리프팅
여드름
흉터
홍조
피부관리
코성형
피부의료기기
슈링크
인모드
악센트프라임
클라리티(제모)
아쿠아필
포텐자(침습)
피코슈어레이저
시크릿RF
리니어펌
LDM
젠틀맥스 프로
소노케어
포텐자(비침습)
덴서티",진료정보 | 병원 정보 | 여의사 진료 | 외국인환자 서비스 | 외국인환자 유치병원 | 일본어 응대 | 영어 응대 | 중국어 응대 | 진료과 | 성형외과 | 피부과 | 진료항목 | 안면윤곽 | 색소 | 제모 | 리프팅 | 모공 | 미백관리 | 보톡스 | 필러 | 실리프팅 | 여드름 | 흉터 | 홍조 | 피부관리 | 코성형 | 피부의료기기 | 슈링크 | 인모드 | 악센트프라임 | 클라리티(제모) | 아쿠아필 | 포텐자(침습) | 피코슈어레이저 | 시크릿RF | 리니어펌 | LDM | 젠틀맥스 프로 | 소노케어 | 포텐자(비침습) | 덴서티,에르네의원
https://www.yeoshin.co.kr/hospitals/4892?from=events&tabmenu=INFO,9.3,2K+,서울시 서초구 강남대로 411 다이아의원,0508.0353.7788,"월 화 수 목 금 토 일
10:00
 ~
 20:00 10:00
 ~
 20:00 10:00
 ~
 20:00 10:00
 ~
 20:00 10:00
 ~
 20:00 10:00
 ~
 16:00 휴진","진료정보
외국인환자 서비스
외국인환자 유치병원
영어 응대
일본어 응대
중국어 응대
진료과
피부과
피부의료기기
울쎄라
악센트프라임
아쿠아필
시크릿RF
리프테라2
마취정보
크림마취
국소마취
주의!
해당 병원은 시술 시 마취 진행이 가능한 병원입니다. 환자의 시술 및 수술상황과 진료의 상담을 통해서 진행됩니다.",진료정보 | 외국인환자 서비스 | 외국인환자 유치병원 | 영어 응대 | 일본어 응대 | 중국어 응대 | 진료과 | 피부과 | 피부의료기기 | 울쎄라 | 악센트프라임 | 아쿠아필 | 시크릿RF | 리프테라2 | 마취정보 | 크림마취 | 국소마취 | 주의! | 해당 병원은 시술 시 마취 진행이 가능한 병원입니다. 환자의 시술 및 수술상황과 진료의 상담을 통해서 진행됩니다.,다이아의원
https://www.yeoshin.co.kr/hospitals/104060?from=events&tabmenu=INFO,6.0,1+,"인천광역시 연수구 인천타워대로197번길 16 (송도동) 리치센트럴 3층 323, 324, 325호",0508.0354.3322,"월 화 수 목 금 토 일
10:00
 ~
 20:00 10:00
 ~
 20:00 10:00
 ~
 20:00 10:00
 ~
 20:00 10:00
 ~
 20:00 10:00
 ~
 16:00 휴진","진료정보
병원 정보
여의사 진료
외국인환자 서비스
영어 응대
일본어 응대
진료과
피부과
가정의학과
진료항목
색소
다이어트
다한증
제모
리프팅
모공
문신제거
미백관리
보톡스
필러
실리프팅
여드름
흉터
점
탈모
홍조
피부관리
바디관리
피부의료기기
아쿠아필
마취정보
크림마취
수면마취
비수면 무통마취
주의!
해당 병원은 시술 시 마취 진행이 가능한 병원입니다. 환자의 시술 및 수술상황과 진료의 상담을 통해서 진행됩니다.",진료정보 | 병원 정보 | 여의사 진료 | 외국인환자 서비스 | 영어 응대 | 일본어 응대 | 진료과 | 피부과 | 가정의학과 | 진료항목 | 색소 | 다이어트 | 다한증 | 제모 | 리프팅 | 모공 | 문신제거 | 미백관리 | 보톡스 | 필러 | 실리프팅 | 여드름 | 흉터 | 점 | 탈모 | 홍조 | 피부관리 | 바디관리 | 피부의료기기 | 아쿠아필 | 마취정보 | 크림마취 | 수면마취 | 비수면 무통마취 | 주의! | 해당 병원은 시술 시 마취 진행이 가능한 병원입니다. 환자의 시술 및 수술상황과 진료의 상담을 통해서 진행됩니다.,샤인빔의원(송도점)
https://www.yeoshin.co.kr/hospitals/2591?from=events&tabmenu=INFO,9.3,10+,경기도 평택시 중앙2로 13 (평택동) 센텀스카이 빌딩 10층,0508.0353.0418,"월 화 수 목 금 토 일
10:00
 ~
 21:00 10:00
 ~
 21:00 10:00
 ~
 21:00 10:00
 ~
 21:00 10:00
 ~
 21:00 10:00
 ~
 17:00 휴진","진료정보
병원 정보
전문의 5명
여의사 진료
사후관리
외국인환자 서비스
영어 응대
진료과
성형외과
피부과
피부의료기기
인모드
울쎄라
써마지 FLX
악센트프라임
포텐자(침습)
레블라이트 토닝
라비앙
튠페이스
액션2 어븀야그
브이빔퍼펙타
텐쎄라
슈링크유니버스
브이레이저
피코웨이
소프라노 티타늄
리니어지
볼뉴머
앙코르레이저
텐써마
토르RF
포텐자(비침습)
덴서티
올리지오X
인모드Fx
인모드Forma
젠틀맥스 프로 플러스
마취정보
크림마취
수면마취
주의!
해당 병원은 시술 시 마취 진행이 가능한 병원입니다. 환자의 시술 및 수술상황과 진료의 상담을 통해서 진행됩니다.",진료정보 | 병원 정보 | 전문의 5명 | 여의사 진료 | 사후관리 | 외국인환자 서비스 | 영어 응대 | 진료과 | 성형외과 | 피부과 | 피부의료기기 | 인모드 | 울쎄라 | 써마지 FLX | 악센트프라임 | 포텐자(침습) | 레블라이트 토닝 | 라비앙 | 튠페이스 | 액션2 어븀야그 | 브이빔퍼펙타 | 텐쎄라 | 슈링크유니버스 | 브이레이저 | 피코웨이 | 소프라노 티타늄 | 리니어지 | 볼뉴머 | 앙코르레이저 | 텐써마 | 토르RF | 포텐자(비침습) | 덴서티 | 올리지오X | 인모드Fx | 인모드Forma | 젠틀맥스 프로 플러스 | 마취정보 | 크림마취 | 수면마취 | 주의! | 해당 병원은 시술 시 마취 진행이 가능한 병원입니다. 환자의 시술 및 수술상황과 진료의 상담을 통해서 진행됩니다.,휴먼피부과의원(평택점)
https://www.yeoshin.co.kr/hospitals/101?from=events&tabmenu=INFO,9.6,6K+,"서울특별시 강남구 강남대로 492 (논현동) 지하 1층, 3층, 4층, 5층, 6층, 10층,12층 각 전체(논현동, HM타워)",0508.0353.5445,"월 화 수 목 금 토 일
10:00
 ~
 20:30 10:00
 ~
 19:00 10:00
 ~
 19:00 10:00
 ~
 19:00 10:00
 ~
 20:30 10:00
 ~
 17:00 휴진","진료정보
병원 정보
전문의 7명
여의사 진료
마취과의 진료
수술실 CCTV
응급처치 시스템
분야별 협진
기본 입원실
전담회복실
사후관리
외국인환자 서비스
영어 응대
일본어 응대
중국어 응대
진료과
성형외과
피부과
진료항목
코재수술
보형물제거
지방흡입
지방이식
안면거상
가슴성형
엉덩이성형
보조개성형
가슴재수술
눈트임
교근보톡스
색소
다이어트
다한증
제모
리프팅
모공
미백관리
보톡스
필러
실리프팅
여드름
흉터
점
탈모
홍조
피부관리
바디관리
눈성형
눈재수술
코성형
피부의료기기
슈링크
인모드
울쎄라
써마지 FLX
포텐자(침습)
올리지오
트리플바디
바디인모드
튠페이스
슈링크유니버스
소프라노 티타늄
리프테라2
온다(ONDA)
리팟레이저
덴서티
올리지오X
인모드Fx
인모드Forma
튠바디
마취정보
크림마취
수면마취
전신마취
국소마취
주의!
해당 병원은 마취통증의학과 전문의가 상주하는 병원입니다. 환자의 시술 및 수술상황과 진료의 상담을 통해서 진행됩니다.",진료정보 | 병원 정보 | 전문의 7명 | 여의사 진료 | 마취과의 진료 | 수술실 CCTV | 응급처치 시스템 | 분야별 협진 | 기본 입원실 | 전담회복실 | 사후관리 | 외국인환자 서비스 | 영어 응대 | 일본어 응대 | 중국어 응대 | 진료과 | 성형외과 | 피부과 | 진료항목 | 코재수술 | 보형물제거 | 지방흡입 | 지방이식 | 안면거상 | 가슴성형 | 엉덩이성형 | 보조개성형 | 가슴재수술 | 눈트임 | 교근보톡스 | 색소 | 다이어트 | 다한증 | 제모 | 리프팅 | 모공 | 미백관리 | 보톡스 | 필러 | 실리프팅 | 여드름 | 흉터 | 점 | 탈모 | 홍조 | 피부관리 | 바디관리 | 눈성형 | 눈재수술 | 코성형 | 피부의료기기 | 슈링크 | 인모드 | 울쎄라 | 써마지 FLX | 포텐자(침습) | 올리지오 | 트리플바디 | 바디인모드 | 튠페이스 | 슈링크유니버스 | 소프라노 티타늄 | 리프테라2 | 온다(ONDA) | 리팟레이저 | 덴서티 | 올리지오X | 인모드Fx | 인모드Forma | 튠바디 | 마취정보 | 크림마취 | 수면마취 | 전신마취 | 국소마취 | 주의! | 해당 병원은 마취통증의학과 전문의가 상주하는 병원입니다. 환자의 시술 및 수술상황과 진료의 상담을 통해서 진행됩니다.,우아성형외과의원
https://www.yeoshin.co.kr/hospitals/1002?from=events&tabmenu=INFO,9.6,10+,서울특별시 강남구 압구정로 158 (신사동) 2층,0508.0353.2413,"월 화 수 목 금 토 일
10:00
 ~
 18:00 10:00
 ~
 18:00 10:00
 ~
 18:00 10:00
 ~
 18:00 10:00
 ~
 18:00 10:00
 ~
 16:00 휴진","진료정보
병원 정보
전문의 2명
마취과의 진료
수술실 CCTV
분야별 협진
기본 입원실
전담회복실
사후관리
외국인환자 서비스
외국인환자 유치병원
중국어 응대
영어 응대
진료과
성형외과
마취정보
크림마취
수면마취
전신마취
국소마취
주의!
해당 병원은 시술 시 마취 진행이 가능한 병원입니다. 환자의 시술 및 수술상황과 진료의 상담을 통해서 진행됩니다.",진료정보 | 병원 정보 | 전문의 2명 | 마취과의 진료 | 수술실 CCTV | 분야별 협진 | 기본 입원실 | 전담회복실 | 사후관리 | 외국인환자 서비스 | 외국인환자 유치병원 | 중국어 응대 | 영어 응대 | 진료과 | 성형외과 | 마취정보 | 크림마취 | 수면마취 | 전신마취 | 국소마취 | 주의! | 해당 병원은 시술 시 마취 진행이 가능한 병원입니다. 환자의 시술 및 수술상황과 진료의 상담을 통해서 진행됩니다.,디엠성형외과의원
https://www.yeoshin.co.kr/hospitals/4396?from=events&tabmenu=INFO,7.7,10+,서울특별시 서초구 강남대로 603 (잠원동) 4층,0508.0353.2574,"월 화 수 목 금 토 일
10:00
 ~
 18:00 10:00
 ~
 18:00 10:00
 ~
 18:00 10:00
 ~
 18:00 10:00
 ~
 18:00 10:00
 ~
 16:00 휴진","진료정보
병원 정보
전문의 1명
여의사 진료
수술실 CCTV
응급처치 시스템
사후관리
진료과
성형외과
피부과
산부인과
마취정보
크림마취
수면마취
국소마취
주의!
해당 병원은 시술 시 마취 진행이 가능한 병원입니다. 환자의 시술 및 수술상황과 진료의 상담을 통해서 진행됩니다.",진료정보 | 병원 정보 | 전문의 1명 | 여의사 진료 | 수술실 CCTV | 응급처치 시스템 | 사후관리 | 진료과 | 성형외과 | 피부과 | 산부인과 | 마취정보 | 크림마취 | 수면마취 | 국소마취 | 주의! | 해당 병원은 시술 시 마취 진행이 가능한 병원입니다. 환자의 시술 및 수술상황과 진료의 상담을 통해서 진행됩니다.,얼굴본성형외과의원
https://www.yeoshin.co.kr/hospitals/2776?from=events&tabmenu=INFO,9.7,300+,부산광역시 부산진구 서면로60 넬의원,0508.0354.2100,"월 화 수 목 금 토 일
10:00
 ~
 19:00 10:00
 ~
 21:00 10:00
 ~
 19:00 10:00
 ~
 19:00 10:00
 ~
 21:00 10:00
 ~
 15:00 휴진","진료정보
외국인환자 서비스
외국인환자 유치병원
진료과
피부과",진료정보 | 외국인환자 서비스 | 외국인환자 유치병원 | 진료과 | 피부과,넬의원
https://www.yeoshin.co.kr/hospitals/104096?from=events&tabmenu=INFO,0.0,,"서울특별시 강남구 남부순환로 2615 (도곡동, 극동스타클래스) 201-202호(도곡동, 극동스타클래스)",0508.0353.8367,"월 화 수 목 금 토 일
09:30
 ~
 18:30 09:30
 ~
 18:30 09:30
 ~
 18:30 09:30
 ~
 18:30 09:30
 ~
 18:30 09:30
 ~
 16:00 휴진","진료정보
병원 정보
분야별 협진
전담회복실
사후관리
진료과
피부과
피부의료기기
슈링크
시크릿RF
마취정보
크림마취
수면마취
주의!
해당 병원은 시술 시 마취 진행이 가능한 병원입니다. 환자의 시술 및 수술상황과 진료의 상담을 통해서 진행됩니다.",진료정보 | 병원 정보 | 분야별 협진 | 전담회복실 | 사후관리 | 진료과 | 피부과 | 피부의료기기 | 슈링크 | 시크릿RF | 마취정보 | 크림마취 | 수면마취 | 주의! | 해당 병원은 시술 시 마취 진행이 가능한 병원입니다. 환자의 시술 및 수술상황과 진료의 상담을 통해서 진행됩니다.,프레쉬테마의원
https://www.yeoshin.co.kr/hospitals/103933?from=events&tabmenu=INFO,9.6,10+,"충청남도 천안시 동남구 만남로 38 (신부동) 2층(신부동, 도솔빌딩)",0508.0353.1349,"월 화 수 목 금 토 일
10:00
 ~
 20:00 10:00
 ~
 20:00 10:00
 ~
 20:00 10:00
 ~
 20:00 10:00
 ~
 20:00 10:00
 ~
 17:00 휴진","진료정보
진료과
피부과
피부의료기기
슈링크유니버스
올리지오X",진료정보 | 진료과 | 피부과 | 피부의료기기 | 슈링크유니버스 | 올리지오X,예쁨주의쁨의원(천안점)
https://www.yeoshin.co.kr/hospitals/4439?from=events&tabmenu=INFO,8.9,10K+,서울특별시 중구 명동길 65 루비의원(명동점),0508.0353.8508,"월 화 수 목 금 토 일
10:30
 ~
 20:30 10:30
 ~
 20:30 10:30
 ~
 20:30 10:30
 ~
 20:30 10:30
 ~
 20:30 10:00
 ~
 16:00 12:00
 ~
 17:00","병원 소개
루비의원은
고객님의 눈높이에서 최고의 의술로 고품격 진료를 보이겠습니다.
제자리에 머무르지 않습니다.
고객님의 아름다운 몸매와 얼굴을 위해 연구하겠습니다.
고객님과 인연을 소중히 여기고 열정적으로 진료하면서 고객님의 자연스러운 아름다움을 찾아드리겠습니다.
더보기",병원 소개 | 루비의원은 | 고객님의 눈높이에서 최고의 의술로 고품격 진료를 보이겠습니다. | 제자리에 머무르지 않습니다. | 고객님의 아름다운 몸매와 얼굴을 위해 연구하겠습니다. | 고객님과 인연을 소중히 여기고 열정적으로 진료하면서 고객님의 자연스러운 아름다움을 찾아드리겠습니다. | 더보기,루비의원(명동점)
https://www.yeoshin.co.kr/hospitals/4827?from=events&tabmenu=INFO,0.0,1+,"서울특별시 강남구 강남대로 422 (역삼동) 9층(역삼동, 씨티빌딩)",0508.0353.4874,"월 화 수 목 금 토 일
10:00
 ~
 19:00 10:00
 ~
 19:00 휴진 10:00
 ~
 19:00 10:00
 ~
 19:00 10:00
 ~
 16:00 휴진","진료정보
병원 정보
전문의 1명
수술실 CCTV
응급처치 시스템
전담회복실
사후관리
외국인환자 서비스
중국어 응대
일본어 응대
영어 응대
진료과
성형외과
진료항목
코재수술
지방흡입
지방이식
안면거상
보조개성형
리프팅
눈트임
보톡스
필러
실리프팅
바디관리
눈성형
눈재수술
코성형",진료정보 | 병원 정보 | 전문의 1명 | 수술실 CCTV | 응급처치 시스템 | 전담회복실 | 사후관리 | 외국인환자 서비스 | 중국어 응대 | 일본어 응대 | 영어 응대 | 진료과 | 성형외과 | 진료항목 | 코재수술 | 지방흡입 | 지방이식 | 안면거상 | 보조개성형 | 리프팅 | 눈트임 | 보톡스 | 필러 | 실리프팅 | 바디관리 | 눈성형 | 눈재수술 | 코성형,뷰라밸성형외과의원
https://www.yeoshin.co.kr/hospitals/5048?from=events&tabmenu=INFO,9.2,200+,대전광역시 서구 대덕대로 189 (둔산동) 5~6층,0508.0354.1943,"월 화 수 목 금 토 일
10:30
 ~
 20:30 10:30
 ~
 20:30 10:30
 ~
 20:30 10:30
 ~
 20:30 10:30
 ~
 20:30 10:30
 ~
 17:00 휴진","진료정보
진료과
성형외과
피부과
가정의학과",진료정보 | 진료과 | 성형외과 | 피부과 | 가정의학과,유앤아이의원(대전점)
https://www.yeoshin.co.kr/hospitals/103847?from=events&tabmenu=INFO,9.3,10+,"서울특별시 서초구 강남대로 589 (잠원동) 멀버리힐스 메디컬동 12F, 13F",0508.0353.3332,"월 화 수 목 금 토 일
10:00
 ~
 19:00 10:00
 ~
 19:00 10:00
 ~
 19:00 10:00
 ~
 19:00 10:00
 ~
 19:00 10:00
 ~
 16:00 휴진","진료정보
병원 정보
전문의 3명
여의사 진료
수술실 CCTV
응급처치 시스템
전담회복실
사후관리
외국인환자 서비스
외국인환자 유치병원
영어 응대
중국어 응대
진료과
성형외과
피부과
진료항목
코재수술
보형물제거
지방이식
안면거상
가슴성형
가슴재수술
눈트임
교근보톡스
색소
다이어트
제모
리프팅
모공
문신제거
미백관리
보톡스
필러
실리프팅
여드름
점
홍조
피부관리
바디관리
눈성형
눈재수술
코성형
피부의료기기
슈링크
울쎄라
써마지 FLX
CO2레이저
스마트룩스
클라리티(토닝)
크라이오셀
LDM
헬리오스
버츄RF
이온토
마취정보
크림마취
수면마취
국소마취
주의!
해당 병원은 시술 시 마취 진행이 가능한 병원입니다. 환자의 시술 및 수술상황과 진료의 상담을 통해서 진행됩니다.",진료정보 | 병원 정보 | 전문의 3명 | 여의사 진료 | 수술실 CCTV | 응급처치 시스템 | 전담회복실 | 사후관리 | 외국인환자 서비스 | 외국인환자 유치병원 | 영어 응대 | 중국어 응대 | 진료과 | 성형외과 | 피부과 | 진료항목 | 코재수술 | 보형물제거 | 지방이식 | 안면거상 | 가슴성형 | 가슴재수술 | 눈트임 | 교근보톡스 | 색소 | 다이어트 | 제모 | 리프팅 | 모공 | 문신제거 | 미백관리 | 보톡스 | 필러 | 실리프팅 | 여드름 | 점 | 홍조 | 피부관리 | 바디관리 | 눈성형 | 눈재수술 | 코성형 | 피부의료기기 | 슈링크 | 울쎄라 | 써마지 FLX | CO2레이저 | 스마트룩스 | 클라리티(토닝) | 크라이오셀 | LDM | 헬리오스 | 버츄RF | 이온토 | 마취정보 | 크림마취 | 수면마취 | 국소마취 | 주의! | 해당 병원은 시술 시 마취 진행이 가능한 병원입니다. 환자의 시술 및 수술상황과 진료의 상담을 통해서 진행됩니다.,순플러스성형외과의원
https://www.yeoshin.co.kr/hospitals/228?from=events&tabmenu=INFO,9.3,100+,서울시 양천구 오목로 325 리엔장의원(목동점),0508.0353.1953,"월 화 수 목 금 토 일
10:00
 ~
 20:00 10:00
 ~
 20:00 10:00
 ~
 20:00 10:00
 ~
 20:00 10:00
 ~
 20:00 09:00
 ~
 16:00 휴진","진료정보
병원 정보
전문의 1명
외국인환자 서비스
중국어 응대
진료과
성형외과
피부과
피부의료기기
인모드
울쎄라
아쿠아필
올리지오
루카스 레이저
크라이오셀
LDM
슈링크유니버스
리프테라2",진료정보 | 병원 정보 | 전문의 1명 | 외국인환자 서비스 | 중국어 응대 | 진료과 | 성형외과 | 피부과 | 피부의료기기 | 인모드 | 울쎄라 | 아쿠아필 | 올리지오 | 루카스 레이저 | 크라이오셀 | LDM | 슈링크유니버스 | 리프테라2,리엔장의원(목동점)
https://www.yeoshin.co.kr/hospitals/103967?from=events&tabmenu=INFO,9.2,50+,서울특별시 서초구 강남대로 439 (서초동) 8층,0508.0353.3980,"월 화 수 목 금 토 일
10:30
 ~
 20:00 10:30
 ~
 20:00 10:30
 ~
 20:00 10:30
 ~
 20:00 10:30
 ~
 20:00 10:00
 ~
 17:00 휴진","진료정보
병원 정보
여의사 진료
마취과의 진료
수술실 CCTV
기본 입원실
사후관리
진료과
피부과
피부의료기기
슈링크
인모드
울쎄라
피코슈어레이저
엑셀브이
레블라이트 토닝
클라리티(토닝)
아포지플러스
라비앙
LDM
슈링크유니버스
소프라노 티타늄
프락셀듀얼
온다(ONDA)
마취정보
크림마취
수면마취
국소마취
주의!
해당 병원은 시술 시 마취 진행이 가능한 병원입니다. 환자의 시술 및 수술상황과 진료의 상담을 통해서 진행됩니다.",진료정보 | 병원 정보 | 여의사 진료 | 마취과의 진료 | 수술실 CCTV | 기본 입원실 | 사후관리 | 진료과 | 피부과 | 피부의료기기 | 슈링크 | 인모드 | 울쎄라 | 피코슈어레이저 | 엑셀브이 | 레블라이트 토닝 | 클라리티(토닝) | 아포지플러스 | 라비앙 | LDM | 슈링크유니버스 | 소프라노 티타늄 | 프락셀듀얼 | 온다(ONDA) | 마취정보 | 크림마취 | 수면마취 | 국소마취 | 주의! | 해당 병원은 시술 시 마취 진행이 가능한 병원입니다. 환자의 시술 및 수술상황과 진료의 상담을 통해서 진행됩니다.,시안의원
https://www.yeoshin.co.kr/hospitals/103834?from=events&tabmenu=INFO,0.0,,서울특별시 강남구 강남대로 406 (역삼동) 13층,0508.0353.4820,"월 화 수 목 금 토 일
10:00
 ~
 19:00 10:00
 ~
 19:00 10:00
 ~
 19:00 10:00
 ~
 19:00 10:00
 ~
 19:00 10:00
 ~
 16:00 휴진","진료정보
병원 정보
마취과의 진료
수술실 CCTV
응급처치 시스템
분야별 협진
기본 입원실
사후관리
진료과
성형외과
마취정보
크림마취
수면마취
전신마취
국소마취
주의!
해당 병원은 시술 시 마취 진행이 가능한 병원입니다. 환자의 시술 및 수술상황과 진료의 상담을 통해서 진행됩니다.",진료정보 | 병원 정보 | 마취과의 진료 | 수술실 CCTV | 응급처치 시스템 | 분야별 협진 | 기본 입원실 | 사후관리 | 진료과 | 성형외과 | 마취정보 | 크림마취 | 수면마취 | 전신마취 | 국소마취 | 주의! | 해당 병원은 시술 시 마취 진행이 가능한 병원입니다. 환자의 시술 및 수술상황과 진료의 상담을 통해서 진행됩니다.,리스펙성형외과의원
https://www.yeoshin.co.kr/hospitals/350?from=events&tabmenu=INFO,9.3,600+,서울특별시 강남구 언주로174길 29 (신사동) 3층,0508.0353.3733,"월 화 수 목 금 토 일
10:00
 ~
 19:00 10:00
 ~
 19:00 휴진 10:00
 ~
 19:00 10:00
 ~
 21:00 10:00
 ~
 17:00 휴진","진료정보
병원 정보
수술실 CCTV
응급처치 시스템
전담회복실
사후관리
외국인환자 서비스
중국어 응대
진료과
피부과
피부의료기기
슈링크
울쎄라
써마지 FLX
악센트프라임
아쿠아필
시크릿RF
브이빔퍼펙타
마취정보
크림마취
수면마취
국소마취
주의!
해당 병원은 시술 시 마취 진행이 가능한 병원입니다. 환자의 시술 및 수술상황과 진료의 상담을 통해서 진행됩니다.",진료정보 | 병원 정보 | 수술실 CCTV | 응급처치 시스템 | 전담회복실 | 사후관리 | 외국인환자 서비스 | 중국어 응대 | 진료과 | 피부과 | 피부의료기기 | 슈링크 | 울쎄라 | 써마지 FLX | 악센트프라임 | 아쿠아필 | 시크릿RF | 브이빔퍼펙타 | 마취정보 | 크림마취 | 수면마취 | 국소마취 | 주의! | 해당 병원은 시술 시 마취 진행이 가능한 병원입니다. 환자의 시술 및 수술상황과 진료의 상담을 통해서 진행됩니다.,닥터고운선의원
https://www.yeoshin.co.kr/hospitals/5081?from=events&tabmenu=INFO,9.5,1K+,서울특별시 마포구 양화로 140 (동교동) H-CUBE 7층 포레나의원,0508.0353.2218,"월 화 수 목 금 토 일
10:00
 ~
 20:30 10:00
 ~
 20:30 10:00
 ~
 20:30 10:00
 ~
 20:30 10:00
 ~
 20:30 10:00
 ~
 17:00 10:00
 ~
 17:00","진료정보
병원 정보
여의사 진료
외국인환자 서비스
외국인환자 유치병원
중국어 응대
영어 응대
일본어 응대
진료과
피부과
진료항목
색소
제모
리프팅
모공
문신제거
미백관리
보톡스
필러
실리프팅
여드름
점
홍조
피부관리
바디관리
피부의료기기
인모드
울쎄라
써마지 FLX
아쿠아필
엑셀브이
LDM(트리플)
바디인모드
노블쉐이프
크라이오셀
오투덤테라피
테라클리어
슈링크유니버스
엔코어리프팅
아포지엘리트플러스
온다(ONDA)
포텐자(비침습)
인모드Fx
인모드Forma
젠틀맥스 프로 플러스
마취정보
크림마취
주의!
해당 병원은 시술 시 마취 진행이 가능한 병원입니다. 환자의 시술 및 수술상황과 진료의 상담을 통해서 진행됩니다.",진료정보 | 병원 정보 | 여의사 진료 | 외국인환자 서비스 | 외국인환자 유치병원 | 중국어 응대 | 영어 응대 | 일본어 응대 | 진료과 | 피부과 | 진료항목 | 색소 | 제모 | 리프팅 | 모공 | 문신제거 | 미백관리 | 보톡스 | 필러 | 실리프팅 | 여드름 | 점 | 홍조 | 피부관리 | 바디관리 | 피부의료기기 | 인모드 | 울쎄라 | 써마지 FLX | 아쿠아필 | 엑셀브이 | LDM(트리플) | 바디인모드 | 노블쉐이프 | 크라이오셀 | 오투덤테라피 | 테라클리어 | 슈링크유니버스 | 엔코어리프팅 | 아포지엘리트플러스 | 온다(ONDA) | 포텐자(비침습) | 인모드Fx | 인모드Forma | 젠틀맥스 프로 플러스 | 마취정보 | 크림마취 | 주의! | 해당 병원은 시술 시 마취 진행이 가능한 병원입니다. 환자의 시술 및 수술상황과 진료의 상담을 통해서 진행됩니다.,포레나의원
https://www.yeoshin.co.kr/hospitals/5071?from=events&tabmenu=INFO,8.9,700+,서울특별시 영등포구 영중로 28 (영등포동3가) 9층,0508.0354.2924,"월 화 수 목 금 토 일
10:30
 ~
 20:30 10:30
 ~
 20:30 10:30
 ~
 20:30 10:30
 ~
 20:30 10:30
 ~
 20:30 10:00
 ~
 17:00 휴진","진료정보
진료과
피부과
피부의료기기
슈링크
인모드
울쎄라
CO2프락셀
포텐자(침습)
엑셀브이
피코인라이튼
레블라이트 토닝
아포지플러스
바디인모드
카복시테라피
카프리레이저
슈링크유니버스
포텐자(비침습)
인모드Fx
인모드Forma",진료정보 | 진료과 | 피부과 | 피부의료기기 | 슈링크 | 인모드 | 울쎄라 | CO2프락셀 | 포텐자(침습) | 엑셀브이 | 피코인라이튼 | 레블라이트 토닝 | 아포지플러스 | 바디인모드 | 카복시테라피 | 카프리레이저 | 슈링크유니버스 | 포텐자(비침습) | 인모드Fx | 인모드Forma,블리비의원(영등포점)
https://www.yeoshin.co.kr/hospitals/104065?from=events&tabmenu=INFO,0.0,,경기도 과천시 별양상가1로 13 (별양동) 교보빌딩 6층(별양동),0508.0354.7663,"월 화 수 목 금 토 일
10:00
 ~
 20:00 10:00
 ~
 19:00 10:00
 ~
 19:00 10:00
 ~
 20:00 10:00
 ~
 19:00 09:00
 ~
 14:00 휴진","진료정보
병원 정보
전문의 2명
여의사 진료
진료과
피부과
피부의료기기
슈링크
시크릿RF
엔코어리프팅
마취정보
크림마취
주의!
해당 병원은 시술 시 마취 진행이 가능한 병원입니다. 환자의 시술 및 수술상황과 진료의 상담을 통해서 진행됩니다.",진료정보 | 병원 정보 | 전문의 2명 | 여의사 진료 | 진료과 | 피부과 | 피부의료기기 | 슈링크 | 시크릿RF | 엔코어리프팅 | 마취정보 | 크림마취 | 주의! | 해당 병원은 시술 시 마취 진행이 가능한 병원입니다. 환자의 시술 및 수술상황과 진료의 상담을 통해서 진행됩니다.,오체안피부과의원(과천점)
https://www.yeoshin.co.kr/hospitals/4936?from=events&tabmenu=INFO,10.0,1+,부산광역시 해운대구 센텀2로 15 센텀릴리의원,0508.0354.2054,"월 화 수 목 금 토 일
11:00
 ~
 20:00 11:00
 ~
 20:00 11:00
 ~
 20:00 11:00
 ~
 20:00 11:00
 ~
 20:00 11:00
 ~
 16:00 휴진","진료정보
병원 정보
전문의 1명
진료과
피부과
피부의료기기
클라리티(제모)",진료정보 | 병원 정보 | 전문의 1명 | 진료과 | 피부과 | 피부의료기기 | 클라리티(제모),센텀릴리의원
https://www.yeoshin.co.kr/hospitals/104035?from=events&tabmenu=INFO,0.0,1+,서울특별시 강남구 도산대로 435 (청담동) 삼이빌딩 4층,0508.0354.3238,"월 화 수 목 금 토 일
09:30
 ~
 18:30 09:30
 ~
 18:30 휴진 09:30
 ~
 18:30 09:30
 ~
 18:30 09:30
 ~
 17:00 휴진","진료정보
병원 정보
수술실 CCTV
응급처치 시스템
분야별 협진
전담회복실
사후관리
진료과
성형외과
피부과
마취정보
크림마취
수면마취
국소마취
주의!
해당 병원은 시술 시 마취 진행이 가능한 병원입니다. 환자의 시술 및 수술상황과 진료의 상담을 통해서 진행됩니다.",진료정보 | 병원 정보 | 수술실 CCTV | 응급처치 시스템 | 분야별 협진 | 전담회복실 | 사후관리 | 진료과 | 성형외과 | 피부과 | 마취정보 | 크림마취 | 수면마취 | 국소마취 | 주의! | 해당 병원은 시술 시 마취 진행이 가능한 병원입니다. 환자의 시술 및 수술상황과 진료의 상담을 통해서 진행됩니다.,청담쥬넥스의원
https://www.yeoshin.co.kr/hospitals/103859?from=events&tabmenu=INFO,9.7,50+,서울특별시 강남구 테헤란로 337 (역삼동) 11층,0508.0353.1297,"월 화 수 목 금 토 일
10:00
 ~
 20:00 10:00
 ~
 19:00 휴진 10:00
 ~
 19:00 10:00
 ~
 20:00 10:00
 ~
 16:00 휴진","진료정보
병원 정보
전문의 1명
여의사 진료
수술실 CCTV
사후관리
피부진단기 F-RAY 촬영 >
진료과
피부과
가정의학과
피부의료기기
ASCE엑소좀
써마지 FLX
악센트프라임
아쿠아필
CO2레이저
코레지 셀핏
레블라이트 토닝
소노케어
슈링크유니버스
버츄RF
엔코어리프팅
볼뉴머
리프테라2
울쎄라피프라임
마취정보
크림마취
수면마취
국소마취
주의!
해당 병원은 시술 시 마취 진행이 가능한 병원입니다. 환자의 시술 및 수술상황과 진료의 상담을 통해서 진행됩니다.",진료정보 | 병원 정보 | 전문의 1명 | 여의사 진료 | 수술실 CCTV | 사후관리 | 피부진단기 F-RAY 촬영 > | 진료과 | 피부과 | 가정의학과 | 피부의료기기 | ASCE엑소좀 | 써마지 FLX | 악센트프라임 | 아쿠아필 | CO2레이저 | 코레지 셀핏 | 레블라이트 토닝 | 소노케어 | 슈링크유니버스 | 버츄RF | 엔코어리프팅 | 볼뉴머 | 리프테라2 | 울쎄라피프라임 | 마취정보 | 크림마취 | 수면마취 | 국소마취 | 주의! | 해당 병원은 시술 시 마취 진행이 가능한 병원입니다. 환자의 시술 및 수술상황과 진료의 상담을 통해서 진행됩니다.,더리즈의원(강남)
https://www.yeoshin.co.kr/hospitals/4738?from=events&tabmenu=INFO,9.4,400+,서울특별시 강남구 논현로 839 베이드의원,0508.0353.3673,"월 화 수 목 금 토 일
10:00
 ~
 20:00 10:00
 ~
 20:00 10:00
 ~
 20:00 10:00
 ~
 20:00 10:00
 ~
 20:00 10:00
 ~
 16:00 휴진","진료정보
병원 정보
전문의 3명
피부진단기 F-RAY 촬영 >
외국인환자 서비스
중국어 응대
영어 응대
진료과
피부과
가정의학과",진료정보 | 병원 정보 | 전문의 3명 | 피부진단기 F-RAY 촬영 > | 외국인환자 서비스 | 중국어 응대 | 영어 응대 | 진료과 | 피부과 | 가정의학과,베이드의원
https://www.yeoshin.co.kr/hospitals/5218?from=events&tabmenu=INFO,9.5,10+,강원특별자치도 원주시 능라동길 73 (무실동) 리블룸의원,0508.0353.0877,"월 화 수 목 금 토 일
10:30
 ~
 20:00 10:30
 ~
 20:00 10:30
 ~
 20:00 10:30
 ~
 20:00 10:30
 ~
 20:00 10:00
 ~
 15:00 휴진","진료정보
외국인환자 서비스
일본어 응대
중국어 응대
영어 응대
진료과
피부과
가정의학과",진료정보 | 외국인환자 서비스 | 일본어 응대 | 중국어 응대 | 영어 응대 | 진료과 | 피부과 | 가정의학과,리블룸의원(원주)
https://www.yeoshin.co.kr/hospitals/4755?from=events&tabmenu=INFO,9.3,50+,서울특별시 강남구 강남대로 446 땡큐성형외과의원,0508.0353.6942,"월 화 수 목 금 토 일
10:00
 ~
 19:00 10:00
 ~
 19:00 10:00
 ~
 19:00 10:00
 ~
 19:00 10:00
 ~
 19:00 10:00
 ~
 16:00 휴진","진료정보
병원 정보
전문의 7명
외국인환자 서비스
중국어 응대
일본어 응대
영어 응대
진료과
성형외과
피부과",진료정보 | 병원 정보 | 전문의 7명 | 외국인환자 서비스 | 중국어 응대 | 일본어 응대 | 영어 응대 | 진료과 | 성형외과 | 피부과,땡큐성형외과의원
https://www.yeoshin.co.kr/hospitals/5245?from=events&tabmenu=INFO,0.0,1+,경기도 수원시 팔달구 효원로265번길 28 (인계동) 3층 (인계동),0508.0354.3026,"월 화 수 목 금 토 일
10:30
 ~
 20:30 10:30
 ~
 20:30 10:30
 ~
 20:30 10:30
 ~
 20:30 10:30
 ~
 20:30 10:30
 ~
 16:30 휴진","진료정보
병원 정보
여의사 진료
진료과
피부과
진료항목
교근보톡스
색소
다이어트
다한증
제모
리프팅
모공
문신제거
미백관리
보톡스
필러
무좀레이저
실리프팅
액취증
여드름
흉터
점
탈모
홍조
피부관리
바디관리
피부의료기기
슈링크
인모드
울쎄라
써마지 FLX
악센트프라임
클라리티(제모)
아쿠아필
셀렉 (IPL)
포텐자(침습)
피코슈어레이저
시크릿RF
엑셀브이
코레지 셀핏
피코플러스
레블라이트 토닝
트리플바디
스마트룩스
아포지플러스
바디인모드
울핏
스펙트라 VRM4
더마아크네
프로파운드
튠페이스
플라듀오
액션2 어븀야그
이온자임
클라리티2(제모)
소프라노 레이저
슈링크유니버스
LDM Tri
셀피어스
소프라노 티타늄
이온토
아포지레이저
앙코르레이저
라셈드울트라
포텐자(비침습)
수소토닝
클라리티2(토닝)
인모드Fx
인모드Forma
마취정보
크림마취
수면마취
국소마취
주의!
해당 병원은 시술 시 마취 진행이 가능한 병원입니다. 환자의 시술 및 수술상황과 진료의 상담을 통해서 진행됩니다.",진료정보 | 병원 정보 | 여의사 진료 | 진료과 | 피부과 | 진료항목 | 교근보톡스 | 색소 | 다이어트 | 다한증 | 제모 | 리프팅 | 모공 | 문신제거 | 미백관리 | 보톡스 | 필러 | 무좀레이저 | 실리프팅 | 액취증 | 여드름 | 흉터 | 점 | 탈모 | 홍조 | 피부관리 | 바디관리 | 피부의료기기 | 슈링크 | 인모드 | 울쎄라 | 써마지 FLX | 악센트프라임 | 클라리티(제모) | 아쿠아필 | 셀렉 (IPL) | 포텐자(침습) | 피코슈어레이저 | 시크릿RF | 엑셀브이 | 코레지 셀핏 | 피코플러스 | 레블라이트 토닝 | 트리플바디 | 스마트룩스 | 아포지플러스 | 바디인모드 | 울핏 | 스펙트라 VRM4 | 더마아크네 | 프로파운드 | 튠페이스 | 플라듀오 | 액션2 어븀야그 | 이온자임 | 클라리티2(제모) | 소프라노 레이저 | 슈링크유니버스 | LDM Tri | 셀피어스 | 소프라노 티타늄 | 이온토 | 아포지레이저 | 앙코르레이저 | 라셈드울트라 | 포텐자(비침습) | 수소토닝 | 클라리티2(토닝) | 인모드Fx | 인모드Forma | 마취정보 | 크림마취 | 수면마취 | 국소마취 | 주의! | 해당 병원은 시술 시 마취 진행이 가능한 병원입니다. 환자의 시술 및 수술상황과 진료의 상담을 통해서 진행됩니다.,닉스의원(수원점)
https://www.yeoshin.co.kr/hospitals/5203?from=events&tabmenu=INFO,9.7,1+,"인천광역시 연수구 센트럴로 160 (송도동, 송도센트럴파크푸르지오) A동 2층 201호~207호",0508.0353.0869,"월 화 수 목 금 토 일
10:00
 ~
 19:00 10:00
 ~
 19:00 10:00
 ~
 21:00 휴진 10:00
 ~
 21:00 09:00
 ~
 15:00 휴진","진료정보
외국인환자 서비스
외국인환자 유치병원
진료과
성형외과
피부과
가정의학과
피부의료기기
악센트프라임
엔코어리프팅",진료정보 | 외국인환자 서비스 | 외국인환자 유치병원 | 진료과 | 성형외과 | 피부과 | 가정의학과 | 피부의료기기 | 악센트프라임 | 엔코어리프팅,피어봄의원(송도점)
https://www.yeoshin.co.kr/hospitals/104099?from=events&tabmenu=INFO,10.0,1+,광주광역시 서구 상무중앙로 43 (치평동) 212호,0508.0354.3438,"월 화 수 목 금 토 일
08:00
 ~
 21:00 08:00
 ~
 21:00 08:00
 ~
 21:00 08:00
 ~
 21:00 08:00
 ~
 21:00 08:00
 ~
 18:00 08:00
 ~
 18:00","진료정보
병원 정보
여의사 진료
진료과
피부과
피부의료기기
시크릿RF
마취정보
크림마취
주의!
해당 병원은 시술 시 마취 진행이 가능한 병원입니다. 환자의 시술 및 수술상황과 진료의 상담을 통해서 진행됩니다.",진료정보 | 병원 정보 | 여의사 진료 | 진료과 | 피부과 | 피부의료기기 | 시크릿RF | 마취정보 | 크림마취 | 주의! | 해당 병원은 시술 시 마취 진행이 가능한 병원입니다. 환자의 시술 및 수술상황과 진료의 상담을 통해서 진행됩니다.,모리프한의원
https://www.yeoshin.co.kr/hospitals/103828?from=events&tabmenu=INFO,9.8,1+,"강원특별자치도 원주시 능라동길 51 (무실동) 501호,502호",0508.0354.4136,"월 화 수 목 금 토 일
10:00
 ~
 19:00 10:00
 ~
 19:00 14:00
 ~
 19:00 10:00
 ~
 19:00 10:00
 ~
 19:00 10:00
 ~
 14:00 휴진","진료정보
병원 정보
전문의 1명
여의사 진료
수술실 CCTV
응급처치 시스템
전담회복실
사후관리
진료과
성형외과
피부과
진료항목
코재수술
안면윤곽
보형물제거
지방흡입
지방이식
안면거상
가슴성형
모발이식
보조개성형
가슴재수술
눈트임
돌출입교정
교근보톡스
색소
다이어트
다한증
제모
리프팅
모공
문신제거
미백관리
보톡스
필러
실리프팅
여드름
흉터
점
탈모
홍조
피부관리
바디관리
눈성형
눈재수술
코성형
피부의료기기
울쎄라
악센트프라임
아쿠아필
피코슈어레이저
시크릿RF
LDM(트리플)
클라리티2(제모)
실펌엑스
슈링크유니버스
피코어레이저
소프라노 티타늄
클라리티2(토닝)
마취정보
크림마취
수면마취
국소마취
주의!
해당 병원은 시술 시 마취 진행이 가능한 병원입니다. 환자의 시술 및 수술상황과 진료의 상담을 통해서 진행됩니다.",진료정보 | 병원 정보 | 전문의 1명 | 여의사 진료 | 수술실 CCTV | 응급처치 시스템 | 전담회복실 | 사후관리 | 진료과 | 성형외과 | 피부과 | 진료항목 | 코재수술 | 안면윤곽 | 보형물제거 | 지방흡입 | 지방이식 | 안면거상 | 가슴성형 | 모발이식 | 보조개성형 | 가슴재수술 | 눈트임 | 돌출입교정 | 교근보톡스 | 색소 | 다이어트 | 다한증 | 제모 | 리프팅 | 모공 | 문신제거 | 미백관리 | 보톡스 | 필러 | 실리프팅 | 여드름 | 흉터 | 점 | 탈모 | 홍조 | 피부관리 | 바디관리 | 눈성형 | 눈재수술 | 코성형 | 피부의료기기 | 울쎄라 | 악센트프라임 | 아쿠아필 | 피코슈어레이저 | 시크릿RF | LDM(트리플) | 클라리티2(제모) | 실펌엑스 | 슈링크유니버스 | 피코어레이저 | 소프라노 티타늄 | 클라리티2(토닝) | 마취정보 | 크림마취 | 수면마취 | 국소마취 | 주의! | 해당 병원은 시술 시 마취 진행이 가능한 병원입니다. 환자의 시술 및 수술상황과 진료의 상담을 통해서 진행됩니다.,강남제이스타의원
https://www.yeoshin.co.kr/hospitals/4931?from=events&tabmenu=INFO,9.3,10+,경기도 고양시 일산동구 정발산로 24 스무살의원,0508.0354.0755,"월 화 수 목 금 토 일
10:30
 ~
 19:00 10:30
 ~
 21:00 10:30
 ~
 21:00 10:30
 ~
 19:00 10:30
 ~
 21:00 10:30
 ~
 17:00 휴진","진료정보
병원 정보
전문의 1명
여의사 진료
진료과
피부과
진료항목
교근보톡스
색소
다이어트
다한증
제모
리프팅
모공
문신제거
미백관리
보톡스
필러
무좀레이저
실리프팅
여드름
흉터
점
탈모
홍조
피부관리
바디관리
마취정보
크림마취
수면마취
비수면 무통마취
국소마취
주의!
해당 병원은 시술 시 마취 진행이 가능한 병원입니다. 환자의 시술 및 수술상황과 진료의 상담을 통해서 진행됩니다.",진료정보 | 병원 정보 | 전문의 1명 | 여의사 진료 | 진료과 | 피부과 | 진료항목 | 교근보톡스 | 색소 | 다이어트 | 다한증 | 제모 | 리프팅 | 모공 | 문신제거 | 미백관리 | 보톡스 | 필러 | 무좀레이저 | 실리프팅 | 여드름 | 흉터 | 점 | 탈모 | 홍조 | 피부관리 | 바디관리 | 마취정보 | 크림마취 | 수면마취 | 비수면 무통마취 | 국소마취 | 주의! | 해당 병원은 시술 시 마취 진행이 가능한 병원입니다. 환자의 시술 및 수술상황과 진료의 상담을 통해서 진행됩니다.,스무살의원
https://www.yeoshin.co.kr/hospitals/5389?from=events&tabmenu=INFO,9.3,1+,"경기도 구리시 경춘로 219 (인창동) 골든브릿지 9,10층",0508.0353.0260,"월 화 수 목 금 토 일
10:00
 ~
 20:00 10:00
 ~
 19:00 10:00
 ~
 19:00 10:00
 ~
 19:00 10:00
 ~
 20:00 09:30
 ~
 15:00 휴진","진료정보
병원 정보
전문의 2명
여의사 진료
진료과
피부과
피부의료기기
악센트프라임
시크릿RF
마취정보
크림마취
주의!
해당 병원은 시술 시 마취 진행이 가능한 병원입니다. 환자의 시술 및 수술상황과 진료의 상담을 통해서 진행됩니다.",진료정보 | 병원 정보 | 전문의 2명 | 여의사 진료 | 진료과 | 피부과 | 피부의료기기 | 악센트프라임 | 시크릿RF | 마취정보 | 크림마취 | 주의! | 해당 병원은 시술 시 마취 진행이 가능한 병원입니다. 환자의 시술 및 수술상황과 진료의 상담을 통해서 진행됩니다.,하이엔드피부과
https://www.yeoshin.co.kr/hospitals/4979?from=events&tabmenu=INFO,9.4,50+,인천광역시 연수구 해돋이로 160-4 (송도동) 4층,0508.0354.1779,"월 화 수 목 금 토 일
10:00
 ~
 19:00 10:00
 ~
 21:00 10:00
 ~
 19:00 10:00
 ~
 19:00 10:00
 ~
 21:00 10:00
 ~
 16:00 휴진","진료정보
병원 정보
전문의 1명
진료과
성형외과
피부과
피부의료기기
아쿠아필
피코슈어레이저
시크릿RF
크라이오셀
LDM
오투덤테라피
소노케어",진료정보 | 병원 정보 | 전문의 1명 | 진료과 | 성형외과 | 피부과 | 피부의료기기 | 아쿠아필 | 피코슈어레이저 | 시크릿RF | 크라이오셀 | LDM | 오투덤테라피 | 소노케어,노블성형외과의원
https://www.yeoshin.co.kr/hospitals/731?from=events&tabmenu=INFO,10.0,1+,"서울특별시 강남구 언주로30길 21 (도곡동, 아카데미스위트) 지하1층 B101-31-1호",0508.0353.7926,"월 화 수 목 금 토 일
휴진 10:00
 ~
 18:00 10:00
 ~
 20:30 10:00
 ~
 20:30 10:00
 ~
 18:00 09:00
 ~
 16:00 휴진","진료정보
병원 정보
전문의 1명
응급처치 시스템
전담회복실
사후관리
외국인환자 서비스
영어 응대
진료과
성형외과
진료항목
지방흡입
지방이식
안면거상
색소
다이어트
리프팅
모공
눈트임
문신제거
미백관리
보톡스
필러
실리프팅
흉터
점
홍조
눈성형
눈재수술
피부의료기기
울쎄라
써마지 FLX
포토나 QX-MAX
소프웨이브
멀티셀
Q-Plus 루비레이저
텐써마
리프테라2
마취정보
크림마취
수면마취
비수면 무통마취
국소마취
주의!
해당 병원은 시술 시 마취 진행이 가능한 병원입니다. 환자의 시술 및 수술상황과 진료의 상담을 통해서 진행됩니다.",진료정보 | 병원 정보 | 전문의 1명 | 응급처치 시스템 | 전담회복실 | 사후관리 | 외국인환자 서비스 | 영어 응대 | 진료과 | 성형외과 | 진료항목 | 지방흡입 | 지방이식 | 안면거상 | 색소 | 다이어트 | 리프팅 | 모공 | 눈트임 | 문신제거 | 미백관리 | 보톡스 | 필러 | 실리프팅 | 흉터 | 점 | 홍조 | 눈성형 | 눈재수술 | 피부의료기기 | 울쎄라 | 써마지 FLX | 포토나 QX-MAX | 소프웨이브 | 멀티셀 | Q-Plus 루비레이저 | 텐써마 | 리프테라2 | 마취정보 | 크림마취 | 수면마취 | 비수면 무통마취 | 국소마취 | 주의! | 해당 병원은 시술 시 마취 진행이 가능한 병원입니다. 환자의 시술 및 수술상황과 진료의 상담을 통해서 진행됩니다.,리드성형외과의원
https://www.yeoshin.co.kr/hospitals/2836?from=events&tabmenu=INFO,7.5,10+,인천광역시 서구 중봉대로 594 비전프라자 4층 휴먼피부과의원(청라점),0508.0354.1088,"월 화 수 목 금 토 일
10:00
 ~
 20:30 10:00
 ~
 19:00 10:00
 ~
 20:30 10:00
 ~
 19:00 10:00
 ~
 20:30 10:00
 ~
 16:00 휴진","진료정보
병원 정보
전문의 4명
여의사 진료
외국인환자 서비스
외국인환자 유치병원
진료과
피부과
피부의료기기
클라리티(제모)
마취정보
크림마취
수면마취
비수면 무통마취
주의!
해당 병원은 시술 시 마취 진행이 가능한 병원입니다. 환자의 시술 및 수술상황과 진료의 상담을 통해서 진행됩니다.",진료정보 | 병원 정보 | 전문의 4명 | 여의사 진료 | 외국인환자 서비스 | 외국인환자 유치병원 | 진료과 | 피부과 | 피부의료기기 | 클라리티(제모) | 마취정보 | 크림마취 | 수면마취 | 비수면 무통마취 | 주의! | 해당 병원은 시술 시 마취 진행이 가능한 병원입니다. 환자의 시술 및 수술상황과 진료의 상담을 통해서 진행됩니다.,휴먼피부과의원(청라점)
https://www.yeoshin.co.kr/hospitals/5244?from=events&tabmenu=INFO,0.0,1+,충청남도 천안시 서북구 불당21로 67-8 (불당동) 정석프라자4차 3층 (닉스의원),0508.0354.2993,"월 화 수 목 금 토 일
10:00
 ~
 20:00 10:00
 ~
 20:00 10:00
 ~
 20:00 10:00
 ~
 20:00 10:00
 ~
 20:00 10:00
 ~
 16:00 휴진","진료정보
진료과
피부과
진료항목
교근보톡스
색소
다이어트
다한증
제모
리프팅
모공
문신제거
미백관리
보톡스
필러
무좀레이저
실리프팅
액취증
여드름
흉터
점
탈모
홍조
피부관리
바디관리
피부의료기기
슈링크
울쎄라
써마지 FLX
악센트프라임
클라리티(제모)
아쿠아필
아그네스
포텐자(침습)
피코슈어레이저
시크릿RF
미라젯
피코플러스
레블라이트 토닝
트리플바디
스마트룩스
LDM
더마아크네
프로파운드
튠페이스
플라듀오
액션2 어븀야그
이온자임
소노케어
클라리티2(제모)
소프라노 레이저
LDM Tri
엔코어리프팅
셀피어스
소프라노 티타늄
이온토
아포지엘리트플러스
아포지레이저
앙코르레이저
오푸스
포텐자(비침습)
수소토닝
클라리티2(토닝)
코레지2.0 (에그리프팅)
마취정보
크림마취
수면마취
비수면 무통마취
국소마취
주의!
해당 병원은 시술 시 마취 진행이 가능한 병원입니다. 환자의 시술 및 수술상황과 진료의 상담을 통해서 진행됩니다.",진료정보 | 진료과 | 피부과 | 진료항목 | 교근보톡스 | 색소 | 다이어트 | 다한증 | 제모 | 리프팅 | 모공 | 문신제거 | 미백관리 | 보톡스 | 필러 | 무좀레이저 | 실리프팅 | 액취증 | 여드름 | 흉터 | 점 | 탈모 | 홍조 | 피부관리 | 바디관리 | 피부의료기기 | 슈링크 | 울쎄라 | 써마지 FLX | 악센트프라임 | 클라리티(제모) | 아쿠아필 | 아그네스 | 포텐자(침습) | 피코슈어레이저 | 시크릿RF | 미라젯 | 피코플러스 | 레블라이트 토닝 | 트리플바디 | 스마트룩스 | LDM | 더마아크네 | 프로파운드 | 튠페이스 | 플라듀오 | 액션2 어븀야그 | 이온자임 | 소노케어 | 클라리티2(제모) | 소프라노 레이저 | LDM Tri | 엔코어리프팅 | 셀피어스 | 소프라노 티타늄 | 이온토 | 아포지엘리트플러스 | 아포지레이저 | 앙코르레이저 | 오푸스 | 포텐자(비침습) | 수소토닝 | 클라리티2(토닝) | 코레지2.0 (에그리프팅) | 마취정보 | 크림마취 | 수면마취 | 비수면 무통마취 | 국소마취 | 주의! | 해당 병원은 시술 시 마취 진행이 가능한 병원입니다. 환자의 시술 및 수술상황과 진료의 상담을 통해서 진행됩니다.,닉스의원(천안점)
https://www.yeoshin.co.kr/hospitals/5243?from=events&tabmenu=INFO,0.0,1+,대전광역시 서구 대덕대로 194 (둔산동) 2층 (닉스의원),0508.0354.2955,"월 화 수 목 금 토 일
10:00
 ~
 20:00 10:00
 ~
 20:00 10:00
 ~
 20:00 10:00
 ~
 20:00 10:00
 ~
 20:00 10:00
 ~
 16:00 휴진","진료정보
진료과
피부과
진료항목
교근보톡스
색소
다이어트
다한증
제모
리프팅
모공
문신제거
미백관리
보톡스
필러
무좀레이저
실리프팅
액취증
여드름
흉터
점
탈모
홍조
피부관리
바디관리
피부의료기기
울쎄라
써마지 FLX
악센트프라임
클라리티(제모)
아쿠아필
포텐자(침습)
시크릿RF
미라젯
레블라이트 토닝
트리플바디
스마트룩스
LDM
프로파운드
튠페이스
플라듀오
이온자임
소노케어
클라리티2(제모)
소프라노 레이저
LDM Tri
셀피어스
소프라노 티타늄
이온토
앙코르레이저
포텐자(비침습)
수소토닝
클라리티2(토닝)
마취정보
크림마취
수면마취
국소마취
주의!
해당 병원은 시술 시 마취 진행이 가능한 병원입니다. 환자의 시술 및 수술상황과 진료의 상담을 통해서 진행됩니다.",진료정보 | 진료과 | 피부과 | 진료항목 | 교근보톡스 | 색소 | 다이어트 | 다한증 | 제모 | 리프팅 | 모공 | 문신제거 | 미백관리 | 보톡스 | 필러 | 무좀레이저 | 실리프팅 | 액취증 | 여드름 | 흉터 | 점 | 탈모 | 홍조 | 피부관리 | 바디관리 | 피부의료기기 | 울쎄라 | 써마지 FLX | 악센트프라임 | 클라리티(제모) | 아쿠아필 | 포텐자(침습) | 시크릿RF | 미라젯 | 레블라이트 토닝 | 트리플바디 | 스마트룩스 | LDM | 프로파운드 | 튠페이스 | 플라듀오 | 이온자임 | 소노케어 | 클라리티2(제모) | 소프라노 레이저 | LDM Tri | 셀피어스 | 소프라노 티타늄 | 이온토 | 앙코르레이저 | 포텐자(비침습) | 수소토닝 | 클라리티2(토닝) | 마취정보 | 크림마취 | 수면마취 | 국소마취 | 주의! | 해당 병원은 시술 시 마취 진행이 가능한 병원입니다. 환자의 시술 및 수술상황과 진료의 상담을 통해서 진행됩니다.,닉스의원(대전점)
https://www.yeoshin.co.kr/hospitals/3112?from=events&tabmenu=INFO,10.0,1+,경기도 파주시 와석순환로 507 파크뷰의원(운정점),0508.0354.0762,"월 화 수 목 금 토 일
10:00
 ~
 19:30 10:00
 ~
 20:30 10:00
 ~
 19:30 10:00
 ~
 19:30 10:00
 ~
 20:30 09:30
 ~
 15:00 휴진","진료정보
진료과
피부과
가정의학과",진료정보 | 진료과 | 피부과 | 가정의학과,파크뷰의원(운정점)
https://www.yeoshin.co.kr/hospitals/103940?from=events&tabmenu=INFO,10.0,1+,서울특별시 강남구 강남대로 616 (신사동) 신사미타워 16층,0508.0353.1391,"월 화 수 목 금 토 일
10:00
 ~
 19:00 10:00
 ~
 19:00 10:00
 ~
 19:00 10:00
 ~
 19:00 10:00
 ~
 19:00 09:30
 ~
 15:30 휴진","진료정보
병원 정보
전문의 1명
여의사 진료
전담회복실
사후관리
진료과
성형외과
진료항목
코재수술
보형물제거
지방이식
안면거상
가슴성형
가슴재수술
리프팅
눈트임
보톡스
필러
실리프팅
흉터
피부관리
눈성형
눈재수술
코성형
피부의료기기
울쎄라
마취정보
크림마취
수면마취
비수면 무통마취
전신마취
국소마취
주의!
해당 병원은 시술 시 마취 진행이 가능한 병원입니다. 환자의 시술 및 수술상황과 진료의 상담을 통해서 진행됩니다.",진료정보 | 병원 정보 | 전문의 1명 | 여의사 진료 | 전담회복실 | 사후관리 | 진료과 | 성형외과 | 진료항목 | 코재수술 | 보형물제거 | 지방이식 | 안면거상 | 가슴성형 | 가슴재수술 | 리프팅 | 눈트임 | 보톡스 | 필러 | 실리프팅 | 흉터 | 피부관리 | 눈성형 | 눈재수술 | 코성형 | 피부의료기기 | 울쎄라 | 마취정보 | 크림마취 | 수면마취 | 비수면 무통마취 | 전신마취 | 국소마취 | 주의! | 해당 병원은 시술 시 마취 진행이 가능한 병원입니다. 환자의 시술 및 수술상황과 진료의 상담을 통해서 진행됩니다.,유이성형외과의원
https://www.yeoshin.co.kr/hospitals/4669?from=events&tabmenu=INFO,9.3,50+,대전광역시 서구 대덕대로 219 아비쥬의원(대전점),0508.0354.2871,"월 화 수 목 금 토 일
10:30
 ~
 20:30 10:30
 ~
 20:30 10:30
 ~
 20:30 10:30
 ~
 20:30 10:30
 ~
 20:30 10:30
 ~
 17:00 10:30
 ~
 17:00","진료정보
병원 정보
전문의 2명
피부의료기기
피코슈어레이저
시크릿RF",진료정보 | 병원 정보 | 전문의 2명 | 피부의료기기 | 피코슈어레이저 | 시크릿RF,아비쥬의원(대전점)
https://www.yeoshin.co.kr/hospitals/103971?from=events&tabmenu=INFO,10.0,1+,서울특별시 강서구 마곡중앙5로 81 (마곡동) 5층 청담NK피부과의원,0508.0353.1467,"월 화 수 목 금 토 일
10:00
 ~
 20:00 10:00
 ~
 19:00 10:00
 ~
 19:00 10:00
 ~
 19:00 10:00
 ~
 20:00 09:30
 ~
 14:30 휴진","진료정보
병원 정보
전문의 1명
여의사 진료
피부진단기 F-RAY 촬영 >
외국인환자 서비스
외국인환자 유치병원
진료과
피부과
피부의료기기
슈링크
클라리티(제모)
아쿠아필
시크릿RF",진료정보 | 병원 정보 | 전문의 1명 | 여의사 진료 | 피부진단기 F-RAY 촬영 > | 외국인환자 서비스 | 외국인환자 유치병원 | 진료과 | 피부과 | 피부의료기기 | 슈링크 | 클라리티(제모) | 아쿠아필 | 시크릿RF,청담엔케이피부과의원
https://www.yeoshin.co.kr/hospitals/4231?from=events&tabmenu=INFO,9.4,300+,서울특별시 서초구 강남대로 475 (반포동) 브라운성형외과의원,0508.0353.4515,"월 화 수 목 금 토 일
10:00
 ~
 19:00 10:00
 ~
 19:00 10:00
 ~
 19:00 10:00
 ~
 19:00 10:00
 ~
 20:30 10:00
 ~
 17:00 휴진","진료정보
병원 정보
전문의 3명
외국인환자 서비스
중국어 응대
영어 응대
일본어 응대
진료과
성형외과
피부과
피부의료기기
악센트프라임
아쿠아필
피코슈어레이저
시크릿RF
소노케어",진료정보 | 병원 정보 | 전문의 3명 | 외국인환자 서비스 | 중국어 응대 | 영어 응대 | 일본어 응대 | 진료과 | 성형외과 | 피부과 | 피부의료기기 | 악센트프라임 | 아쿠아필 | 피코슈어레이저 | 시크릿RF | 소노케어,브라운성형외과의원
https://www.yeoshin.co.kr/hospitals/5075?from=events&tabmenu=INFO,8.8,10+,경기도 평택시 평남로 862 (비전동) 로이드빌딩 2층,0508.0354.0339,"월 화 수 목 금 토 일
10:00
 ~
 20:30 10:00
 ~
 20:30 10:00
 ~
 20:30 10:00
 ~
 20:30 10:00
 ~
 20:30 10:00
 ~
 16:00 휴진","진료정보
진료과
피부과",진료정보 | 진료과 | 피부과,유앤아이의원(평택점)
https://www.yeoshin.co.kr/hospitals/3102?from=events&tabmenu=INFO,8.8,50+,부산광역시 부산진구 중앙대로 672 (부전동) 삼정타워 4층 제이린의원,0508.0354.2276,"월 화 수 목 금 토 일
10:30
 ~
 20:00 10:30
 ~
 20:00 10:30
 ~
 19:00 10:30
 ~
 19:00 10:30
 ~
 20:00 10:30
 ~
 14:30 휴진","진료정보
진료과
성형외과
피부과
피부의료기기
슈링크
클라리티(제모)
아쿠아필
시크릿RF
크라이오셀
LDM
오투덤테라피",진료정보 | 진료과 | 성형외과 | 피부과 | 피부의료기기 | 슈링크 | 클라리티(제모) | 아쿠아필 | 시크릿RF | 크라이오셀 | LDM | 오투덤테라피,제이린의원(서면점)
https://www.yeoshin.co.kr/hospitals/4849?from=events&tabmenu=INFO,9.2,50+,경기도 화성시 동탄역로 150 동탄오라클피부과의원,0508.0353.9999,"월 화 수 목 금 토 일
10:00
 ~
 19:00 10:00
 ~
 19:00 10:00
 ~
 19:00 10:00
 ~
 19:00 10:00
 ~
 19:00 10:00
 ~
 14:00 휴진","진료정보
병원 정보
전문의 3명
진료과
피부과
피부의료기기
슈링크
울쎄라
악센트프라임
피코슈어레이저
시크릿RF",진료정보 | 병원 정보 | 전문의 3명 | 진료과 | 피부과 | 피부의료기기 | 슈링크 | 울쎄라 | 악센트프라임 | 피코슈어레이저 | 시크릿RF,동탄오라클피부과의원
https://www.yeoshin.co.kr/hospitals/4705?from=events&tabmenu=INFO,9.5,1K+,서울특별시 강동구 올림픽로 653 뷰티스카이의원,0508.0353.3433,"월 화 수 목 금 토 일
10:30
 ~
 20:30 10:30
 ~
 20:30 10:00
 ~
 20:00 10:00
 ~
 20:00 10:30
 ~
 20:30 09:30
 ~
 16:30 휴진","진료정보
진료과
피부과
피부의료기기
울쎄라
엑셀브이
LDM(트리플)
레블라이트 토닝
볼뉴머",진료정보 | 진료과 | 피부과 | 피부의료기기 | 울쎄라 | 엑셀브이 | LDM(트리플) | 레블라이트 토닝 | 볼뉴머,뷰티스카이의원
https://www.yeoshin.co.kr/hospitals/4626?from=events&tabmenu=INFO,9.8,50+,"서울특별시 강남구 테헤란로 107 (역삼동) 8층 (역삼동, 메디타워)",0508.0353.6588,"월 화 수 목 금 토 일
10:00
 ~
 19:00 10:00
 ~
 19:00 10:00
 ~
 19:00 10:00
 ~
 19:00 10:00
 ~
 21:00 10:00
 ~
 17:00 휴진","진료정보
병원 정보
전문의 2명
여의사 진료
수술실 CCTV
전담회복실
사후관리
외국인환자 서비스
외국인환자 유치병원
중국어 응대
일본어 응대
진료과
성형외과
피부과
가정의학과
진료항목
코재수술
지방흡입
지방이식
안면거상
다이어트
다한증
리프팅
모공
눈트임
미백관리
보톡스
필러
실리프팅
여드름
점
홍조
피부관리
바디관리
눈성형
눈재수술
코성형
피부의료기기
울쎄라
써마지 FLX
아쿠아필
포텐자(침습)
올리지오
스펙트라 VRM3
LDM
슈링크유니버스
이온토
에어샤인
포텐자(비침습)",진료정보 | 병원 정보 | 전문의 2명 | 여의사 진료 | 수술실 CCTV | 전담회복실 | 사후관리 | 외국인환자 서비스 | 외국인환자 유치병원 | 중국어 응대 | 일본어 응대 | 진료과 | 성형외과 | 피부과 | 가정의학과 | 진료항목 | 코재수술 | 지방흡입 | 지방이식 | 안면거상 | 다이어트 | 다한증 | 리프팅 | 모공 | 눈트임 | 미백관리 | 보톡스 | 필러 | 실리프팅 | 여드름 | 점 | 홍조 | 피부관리 | 바디관리 | 눈성형 | 눈재수술 | 코성형 | 피부의료기기 | 울쎄라 | 써마지 FLX | 아쿠아필 | 포텐자(침습) | 올리지오 | 스펙트라 VRM3 | LDM | 슈링크유니버스 | 이온토 | 에어샤인 | 포텐자(비침습),반니성형외과의원
https://www.yeoshin.co.kr/hospitals/4974?from=events&tabmenu=INFO,9.4,50+,경기도 안양시 동안구 평촌대로217번길 15 (호계동) 파크에비뉴엘 4층,0508.0354.1067,"월 화 수 목 금 토 일
10:30
 ~
 20:30 10:30
 ~
 20:30 휴진 10:30
 ~
 20:30 10:00
 ~
 18:00 10:00
 ~
 16:00 휴진","진료정보
진료과
피부과
피부의료기기
시크릿RF",진료정보 | 진료과 | 피부과 | 피부의료기기 | 시크릿RF,연의원 범계(안양)
https://www.yeoshin.co.kr/hospitals/4986?from=events&tabmenu=INFO,9.6,1+,서울특별시 강남구 압구정로48길 26 (신사동) 동안중심의원,0508.0353.9614,"월 화 수 목 금 토 일
10:00
 ~
 19:00 10:00
 ~
 19:00 10:00
 ~
 19:00 10:00
 ~
 19:00 12:00
 ~
 21:00 10:00
 ~
 16:00 휴진","진료정보
병원 정보
전문의 2명
진료과
피부과
피부의료기기
클라리티(제모)
아쿠아필
시크릿RF
아포지플러스",진료정보 | 병원 정보 | 전문의 2명 | 진료과 | 피부과 | 피부의료기기 | 클라리티(제모) | 아쿠아필 | 시크릿RF | 아포지플러스,동안중심의원
https://www.yeoshin.co.kr/hospitals/104033?from=events&tabmenu=INFO,9.3,10+,서울특별시 강남구 논현로175길 6 (신사동) 2층,0508.0353.4989,"월 화 수 목 금 토 일
09:30
 ~
 19:00 09:30
 ~
 19:00 09:30
 ~
 19:00 09:30
 ~
 19:00 09:30
 ~
 21:00 09:30
 ~
 15:00 휴진","진료정보
병원 정보
전문의 1명
수술실 CCTV
응급처치 시스템
전담회복실
사후관리
외국인환자 서비스
일본어 응대
영어 응대
진료과
성형외과
피부과
진료항목
코재수술
지방흡입
지방이식
엉덩이성형
보조개성형
다이어트
리프팅
눈트임
보톡스
필러
실리프팅
점
피부관리
바디관리
눈성형
눈재수술
코성형
피부의료기기
울쎄라
포텐자(침습)
볼뉴머
피팅(PTING)
라페라
마취정보
크림마취
수면마취
주의!
해당 병원은 시술 시 마취 진행이 가능한 병원입니다. 환자의 시술 및 수술상황과 진료의 상담을 통해서 진행됩니다.",진료정보 | 병원 정보 | 전문의 1명 | 수술실 CCTV | 응급처치 시스템 | 전담회복실 | 사후관리 | 외국인환자 서비스 | 일본어 응대 | 영어 응대 | 진료과 | 성형외과 | 피부과 | 진료항목 | 코재수술 | 지방흡입 | 지방이식 | 엉덩이성형 | 보조개성형 | 다이어트 | 리프팅 | 눈트임 | 보톡스 | 필러 | 실리프팅 | 점 | 피부관리 | 바디관리 | 눈성형 | 눈재수술 | 코성형 | 피부의료기기 | 울쎄라 | 포텐자(침습) | 볼뉴머 | 피팅(PTING) | 라페라 | 마취정보 | 크림마취 | 수면마취 | 주의! | 해당 병원은 시술 시 마취 진행이 가능한 병원입니다. 환자의 시술 및 수술상황과 진료의 상담을 통해서 진행됩니다.,일공공성형외과의원
https://www.yeoshin.co.kr/hospitals/4848?from=events&tabmenu=INFO,9.6,100+,경기도 용인시 처인구 금령로 86 용인미하나의원,0508.0353.9926,"월 화 수 목 금 토 일
10:00
 ~
 20:30 10:00
 ~
 20:30 10:00
 ~
 20:30 10:00
 ~
 20:30 10:00
 ~
 20:30 10:00
 ~
 16:30 휴진","진료정보
병원 정보
전문의 1명
진료과
성형외과
피부과
피부의료기기
슈링크
아쿠아필
시크릿RF
크라이오셀
LDM
오투덤테라피
소노케어",진료정보 | 병원 정보 | 전문의 1명 | 진료과 | 성형외과 | 피부과 | 피부의료기기 | 슈링크 | 아쿠아필 | 시크릿RF | 크라이오셀 | LDM | 오투덤테라피 | 소노케어,용인미하나의원
https://www.yeoshin.co.kr/hospitals/72180?from=events&tabmenu=INFO,10.0,1+,경기도 광명시 철산로 24 다인빌딩 301호 (철산동),0508.0355.6373,"월 화 수 목 금 토 일
10:30
 ~
 20:30 10:30
 ~
 20:30 10:30
 ~
 20:30 10:30
 ~
 20:30 10:30
 ~
 21:00 10:00
 ~
 17:00 휴진","진료정보
병원 정보
분야별 협진
전담회복실
사후관리
피부진단기 F-RAY 촬영 >
진료과
피부과
피부의료기기
아쿠아필
피코슈어레이저
시크릿RF",진료정보 | 병원 정보 | 분야별 협진 | 전담회복실 | 사후관리 | 피부진단기 F-RAY 촬영 > | 진료과 | 피부과 | 피부의료기기 | 아쿠아필 | 피코슈어레이저 | 시크릿RF,휴먼피부과의원(광명철산점)
https://www.yeoshin.co.kr/hospitals/5401?from=events&tabmenu=INFO,9.7,10+,서울특별시 강남구 선릉로 301 (역삼동) 2층 르모아의원 (역삼동 765-3),0508.0353.6869,"월 화 수 목 금 토 일
10:00
 ~
 20:00 10:00
 ~
 20:00 10:00
 ~
 20:00 10:00
 ~
 20:00 10:00
 ~
 20:00 10:00
 ~
 16:00 휴진","진료정보
병원 정보
전문의 1명
여의사 진료
전담회복실
사후관리
진료과
성형외과
피부과
피부의료기기
울쎄라
써마지 FLX
아쿠아필
포텐자(침습)
올리지오
클라리티2(제모)
슈링크유니버스
소프라노 티타늄
포텐자(비침습)
클라리티2(토닝)
마취정보
크림마취
수면마취
비수면 무통마취
국소마취
주의!
해당 병원은 시술 시 마취 진행이 가능한 병원입니다. 환자의 시술 및 수술상황과 진료의 상담을 통해서 진행됩니다.",진료정보 | 병원 정보 | 전문의 1명 | 여의사 진료 | 전담회복실 | 사후관리 | 진료과 | 성형외과 | 피부과 | 피부의료기기 | 울쎄라 | 써마지 FLX | 아쿠아필 | 포텐자(침습) | 올리지오 | 클라리티2(제모) | 슈링크유니버스 | 소프라노 티타늄 | 포텐자(비침습) | 클라리티2(토닝) | 마취정보 | 크림마취 | 수면마취 | 비수면 무통마취 | 국소마취 | 주의! | 해당 병원은 시술 시 마취 진행이 가능한 병원입니다. 환자의 시술 및 수술상황과 진료의 상담을 통해서 진행됩니다.,르모아의원
https://www.yeoshin.co.kr/hospitals/4160?from=events&tabmenu=INFO,9.4,300+,서울시 강남구 도산대로 108 루비성형외과의원,0508.0353.1184,"월 화 수 목 금 토 일
10:00
 ~
 19:00 10:00
 ~
 19:00 10:00
 ~
 19:00 10:00
 ~
 20:30 10:00
 ~
 19:00 10:00
 ~
 19:00 휴진","진료정보
병원 정보
전문의 1명
진료과
성형외과
피부과
가정의학과",진료정보 | 병원 정보 | 전문의 1명 | 진료과 | 성형외과 | 피부과 | 가정의학과,루비성형외과의원
https://www.yeoshin.co.kr/hospitals/5148?from=events&tabmenu=INFO,9.6,300+,"서울특별시 강남구 강남대로 458 (역삼동) 809-16, 7층 닥터뉴셀 의원 강남본점",0508.0353.7963,"월 화 수 목 금 토 일
10:30
 ~
 21:00 10:30
 ~
 19:30 10:30
 ~
 19:30 10:30
 ~
 19:30 10:30
 ~
 21:00 10:30
 ~
 17:00 휴진","진료정보
병원 정보
전문의 1명
외국인환자 서비스
일본어 응대
영어 응대
중국어 응대
진료과
성형외과
피부과
진료항목
교근보톡스
색소
다이어트
다한증
제모
리프팅
모공
문신제거
미백관리
보톡스
필러
무좀레이저
실리프팅
여드름
흉터
점
탈모
홍조
피부관리
바디관리
피부의료기기
울쎄라
써마지 FLX
악센트프라임
아쿠아필
포텐자(침습)
올리지오
크라이오셀
악센토 레이저
트라이빔K
미인레이저
아비오레이저
슈링크유니버스
LDM Tri
포텐자(비침습)
인모드Fx
인모드Forma
피팅(PTING)
세르프
마취정보
크림마취
비수면 무통마취
국소마취
주의!
해당 병원은 시술 시 마취 진행이 가능한 병원입니다. 환자의 시술 및 수술상황과 진료의 상담을 통해서 진행됩니다.",진료정보 | 병원 정보 | 전문의 1명 | 외국인환자 서비스 | 일본어 응대 | 영어 응대 | 중국어 응대 | 진료과 | 성형외과 | 피부과 | 진료항목 | 교근보톡스 | 색소 | 다이어트 | 다한증 | 제모 | 리프팅 | 모공 | 문신제거 | 미백관리 | 보톡스 | 필러 | 무좀레이저 | 실리프팅 | 여드름 | 흉터 | 점 | 탈모 | 홍조 | 피부관리 | 바디관리 | 피부의료기기 | 울쎄라 | 써마지 FLX | 악센트프라임 | 아쿠아필 | 포텐자(침습) | 올리지오 | 크라이오셀 | 악센토 레이저 | 트라이빔K | 미인레이저 | 아비오레이저 | 슈링크유니버스 | LDM Tri | 포텐자(비침습) | 인모드Fx | 인모드Forma | 피팅(PTING) | 세르프 | 마취정보 | 크림마취 | 비수면 무통마취 | 국소마취 | 주의! | 해당 병원은 시술 시 마취 진행이 가능한 병원입니다. 환자의 시술 및 수술상황과 진료의 상담을 통해서 진행됩니다.,닥터뉴셀의원
https://www.yeoshin.co.kr/hospitals/5126?from=events&tabmenu=INFO,9.6,3K+,서울특별시 강남구 압구정로28길 48 (신사동) 참빌딩 2층,0508.0353.7994,"월 화 수 목 금 토 일
10:00
 ~
 20:00 10:00
 ~
 20:00 10:00
 ~
 20:00 10:00
 ~
 20:00 10:00
 ~
 20:00 10:00
 ~
 17:00 휴진","진료정보
진료과
성형외과
피부과
피부의료기기
악센트프라임",진료정보 | 진료과 | 성형외과 | 피부과 | 피부의료기기 | 악센트프라임,엔디어트의원
https://www.yeoshin.co.kr/hospitals/104102?from=events&tabmenu=INFO,0.0,1+,서울특별시 마포구 월드컵로 200 (성산동) SJ라벨라 11층,0508.0354.3447,"월 화 수 목 금 토 일
10:30
 ~
 20:30 10:30
 ~
 20:30 10:30
 ~
 20:30 10:30
 ~
 20:30 10:30
 ~
 20:30 10:30
 ~
 15:30 휴진","진료정보
병원 정보
사후관리
진료과
피부과
피부의료기기
클라리티(제모)
아쿠아필
소노케어
마취정보
크림마취
국소마취
주의!
해당 병원은 시술 시 마취 진행이 가능한 병원입니다. 환자의 시술 및 수술상황과 진료의 상담을 통해서 진행됩니다.",진료정보 | 병원 정보 | 사후관리 | 진료과 | 피부과 | 피부의료기기 | 클라리티(제모) | 아쿠아필 | 소노케어 | 마취정보 | 크림마취 | 국소마취 | 주의! | 해당 병원은 시술 시 마취 진행이 가능한 병원입니다. 환자의 시술 및 수술상황과 진료의 상담을 통해서 진행됩니다.,리베리의원(마포점)
https://www.yeoshin.co.kr/hospitals/5125?from=events&tabmenu=INFO,9.2,3K+,"경기도 파주시 경의로1240번길 19 (와동동) 월드타워15차 7층, 8층",0508.0353.9799,"월 화 수 목 금 토 일
10:00
 ~
 20:00 10:00
 ~
 20:00 10:00
 ~
 20:00 10:00
 ~
 20:00 10:00
 ~
 18:00 10:00
 ~
 16:00 휴진","진료정보
병원 정보
전문의 9명
피부진단기 F-RAY 촬영 >
외국인환자 서비스
외국인환자 유치병원
진료과
성형외과
가정의학과
치과",진료정보 | 병원 정보 | 전문의 9명 | 피부진단기 F-RAY 촬영 > | 외국인환자 서비스 | 외국인환자 유치병원 | 진료과 | 성형외과 | 가정의학과 | 치과,뷰티앤디지털치과병원
https://www.yeoshin.co.kr/hospitals/4767?from=events&tabmenu=INFO,9.1,50+,경기도 고양시 일산동구 중앙로1275번길 38-5 유앤아이의원(일산점),0508.0354.0852,"월 화 수 목 금 토 일
10:00
 ~
 20:30 10:00
 ~
 20:30 10:00
 ~
 20:30 10:00
 ~
 20:30 10:00
 ~
 20:30 10:00
 ~
 16:00 휴진","진료정보
진료과
피부과
가정의학과
피부의료기기
악센트프라임
아쿠아필",진료정보 | 진료과 | 피부과 | 가정의학과 | 피부의료기기 | 악센트프라임 | 아쿠아필,유앤아이의원(일산점)
https://www.yeoshin.co.kr/hospitals/5011?from=events&tabmenu=INFO,9.3,200+,"서울특별시 은평구 연서로 216 (대조동, 대조동아트캐슬주상복합) 3층 제너리스의원",0508.0353.9732,"월 화 수 목 금 토 일
10:30
 ~
 20:00 10:30
 ~
 20:00 10:30
 ~
 20:00 10:30
 ~
 20:00 10:30
 ~
 20:00 10:00
 ~
 17:00 휴진","진료정보
진료과
피부과
피부의료기기
ASCE엑소좀
악센트프라임
클라리티(제모)
아쿠아필
포텐자(침습)
피코슈어레이저
시크릿RF
소노케어",진료정보 | 진료과 | 피부과 | 피부의료기기 | ASCE엑소좀 | 악센트프라임 | 클라리티(제모) | 아쿠아필 | 포텐자(침습) | 피코슈어레이저 | 시크릿RF | 소노케어,제너리스의원(연신내점)
https://www.yeoshin.co.kr/hospitals/5296?from=events&tabmenu=INFO,9.5,200+,서울특별시 서초구 강남대로 509 (반포동) B동 4층,0508.0353.4393,"월 화 수 목 금 토 일
10:00
 ~
 20:00 10:00
 ~
 20:00 10:00
 ~
 20:00 10:00
 ~
 20:00 10:00
 ~
 20:00 10:00
 ~
 16:00 휴진","진료정보
병원 정보
전문의 1명
진료과
성형외과
피부과
진료항목
색소
제모
리프팅
모공
문신제거
미백관리
보톡스
필러
여드름
흉터
점
홍조
피부관리
바디관리
피부의료기기
인모드
울쎄라
써마지 FLX
악센트프라임
아쿠아필
포텐자(침습)
시크릿RF
피코플러스
젠틀맥스 프로
헐리우드 스펙트라
포텐자(비침습)
마취정보
크림마취
수면마취
비수면 무통마취
국소마취
주의!
해당 병원은 시술 시 마취 진행이 가능한 병원입니다. 환자의 시술 및 수술상황과 진료의 상담을 통해서 진행됩니다.",진료정보 | 병원 정보 | 전문의 1명 | 진료과 | 성형외과 | 피부과 | 진료항목 | 색소 | 제모 | 리프팅 | 모공 | 문신제거 | 미백관리 | 보톡스 | 필러 | 여드름 | 흉터 | 점 | 홍조 | 피부관리 | 바디관리 | 피부의료기기 | 인모드 | 울쎄라 | 써마지 FLX | 악센트프라임 | 아쿠아필 | 포텐자(침습) | 시크릿RF | 피코플러스 | 젠틀맥스 프로 | 헐리우드 스펙트라 | 포텐자(비침습) | 마취정보 | 크림마취 | 수면마취 | 비수면 무통마취 | 국소마취 | 주의! | 해당 병원은 시술 시 마취 진행이 가능한 병원입니다. 환자의 시술 및 수술상황과 진료의 상담을 통해서 진행됩니다.,딜라이트피부과의원
https://www.yeoshin.co.kr/hospitals/34?from=events&tabmenu=INFO,9.3,200+,경기도 안양시 만안구 안양로 330-1 (안양동) (안양동) 다니엘빌딩 B1~7F,0508.0354.0082,"월 화 수 목 금 토 일
10:00
 ~
 19:00 10:00
 ~
 21:00 10:00
 ~
 19:00 10:00
 ~
 19:00 10:00
 ~
 21:00 10:00
 ~
 17:00 휴진","진료정보
병원 정보
전문의 10명
여의사 진료
수술실 CCTV
응급처치 시스템
분야별 협진
기본 입원실
환자전용숙소
전담회복실
사후관리
외국인환자 서비스
영어 응대
일본어 응대
진료과
성형외과
피부과
일반외과",진료정보 | 병원 정보 | 전문의 10명 | 여의사 진료 | 수술실 CCTV | 응급처치 시스템 | 분야별 협진 | 기본 입원실 | 환자전용숙소 | 전담회복실 | 사후관리 | 외국인환자 서비스 | 영어 응대 | 일본어 응대 | 진료과 | 성형외과 | 피부과 | 일반외과,한나이브성형외과의원
https://www.yeoshin.co.kr/hospitals/5056?from=events&tabmenu=INFO,9.3,3K+,서울특별시 강남구 도산대로 119 (신사동) 2층,0508.0353.5502,"월 화 수 목 금 토 일
10:00
 ~
 19:00 10:00
 ~
 19:00 10:00
 ~
 19:00 10:00
 ~
 19:00 10:00
 ~
 19:00 10:00
 ~
 19:00 13:00
 ~
 19:00","진료정보
병원 정보
전문의 6명
여의사 진료
수술실 CCTV
피부진단기 F-RAY 촬영 >
외국인환자 서비스
일본어 응대
영어 응대
진료과
성형외과
피부과
진료항목
보톡스
필러
교근보톡스
실리프팅
액취증
다이어트
피부관리
다한증
바디관리
리프팅
모공
문신제거
마취정보
크림마취
수면마취
국소마취
주의!
해당 병원은 시술 시 마취 진행이 가능한 병원입니다. 환자의 시술 및 수술상황과 진료의 상담을 통해서 진행됩니다.",진료정보 | 병원 정보 | 전문의 6명 | 여의사 진료 | 수술실 CCTV | 피부진단기 F-RAY 촬영 > | 외국인환자 서비스 | 일본어 응대 | 영어 응대 | 진료과 | 성형외과 | 피부과 | 진료항목 | 보톡스 | 필러 | 교근보톡스 | 실리프팅 | 액취증 | 다이어트 | 피부관리 | 다한증 | 바디관리 | 리프팅 | 모공 | 문신제거 | 마취정보 | 크림마취 | 수면마취 | 국소마취 | 주의! | 해당 병원은 시술 시 마취 진행이 가능한 병원입니다. 환자의 시술 및 수술상황과 진료의 상담을 통해서 진행됩니다.,롤리팝성형외과의원
https://www.yeoshin.co.kr/hospitals/4717?from=events&tabmenu=INFO,9.0,200+,경기도 수원시 팔달구 효원로 265번길 54 유앤아이의원(수원점),0508.0354.0319,"월 화 수 목 금 토 일
10:00
 ~
 20:30 10:00
 ~
 20:30 10:00
 ~
 20:30 10:00
 ~
 20:30 10:00
 ~
 20:30 휴진 휴진","진료정보
병원 정보
전문의 1명
외국인환자 서비스
영어 응대
중국어 응대
진료과
피부과
가정의학과",진료정보 | 병원 정보 | 전문의 1명 | 외국인환자 서비스 | 영어 응대 | 중국어 응대 | 진료과 | 피부과 | 가정의학과,유앤아이의원(수원점)
https://www.yeoshin.co.kr/hospitals/4154?from=events&tabmenu=INFO,9.4,1K+,서울특별시 서초구 강남대로 613 (잠원동) 성락빌딩 5~7층,0508.0353.5368,"월 화 수 목 금 토 일
11:00
 ~
 20:30 11:00
 ~
 20:30 11:00
 ~
 20:30 11:00
 ~
 20:30 11:00
 ~
 20:30 11:00
 ~
 17:00 11:00
 ~
 17:00","진료정보
병원 정보
여의사 진료
외국인환자 서비스
중국어 응대
영어 응대
일본어 응대
진료과
성형외과
피부과
진료항목
교근보톡스
지방흡입
색소
다이어트
다한증
제모
리프팅
모공
문신제거
미백관리
보톡스
필러
실리프팅
여드름
흉터
점
홍조
피부관리
바디관리
피부의료기기
슈링크
인모드
써마지 FLX
포텐자(침습)
피코슈어레이저
엑셀브이
레블라이트 토닝
BBL레이저
아포지플러스
튠페이스
소프웨이브
리니어지
볼뉴머
온다(ONDA)
포텐자(비침습)
덴서티
인모드Fx
인모드Forma
쿨페이즈
울쎄라피프라임
마취정보
크림마취
수면마취
국소마취
주의!
해당 병원은 시술 시 마취 진행이 가능한 병원입니다. 환자의 시술 및 수술상황과 진료의 상담을 통해서 진행됩니다.",진료정보 | 병원 정보 | 여의사 진료 | 외국인환자 서비스 | 중국어 응대 | 영어 응대 | 일본어 응대 | 진료과 | 성형외과 | 피부과 | 진료항목 | 교근보톡스 | 지방흡입 | 색소 | 다이어트 | 다한증 | 제모 | 리프팅 | 모공 | 문신제거 | 미백관리 | 보톡스 | 필러 | 실리프팅 | 여드름 | 흉터 | 점 | 홍조 | 피부관리 | 바디관리 | 피부의료기기 | 슈링크 | 인모드 | 써마지 FLX | 포텐자(침습) | 피코슈어레이저 | 엑셀브이 | 레블라이트 토닝 | BBL레이저 | 아포지플러스 | 튠페이스 | 소프웨이브 | 리니어지 | 볼뉴머 | 온다(ONDA) | 포텐자(비침습) | 덴서티 | 인모드Fx | 인모드Forma | 쿨페이즈 | 울쎄라피프라임 | 마취정보 | 크림마취 | 수면마취 | 국소마취 | 주의! | 해당 병원은 시술 시 마취 진행이 가능한 병원입니다. 환자의 시술 및 수술상황과 진료의 상담을 통해서 진행됩니다.,신사에그의원
https://www.yeoshin.co.kr/hospitals/5291?from=events&tabmenu=INFO,9.5,100+,서울특별시 금천구 가산디지털2로 144 (가산동) 현대테라타워 가산DK 2층 가산시그니처정형외과의원,0508.0353.8080,"월 화 수 목 금 토 일
09:00
 ~
 20:00 09:00
 ~
 20:00 09:00
 ~
 20:00 09:00
 ~
 20:00 09:00
 ~
 20:00 09:00
 ~
 14:00 휴진","진료정보
병원 정보
전문의 1명
분야별 협진
전담회복실
진료과
피부과
정형외과
피부의료기기
ASCE엑소좀
아쿠아필
포텐자(침습)
소노케어
리프테라2
마취정보
크림마취
수면마취
비수면 무통마취
국소마취
주의!
해당 병원은 시술 시 마취 진행이 가능한 병원입니다. 환자의 시술 및 수술상황과 진료의 상담을 통해서 진행됩니다.",진료정보 | 병원 정보 | 전문의 1명 | 분야별 협진 | 전담회복실 | 진료과 | 피부과 | 정형외과 | 피부의료기기 | ASCE엑소좀 | 아쿠아필 | 포텐자(침습) | 소노케어 | 리프테라2 | 마취정보 | 크림마취 | 수면마취 | 비수면 무통마취 | 국소마취 | 주의! | 해당 병원은 시술 시 마취 진행이 가능한 병원입니다. 환자의 시술 및 수술상황과 진료의 상담을 통해서 진행됩니다.,가산시그니처정형외과의원
https://www.yeoshin.co.kr/hospitals/5091?from=events&tabmenu=INFO,9.4,50+,서울특별시 강남구 선릉로 806 (청담동) 킹콩빌딩 601호,0508.0353.1587,"월 화 수 목 금 토 일
10:00
 ~
 20:00 10:00
 ~
 20:00 휴진 10:00
 ~
 20:00 10:00
 ~
 20:00 10:00
 ~
 15:30 휴진","진료정보
병원 정보
전문의 1명
외국인환자 서비스
외국인환자 유치병원
일본어 응대
중국어 응대
영어 응대
진료과
피부과
피부의료기기
아쿠아필
피코슈어레이저
시크릿RF
크라이오셀
소노케어
마취정보
크림마취
국소마취
주의!
해당 병원은 시술 시 마취 진행이 가능한 병원입니다. 환자의 시술 및 수술상황과 진료의 상담을 통해서 진행됩니다.",진료정보 | 병원 정보 | 전문의 1명 | 외국인환자 서비스 | 외국인환자 유치병원 | 일본어 응대 | 중국어 응대 | 영어 응대 | 진료과 | 피부과 | 피부의료기기 | 아쿠아필 | 피코슈어레이저 | 시크릿RF | 크라이오셀 | 소노케어 | 마취정보 | 크림마취 | 국소마취 | 주의! | 해당 병원은 시술 시 마취 진행이 가능한 병원입니다. 환자의 시술 및 수술상황과 진료의 상담을 통해서 진행됩니다.,브리에의원
https://www.yeoshin.co.kr/hospitals/103843?from=events&tabmenu=INFO,9.7,50+,서울특별시 강남구 논현로 842 (신사동) 압구정빌딩 4층,0508.0353.0154,"월 화 수 목 금 토 일
10:00
 ~
 19:00 10:00
 ~
 19:00 10:00
 ~
 19:00 10:00
 ~
 19:00 10:00
 ~
 19:00 10:00
 ~
 17:00 휴진","진료정보
병원 정보
전문의 4명
진료과
성형외과
피부과
마취정보
수면마취
전신마취
국소마취
주의!
해당 병원은 마취통증의학과 전문의가 상주하는 병원입니다. 환자의 시술 및 수술상황과 진료의 상담을 통해서 진행됩니다.",진료정보 | 병원 정보 | 전문의 4명 | 진료과 | 성형외과 | 피부과 | 마취정보 | 수면마취 | 전신마취 | 국소마취 | 주의! | 해당 병원은 마취통증의학과 전문의가 상주하는 병원입니다. 환자의 시술 및 수술상황과 진료의 상담을 통해서 진행됩니다.,더프라이드성형외과의원
https://www.yeoshin.co.kr/hospitals/5002?from=events&tabmenu=INFO,9.5,300+,서울특별시 서초구 강남대로 407 (서초동) OPUS 407 빌딩 6층,0508.0353.9700,"월 화 수 목 금 토 일
10:00
 ~
 19:00 10:00
 ~
 19:00 10:00
 ~
 19:00 10:00
 ~
 19:00 10:00
 ~
 19:00 10:00
 ~
 17:00 휴진","진료정보
병원 정보
전문의 1명
진료과
성형외과
피부과
가정의학과
안과",진료정보 | 병원 정보 | 전문의 1명 | 진료과 | 성형외과 | 피부과 | 가정의학과 | 안과,에디션성형외과
https://www.yeoshin.co.kr/hospitals/5184?from=events&tabmenu=INFO,9.4,2K+,"서울특별시 서초구 강남대로 589 (잠원동) 5층 (잠원동, 멀버리힐스 메디컬타워)",0508.0353.4211,"월 화 수 목 금 토 일
10:00
 ~
 19:00 10:00
 ~
 19:00 10:00
 ~
 19:00 10:00
 ~
 19:00 10:00
 ~
 19:00 10:00
 ~
 16:00 휴진","진료정보
외국인환자 서비스
외국인환자 유치병원
진료과
성형외과
피부과
정형외과
진료항목
보톡스
필러
다이어트
리프팅
피부의료기기
악센트프라임
클라리티(제모)
피코슈어레이저
시크릿RF
바디인모드
튠페이스
슈링크유니버스
소프라노 티타늄
인모드Fx
인모드Forma
튠바디
마취정보
크림마취
비수면 무통마취
주의!
해당 병원은 시술 시 마취 진행이 가능한 병원입니다. 환자의 시술 및 수술상황과 진료의 상담을 통해서 진행됩니다.",진료정보 | 외국인환자 서비스 | 외국인환자 유치병원 | 진료과 | 성형외과 | 피부과 | 정형외과 | 진료항목 | 보톡스 | 필러 | 다이어트 | 리프팅 | 피부의료기기 | 악센트프라임 | 클라리티(제모) | 피코슈어레이저 | 시크릿RF | 바디인모드 | 튠페이스 | 슈링크유니버스 | 소프라노 티타늄 | 인모드Fx | 인모드Forma | 튠바디 | 마취정보 | 크림마취 | 비수면 무통마취 | 주의! | 해당 병원은 시술 시 마취 진행이 가능한 병원입니다. 환자의 시술 및 수술상황과 진료의 상담을 통해서 진행됩니다.,플래티넘의원
https://www.yeoshin.co.kr/hospitals/5461?from=events&tabmenu=INFO,0.0,1+,경기도 성남시 수정구 위례동로 147 (창곡동) 건아타워 2층 202호,0508.0353.0338,"월 화 수 목 금 토 일
10:00
 ~
 19:00 10:00
 ~
 20:00 10:00
 ~
 19:00 10:00
 ~
 19:00 10:00
 ~
 20:00 09:30
 ~
 15:30 휴진","진료정보
병원 정보
전문의 1명
여의사 진료
수술실 CCTV
기본 입원실
전담회복실
사후관리
피부진단기 F-RAY 촬영 >
진료과
피부과
산부인과
마취정보
크림마취
수면마취
국소마취
주의!
해당 병원은 시술 시 마취 진행이 가능한 병원입니다. 환자의 시술 및 수술상황과 진료의 상담을 통해서 진행됩니다.",진료정보 | 병원 정보 | 전문의 1명 | 여의사 진료 | 수술실 CCTV | 기본 입원실 | 전담회복실 | 사후관리 | 피부진단기 F-RAY 촬영 > | 진료과 | 피부과 | 산부인과 | 마취정보 | 크림마취 | 수면마취 | 국소마취 | 주의! | 해당 병원은 시술 시 마취 진행이 가능한 병원입니다. 환자의 시술 및 수술상황과 진료의 상담을 통해서 진행됩니다.,닥터스팟여성의원
https://www.yeoshin.co.kr/hospitals/271?from=events&tabmenu=INFO,9.3,10+,경기도 수원시 팔달구 권광로 199 세영빌딩6층,0508.0354.0678,"월 화 수 목 금 토 일
10:30
 ~
 20:30 10:30
 ~
 20:30 10:30
 ~
 20:30 10:30
 ~
 20:30 10:30
 ~
 20:30 10:00
 ~
 16:00 휴진","진료정보
진료과
피부과",진료정보 | 진료과 | 피부과,샤인유의원(수원점)
https://www.yeoshin.co.kr/hospitals/5256?from=events&tabmenu=INFO,9.7,200+,인천광역시 연수구 신송로 153 (송도동) 더 마란츠타워 8층,0508.0353.0839,"월 화 수 목 금 토 일
09:30
 ~
 20:00 09:30
 ~
 20:00 09:30
 ~
 20:00 09:30
 ~
 20:00 09:30
 ~
 20:00 휴진 휴진","진료정보
병원 정보
사후관리
진료과
한의과
진료항목
지방분해침
다이어트한약
다이어트침
부기관리
피부의료기기
인모드
바디인모드
인모드Fx
인모드Forma
마취정보
크림마취
주의!
해당 병원은 시술 시 마취 진행이 가능한 병원입니다. 환자의 시술 및 수술상황과 진료의 상담을 통해서 진행됩니다.",진료정보 | 병원 정보 | 사후관리 | 진료과 | 한의과 | 진료항목 | 지방분해침 | 다이어트한약 | 다이어트침 | 부기관리 | 피부의료기기 | 인모드 | 바디인모드 | 인모드Fx | 인모드Forma | 마취정보 | 크림마취 | 주의! | 해당 병원은 시술 시 마취 진행이 가능한 병원입니다. 환자의 시술 및 수술상황과 진료의 상담을 통해서 진행됩니다.,나은내일한의원
https://www.yeoshin.co.kr/hospitals/278?from=events&tabmenu=INFO,9.2,1K+,서울특별시 서초구 서초대로 77길 24 미케이의원,0508.0353.1137,"월 화 수 목 금 토 일
10:00
 ~
 19:00 10:00
 ~
 19:00 10:00
 ~
 19:00 10:00
 ~
 19:00 10:00
 ~
 19:00 10:00
 ~
 17:00 10:00
 ~
 17:00","진료정보
병원 정보
전문의 1명
분야별 협진
외국인환자 서비스
일본어 응대
진료과
성형외과
피부과
정형외과
진료항목
색소
다이어트
다한증
리프팅
모공
문신제거
미백관리
보톡스
필러
실리프팅
여드름
점
홍조
피부관리
바디관리
피부의료기기
슈링크
인모드
울쎄라
포텐자(침습)
CO2레이저
올리지오
바디인모드
에이톤 레이저
슈링크유니버스
볼뉴머
온다(ONDA)
인모드Fx
인모드Forma
마취정보
크림마취
국소마취
주의!
해당 병원은 시술 시 마취 진행이 가능한 병원입니다. 환자의 시술 및 수술상황과 진료의 상담을 통해서 진행됩니다.",진료정보 | 병원 정보 | 전문의 1명 | 분야별 협진 | 외국인환자 서비스 | 일본어 응대 | 진료과 | 성형외과 | 피부과 | 정형외과 | 진료항목 | 색소 | 다이어트 | 다한증 | 리프팅 | 모공 | 문신제거 | 미백관리 | 보톡스 | 필러 | 실리프팅 | 여드름 | 점 | 홍조 | 피부관리 | 바디관리 | 피부의료기기 | 슈링크 | 인모드 | 울쎄라 | 포텐자(침습) | CO2레이저 | 올리지오 | 바디인모드 | 에이톤 레이저 | 슈링크유니버스 | 볼뉴머 | 온다(ONDA) | 인모드Fx | 인모드Forma | 마취정보 | 크림마취 | 국소마취 | 주의! | 해당 병원은 시술 시 마취 진행이 가능한 병원입니다. 환자의 시술 및 수술상황과 진료의 상담을 통해서 진행됩니다.,미케이의원
https://www.yeoshin.co.kr/hospitals/103986?from=events&tabmenu=INFO,9.6,100+,서울특별시 강남구 테헤란로 337 (역삼동) 강남초이스병원,0508.0353.1552,"월 화 수 목 금 토 일
10:00
 ~
 20:00 10:00
 ~
 20:00 10:00
 ~
 20:00 휴진 10:00
 ~
 20:00 10:00
 ~
 15:00 휴진","진료정보
병원 정보
수술실 CCTV
응급처치 시스템
분야별 협진
기본 입원실
전담회복실
사후관리
피부진단기 F-RAY 촬영 >
외국인환자 서비스
외국인환자 유치병원
진료과
피부과
정형외과
진료항목
교근보톡스
색소
다이어트
제모
리프팅
모공
미백관리
보톡스
필러
여드름
점
홍조
피부관리
바디관리
피부의료기기
슈링크
아쿠아필
피코플러스
볼뉴머
온다(ONDA)
클라리티2(토닝)
마취정보
크림마취
수면마취
국소마취
주의!
해당 병원은 시술 시 마취 진행이 가능한 병원입니다. 환자의 시술 및 수술상황과 진료의 상담을 통해서 진행됩니다.",진료정보 | 병원 정보 | 수술실 CCTV | 응급처치 시스템 | 분야별 협진 | 기본 입원실 | 전담회복실 | 사후관리 | 피부진단기 F-RAY 촬영 > | 외국인환자 서비스 | 외국인환자 유치병원 | 진료과 | 피부과 | 정형외과 | 진료항목 | 교근보톡스 | 색소 | 다이어트 | 제모 | 리프팅 | 모공 | 미백관리 | 보톡스 | 필러 | 여드름 | 점 | 홍조 | 피부관리 | 바디관리 | 피부의료기기 | 슈링크 | 아쿠아필 | 피코플러스 | 볼뉴머 | 온다(ONDA) | 클라리티2(토닝) | 마취정보 | 크림마취 | 수면마취 | 국소마취 | 주의! | 해당 병원은 시술 시 마취 진행이 가능한 병원입니다. 환자의 시술 및 수술상황과 진료의 상담을 통해서 진행됩니다.,강남초이스병원
https://www.yeoshin.co.kr/hospitals/103985?from=events&tabmenu=INFO,10.0,1+,"서울특별시 강남구 테헤란로87길 36 (삼성동) 301~303호(삼성동, 도심공항타워)",0508.0353.1550,"월 화 수 목 금 토 일
10:30
 ~
 20:30 10:30
 ~
 20:30 10:30
 ~
 20:30 10:30
 ~
 20:30 10:30
 ~
 20:30 10:30
 ~
 16:30 10:30
 ~
 16:30","진료정보
진료과
피부과
피부의료기기
클라리티(제모)",진료정보 | 진료과 | 피부과 | 피부의료기기 | 클라리티(제모),오운의원(삼성점)
https://www.yeoshin.co.kr/hospitals/103930?from=events&tabmenu=INFO,9.5,10+,경기도 수원시 팔달구 효원로 278 (인계동) 4층(메가박스 건물),0508.0353.1328,"월 화 수 목 금 토 일
10:30
 ~
 20:30 10:30
 ~
 20:30 10:30
 ~
 20:30 10:30
 ~
 20:30 10:30
 ~
 20:30 10:00
 ~
 16:00 10:00
 ~
 16:00","진료정보
병원 정보
여의사 진료
진료과
한의과
진료항목
지방분해침
안면교정
매선
다이어트한약
흉터치료
피부의료기기
슈링크
울쎄라
헬리오스
슈링크유니버스
아포지엘리트플러스
텐써마
인모드Fx
인모드Forma",진료정보 | 병원 정보 | 여의사 진료 | 진료과 | 한의과 | 진료항목 | 지방분해침 | 안면교정 | 매선 | 다이어트한약 | 흉터치료 | 피부의료기기 | 슈링크 | 울쎄라 | 헬리오스 | 슈링크유니버스 | 아포지엘리트플러스 | 텐써마 | 인모드Fx | 인모드Forma,끗한의원(수원)
https://www.yeoshin.co.kr/hospitals/5414?from=events&tabmenu=INFO,9.5,10+,부산광역시 해운대구 센텀남대로 50 (우동) 임페리얼타워 7층 워너비의원,0508.0353.1028,"월 화 수 목 금 토 일
10:00
 ~
 19:00 10:00
 ~
 21:00 10:00
 ~
 19:00 10:00
 ~
 19:00 10:00
 ~
 21:00 10:00
 ~
 16:00 10:00
 ~
 19:00","진료정보
병원 정보
여의사 진료
마취과의 진료
수술실 CCTV
응급처치 시스템
분야별 협진
기본 입원실
전담회복실
사후관리
진료과
성형외과
피부과
피부의료기기
슈링크
인모드
울쎄라
CO2프락셀
써마지 FLX
악센트프라임
클라리티(제모)
아쿠아필
아그네스
포텐자(침습)
CO2레이저
클라리티(토닝)
LDM
카프리레이저
슈링크유니버스
매트릭셀
볼뉴머
피코라이트
포텐자(비침습)
마취정보
크림마취
수면마취
주의!
해당 병원은 시술 시 마취 진행이 가능한 병원입니다. 환자의 시술 및 수술상황과 진료의 상담을 통해서 진행됩니다.",진료정보 | 병원 정보 | 여의사 진료 | 마취과의 진료 | 수술실 CCTV | 응급처치 시스템 | 분야별 협진 | 기본 입원실 | 전담회복실 | 사후관리 | 진료과 | 성형외과 | 피부과 | 피부의료기기 | 슈링크 | 인모드 | 울쎄라 | CO2프락셀 | 써마지 FLX | 악센트프라임 | 클라리티(제모) | 아쿠아필 | 아그네스 | 포텐자(침습) | CO2레이저 | 클라리티(토닝) | LDM | 카프리레이저 | 슈링크유니버스 | 매트릭셀 | 볼뉴머 | 피코라이트 | 포텐자(비침습) | 마취정보 | 크림마취 | 수면마취 | 주의! | 해당 병원은 시술 시 마취 진행이 가능한 병원입니다. 환자의 시술 및 수술상황과 진료의 상담을 통해서 진행됩니다.,워너비의원
https://www.yeoshin.co.kr/hospitals/4712?from=events&tabmenu=INFO,9.4,50+,서울시 강남구 압구정로28길 49 수앤모성형외과의원,0508.0353.7838,"월 화 수 목 금 토 일
10:00
 ~
 19:00 10:00
 ~
 19:00 10:00
 ~
 19:00 10:00
 ~
 19:00 10:00
 ~
 21:00 10:00
 ~
 16:00 휴진","진료정보
병원 정보
전문의 1명
진료과
성형외과
피부과
진료항목
교근보톡스
모발이식
색소
다이어트
다한증
제모
리프팅
모공
문신제거
미백관리
보톡스
필러
여드름
흉터
점
탈모
홍조
피부관리
바디관리
피부의료기기
인모드
울쎄라
써마지 FLX
시크릿RF
피코인라이튼
스마트룩스
인텐스울트라
튠페이스
클라리티2(제모)
슈링크유니버스
아큐커브
클라리티2(토닝)
마취정보
크림마취
수면마취
비수면 무통마취
국소마취
주의!
해당 병원은 시술 시 마취 진행이 가능한 병원입니다. 환자의 시술 및 수술상황과 진료의 상담을 통해서 진행됩니다.",진료정보 | 병원 정보 | 전문의 1명 | 진료과 | 성형외과 | 피부과 | 진료항목 | 교근보톡스 | 모발이식 | 색소 | 다이어트 | 다한증 | 제모 | 리프팅 | 모공 | 문신제거 | 미백관리 | 보톡스 | 필러 | 여드름 | 흉터 | 점 | 탈모 | 홍조 | 피부관리 | 바디관리 | 피부의료기기 | 인모드 | 울쎄라 | 써마지 FLX | 시크릿RF | 피코인라이튼 | 스마트룩스 | 인텐스울트라 | 튠페이스 | 클라리티2(제모) | 슈링크유니버스 | 아큐커브 | 클라리티2(토닝) | 마취정보 | 크림마취 | 수면마취 | 비수면 무통마취 | 국소마취 | 주의! | 해당 병원은 시술 시 마취 진행이 가능한 병원입니다. 환자의 시술 및 수술상황과 진료의 상담을 통해서 진행됩니다.,수앤모성형외과의원
https://www.yeoshin.co.kr/hospitals/4906?from=events&tabmenu=INFO,9.2,10+,서울특별시 마포구 서강로 106 (신수동) 2층 더청담의원,0508.0354.0492,"월 화 수 목 금 토 일
09:00
 ~
 19:00 09:00
 ~
 19:00 09:00
 ~
 19:00 09:00
 ~
 19:00 09:00
 ~
 19:00 09:00
 ~
 15:00 휴진","진료정보
진료과
피부과
가정의학과
내과
피부의료기기
인모드
더블로 골드
피코플러스
마취정보
크림마취
주의!
해당 병원은 시술 시 마취 진행이 가능한 병원입니다. 환자의 시술 및 수술상황과 진료의 상담을 통해서 진행됩니다.",진료정보 | 진료과 | 피부과 | 가정의학과 | 내과 | 피부의료기기 | 인모드 | 더블로 골드 | 피코플러스 | 마취정보 | 크림마취 | 주의! | 해당 병원은 시술 시 마취 진행이 가능한 병원입니다. 환자의 시술 및 수술상황과 진료의 상담을 통해서 진행됩니다.,더청담의원
https://www.yeoshin.co.kr/hospitals/5026?from=events&tabmenu=INFO,9.2,10+,경기도 성남시 분당구 성남대로916번길 11 (야탑동) 글라스타워 3층 늘샤인의원,0508.0354.1028,"월 화 수 목 금 토 일
10:00
 ~
 19:30 10:00
 ~
 20:30 10:00
 ~
 19:30 10:00
 ~
 19:30 10:00
 ~
 20:30 10:00
 ~
 15:30 휴진","진료정보
진료과
성형외과
피부과
피부의료기기
아쿠아필",진료정보 | 진료과 | 성형외과 | 피부과 | 피부의료기기 | 아쿠아필,늘샤인의원
https://www.yeoshin.co.kr/hospitals/5074?from=events&tabmenu=INFO,10.0,1+,"경기도 군포시 고산로 248 (당동) 은하프라자, 2층",0508.0354.0049,"월 화 수 목 금 토 일
09:00
 ~
 20:00 09:00
 ~
 20:00 09:00
 ~
 20:00 09:00
 ~
 20:00 09:00
 ~
 20:00 09:00
 ~
 15:00 휴진","진료정보
병원 정보
전문의 4명
진료과
가정의학과
산부인과
내과",진료정보 | 병원 정보 | 전문의 4명 | 진료과 | 가정의학과 | 산부인과 | 내과,은하여성의원
https://www.yeoshin.co.kr/hospitals/103997?from=events&tabmenu=INFO,9.6,10+,경기도 과천시 과천대로 111 (갈현동) 과천 렉서 2층,0508.0353.9821,"월 화 수 목 금 토 일
10:00
 ~
 20:30 10:00
 ~
 20:30 10:00
 ~
 20:30 10:00
 ~
 20:30 10:00
 ~
 20:30 10:00
 ~
 17:00 휴진","진료정보
진료과
피부과
진료항목
교근보톡스
색소
다이어트
다한증
제모
리프팅
모공
미백관리
보톡스
필러
실리프팅
여드름
흉터
점
홍조
피부관리
바디관리
피부의료기기
인모드
울쎄라
피코슈어레이저
엑셀브이
미라젯
네오빔
아포지플러스
슈링크유니버스
볼뉴머
온다(ONDA)
클라리티2(토닝)
젠틀맥스 프로 플러스
마취정보
크림마취
주의!
해당 병원은 시술 시 마취 진행이 가능한 병원입니다. 환자의 시술 및 수술상황과 진료의 상담을 통해서 진행됩니다.",진료정보 | 진료과 | 피부과 | 진료항목 | 교근보톡스 | 색소 | 다이어트 | 다한증 | 제모 | 리프팅 | 모공 | 미백관리 | 보톡스 | 필러 | 실리프팅 | 여드름 | 흉터 | 점 | 홍조 | 피부관리 | 바디관리 | 피부의료기기 | 인모드 | 울쎄라 | 피코슈어레이저 | 엑셀브이 | 미라젯 | 네오빔 | 아포지플러스 | 슈링크유니버스 | 볼뉴머 | 온다(ONDA) | 클라리티2(토닝) | 젠틀맥스 프로 플러스 | 마취정보 | 크림마취 | 주의! | 해당 병원은 시술 시 마취 진행이 가능한 병원입니다. 환자의 시술 및 수술상황과 진료의 상담을 통해서 진행됩니다.,유앤아이의원(과천점)
https://www.yeoshin.co.kr/hospitals/4701?from=events&tabmenu=INFO,9.9,10+,서울시 강남구 도산대로81길 51 -,0508.0353.4138,"월 화 수 목 금 토 일
10:00
 ~
 20:00 10:00
 ~
 20:00 휴진 10:00
 ~
 20:00 10:00
 ~
 20:00 10:00
 ~
 15:30 휴진","진료정보
병원 정보
전문의 1명
진료과
성형외과
피부과
가정의학과
산부인과
내과
신경과
안과",진료정보 | 병원 정보 | 전문의 1명 | 진료과 | 성형외과 | 피부과 | 가정의학과 | 산부인과 | 내과 | 신경과 | 안과,글래시피부과의원
https://www.yeoshin.co.kr/hospitals/4599?from=events&tabmenu=INFO,9.2,2K+,서울특별시 영등포구 영중로 12 유앤아이의원(영등포점),0508.0353.1932,"월 화 수 목 금 토 일
10:00
 ~
 20:30 10:00
 ~
 20:30 10:00
 ~
 20:30 10:00
 ~
 20:30 10:00
 ~
 20:30 10:00
 ~
 17:00 10:00
 ~
 17:00","진료정보
병원 정보
여의사 진료
외국인환자 서비스
외국인환자 유치병원
일본어 응대
중국어 응대
진료과
피부과
진료항목
교근보톡스
색소
다이어트
다한증
제모
리프팅
문신제거
미백관리
보톡스
필러
실리프팅
여드름
흉터
점
홍조
피부관리
바디관리
피부의료기기
인모드
울쎄라
써마지 FLX
아쿠아필
아그네스
CO2레이저
피코슈어레이저
올리지오
피코플러스
트리플바디
네오빔
아포지플러스
LDM
카복시테라피
브이빔퍼펙타
슈링크유니버스
소프라노 티타늄
헐리우드 스펙트라
볼뉴머
컴포트 듀얼
에어샤인
온다(ONDA)
더마브이
올리지오X
클라리티2(토닝)
씨큐레이저
마취정보
크림마취
수면마취
주의!
해당 병원은 시술 시 마취 진행이 가능한 병원입니다. 환자의 시술 및 수술상황과 진료의 상담을 통해서 진행됩니다.",진료정보 | 병원 정보 | 여의사 진료 | 외국인환자 서비스 | 외국인환자 유치병원 | 일본어 응대 | 중국어 응대 | 진료과 | 피부과 | 진료항목 | 교근보톡스 | 색소 | 다이어트 | 다한증 | 제모 | 리프팅 | 문신제거 | 미백관리 | 보톡스 | 필러 | 실리프팅 | 여드름 | 흉터 | 점 | 홍조 | 피부관리 | 바디관리 | 피부의료기기 | 인모드 | 울쎄라 | 써마지 FLX | 아쿠아필 | 아그네스 | CO2레이저 | 피코슈어레이저 | 올리지오 | 피코플러스 | 트리플바디 | 네오빔 | 아포지플러스 | LDM | 카복시테라피 | 브이빔퍼펙타 | 슈링크유니버스 | 소프라노 티타늄 | 헐리우드 스펙트라 | 볼뉴머 | 컴포트 듀얼 | 에어샤인 | 온다(ONDA) | 더마브이 | 올리지오X | 클라리티2(토닝) | 씨큐레이저 | 마취정보 | 크림마취 | 수면마취 | 주의! | 해당 병원은 시술 시 마취 진행이 가능한 병원입니다. 환자의 시술 및 수술상황과 진료의 상담을 통해서 진행됩니다.,유앤아이의원(영등포점)
https://www.yeoshin.co.kr/hospitals/66?from=events&tabmenu=INFO,8.9,200+,서울특별시 서초구 강남대로 439 (서초동) 7층 크크서울의원,0508.0353.5802,"월 화 수 목 금 토 일
10:00
 ~
 19:00 10:00
 ~
 19:00 휴진 10:00
 ~
 20:00 10:00
 ~
 19:00 10:00
 ~
 16:00 휴진","진료정보
진료과
성형외과
피부과
진료항목
미백관리
보톡스
필러
여드름
흉터
점
피부관리
리프팅
모공
문신제거
마취정보
크림마취
주의!
해당 병원은 시술 시 마취 진행이 가능한 병원입니다. 환자의 시술 및 수술상황과 진료의 상담을 통해서 진행됩니다.",진료정보 | 진료과 | 성형외과 | 피부과 | 진료항목 | 미백관리 | 보톡스 | 필러 | 여드름 | 흉터 | 점 | 피부관리 | 리프팅 | 모공 | 문신제거 | 마취정보 | 크림마취 | 주의! | 해당 병원은 시술 시 마취 진행이 가능한 병원입니다. 환자의 시술 및 수술상황과 진료의 상담을 통해서 진행됩니다.,크크서울의원
https://www.yeoshin.co.kr/hospitals/4747?from=events&tabmenu=INFO,6.0,1+,경기도 김포시 풍무로 76 푸른의원,0508.0354.0803,"월 화 수 목 금 토 일
10:00
 ~
 19:00 10:00
 ~
 20:00 10:00
 ~
 19:00 10:00
 ~
 20:00 10:00
 ~
 19:00 10:00
 ~
 15:00 휴진","진료정보
병원 정보
전문의 1명
피부의료기기
아쿠아필",진료정보 | 병원 정보 | 전문의 1명 | 피부의료기기 | 아쿠아필,푸른의원
https://www.yeoshin.co.kr/hospitals/4715?from=events&tabmenu=INFO,8.9,10+,경상남도 창원시 마산회원구 양덕로 190 뷰티제이의원,0508.0354.2500,"월 화 수 목 금 토 일
10:00
 ~
 20:00 10:00
 ~
 20:00 14:00
 ~
 21:00 10:00
 ~
 20:00 10:00
 ~
 20:00 10:00
 ~
 16:00 휴진","진료정보
피부의료기기
슈링크
악센트프라임",진료정보 | 피부의료기기 | 슈링크 | 악센트프라임,뷰티제이의원
https://www.yeoshin.co.kr/hospitals/4732?from=events&tabmenu=INFO,8.8,10+,부산광역시 해운대구 센텀남대로 50 젠의원,0508.0354.2221,"월 화 수 목 금 토 일
10:00
 ~
 19:00 10:00
 ~
 19:00 10:00
 ~
 19:00 10:00
 ~
 19:00 10:00
 ~
 20:00 10:00
 ~
 14:00 휴진","진료정보
진료과
피부과
피부의료기기
악센트프라임
피코슈어레이저",진료정보 | 진료과 | 피부과 | 피부의료기기 | 악센트프라임 | 피코슈어레이저,젠의원
https://www.yeoshin.co.kr/hospitals/4802?from=events&tabmenu=INFO,8.4,10+,경기도 성남시 분당구 판교로 375 유앤아이피부과의원(판교점),0508.0354.0510,"월 화 수 목 금 토 일
09:30
 ~
 20:30 09:30
 ~
 20:30 09:30
 ~
 20:30 09:30
 ~
 20:30 09:30
 ~
 20:30 09:00
 ~
 16:00 휴진","진료정보
병원 정보
전문의 1명
진료과
피부과
피부의료기기
아쿠아필
CO2레이저",진료정보 | 병원 정보 | 전문의 1명 | 진료과 | 피부과 | 피부의료기기 | 아쿠아필 | CO2레이저,유앤아이피부과의원(판교점)
https://www.yeoshin.co.kr/hospitals/4594?from=events&tabmenu=INFO,9.4,300+,인천광역시 남동구 인하로507번길 4 (구월동) 한성빌딩 3층 301호(구월동),0508.0354.1668,"월 화 수 목 금 토 일
10:00
 ~
 20:00 10:00
 ~
 20:00 10:00
 ~
 20:00 10:00
 ~
 20:00 10:00
 ~
 20:00 10:30
 ~
 16:30 휴진","진료정보
병원 정보
전문의 1명
진료과
피부과",진료정보 | 병원 정보 | 전문의 1명 | 진료과 | 피부과,케이톡스의원(인천구월점)
https://www.yeoshin.co.kr/hospitals/4686?from=events&tabmenu=INFO,9.0,10+,대구광역시 동구 동촌로 242 연세미사랑의원,0508.0354.2430,"월 화 수 목 금 토 일
휴진 10:00
 ~
 18:00 10:00
 ~
 18:00 10:00
 ~
 18:00 10:00
 ~
 18:00 10:00
 ~
 16:00 휴진","진료정보
진료과
성형외과
피부과
피부의료기기
슈링크
악센트프라임
아쿠아필
크라이오셀
소노케어
리프테라2",진료정보 | 진료과 | 성형외과 | 피부과 | 피부의료기기 | 슈링크 | 악센트프라임 | 아쿠아필 | 크라이오셀 | 소노케어 | 리프테라2,연세미사랑의원
https://www.yeoshin.co.kr/hospitals/103844?from=events&tabmenu=INFO,9.7,400+,서울특별시 마포구 양화로 165 (동교동) 상진빌딩1202호 12층 유리에 성형외과,0508.0353.0155,"월 화 수 목 금 토 일
10:30
 ~
 19:30 10:30
 ~
 20:30 10:30
 ~
 19:30 10:30
 ~
 20:30 10:30
 ~
 19:30 10:00
 ~
 17:00 휴진","진료정보
병원 정보
전문의 2명
수술실 CCTV
응급처치 시스템
기본 입원실
전담회복실
사후관리
진료과
성형외과
피부과
진료항목
코재수술
보톡스
보형물제거
필러
지방흡입
지방이식
눈성형
리프팅
눈재수술
모공
눈트임
코성형
마취정보
크림마취
수면마취
국소마취
주의!
해당 병원은 시술 시 마취 진행이 가능한 병원입니다. 환자의 시술 및 수술상황과 진료의 상담을 통해서 진행됩니다.",진료정보 | 병원 정보 | 전문의 2명 | 수술실 CCTV | 응급처치 시스템 | 기본 입원실 | 전담회복실 | 사후관리 | 진료과 | 성형외과 | 피부과 | 진료항목 | 코재수술 | 보톡스 | 보형물제거 | 필러 | 지방흡입 | 지방이식 | 눈성형 | 리프팅 | 눈재수술 | 모공 | 눈트임 | 코성형 | 마취정보 | 크림마취 | 수면마취 | 국소마취 | 주의! | 해당 병원은 시술 시 마취 진행이 가능한 병원입니다. 환자의 시술 및 수술상황과 진료의 상담을 통해서 진행됩니다.,유리에성형외과
https://www.yeoshin.co.kr/hospitals/4819?from=events&tabmenu=INFO,9.3,50+,경기도 김포시 김포한강4로 525 유앤아이의원(김포점),0508.0354.0557,"월 화 수 목 금 토 일
10:00
 ~
 20:30 10:00
 ~
 20:30 10:00
 ~
 20:30 10:00
 ~
 20:30 10:00
 ~
 20:30 10:00
 ~
 16:00 10:00
 ~
 16:00","진료정보
진료과
피부과
가정의학과",진료정보 | 진료과 | 피부과 | 가정의학과,유앤아이의원(김포점)
https://www.yeoshin.co.kr/hospitals/484?from=events&tabmenu=INFO,9.5,5K+,서울시 서초구 강남대로 423 데이원의원(강남역점),0508.0353.7131,"월 화 수 목 금 토 일
10:30
 ~
 20:30 10:30
 ~
 20:30 10:30
 ~
 20:30 10:30
 ~
 20:30 10:30
 ~
 20:30 10:30
 ~
 16:00 휴진","진료정보
병원 정보
전문의 1명
피부의료기기
클라리티(제모)
아쿠아필
브이빔퍼펙타
텐써마",진료정보 | 병원 정보 | 전문의 1명 | 피부의료기기 | 클라리티(제모) | 아쿠아필 | 브이빔퍼펙타 | 텐써마,데이원의원(강남역점)
https://www.yeoshin.co.kr/hospitals/200?from=events&tabmenu=INFO,9.5,600+,서울시 강남구 강남대로 476 조은날의원,0508.0353.4980,"월 화 수 목 금 토 일
10:30
 ~
 20:30 10:30
 ~
 20:30 10:30
 ~
 20:30 10:30
 ~
 20:30 10:30
 ~
 20:30 10:30
 ~
 16:30 휴진","진료정보
진료과
성형외과
피부과
가정의학과
내과
정형외과",진료정보 | 진료과 | 성형외과 | 피부과 | 가정의학과 | 내과 | 정형외과,조은날의원
https://www.yeoshin.co.kr/hospitals/4909?from=events&tabmenu=INFO,9.4,10+,"경기도 구리시 산마루로 5 대방디엠시티 3층, 오운의원(구리점)",0508.0353.9945,"월 화 수 목 금 토 일
10:00
 ~
 20:00 10:00
 ~
 20:00 10:00
 ~
 20:00 10:00
 ~
 20:00 10:00
 ~
 20:00 10:00
 ~
 16:00 휴진","진료정보
병원 정보
여의사 진료
진료과
피부과",진료정보 | 병원 정보 | 여의사 진료 | 진료과 | 피부과,오운의원(구리점)
https://www.yeoshin.co.kr/hospitals/3370?from=events&tabmenu=INFO,9.7,800+,서울특별시 강남구 테헤란로 101 (역삼동) 라클라쎄의원,0508.0353.6793,"월 화 수 목 금 토 일
10:00
 ~
 20:00 10:00
 ~
 20:00 10:00
 ~
 20:00 10:00
 ~
 20:00 10:00
 ~
 20:00 10:00
 ~
 16:00 10:00
 ~
 16:00","진료정보
진료과
성형외과
피부과
진료항목
리프팅
피부의료기기
인모드
올리지오
리니어펌
버츄RF
소프라노 티타늄
텐써마
레비나스(빠샤리프팅)",진료정보 | 진료과 | 성형외과 | 피부과 | 진료항목 | 리프팅 | 피부의료기기 | 인모드 | 올리지오 | 리니어펌 | 버츄RF | 소프라노 티타늄 | 텐써마 | 레비나스(빠샤리프팅),라클라쎄의원
https://www.yeoshin.co.kr/hospitals/103958?from=events&tabmenu=INFO,0.0,1+,부산광역시 수영구 연수로 408 (광안동) 365드림치과병원 7~12층,0508.0353.1445,"월 화 수 목 금 토 일
09:30
 ~
 21:00 09:30
 ~
 21:00 09:30
 ~
 21:00 09:30
 ~
 21:00 09:30
 ~
 21:00 09:30
 ~
 17:00 09:30
 ~
 17:00","진료정보
병원 정보
전문의 6명
여의사 진료
분야별 협진
전담회복실
진료과
치과
마취정보
가글마취
수면마취
비수면 무통마취
국소마취
주의!
해당 병원은 시술 시 마취 진행이 가능한 병원입니다. 환자의 시술 및 수술상황과 진료의 상담을 통해서 진행됩니다.",진료정보 | 병원 정보 | 전문의 6명 | 여의사 진료 | 분야별 협진 | 전담회복실 | 진료과 | 치과 | 마취정보 | 가글마취 | 수면마취 | 비수면 무통마취 | 국소마취 | 주의! | 해당 병원은 시술 시 마취 진행이 가능한 병원입니다. 환자의 시술 및 수술상황과 진료의 상담을 통해서 진행됩니다.,365드림치과병원
https://www.yeoshin.co.kr/hospitals/421?from=events&tabmenu=INFO,0.0,10+,경상남도 창원시 진해구 진해대로 752 (석동) 롯데시네마 2층,0508.0354.2525,"월 화 수 목 금 토 일
10:00
 ~
 20:00 10:00
 ~
 20:00 10:00
 ~
 20:00 10:00
 ~
 20:00 10:00
 ~
 20:00 10:00
 ~
 15:00 휴진","진료정보
병원 정보
기본 입원실
환자전용숙소
전담회복실
사후관리
피부진단기 F-RAY 촬영 >
진료과
피부과
한의과
진료항목
색소
매선
다이어트
다이어트한약
흉터치료
제모
다이어트침
리프팅
모공
부기관리
문신제거
지방분해침
미백관리
안면교정
실리프팅
액취증
여드름
흉터
점
탈모
홍조
피부관리
바디관리
피부의료기기
슈링크
CO2레이저
올리지오
파스텔토닝
슈링크유니버스
브이레이저
리프테라2
마취정보
크림마취
주의!
해당 병원은 시술 시 마취 진행이 가능한 병원입니다. 환자의 시술 및 수술상황과 진료의 상담을 통해서 진행됩니다.",진료정보 | 병원 정보 | 기본 입원실 | 환자전용숙소 | 전담회복실 | 사후관리 | 피부진단기 F-RAY 촬영 > | 진료과 | 피부과 | 한의과 | 진료항목 | 색소 | 매선 | 다이어트 | 다이어트한약 | 흉터치료 | 제모 | 다이어트침 | 리프팅 | 모공 | 부기관리 | 문신제거 | 지방분해침 | 미백관리 | 안면교정 | 실리프팅 | 액취증 | 여드름 | 흉터 | 점 | 탈모 | 홍조 | 피부관리 | 바디관리 | 피부의료기기 | 슈링크 | CO2레이저 | 올리지오 | 파스텔토닝 | 슈링크유니버스 | 브이레이저 | 리프테라2 | 마취정보 | 크림마취 | 주의! | 해당 병원은 시술 시 마취 진행이 가능한 병원입니다. 환자의 시술 및 수술상황과 진료의 상담을 통해서 진행됩니다.,아이맘한의원
https://www.yeoshin.co.kr/hospitals/267?from=events&tabmenu=INFO,9.1,50+,"서울 강남구 논현로 822 3층(신사동, 로뎀빌딩)",0508.0353.3640,"월 화 수 목 금 토 일
10:00
 ~
 19:00 10:00
 ~
 19:00 10:00
 ~
 19:00 10:00
 ~
 19:00 10:00
 ~
 19:00 10:00
 ~
 16:00 휴진","진료정보
병원 정보
수술실 CCTV
응급처치 시스템
기본 입원실
사후관리
진료과
성형외과
피부과
피부의료기기
슈링크
악센트프라임
시크릿RF
브이빔퍼펙타",진료정보 | 병원 정보 | 수술실 CCTV | 응급처치 시스템 | 기본 입원실 | 사후관리 | 진료과 | 성형외과 | 피부과 | 피부의료기기 | 슈링크 | 악센트프라임 | 시크릿RF | 브이빔퍼펙타,반하다의원
https://www.yeoshin.co.kr/hospitals/4668?from=events&tabmenu=INFO,9.5,100+,인천광역시 연수구 센트럴로 160 송도비앤미의원,0508.0354.1703,"월 화 수 목 금 토 일
10:00
 ~
 19:00 10:00
 ~
 21:00 10:00
 ~
 19:00 10:00
 ~
 21:00 10:00
 ~
 19:00 09:00
 ~
 16:00 휴진","진료정보
병원 정보
전문의 1명
분야별 협진
기본 입원실
전담회복실
사후관리
외국인환자 서비스
외국인환자 유치병원
진료과
성형외과
피부과
진료항목
코재수술
보형물제거
지방흡입
지방이식
안면거상
가슴성형
엉덩이성형
보조개성형
가슴재수술
눈트임
교근보톡스
색소
다이어트
다한증
제모
리프팅
모공
문신제거
미백관리
보톡스
필러
실리프팅
액취증
여드름
흉터
점
탈모
홍조
피부관리
바디관리
눈성형
눈재수술
코성형
피부의료기기
피코슈어레이저
레블라이트 토닝
벨로디2
시너지레이저
텐쎄라
슈링크유니버스
프렉사
텐써마
마취정보
크림마취
수면마취
비수면 무통마취
국소마취
주의!
해당 병원은 시술 시 마취 진행이 가능한 병원입니다. 환자의 시술 및 수술상황과 진료의 상담을 통해서 진행됩니다.",진료정보 | 병원 정보 | 전문의 1명 | 분야별 협진 | 기본 입원실 | 전담회복실 | 사후관리 | 외국인환자 서비스 | 외국인환자 유치병원 | 진료과 | 성형외과 | 피부과 | 진료항목 | 코재수술 | 보형물제거 | 지방흡입 | 지방이식 | 안면거상 | 가슴성형 | 엉덩이성형 | 보조개성형 | 가슴재수술 | 눈트임 | 교근보톡스 | 색소 | 다이어트 | 다한증 | 제모 | 리프팅 | 모공 | 문신제거 | 미백관리 | 보톡스 | 필러 | 실리프팅 | 액취증 | 여드름 | 흉터 | 점 | 탈모 | 홍조 | 피부관리 | 바디관리 | 눈성형 | 눈재수술 | 코성형 | 피부의료기기 | 피코슈어레이저 | 레블라이트 토닝 | 벨로디2 | 시너지레이저 | 텐쎄라 | 슈링크유니버스 | 프렉사 | 텐써마 | 마취정보 | 크림마취 | 수면마취 | 비수면 무통마취 | 국소마취 | 주의! | 해당 병원은 시술 시 마취 진행이 가능한 병원입니다. 환자의 시술 및 수술상황과 진료의 상담을 통해서 진행됩니다.,송도비앤미의원
https://www.yeoshin.co.kr/hospitals/5306?from=events&tabmenu=INFO,0.0,1+,부산광역시 사하구 낙동대로 450 (당리동) 3층,0508.0353.0935,"월 화 수 목 금 토 일
09:30
 ~
 20:00 09:30
 ~
 20:00 09:30
 ~
 20:00 09:30
 ~
 20:00 09:30
 ~
 20:00 09:30
 ~
 15:00 휴진","진료정보
병원 정보
기본 입원실
사후관리
진료과
한의과
진료항목
지방분해침
매선
다이어트한약
다이어트침
피부의료기기
슈링크
시크릿RF
슈링크유니버스
마취정보
크림마취
비수면 무통마취
국소마취
주의!
해당 병원은 시술 시 마취 진행이 가능한 병원입니다. 환자의 시술 및 수술상황과 진료의 상담을 통해서 진행됩니다.",진료정보 | 병원 정보 | 기본 입원실 | 사후관리 | 진료과 | 한의과 | 진료항목 | 지방분해침 | 매선 | 다이어트한약 | 다이어트침 | 피부의료기기 | 슈링크 | 시크릿RF | 슈링크유니버스 | 마취정보 | 크림마취 | 비수면 무통마취 | 국소마취 | 주의! | 해당 병원은 시술 시 마취 진행이 가능한 병원입니다. 환자의 시술 및 수술상황과 진료의 상담을 통해서 진행됩니다.,고든몸한의원(하단점)
https://www.yeoshin.co.kr/hospitals/104074?from=events&tabmenu=INFO,0.0,1+,경기도 성남시 수정구 위례광장로 19 (창곡동) 아이페리온 409호,0508.0354.3354,"월 화 수 목 금 토 일
10:00
 ~
 20:00 10:00
 ~
 20:00 10:00
 ~
 20:00 10:00
 ~
 20:00 10:00
 ~
 20:00 10:00
 ~
 15:00 휴진","진료정보
병원 정보
사후관리
외국인환자 서비스
영어 응대
진료과
한의과
진료항목
지방분해침
안면교정
매선
다이어트한약
다이어트침
피부의료기기
슈링크
크라이오셀
엣지원프락셀
슈링크유니버스
볼뉴머
리프테라2
마취정보
크림마취
국소마취
주의!
해당 병원은 시술 시 마취 진행이 가능한 병원입니다. 환자의 시술 및 수술상황과 진료의 상담을 통해서 진행됩니다.",진료정보 | 병원 정보 | 사후관리 | 외국인환자 서비스 | 영어 응대 | 진료과 | 한의과 | 진료항목 | 지방분해침 | 안면교정 | 매선 | 다이어트한약 | 다이어트침 | 피부의료기기 | 슈링크 | 크라이오셀 | 엣지원프락셀 | 슈링크유니버스 | 볼뉴머 | 리프테라2 | 마취정보 | 크림마취 | 국소마취 | 주의! | 해당 병원은 시술 시 마취 진행이 가능한 병원입니다. 환자의 시술 및 수술상황과 진료의 상담을 통해서 진행됩니다.,위례우주한의원
https://www.yeoshin.co.kr/hospitals/5429?from=events&tabmenu=INFO,9.7,10+,대구광역시 중구 달구벌대로 2077 (계산동2가) 더현대 대구 6층,0508.0353.1086,"월 화 수 목 금 토 일
10:30
 ~
 20:00 10:30
 ~
 20:00 10:30
 ~
 20:00 10:30
 ~
 20:00 10:30
 ~
 20:30 10:30
 ~
 16:00 휴진","진료정보
병원 정보
여의사 진료
수술실 CCTV
기본 입원실
사후관리
진료과
성형외과
피부과
피부의료기기
슈링크
인모드
클라리티(제모)
아쿠아필
포텐자(침습)
피코슈어레이저
시크릿RF
리니어펌
크라이오셀
LDM
소노케어
스펙트라XT
마취정보
크림마취
수면마취
국소마취
주의!
해당 병원은 시술 시 마취 진행이 가능한 병원입니다. 환자의 시술 및 수술상황과 진료의 상담을 통해서 진행됩니다.",진료정보 | 병원 정보 | 여의사 진료 | 수술실 CCTV | 기본 입원실 | 사후관리 | 진료과 | 성형외과 | 피부과 | 피부의료기기 | 슈링크 | 인모드 | 클라리티(제모) | 아쿠아필 | 포텐자(침습) | 피코슈어레이저 | 시크릿RF | 리니어펌 | 크라이오셀 | LDM | 소노케어 | 스펙트라XT | 마취정보 | 크림마취 | 수면마취 | 국소마취 | 주의! | 해당 병원은 시술 시 마취 진행이 가능한 병원입니다. 환자의 시술 및 수술상황과 진료의 상담을 통해서 진행됩니다.,메이린의원(대구점)
https://www.yeoshin.co.kr/hospitals/3766?from=events&tabmenu=INFO,9.5,3K+,"서울시 강남구 테헤란로 107, 메디타워 14층 지우의원",0508.0353.6852,"월 화 수 목 금 토 일
10:00
 ~
 19:00 10:00
 ~
 19:00 10:00
 ~
 19:00 10:00
 ~
 19:00 10:00
 ~
 20:00 09:30
 ~
 16:30 휴진","진료정보
병원 정보
전문의 1명
여의사 진료
외국인환자 서비스
외국인환자 유치병원
일본어 응대
중국어 응대
진료과
피부과
진료항목
미백관리
필러
교근보톡스
실리프팅
여드름
점
색소
다이어트
피부관리
다한증
바디관리
리프팅
모공
피부의료기기
슈링크
인모드
써마지 FLX
아쿠아필
아그네스
포텐자(침습)
바디인모드
LDM
아이콘 맥스지
피코하이
알렉스Q
온다(ONDA)
써펙트
덴서티
클라리티2(토닝)
인모드Fx
인모드Forma
울쎄라피프라임",진료정보 | 병원 정보 | 전문의 1명 | 여의사 진료 | 외국인환자 서비스 | 외국인환자 유치병원 | 일본어 응대 | 중국어 응대 | 진료과 | 피부과 | 진료항목 | 미백관리 | 필러 | 교근보톡스 | 실리프팅 | 여드름 | 점 | 색소 | 다이어트 | 피부관리 | 다한증 | 바디관리 | 리프팅 | 모공 | 피부의료기기 | 슈링크 | 인모드 | 써마지 FLX | 아쿠아필 | 아그네스 | 포텐자(침습) | 바디인모드 | LDM | 아이콘 맥스지 | 피코하이 | 알렉스Q | 온다(ONDA) | 써펙트 | 덴서티 | 클라리티2(토닝) | 인모드Fx | 인모드Forma | 울쎄라피프라임,지우의원
https://www.yeoshin.co.kr/hospitals/79894?from=events&tabmenu=INFO,9.7,1+,광주광역시 북구 우치로 62 4층 (중흥동),0508.0354.8910,"월 화 수 목 금 토 일
09:30
 ~
 18:30 15:00
 ~
 20:00 09:30
 ~
 18:30 09:30
 ~
 18:30 09:30
 ~
 18:30 09:30
 ~
 13:00 휴진","진료정보
병원 정보
전문의 1명
진료과
피부과
산부인과
피부의료기기
슈링크
악센트프라임
플라듀오
마취정보
크림마취
주의!
해당 병원은 시술 시 마취 진행이 가능한 병원입니다. 환자의 시술 및 수술상황과 진료의 상담을 통해서 진행됩니다.",진료정보 | 병원 정보 | 전문의 1명 | 진료과 | 피부과 | 산부인과 | 피부의료기기 | 슈링크 | 악센트프라임 | 플라듀오 | 마취정보 | 크림마취 | 주의! | 해당 병원은 시술 시 마취 진행이 가능한 병원입니다. 환자의 시술 및 수술상황과 진료의 상담을 통해서 진행됩니다.,블랑여성의원
https://www.yeoshin.co.kr/hospitals/5144?from=events&tabmenu=INFO,9.5,1K+,서울특별시 강남구 강남대로 596 (논현동) 극동빌딩 6층 602호,0508.0353.5021,"월 화 수 목 금 토 일
11:00
 ~
 20:00 11:00
 ~
 20:00 11:00
 ~
 20:00 휴진 11:00
 ~
 20:00 11:00
 ~
 17:00 휴진","진료정보
진료과
성형외과
피부과
피부의료기기
슈링크
ASCE엑소좀
포텐자(침습)
엔코어리프팅
마취정보
크림마취
수면마취
국소마취
주의!
해당 병원은 시술 시 마취 진행이 가능한 병원입니다. 환자의 시술 및 수술상황과 진료의 상담을 통해서 진행됩니다.",진료정보 | 진료과 | 성형외과 | 피부과 | 피부의료기기 | 슈링크 | ASCE엑소좀 | 포텐자(침습) | 엔코어리프팅 | 마취정보 | 크림마취 | 수면마취 | 국소마취 | 주의! | 해당 병원은 시술 시 마취 진행이 가능한 병원입니다. 환자의 시술 및 수술상황과 진료의 상담을 통해서 진행됩니다.,올핏의원
https://www.yeoshin.co.kr/hospitals/103970?from=events&tabmenu=INFO,10.0,1+,"대구광역시 수성구 달구벌대로 2442 (범어동) 7층, 702호",0508.0355.0710,"월 화 수 목 금 토 일
10:00
 ~
 20:00 10:00
 ~
 20:00 10:00
 ~
 20:00 10:00
 ~
 20:00 10:00
 ~
 20:00 10:00
 ~
 17:00 휴진","진료정보
진료과
피부과
피부의료기기
시크릿RF
마취정보
크림마취
국소마취
주의!
해당 병원은 시술 시 마취 진행이 가능한 병원입니다. 환자의 시술 및 수술상황과 진료의 상담을 통해서 진행됩니다.",진료정보 | 진료과 | 피부과 | 피부의료기기 | 시크릿RF | 마취정보 | 크림마취 | 국소마취 | 주의! | 해당 병원은 시술 시 마취 진행이 가능한 병원입니다. 환자의 시술 및 수술상황과 진료의 상담을 통해서 진행됩니다.,에디트의원
https://www.yeoshin.co.kr/hospitals/3707?from=events&tabmenu=INFO,9.5,50+,경기도 수원시 영통구 도청로18번길 26 (이의동) 힐스테이트 광교중앙역 326호,0508.0353.9908,"월 화 수 목 금 토 일
10:00
 ~
 20:30 10:00
 ~
 20:30 10:00
 ~
 20:30 10:00
 ~
 20:30 10:00
 ~
 20:30 09:30
 ~
 16:30 휴진","진료정보
병원 정보
여의사 진료
진료과
성형외과
피부과
진료항목
색소
다이어트
다한증
제모
리프팅
모공
문신제거
미백관리
필러
실리프팅
흉터
점
홍조
피부관리
피부의료기기
인모드
울쎄라
써마지 FLX
악센트프라임
아쿠아필
피코슈어레이저
시크릿RF
LDM(트리플)
스킨아우라
레블라이트 토닝
네오빔
바디인모드
아리온레이저
V-RO(브이로)
슈링크유니버스
브이레이저
소프라노 티타늄
온다(ONDA)
인모드Fx
인모드Forma
젠틀맥스 프로 플러스
마취정보
크림마취
수면마취
비수면 무통마취
국소마취
주의!
해당 병원은 시술 시 마취 진행이 가능한 병원입니다. 환자의 시술 및 수술상황과 진료의 상담을 통해서 진행됩니다.",진료정보 | 병원 정보 | 여의사 진료 | 진료과 | 성형외과 | 피부과 | 진료항목 | 색소 | 다이어트 | 다한증 | 제모 | 리프팅 | 모공 | 문신제거 | 미백관리 | 필러 | 실리프팅 | 흉터 | 점 | 홍조 | 피부관리 | 피부의료기기 | 인모드 | 울쎄라 | 써마지 FLX | 악센트프라임 | 아쿠아필 | 피코슈어레이저 | 시크릿RF | LDM(트리플) | 스킨아우라 | 레블라이트 토닝 | 네오빔 | 바디인모드 | 아리온레이저 | V-RO(브이로) | 슈링크유니버스 | 브이레이저 | 소프라노 티타늄 | 온다(ONDA) | 인모드Fx | 인모드Forma | 젠틀맥스 프로 플러스 | 마취정보 | 크림마취 | 수면마취 | 비수면 무통마취 | 국소마취 | 주의! | 해당 병원은 시술 시 마취 진행이 가능한 병원입니다. 환자의 시술 및 수술상황과 진료의 상담을 통해서 진행됩니다.,디에스타의원
https://www.yeoshin.co.kr/hospitals/4687?from=events&tabmenu=INFO,9.6,10+,경기도 성남시 분당구 대왕판교로 670 루이의원,0508.0354.0411,"월 화 수 목 금 토 일
10:00
 ~
 19:30 14:00
 ~
 20:30 휴진 10:00
 ~
 19:30 10:00
 ~
 20:30 10:00
 ~
 15:00 휴진","진료정보
병원 정보
전문의 1명
진료과
피부과
가정의학과
내과
정형외과",진료정보 | 병원 정보 | 전문의 1명 | 진료과 | 피부과 | 가정의학과 | 내과 | 정형외과,루이의원
https://www.yeoshin.co.kr/hospitals/5055?from=events&tabmenu=INFO,9.7,400+,경기도 수원시 팔달구 권광로 204 (인계동) 202~205호 유니풀의원,0508.0353.9918,"월 화 수 목 금 토 일
10:30
 ~
 20:30 10:30
 ~
 20:30 10:30
 ~
 20:30 10:30
 ~
 20:30 10:30
 ~
 20:30 10:30
 ~
 16:30 10:30
 ~
 16:30","진료정보
외국인환자 서비스
중국어 응대
진료과
성형외과
피부과
진료항목
색소
제모
리프팅
모공
문신제거
미백관리
보톡스
필러
실리프팅
여드름
흉터
점
홍조
피부관리
바디관리
피부의료기기
슈링크
인모드
울쎄라
아쿠아필
피코슈어레이저
시크릿RF
레블라이트 토닝
아포지플러스
아비오레이저
텐써마
온다(ONDA)
인모드Fx
인모드Forma",진료정보 | 외국인환자 서비스 | 중국어 응대 | 진료과 | 성형외과 | 피부과 | 진료항목 | 색소 | 제모 | 리프팅 | 모공 | 문신제거 | 미백관리 | 보톡스 | 필러 | 실리프팅 | 여드름 | 흉터 | 점 | 홍조 | 피부관리 | 바디관리 | 피부의료기기 | 슈링크 | 인모드 | 울쎄라 | 아쿠아필 | 피코슈어레이저 | 시크릿RF | 레블라이트 토닝 | 아포지플러스 | 아비오레이저 | 텐써마 | 온다(ONDA) | 인모드Fx | 인모드Forma,유니풀의원
https://www.yeoshin.co.kr/hospitals/5395?from=events&tabmenu=INFO,9.9,10+,대구광역시 달서구 달구벌대로 1545 (죽전동) 골든뷰메디타워 1004호 1005,0508.0353.1101,"월 화 수 목 금 토 일
10:00
 ~
 20:00 10:00
 ~
 20:00 10:00
 ~
 20:00 10:00
 ~
 20:00 10:00
 ~
 20:00 10:00
 ~
 17:00 10:00
 ~
 17:00","진료정보
진료과
성형외과
피부과
마취정보
크림마취
수면마취
비수면 무통마취
주의!
해당 병원은 시술 시 마취 진행이 가능한 병원입니다. 환자의 시술 및 수술상황과 진료의 상담을 통해서 진행됩니다.",진료정보 | 진료과 | 성형외과 | 피부과 | 마취정보 | 크림마취 | 수면마취 | 비수면 무통마취 | 주의! | 해당 병원은 시술 시 마취 진행이 가능한 병원입니다. 환자의 시술 및 수술상황과 진료의 상담을 통해서 진행됩니다.,더차오름의원
https://www.yeoshin.co.kr/hospitals/4653?from=events&tabmenu=INFO,9.1,10+,경기도 성남시 분당구 성남대로 151 221~223호 베네핏의원,0508.0354.0486,"월 화 수 목 금 토 일
10:00
 ~
 19:30 10:00
 ~
 19:30 휴진 10:00
 ~
 19:30 10:00
 ~
 19:30 09:00
 ~
 15:00 휴진","진료정보
진료과
피부과
가정의학과
피부의료기기
피코슈어레이저
시크릿RF",진료정보 | 진료과 | 피부과 | 가정의학과 | 피부의료기기 | 피코슈어레이저 | 시크릿RF,베네핏의원
https://www.yeoshin.co.kr/hospitals/4868?from=events&tabmenu=INFO,8.0,1+,"서울특별시 서초구 강남대로 559 (잠원동) CK빌딩 9층,10층 나비성형외과",0508.0353.7002,"월 화 수 목 금 토 일
10:00
 ~
 19:00 10:00
 ~
 19:00 10:00
 ~
 19:00 10:00
 ~
 19:00 10:00
 ~
 19:00 10:00
 ~
 15:00 휴진","진료정보
병원 정보
전문의 1명
진료과
성형외과
피부과",진료정보 | 병원 정보 | 전문의 1명 | 진료과 | 성형외과 | 피부과,나비성형외과의원
https://www.yeoshin.co.kr/hospitals/2075?from=events&tabmenu=INFO,9.5,300+,서울특별시 서초구 강남대로 423 메이필클리닉,0508.0353.7137,"월 화 수 목 금 토 일
10:00
 ~
 19:00 10:00
 ~
 19:00 10:00
 ~
 19:00 10:00
 ~
 19:00 10:00
 ~
 19:00 10:00
 ~
 16:00 휴진","진료정보
병원 정보
전문의 1명
여의사 진료
수술실 CCTV
분야별 협진
전담회복실
외국인환자 서비스
외국인환자 유치병원
중국어 응대
일본어 응대
진료과
피부과
진료항목
색소
다이어트
다한증
리프팅
모공
문신제거
미백관리
보톡스
필러
실리프팅
여드름
점
홍조
피부관리
바디관리
마취정보
크림마취
수면마취
국소마취
주의!
해당 병원은 시술 시 마취 진행이 가능한 병원입니다. 환자의 시술 및 수술상황과 진료의 상담을 통해서 진행됩니다.",진료정보 | 병원 정보 | 전문의 1명 | 여의사 진료 | 수술실 CCTV | 분야별 협진 | 전담회복실 | 외국인환자 서비스 | 외국인환자 유치병원 | 중국어 응대 | 일본어 응대 | 진료과 | 피부과 | 진료항목 | 색소 | 다이어트 | 다한증 | 리프팅 | 모공 | 문신제거 | 미백관리 | 보톡스 | 필러 | 실리프팅 | 여드름 | 점 | 홍조 | 피부관리 | 바디관리 | 마취정보 | 크림마취 | 수면마취 | 국소마취 | 주의! | 해당 병원은 시술 시 마취 진행이 가능한 병원입니다. 환자의 시술 및 수술상황과 진료의 상담을 통해서 진행됩니다.,메이필클리닉
https://www.yeoshin.co.kr/hospitals/4477?from=events&tabmenu=INFO,9.3,50+,인천광역시 부평구 부평대로 19-1 원더의원,0508.0354.1974,"월 화 수 목 금 토 일
09:30
 ~
 19:30 09:30
 ~
 19:00 09:30
 ~
 19:00 09:30
 ~
 19:30 09:30
 ~
 19:00 09:00
 ~
 14:00 휴진","진료정보
병원 정보
전문의 1명
진료과
성형외과
피부과
내과",진료정보 | 병원 정보 | 전문의 1명 | 진료과 | 성형외과 | 피부과 | 내과,원더의원
https://www.yeoshin.co.kr/hospitals/5060?from=events&tabmenu=INFO,9.9,10+,제주특별자치도 제주시 노형로 378 (노형동) 청담빌딩 2층,0508.0354.2777,"월 화 수 목 금 토 일
10:00
 ~
 20:00 10:00
 ~
 19:00 10:00
 ~
 19:00 10:00
 ~
 20:00 10:00
 ~
 19:30 09:30
 ~
 15:30 휴진","진료정보
진료과
성형외과
피부과
피부의료기기
아쿠아필",진료정보 | 진료과 | 성형외과 | 피부과 | 피부의료기기 | 아쿠아필,톡스앤필(제주점)
https://www.yeoshin.co.kr/hospitals/202?from=events&tabmenu=INFO,9.5,7K+,서울시 강남구 테헤란로 513 리드림의원(의료법인미래의료재단),0508.0353.4648,"월 화 수 목 금 토 일
10:00
 ~
 19:00 10:00
 ~
 20:00 10:00
 ~
 19:00 10:00
 ~
 20:00 10:00
 ~
 19:00 10:00
 ~
 16:00 휴진",,,리드림의원(의료법인미래의료재단)
https://www.yeoshin.co.kr/hospitals/5063?from=events&tabmenu=INFO,9.5,10+,경기도 고양시 일산동구 일산로 219 (마두동) 5층 연세더나은의원,0508.0354.0850,"월 화 수 목 금 토 일
09:00
 ~
 18:30 09:00
 ~
 18:30 09:00
 ~
 18:30 휴진 09:00
 ~
 18:30 09:00
 ~
 13:00 휴진","진료정보
병원 정보
전문의 2명
진료과
성형외과
피부과
가정의학과
산부인과
내과
신경과
정형외과
안과
피부의료기기
악센트프라임
리프테라2",진료정보 | 병원 정보 | 전문의 2명 | 진료과 | 성형외과 | 피부과 | 가정의학과 | 산부인과 | 내과 | 신경과 | 정형외과 | 안과 | 피부의료기기 | 악센트프라임 | 리프테라2,연세더나은의원
https://www.yeoshin.co.kr/hospitals/5463?from=events&tabmenu=INFO,9.5,1+,경기도 성남시 수정구 수정로 285 (신흥동) 2층,0508.0353.0396,"월 화 수 목 금 토 일
10:00
 ~
 20:00 10:00
 ~
 20:00 휴진 10:00
 ~
 20:00 10:00
 ~
 20:00 10:00
 ~
 14:00 휴진","진료정보
병원 정보
여의사 진료
사후관리
피부진단기 F-RAY 촬영 >
진료과
피부과
진료항목
보톡스
필러
색소
제모
리프팅
피부의료기기
슈링크
ASCE엑소좀
아쿠아필
아그네스
포텐자(침습)
CO2레이저
오메가라이트
아포지플러스
크라이오셀
인텐스울트라
슈링크유니버스
이온토
리팟레이저
세르프
마취정보
크림마취
국소마취
주의!
해당 병원은 시술 시 마취 진행이 가능한 병원입니다. 환자의 시술 및 수술상황과 진료의 상담을 통해서 진행됩니다.",진료정보 | 병원 정보 | 여의사 진료 | 사후관리 | 피부진단기 F-RAY 촬영 > | 진료과 | 피부과 | 진료항목 | 보톡스 | 필러 | 색소 | 제모 | 리프팅 | 피부의료기기 | 슈링크 | ASCE엑소좀 | 아쿠아필 | 아그네스 | 포텐자(침습) | CO2레이저 | 오메가라이트 | 아포지플러스 | 크라이오셀 | 인텐스울트라 | 슈링크유니버스 | 이온토 | 리팟레이저 | 세르프 | 마취정보 | 크림마취 | 국소마취 | 주의! | 해당 병원은 시술 시 마취 진행이 가능한 병원입니다. 환자의 시술 및 수술상황과 진료의 상담을 통해서 진행됩니다.,루미에버의원
https://www.yeoshin.co.kr/hospitals/5095?from=events&tabmenu=INFO,9.0,1+,"경기도 고양시 덕양구 권율대로 907 (신원동) kn빌딩, 5층 일부호(530호)",0508.0353.2943,"월 화 수 목 금 토 일
10:00
 ~
 20:00 10:00
 ~
 20:00 휴진 10:00
 ~
 20:00 10:00
 ~
 20:00 10:00
 ~
 15:00 휴진","진료정보
병원 정보
전문의 2명
외국인환자 서비스
영어 응대
진료과
성형외과
피부과
피부의료기기
ASCE엑소좀
셀렉 (IPL)
포텐자(침습)
클라리티(토닝)
크라이오셀
카프리레이저
피코하이
엔코어리프팅",진료정보 | 병원 정보 | 전문의 2명 | 외국인환자 서비스 | 영어 응대 | 진료과 | 성형외과 | 피부과 | 피부의료기기 | ASCE엑소좀 | 셀렉 (IPL) | 포텐자(침습) | 클라리티(토닝) | 크라이오셀 | 카프리레이저 | 피코하이 | 엔코어리프팅,삼성노블의원(고양점)
https://www.yeoshin.co.kr/hospitals/103853?from=events&tabmenu=INFO,9.9,10+,서울특별시 서초구 서초중앙로 42 (서초동) 불르핀타워 지하2~4층,0508.0353.1038,"월 화 수 목 금 토 일
09:00
 ~
 19:00 09:00
 ~
 19:00 09:00
 ~
 21:00 09:00
 ~
 19:00 09:00
 ~
 19:00 09:00
 ~
 17:00 휴진","진료정보
병원 정보
전문의 2명
여의사 진료
기본 입원실
피부진단기 F-RAY 촬영 >
진료과
피부과
비뇨기과
내과
정형외과
한의과
피부의료기기
슈링크
아쿠아필
소노케어
마취정보
크림마취
주의!
해당 병원은 시술 시 마취 진행이 가능한 병원입니다. 환자의 시술 및 수술상황과 진료의 상담을 통해서 진행됩니다.",진료정보 | 병원 정보 | 전문의 2명 | 여의사 진료 | 기본 입원실 | 피부진단기 F-RAY 촬영 > | 진료과 | 피부과 | 비뇨기과 | 내과 | 정형외과 | 한의과 | 피부의료기기 | 슈링크 | 아쿠아필 | 소노케어 | 마취정보 | 크림마취 | 주의! | 해당 병원은 시술 시 마취 진행이 가능한 병원입니다. 환자의 시술 및 수술상황과 진료의 상담을 통해서 진행됩니다.,장덕한방병원(서초)
https://www.yeoshin.co.kr/hospitals/103839?from=events&tabmenu=INFO,10.0,1+,"서울특별시 중구 명동8길 17 (명동2가) (명동 2 가, 6층)",0508.0353.2612,"월 화 수 목 금 토 일
10:30
 ~
 20:00 10:30
 ~
 20:00 10:30
 ~
 20:00 10:30
 ~
 20:00 10:30
 ~
 20:00 10:00
 ~
 16:30 휴진","진료정보
병원 정보
전문의 1명
여의사 진료
진료과
피부과
피부의료기기
써마지 FLX
포텐자(침습)
노블린레이저
슈링크유니버스
마취정보
크림마취
주의!
해당 병원은 시술 시 마취 진행이 가능한 병원입니다. 환자의 시술 및 수술상황과 진료의 상담을 통해서 진행됩니다.",진료정보 | 병원 정보 | 전문의 1명 | 여의사 진료 | 진료과 | 피부과 | 피부의료기기 | 써마지 FLX | 포텐자(침습) | 노블린레이저 | 슈링크유니버스 | 마취정보 | 크림마취 | 주의! | 해당 병원은 시술 시 마취 진행이 가능한 병원입니다. 환자의 시술 및 수술상황과 진료의 상담을 통해서 진행됩니다.,CNP차앤박피부과(명동점)
https://www.yeoshin.co.kr/hospitals/104066?from=events&tabmenu=INFO,10.0,1+,서울특별시 강남구 선릉로 515 (역삼동) 5층,0508.0355.5748,"월 화 수 목 금 토 일
10:00
 ~
 20:00 10:00
 ~
 20:00 10:00
 ~
 20:00 10:00
 ~
 20:00 10:00
 ~
 20:00 10:00
 ~
 16:00 휴진","진료정보
병원 정보
여의사 진료
진료과
피부과
진료항목
색소
다이어트
다한증
제모
리프팅
모공
문신제거
미백관리
보톡스
필러
실리프팅
여드름
흉터
점
홍조
피부관리
바디관리
피부의료기기
플라듀오
마취정보
크림마취
국소마취
주의!
해당 병원은 시술 시 마취 진행이 가능한 병원입니다. 환자의 시술 및 수술상황과 진료의 상담을 통해서 진행됩니다.",진료정보 | 병원 정보 | 여의사 진료 | 진료과 | 피부과 | 진료항목 | 색소 | 다이어트 | 다한증 | 제모 | 리프팅 | 모공 | 문신제거 | 미백관리 | 보톡스 | 필러 | 실리프팅 | 여드름 | 흉터 | 점 | 홍조 | 피부관리 | 바디관리 | 피부의료기기 | 플라듀오 | 마취정보 | 크림마취 | 국소마취 | 주의! | 해당 병원은 시술 시 마취 진행이 가능한 병원입니다. 환자의 시술 및 수술상황과 진료의 상담을 통해서 진행됩니다.,맑은선의원
https://www.yeoshin.co.kr/hospitals/239?from=events&tabmenu=INFO,9.5,6K+,서울시 강남구 강남대로 516 메이드유의원(강남점),0508.0353.5966,"월 화 수 목 금 토 일
10:00
 ~
 19:00 10:00
 ~
 20:00 10:00
 ~
 19:00 10:00
 ~
 20:00 10:00
 ~
 19:00 10:00
 ~
 16:00 휴진","진료정보
병원 정보
전문의 1명
진료과
성형외과
피부과
가정의학과",진료정보 | 병원 정보 | 전문의 1명 | 진료과 | 성형외과 | 피부과 | 가정의학과,메이드유의원(강남점)
https://www.yeoshin.co.kr/hospitals/5024?from=events&tabmenu=INFO,9.6,100+,인천광역시 남동구 구월로 212 (구월동) 힐캐슬프라자 205호,0508.0354.1775,"월 화 수 목 금 토 일
09:30
 ~
 19:30 09:30
 ~
 19:30 09:30
 ~
 19:30 09:30
 ~
 14:00 09:30
 ~
 19:30 09:00
 ~
 14:00 휴진","진료정보
병원 정보
여의사 진료
전담회복실
사후관리
외국인환자 서비스
중국어 응대
영어 응대
진료과
성형외과
피부과
가정의학과
한의과
진료항목
안면윤곽
색소
매선
다이어트
다이어트한약
다이어트침
리프팅
모공
지방분해침
미백관리
안면교정
실리프팅
여드름
점
피부관리
피부의료기기
슈링크
CO2레이저
헬리오스
슈링크유니버스
마취정보
크림마취
국소마취
주의!
해당 병원은 시술 시 마취 진행이 가능한 병원입니다. 환자의 시술 및 수술상황과 진료의 상담을 통해서 진행됩니다.",진료정보 | 병원 정보 | 여의사 진료 | 전담회복실 | 사후관리 | 외국인환자 서비스 | 중국어 응대 | 영어 응대 | 진료과 | 성형외과 | 피부과 | 가정의학과 | 한의과 | 진료항목 | 안면윤곽 | 색소 | 매선 | 다이어트 | 다이어트한약 | 다이어트침 | 리프팅 | 모공 | 지방분해침 | 미백관리 | 안면교정 | 실리프팅 | 여드름 | 점 | 피부관리 | 피부의료기기 | 슈링크 | CO2레이저 | 헬리오스 | 슈링크유니버스 | 마취정보 | 크림마취 | 국소마취 | 주의! | 해당 병원은 시술 시 마취 진행이 가능한 병원입니다. 환자의 시술 및 수술상황과 진료의 상담을 통해서 진행됩니다.,포메디한의원
https://www.yeoshin.co.kr/hospitals/4162?from=events&tabmenu=INFO,9.5,400+,서울시 강남구 강남대로 390 서울페이스21치과병원,0508.0353.6443,"월 화 수 목 금 토 일
10:00
 ~
 19:00 10:00
 ~
 19:00 10:00
 ~
 21:00 10:00
 ~
 19:00 10:00
 ~
 19:00 10:00
 ~
 14:00 휴진","진료정보
병원 정보
전문의 1명
진료과
성형외과
치과",진료정보 | 병원 정보 | 전문의 1명 | 진료과 | 성형외과 | 치과,서울페이스21치과병원
https://www.yeoshin.co.kr/hospitals/103832?from=events&tabmenu=INFO,9.5,10+,서울특별시 서초구 나루터로 80 (잠원동) (자은빌딩) 3층,0508.0353.0151,"월 화 수 목 금 토 일
10:00
 ~
 20:00 10:00
 ~
 20:00 10:00
 ~
 20:00 10:00
 ~
 20:00 10:00
 ~
 20:00 10:00
 ~
 16:00 휴진","진료정보
외국인환자 서비스
일본어 응대
진료과
성형외과
피부과
진료항목
교근보톡스
색소
다이어트
다한증
제모
리프팅
모공
문신제거
미백관리
보톡스
필러
실리프팅
액취증
여드름
점
피부관리
바디관리
피부의료기기
울쎄라
아쿠아필
포텐자(침습)
올리지오
비키니레이저
루카스 레이저
다이아소노
카복시테라피
악센토 레이저
슈링크유니버스
피코하이
볼뉴머
온다(ONDA)
마취정보
크림마취
수면마취
국소마취
주의!
해당 병원은 시술 시 마취 진행이 가능한 병원입니다. 환자의 시술 및 수술상황과 진료의 상담을 통해서 진행됩니다.",진료정보 | 외국인환자 서비스 | 일본어 응대 | 진료과 | 성형외과 | 피부과 | 진료항목 | 교근보톡스 | 색소 | 다이어트 | 다한증 | 제모 | 리프팅 | 모공 | 문신제거 | 미백관리 | 보톡스 | 필러 | 실리프팅 | 액취증 | 여드름 | 점 | 피부관리 | 바디관리 | 피부의료기기 | 울쎄라 | 아쿠아필 | 포텐자(침습) | 올리지오 | 비키니레이저 | 루카스 레이저 | 다이아소노 | 카복시테라피 | 악센토 레이저 | 슈링크유니버스 | 피코하이 | 볼뉴머 | 온다(ONDA) | 마취정보 | 크림마취 | 수면마취 | 국소마취 | 주의! | 해당 병원은 시술 시 마취 진행이 가능한 병원입니다. 환자의 시술 및 수술상황과 진료의 상담을 통해서 진행됩니다.,더이뻐의원
https://www.yeoshin.co.kr/hospitals/104005?from=events&tabmenu=INFO,9.0,1+,서울특별시 강남구 논현로 836 (신사동) 5층,0508.0354.3086,"월 화 수 목 금 토 일
10:00
 ~
 19:00 10:00
 ~
 19:00 10:00
 ~
 19:00 10:00
 ~
 19:00 10:00
 ~
 21:00 10:00
 ~
 16:00 휴진","진료정보
병원 정보
전문의 1명
수술실 CCTV
응급처치 시스템
진료과
성형외과
마취정보
크림마취
수면마취
전신마취
국소마취
주의!
해당 병원은 시술 시 마취 진행이 가능한 병원입니다. 환자의 시술 및 수술상황과 진료의 상담을 통해서 진행됩니다.",진료정보 | 병원 정보 | 전문의 1명 | 수술실 CCTV | 응급처치 시스템 | 진료과 | 성형외과 | 마취정보 | 크림마취 | 수면마취 | 전신마취 | 국소마취 | 주의! | 해당 병원은 시술 시 마취 진행이 가능한 병원입니다. 환자의 시술 및 수술상황과 진료의 상담을 통해서 진행됩니다.,유니성형외과의원
https://www.yeoshin.co.kr/hospitals/441?from=events&tabmenu=INFO,9.7,200+,서울시 서초구 강남대로 563 페이토플라자 빌딩 3층,0508.0353.3851,"월 화 수 목 금 토 일
10:00
 ~
 19:00 10:00
 ~
 19:00 10:00
 ~
 19:00 10:00
 ~
 19:00 10:00
 ~
 19:00 10:00
 ~
 16:00 휴진","진료정보
병원 정보
전문의 4명
수술실 CCTV
전담회복실
사후관리
진료과
성형외과
피부과
마취정보
크림마취
수면마취
국소마취
주의!
해당 병원은 시술 시 마취 진행이 가능한 병원입니다. 환자의 시술 및 수술상황과 진료의 상담을 통해서 진행됩니다.",진료정보 | 병원 정보 | 전문의 4명 | 수술실 CCTV | 전담회복실 | 사후관리 | 진료과 | 성형외과 | 피부과 | 마취정보 | 크림마취 | 수면마취 | 국소마취 | 주의! | 해당 병원은 시술 시 마취 진행이 가능한 병원입니다. 환자의 시술 및 수술상황과 진료의 상담을 통해서 진행됩니다.,하이봄성형외과
https://www.yeoshin.co.kr/hospitals/104046?from=events&tabmenu=INFO,10.0,1+,"서울특별시 송파구 송파대로 562 (신천동, 웰리스타워,삼성웰리스아파트) 잠실온피부과의원",0508.0354.3275,"월 화 수 목 금 토 일
10:00
 ~
 20:00 10:00
 ~
 20:00 10:00
 ~
 20:00 10:00
 ~
 20:00 10:00
 ~
 20:00 10:00
 ~
 16:00 휴진","진료정보
병원 정보
전문의 2명
여의사 진료
사후관리
진료과
피부과
피부의료기기
악센트프라임
클라리티(제모)
아쿠아필
크라이오셀
소노케어
엣지원프락셀
마취정보
크림마취
국소마취
주의!
해당 병원은 시술 시 마취 진행이 가능한 병원입니다. 환자의 시술 및 수술상황과 진료의 상담을 통해서 진행됩니다.",진료정보 | 병원 정보 | 전문의 2명 | 여의사 진료 | 사후관리 | 진료과 | 피부과 | 피부의료기기 | 악센트프라임 | 클라리티(제모) | 아쿠아필 | 크라이오셀 | 소노케어 | 엣지원프락셀 | 마취정보 | 크림마취 | 국소마취 | 주의! | 해당 병원은 시술 시 마취 진행이 가능한 병원입니다. 환자의 시술 및 수술상황과 진료의 상담을 통해서 진행됩니다.,잠실온피부과의원
https://www.yeoshin.co.kr/hospitals/1219?from=events&tabmenu=INFO,10.0,1+,서울특별시 강남구 학동로 215 셀린피부과의원,0508.0353.4201,"월 화 수 목 금 토 일
10:00
 ~
 19:00 10:00
 ~
 19:00 10:00
 ~
 19:00 10:00
 ~
 19:00 10:00
 ~
 20:00 10:00
 ~
 14:00 휴진","진료정보
병원 정보
전문의 1명
여의사 진료
외국인환자 서비스
영어 응대
진료과
피부과
피부의료기기
ASCE엑소좀
CO2프락셀
써마지 FLX
아쿠아필
셀렉 (IPL)
CO2레이저
애플레이저
소노케어
텐쎄라
트라이빔K
에일린레이저
피코어레이저
MPR토르리프팅
서브시전
미라클리어
마취정보
크림마취
수면마취
비수면 무통마취
국소마취
주의!
해당 병원은 시술 시 마취 진행이 가능한 병원입니다. 환자의 시술 및 수술상황과 진료의 상담을 통해서 진행됩니다.",진료정보 | 병원 정보 | 전문의 1명 | 여의사 진료 | 외국인환자 서비스 | 영어 응대 | 진료과 | 피부과 | 피부의료기기 | ASCE엑소좀 | CO2프락셀 | 써마지 FLX | 아쿠아필 | 셀렉 (IPL) | CO2레이저 | 애플레이저 | 소노케어 | 텐쎄라 | 트라이빔K | 에일린레이저 | 피코어레이저 | MPR토르리프팅 | 서브시전 | 미라클리어 | 마취정보 | 크림마취 | 수면마취 | 비수면 무통마취 | 국소마취 | 주의! | 해당 병원은 시술 시 마취 진행이 가능한 병원입니다. 환자의 시술 및 수술상황과 진료의 상담을 통해서 진행됩니다.,셀린피부과의원
https://www.yeoshin.co.kr/hospitals/88848?from=events&tabmenu=INFO,10.0,1+,"서울특별시 성동구 왕십리로 410 L동 224,225,226호 (하왕십리동, 센트라스)",0508.0353.7815,"월 화 수 목 금 토 일
10:00
 ~
 19:00 10:00
 ~
 20:00 10:00
 ~
 19:00 10:00
 ~
 19:00 10:00
 ~
 20:00 09:30
 ~
 15:00 휴진","진료정보
병원 정보
전문의 1명
여의사 진료
진료과
피부과
피부의료기기
울쎄라
써마지 FLX
피코플러스
소노케어
브이빔퍼펙타
헐리우드 스펙트라
텐써마
마취정보
크림마취
비수면 무통마취
국소마취
주의!
해당 병원은 시술 시 마취 진행이 가능한 병원입니다. 환자의 시술 및 수술상황과 진료의 상담을 통해서 진행됩니다.",진료정보 | 병원 정보 | 전문의 1명 | 여의사 진료 | 진료과 | 피부과 | 피부의료기기 | 울쎄라 | 써마지 FLX | 피코플러스 | 소노케어 | 브이빔퍼펙타 | 헐리우드 스펙트라 | 텐써마 | 마취정보 | 크림마취 | 비수면 무통마취 | 국소마취 | 주의! | 해당 병원은 시술 시 마취 진행이 가능한 병원입니다. 환자의 시술 및 수술상황과 진료의 상담을 통해서 진행됩니다.,파스텔휴먼피부과의원(왕십리)
https://www.yeoshin.co.kr/hospitals/103960?from=events&tabmenu=INFO,9.5,10+,서울특별시 강남구 테헤란로 115 (역삼동) 8층,0508.0353.4023,"월 화 수 목 금 토 일
10:30
 ~
 20:00 10:30
 ~
 20:00 10:30
 ~
 20:00 10:30
 ~
 20:00 10:30
 ~
 20:00 10:30
 ~
 17:00 휴진","진료정보
병원 정보
여의사 진료
외국인환자 서비스
외국인환자 유치병원
진료과
성형외과
피부과
진료항목
미백관리
필러
실리프팅
흉터
점
다이어트
피부관리
리프팅
모공
피부의료기기
써마지 FLX
악센트프라임
아쿠아필
피코슈어레이저
소노케어
소프웨이브
온다(ONDA)
세르프
울쎄라피프라임
마취정보
크림마취
수면마취
주의!
해당 병원은 시술 시 마취 진행이 가능한 병원입니다. 환자의 시술 및 수술상황과 진료의 상담을 통해서 진행됩니다.",진료정보 | 병원 정보 | 여의사 진료 | 외국인환자 서비스 | 외국인환자 유치병원 | 진료과 | 성형외과 | 피부과 | 진료항목 | 미백관리 | 필러 | 실리프팅 | 흉터 | 점 | 다이어트 | 피부관리 | 리프팅 | 모공 | 피부의료기기 | 써마지 FLX | 악센트프라임 | 아쿠아필 | 피코슈어레이저 | 소노케어 | 소프웨이브 | 온다(ONDA) | 세르프 | 울쎄라피프라임 | 마취정보 | 크림마취 | 수면마취 | 주의! | 해당 병원은 시술 시 마취 진행이 가능한 병원입니다. 환자의 시술 및 수술상황과 진료의 상담을 통해서 진행됩니다.,유넬의원
https://www.yeoshin.co.kr/hospitals/5421?from=events&tabmenu=INFO,9.7,50+,서울특별시 강남구 압구정로72길 8 (청담동) 3층,0508.0353.7953,"월 화 수 목 금 토 일
10:00
 ~
 19:00 10:00
 ~
 19:00 10:00
 ~
 19:00 휴진 10:00
 ~
 21:00 10:00
 ~
 15:00 휴진","진료정보
병원 정보
전문의 1명
여의사 진료
사후관리
외국인환자 서비스
외국인환자 유치병원
진료과
피부과
가정의학과
피부의료기기
써마지 FLX
아쿠아필
포텐자(침습)
온다(ONDA)
이브시너지
울쎄라피프라임
마취정보
크림마취
수면마취
국소마취
주의!
해당 병원은 시술 시 마취 진행이 가능한 병원입니다. 환자의 시술 및 수술상황과 진료의 상담을 통해서 진행됩니다.",진료정보 | 병원 정보 | 전문의 1명 | 여의사 진료 | 사후관리 | 외국인환자 서비스 | 외국인환자 유치병원 | 진료과 | 피부과 | 가정의학과 | 피부의료기기 | 써마지 FLX | 아쿠아필 | 포텐자(침습) | 온다(ONDA) | 이브시너지 | 울쎄라피프라임 | 마취정보 | 크림마취 | 수면마취 | 국소마취 | 주의! | 해당 병원은 시술 시 마취 진행이 가능한 병원입니다. 환자의 시술 및 수술상황과 진료의 상담을 통해서 진행됩니다.,루셀의원
https://www.yeoshin.co.kr/hospitals/103855?from=events&tabmenu=INFO,9.5,1+,서울특별시 마포구 신촌로 92 (노고산동) 신촌카리스빌딩 9층,0508.0353.1287,"월 화 수 목 금 토 일
10:00
 ~
 20:00 10:00
 ~
 19:00 휴진 10:00
 ~
 20:00 10:00
 ~
 20:00 10:00
 ~
 16:00 휴진","진료정보
진료과
피부과
피부의료기기
슈링크
악센트프라임
아쿠아필
크라이오셀
엣지원프락셀
마취정보
크림마취
비수면 무통마취
주의!
해당 병원은 시술 시 마취 진행이 가능한 병원입니다. 환자의 시술 및 수술상황과 진료의 상담을 통해서 진행됩니다.",진료정보 | 진료과 | 피부과 | 피부의료기기 | 슈링크 | 악센트프라임 | 아쿠아필 | 크라이오셀 | 엣지원프락셀 | 마취정보 | 크림마취 | 비수면 무통마취 | 주의! | 해당 병원은 시술 시 마취 진행이 가능한 병원입니다. 환자의 시술 및 수술상황과 진료의 상담을 통해서 진행됩니다.,유온느의원
https://www.yeoshin.co.kr/hospitals/4497?from=events&tabmenu=INFO,9.5,10K+,서울특별시 강남구 압구정로30길 51 (신사동) isa빌딩 3층 VS라인의원으로,0508.0353.7795,"월 화 수 목 금 토 일
10:00
 ~
 20:00 10:00
 ~
 20:00 10:00
 ~
 20:00 10:00
 ~
 20:00 10:00
 ~
 20:00 10:00
 ~
 17:00 휴진","진료정보
병원 정보
여의사 진료
외국인환자 서비스
중국어 응대
영어 응대
진료과
피부과
진료항목
색소
다이어트
제모
리프팅
모공
미백관리
보톡스
필러
실리프팅
여드름
흉터
점
탈모
피부관리
바디관리
피부의료기기
인모드
울쎄라
써마지 FLX
포텐자(침습)
피코슈어레이저
올리지오
미라젯
바디인모드
울핏
크라이오셀
LDM
튠페이스
리프테라
리니어지
온다(ONDA)
포텐자(비침습)
튠바디
마취정보
크림마취
국소마취
주의!
해당 병원은 시술 시 마취 진행이 가능한 병원입니다. 환자의 시술 및 수술상황과 진료의 상담을 통해서 진행됩니다.",진료정보 | 병원 정보 | 여의사 진료 | 외국인환자 서비스 | 중국어 응대 | 영어 응대 | 진료과 | 피부과 | 진료항목 | 색소 | 다이어트 | 제모 | 리프팅 | 모공 | 미백관리 | 보톡스 | 필러 | 실리프팅 | 여드름 | 흉터 | 점 | 탈모 | 피부관리 | 바디관리 | 피부의료기기 | 인모드 | 울쎄라 | 써마지 FLX | 포텐자(침습) | 피코슈어레이저 | 올리지오 | 미라젯 | 바디인모드 | 울핏 | 크라이오셀 | LDM | 튠페이스 | 리프테라 | 리니어지 | 온다(ONDA) | 포텐자(비침습) | 튠바디 | 마취정보 | 크림마취 | 국소마취 | 주의! | 해당 병원은 시술 시 마취 진행이 가능한 병원입니다. 환자의 시술 및 수술상황과 진료의 상담을 통해서 진행됩니다.,VS라인의원(압구정점)
https://www.yeoshin.co.kr/hospitals/104062?from=events&tabmenu=INFO,9.8,10+,"서울특별시 강남구 도산대로 104 (논현동) 5층(논현동, 퍼스트에비뉴타워)",0508.0354.3326,"월 화 수 목 금 토 일
10:00
 ~
 19:00 10:00
 ~
 19:00 휴진 10:00
 ~
 19:00 10:00
 ~
 20:00 10:00
 ~
 15:00 휴진","진료정보
진료과
성형외과
피부과
진료항목
안면윤곽
교근보톡스
색소
다이어트
다한증
제모
리프팅
모공
문신제거
보톡스
필러
실리프팅
여드름
흉터
점
홍조
피부관리
피부의료기기
악센트프라임
아쿠아필
클라리티2(제모)
실펌엑스
포토나 스타워커
셀렉V (IPL)
알레그로
덴서티
클라리티2(토닝)
마취정보
크림마취
국소마취
주의!
해당 병원은 시술 시 마취 진행이 가능한 병원입니다. 환자의 시술 및 수술상황과 진료의 상담을 통해서 진행됩니다.",진료정보 | 진료과 | 성형외과 | 피부과 | 진료항목 | 안면윤곽 | 교근보톡스 | 색소 | 다이어트 | 다한증 | 제모 | 리프팅 | 모공 | 문신제거 | 보톡스 | 필러 | 실리프팅 | 여드름 | 흉터 | 점 | 홍조 | 피부관리 | 피부의료기기 | 악센트프라임 | 아쿠아필 | 클라리티2(제모) | 실펌엑스 | 포토나 스타워커 | 셀렉V (IPL) | 알레그로 | 덴서티 | 클라리티2(토닝) | 마취정보 | 크림마취 | 국소마취 | 주의! | 해당 병원은 시술 시 마취 진행이 가능한 병원입니다. 환자의 시술 및 수술상황과 진료의 상담을 통해서 진행됩니다.,서울탑초이스의원
https://www.yeoshin.co.kr/hospitals/5272?from=events&tabmenu=INFO,9.5,100+,대전광역시 서구 대덕대로 226 (둔산동) 명동프라자 5층,0508.0353.0932,"월 화 수 목 금 토 일
09:30
 ~
 18:00 09:30
 ~
 18:00 09:30
 ~
 18:00 휴진 09:30
 ~
 18:00 09:30
 ~
 16:00 휴진","진료정보
병원 정보
응급처치 시스템
사후관리
진료과
피부과
가정의학과
산부인과
진료항목
교근보톡스
피임기구삽입
색소
다이어트
제모
리프팅
모공
미백관리
보톡스
필러
여드름
흉터
점
탈모
홍조
피부관리
바디관리
피부의료기기
아쿠아필
소노케어
텐써마
마취정보
크림마취
비수면 무통마취
국소마취
주의!
해당 병원은 시술 시 마취 진행이 가능한 병원입니다. 환자의 시술 및 수술상황과 진료의 상담을 통해서 진행됩니다.",진료정보 | 병원 정보 | 응급처치 시스템 | 사후관리 | 진료과 | 피부과 | 가정의학과 | 산부인과 | 진료항목 | 교근보톡스 | 피임기구삽입 | 색소 | 다이어트 | 제모 | 리프팅 | 모공 | 미백관리 | 보톡스 | 필러 | 여드름 | 흉터 | 점 | 탈모 | 홍조 | 피부관리 | 바디관리 | 피부의료기기 | 아쿠아필 | 소노케어 | 텐써마 | 마취정보 | 크림마취 | 비수면 무통마취 | 국소마취 | 주의! | 해당 병원은 시술 시 마취 진행이 가능한 병원입니다. 환자의 시술 및 수술상황과 진료의 상담을 통해서 진행됩니다.,신아웰니스의원
https://www.yeoshin.co.kr/hospitals/103791?from=events&tabmenu=INFO,9.8,300+,서울특별시 강남구 도곡로 319 (역삼동) 3층,0508.0353.7984,"월 화 수 목 금 토 일
10:00
 ~
 19:00 10:00
 ~
 19:00 휴진 10:00
 ~
 19:00 10:00
 ~
 19:00 10:00
 ~
 15:00 휴진","진료정보
병원 정보
여의사 진료
수술실 CCTV
응급처치 시스템
분야별 협진
사후관리
진료과
피부과
진료항목
교근보톡스
색소
다이어트
다한증
제모
리프팅
모공
미백관리
보톡스
필러
실리프팅
여드름
흉터
점
탈모
홍조
피부관리
바디관리
피부의료기기
슈링크
인모드
포텐자(침습)
카프리레이저
소노케어
텐써마
포텐자(비침습)
덴서티
마취정보
크림마취
주의!
해당 병원은 시술 시 마취 진행이 가능한 병원입니다. 환자의 시술 및 수술상황과 진료의 상담을 통해서 진행됩니다.",진료정보 | 병원 정보 | 여의사 진료 | 수술실 CCTV | 응급처치 시스템 | 분야별 협진 | 사후관리 | 진료과 | 피부과 | 진료항목 | 교근보톡스 | 색소 | 다이어트 | 다한증 | 제모 | 리프팅 | 모공 | 미백관리 | 보톡스 | 필러 | 실리프팅 | 여드름 | 흉터 | 점 | 탈모 | 홍조 | 피부관리 | 바디관리 | 피부의료기기 | 슈링크 | 인모드 | 포텐자(침습) | 카프리레이저 | 소노케어 | 텐써마 | 포텐자(비침습) | 덴서티 | 마취정보 | 크림마취 | 주의! | 해당 병원은 시술 시 마취 진행이 가능한 병원입니다. 환자의 시술 및 수술상황과 진료의 상담을 통해서 진행됩니다.,포레웰의원
https://www.yeoshin.co.kr/hospitals/5352?from=events&tabmenu=INFO,9.7,300+,서울특별시 서초구 강남대로 509 (반포동) 하늘안과빌딩 B동 8층,0508.0353.8045,"월 화 수 목 금 토 일
10:00
 ~
 20:00 10:00
 ~
 20:00 10:00
 ~
 19:00 10:00
 ~
 19:00 10:00
 ~
 20:00 10:00
 ~
 16:00 휴진","진료정보
병원 정보
전문의 1명
여의사 진료
분야별 협진
사후관리
진료과
피부과
진료항목
보톡스
교근보톡스
다이어트
피부관리
바디관리
피부의료기기
아쿠아필
소노케어
LDM Tri
온다(ONDA)
마취정보
크림마취
주의!
해당 병원은 시술 시 마취 진행이 가능한 병원입니다. 환자의 시술 및 수술상황과 진료의 상담을 통해서 진행됩니다.",진료정보 | 병원 정보 | 전문의 1명 | 여의사 진료 | 분야별 협진 | 사후관리 | 진료과 | 피부과 | 진료항목 | 보톡스 | 교근보톡스 | 다이어트 | 피부관리 | 바디관리 | 피부의료기기 | 아쿠아필 | 소노케어 | LDM Tri | 온다(ONDA) | 마취정보 | 크림마취 | 주의! | 해당 병원은 시술 시 마취 진행이 가능한 병원입니다. 환자의 시술 및 수술상황과 진료의 상담을 통해서 진행됩니다.,퀸스유피에스의원
https://www.yeoshin.co.kr/hospitals/337?from=events&tabmenu=INFO,9.2,700+,서울시 서초구 동작대로 114 유문빌딩 6층 톡스앤필(방배이수점),0507.0094.5649,"월 화 수 목 금 토 일
11:00
 ~
 20:00 11:00
 ~
 20:00 11:00
 ~
 20:00 11:00
 ~
 20:00 11:00
 ~
 20:00 10:00
 ~
 16:30 휴진","진료정보
피부의료기기
슈링크
악센트프라임
클라리티(제모)
아쿠아필
시크릿RF
크라이오셀
LDM
오투덤테라피",진료정보 | 피부의료기기 | 슈링크 | 악센트프라임 | 클라리티(제모) | 아쿠아필 | 시크릿RF | 크라이오셀 | LDM | 오투덤테라피,뷰티크의원(방배이수점)
https://www.yeoshin.co.kr/hospitals/104009?from=events&tabmenu=INFO,9.3,10+,서울특별시 강서구 화곡로68길 3 (등촌동) 영스퀘어 3층 경희다나은한의원,0508.0353.7156,"월 화 수 목 금 토 일
10:00
 ~
 20:00 10:00
 ~
 20:00 10:00
 ~
 20:00 10:00
 ~
 20:00 10:00
 ~
 20:00 10:00
 ~
 14:00 휴진","진료정보
병원 정보
피부진단기 F-RAY 촬영 >
외국인환자 서비스
외국인환자 유치병원
진료과
한의과
피부의료기기
아쿠아필",진료정보 | 병원 정보 | 피부진단기 F-RAY 촬영 > | 외국인환자 서비스 | 외국인환자 유치병원 | 진료과 | 한의과 | 피부의료기기 | 아쿠아필,경희다나은한의원
https://www.yeoshin.co.kr/hospitals/103936?from=events&tabmenu=INFO,9.7,10+,서울특별시 강서구 양천로 34 (방화동) 양서빌딩 2층,0508.0353.1375,"월 화 수 목 금 토 일
10:00
 ~
 22:00 10:00
 ~
 22:00 10:00
 ~
 22:00 10:00
 ~
 22:00 10:00
 ~
 22:00 10:00
 ~
 22:00 10:00
 ~
 19:00","진료정보
병원 정보
수술실 CCTV
응급처치 시스템
사후관리
외국인환자 서비스
영어 응대
진료과
피부과
가정의학과
내과
진료항목
교근보톡스
색소
다이어트
제모
리프팅
모공
문신제거
미백관리
보톡스
여드름
흉터
점
탈모
홍조
피부관리
바디관리
피부의료기기
슈링크
아쿠아필
CO2레이저
크라이오셀
플라듀오
소노케어
엣지원프락셀
크라이오토닝
리프테라2
세르프
마취정보
크림마취
국소마취
주의!
해당 병원은 시술 시 마취 진행이 가능한 병원입니다. 환자의 시술 및 수술상황과 진료의 상담을 통해서 진행됩니다.",진료정보 | 병원 정보 | 수술실 CCTV | 응급처치 시스템 | 사후관리 | 외국인환자 서비스 | 영어 응대 | 진료과 | 피부과 | 가정의학과 | 내과 | 진료항목 | 교근보톡스 | 색소 | 다이어트 | 제모 | 리프팅 | 모공 | 문신제거 | 미백관리 | 보톡스 | 여드름 | 흉터 | 점 | 탈모 | 홍조 | 피부관리 | 바디관리 | 피부의료기기 | 슈링크 | 아쿠아필 | CO2레이저 | 크라이오셀 | 플라듀오 | 소노케어 | 엣지원프락셀 | 크라이오토닝 | 리프테라2 | 세르프 | 마취정보 | 크림마취 | 국소마취 | 주의! | 해당 병원은 시술 시 마취 진행이 가능한 병원입니다. 환자의 시술 및 수술상황과 진료의 상담을 통해서 진행됩니다.,웰니스365의원(강서)
https://www.yeoshin.co.kr/hospitals/103992?from=events&tabmenu=INFO,0.0,1+,서울특별시 강남구 논현로167길 9 (신사동) 3층 리프성형외과,0508.0353.6787,"월 화 수 목 금 토 일
10:00
 ~
 19:00 10:00
 ~
 19:00 10:00
 ~
 19:00 휴진 10:00
 ~
 19:00 10:00
 ~
 16:00 휴진","진료정보
병원 정보
전문의 1명
마취과의 진료
수술실 CCTV
응급처치 시스템
사후관리
진료과
성형외과
피부과",진료정보 | 병원 정보 | 전문의 1명 | 마취과의 진료 | 수술실 CCTV | 응급처치 시스템 | 사후관리 | 진료과 | 성형외과 | 피부과,리프성형외과의원
https://www.yeoshin.co.kr/hospitals/104010?from=events&tabmenu=INFO,9.7,10+,서울특별시 영등포구 선유동2로 74 (당산동5가) 3층,0508.0354.3093,"월 화 수 목 금 토 일
09:00
 ~
 19:00 09:00
 ~
 19:00 09:00
 ~
 19:00 09:00
 ~
 19:00 09:00
 ~
 19:00 09:00
 ~
 14:00 휴진","진료정보
병원 정보
전문의 1명
응급처치 시스템
사후관리
진료과
피부과
내과
진료항목
미백관리
보톡스
교근보톡스
여드름
흉터
탈모
색소
홍조
다이어트
피부관리
바디관리
리프팅
모공
피부의료기기
악센트프라임
마취정보
크림마취
수면마취
국소마취
주의!
해당 병원은 시술 시 마취 진행이 가능한 병원입니다. 환자의 시술 및 수술상황과 진료의 상담을 통해서 진행됩니다.",진료정보 | 병원 정보 | 전문의 1명 | 응급처치 시스템 | 사후관리 | 진료과 | 피부과 | 내과 | 진료항목 | 미백관리 | 보톡스 | 교근보톡스 | 여드름 | 흉터 | 탈모 | 색소 | 홍조 | 다이어트 | 피부관리 | 바디관리 | 리프팅 | 모공 | 피부의료기기 | 악센트프라임 | 마취정보 | 크림마취 | 수면마취 | 국소마취 | 주의! | 해당 병원은 시술 시 마취 진행이 가능한 병원입니다. 환자의 시술 및 수술상황과 진료의 상담을 통해서 진행됩니다.,당산센트럴내과의원
https://www.yeoshin.co.kr/hospitals/5224?from=events&tabmenu=INFO,9.5,300+,서울특별시 성동구 아차산로 122 (성수동2가) 백석빌딩 4층,0508.0353.3518,"월 화 수 목 금 토 일
11:00
 ~
 20:00 11:00
 ~
 20:00 휴진 11:00
 ~
 20:00 11:00
 ~
 20:00 11:00
 ~
 16:00 휴진","진료정보
외국인환자 서비스
외국인환자 유치병원
중국어 응대
영어 응대
진료과
성형외과
피부과
피부의료기기
포텐자(침습)
미라젯
네오빔
V-RO(브이로)
피코하이
헐리우드 스펙트라
온다(ONDA)
포텐자(비침습)
클라리티2(토닝)
세르프
마취정보
크림마취
비수면 무통마취
주의!
해당 병원은 시술 시 마취 진행이 가능한 병원입니다. 환자의 시술 및 수술상황과 진료의 상담을 통해서 진행됩니다.",진료정보 | 외국인환자 서비스 | 외국인환자 유치병원 | 중국어 응대 | 영어 응대 | 진료과 | 성형외과 | 피부과 | 피부의료기기 | 포텐자(침습) | 미라젯 | 네오빔 | V-RO(브이로) | 피코하이 | 헐리우드 스펙트라 | 온다(ONDA) | 포텐자(비침습) | 클라리티2(토닝) | 세르프 | 마취정보 | 크림마취 | 비수면 무통마취 | 주의! | 해당 병원은 시술 시 마취 진행이 가능한 병원입니다. 환자의 시술 및 수술상황과 진료의 상담을 통해서 진행됩니다.,세린의원
https://www.yeoshin.co.kr/hospitals/5258?from=events&tabmenu=INFO,9.4,200+,"서울특별시 강남구 테헤란로 443 (삼성동) 2층(삼성동, 애플트리타워)",0508.0353.9455,"월 화 수 목 금 토 일
10:30
 ~
 20:30 10:30
 ~
 20:30 10:30
 ~
 20:30 10:30
 ~
 20:30 10:30
 ~
 20:30 10:00
 ~
 17:00 휴진","진료정보
병원 정보
사후관리
진료과
피부과
진료항목
교근보톡스
색소
다이어트
제모
리프팅
모공
문신제거
미백관리
보톡스
필러
무좀레이저
실리프팅
여드름
점
피부관리
바디관리
피부의료기기
울쎄라
써마지 FLX
아쿠아필
아그네스
셀렉 (IPL)
포텐자(침습)
피코슈어레이저
올리지오
클라리티(토닝)
네오빔
크라이오셀
소노케어
포토나 스타워커
리니어지
젠틀맥스 프로 플러스
마취정보
크림마취
수면마취
비수면 무통마취
국소마취
주의!
해당 병원은 시술 시 마취 진행이 가능한 병원입니다. 환자의 시술 및 수술상황과 진료의 상담을 통해서 진행됩니다.",진료정보 | 병원 정보 | 사후관리 | 진료과 | 피부과 | 진료항목 | 교근보톡스 | 색소 | 다이어트 | 제모 | 리프팅 | 모공 | 문신제거 | 미백관리 | 보톡스 | 필러 | 무좀레이저 | 실리프팅 | 여드름 | 점 | 피부관리 | 바디관리 | 피부의료기기 | 울쎄라 | 써마지 FLX | 아쿠아필 | 아그네스 | 셀렉 (IPL) | 포텐자(침습) | 피코슈어레이저 | 올리지오 | 클라리티(토닝) | 네오빔 | 크라이오셀 | 소노케어 | 포토나 스타워커 | 리니어지 | 젠틀맥스 프로 플러스 | 마취정보 | 크림마취 | 수면마취 | 비수면 무통마취 | 국소마취 | 주의! | 해당 병원은 시술 시 마취 진행이 가능한 병원입니다. 환자의 시술 및 수술상황과 진료의 상담을 통해서 진행됩니다.,셀린의원(삼성점)
https://www.yeoshin.co.kr/hospitals/104007?from=events&tabmenu=INFO,9.8,10+,대구광역시 동구 율하서로 22 (율하동) 2층,0508.0354.3087,"월 화 수 목 금 토 일
09:00
 ~
 18:00 09:00
 ~
 18:00 09:00
 ~
 18:00 09:00
 ~
 18:00 09:00
 ~
 18:00 09:00
 ~
 15:00 휴진","진료정보
진료과
한의과
피부의료기기
슈링크",진료정보 | 진료과 | 한의과 | 피부의료기기 | 슈링크,미본한의원
https://www.yeoshin.co.kr/hospitals/103975?from=events&tabmenu=INFO,10.0,1+,경상남도 김해시 내외중앙로 92 (내동) 5층 뮤즈의원 김해,0508.0353.1484,"월 화 수 목 금 토 일
10:00
 ~
 20:00 10:00
 ~
 20:00 10:00
 ~
 20:00 10:00
 ~
 20:00 10:00
 ~
 20:00 10:00
 ~
 16:00 휴진","진료정보
진료과
피부과
피부의료기기
슈링크
악센트프라임
피코슈어레이저
마취정보
크림마취
주의!
해당 병원은 시술 시 마취 진행이 가능한 병원입니다. 환자의 시술 및 수술상황과 진료의 상담을 통해서 진행됩니다.",진료정보 | 진료과 | 피부과 | 피부의료기기 | 슈링크 | 악센트프라임 | 피코슈어레이저 | 마취정보 | 크림마취 | 주의! | 해당 병원은 시술 시 마취 진행이 가능한 병원입니다. 환자의 시술 및 수술상황과 진료의 상담을 통해서 진행됩니다.,뮤즈의원(김해점)
https://www.yeoshin.co.kr/hospitals/4815?from=events&tabmenu=INFO,9.6,3K+,서울특별시 강남구 강남대로 606 유올림의원,0508.0353.7857,"월 화 수 목 금 토 일
10:30
 ~
 20:30 10:30
 ~
 20:30 10:30
 ~
 20:30 10:30
 ~
 20:30 10:30
 ~
 20:30 10:00
 ~
 16:30 휴진","진료정보
병원 정보
전문의 1명
외국인환자 서비스
외국인환자 유치병원
진료과
피부과
가정의학과
피부의료기기
악센트프라임
아쿠아필
CO2레이저
크라이오셀
소노케어",진료정보 | 병원 정보 | 전문의 1명 | 외국인환자 서비스 | 외국인환자 유치병원 | 진료과 | 피부과 | 가정의학과 | 피부의료기기 | 악센트프라임 | 아쿠아필 | CO2레이저 | 크라이오셀 | 소노케어,유올림의원
https://www.yeoshin.co.kr/hospitals/5118?from=events&tabmenu=INFO,9.5,10+,서울특별시 송파구 올림픽로35길 137 (신천동) 11층 3호,0508.0353.7689,"월 화 수 목 금 토 일
11:00
 ~
 21:00 10:00
 ~
 19:00 13:00
 ~
 21:00 10:00
 ~
 19:00 11:00
 ~
 21:00 09:30
 ~
 17:00 휴진","진료정보
병원 정보
여의사 진료
외국인환자 서비스
영어 응대
진료과
한의과
진료항목
지방분해침
안면교정
매선
다이어트한약
흉터치료
다이어트침
가슴침
부기관리
피부의료기기
라페라",진료정보 | 병원 정보 | 여의사 진료 | 외국인환자 서비스 | 영어 응대 | 진료과 | 한의과 | 진료항목 | 지방분해침 | 안면교정 | 매선 | 다이어트한약 | 흉터치료 | 다이어트침 | 가슴침 | 부기관리 | 피부의료기기 | 라페라,유리움한의원
https://www.yeoshin.co.kr/hospitals/104069?from=events&tabmenu=INFO,0.0,1+,"서울특별시 은평구 통일로 767 (대조동, 베르디움STAY1) 2층 226호",0508.0353.2856,"월 화 수 목 금 토 일
10:00
 ~
 19:00 10:00
 ~
 20:00 휴진 10:00
 ~
 19:00 10:00
 ~
 20:00 10:00
 ~
 15:00 휴진","진료정보
진료과
성형외과
피부과
진료항목
보톡스
필러
교근보톡스
실리프팅
여드름
점
탈모
홍조
모공
문신제거
피부의료기기
슈링크
마취정보
크림마취
비수면 무통마취
국소마취
주의!
해당 병원은 시술 시 마취 진행이 가능한 병원입니다. 환자의 시술 및 수술상황과 진료의 상담을 통해서 진행됩니다.",진료정보 | 진료과 | 성형외과 | 피부과 | 진료항목 | 보톡스 | 필러 | 교근보톡스 | 실리프팅 | 여드름 | 점 | 탈모 | 홍조 | 모공 | 문신제거 | 피부의료기기 | 슈링크 | 마취정보 | 크림마취 | 비수면 무통마취 | 국소마취 | 주의! | 해당 병원은 시술 시 마취 진행이 가능한 병원입니다. 환자의 시술 및 수술상황과 진료의 상담을 통해서 진행됩니다.,연세팜스의원(은평)
https://www.yeoshin.co.kr/hospitals/5009?from=events&tabmenu=INFO,9.5,1+,서울특별시 강남구 선릉로 756 (청담동) 대성빌딩 3층,0508.0353.1257,"월 화 수 목 금 토 일
10:00
 ~
 19:30 10:00
 ~
 19:30 휴진 10:00
 ~
 19:30 10:00
 ~
 19:30 09:30
 ~
 15:30 휴진","진료정보
병원 정보
전문의 1명
진료과
피부과
피부의료기기
슈링크",진료정보 | 병원 정보 | 전문의 1명 | 진료과 | 피부과 | 피부의료기기 | 슈링크,청담르벨의원
https://www.yeoshin.co.kr/hospitals/3360?from=events&tabmenu=INFO,9.0,1+,서울시 송파구 백제고분로 204 5층루미의원,0508.0353.3090,"월 화 수 목 금 토 일
09:00
 ~
 18:30 09:00
 ~
 18:30 휴진 09:00
 ~
 18:00 09:00
 ~
 18:30 09:00
 ~
 15:00 휴진","진료정보
병원 정보
여의사 진료
진료과
피부과
피부의료기기
악센트프라임
크라이오셀
엣지원프락셀
마취정보
크림마취
수면마취
국소마취
주의!
해당 병원은 시술 시 마취 진행이 가능한 병원입니다. 환자의 시술 및 수술상황과 진료의 상담을 통해서 진행됩니다.",진료정보 | 병원 정보 | 여의사 진료 | 진료과 | 피부과 | 피부의료기기 | 악센트프라임 | 크라이오셀 | 엣지원프락셀 | 마취정보 | 크림마취 | 수면마취 | 국소마취 | 주의! | 해당 병원은 시술 시 마취 진행이 가능한 병원입니다. 환자의 시술 및 수술상황과 진료의 상담을 통해서 진행됩니다.,루미의원
https://www.yeoshin.co.kr/hospitals/103969?from=events&tabmenu=INFO,9.5,10+,서울특별시 성동구 아차산로 74 (성수동2가) 쉬엔비 타워 3층,0508.0353.4978,"월 화 수 목 금 토 일
10:00
 ~
 20:00 10:00
 ~
 19:00 10:00
 ~
 19:00 10:00
 ~
 19:00 10:00
 ~
 20:00 10:00
 ~
 17:00 휴진","진료정보
병원 정보
여의사 진료
분야별 협진
사후관리
외국인환자 서비스
외국인환자 유치병원
영어 응대
중국어 응대
진료과
피부과
진료항목
색소
다이어트
제모
리프팅
모공
문신제거
미백관리
보톡스
필러
실리프팅
여드름
흉터
점
홍조
피부관리
피부의료기기
슈링크
울쎄라
써마지 FLX
레블라이트 토닝
아이콘 맥스지
버츄RF
소프라노 티타늄
마취정보
크림마취
수면마취
주의!
해당 병원은 시술 시 마취 진행이 가능한 병원입니다. 환자의 시술 및 수술상황과 진료의 상담을 통해서 진행됩니다.",진료정보 | 병원 정보 | 여의사 진료 | 분야별 협진 | 사후관리 | 외국인환자 서비스 | 외국인환자 유치병원 | 영어 응대 | 중국어 응대 | 진료과 | 피부과 | 진료항목 | 색소 | 다이어트 | 제모 | 리프팅 | 모공 | 문신제거 | 미백관리 | 보톡스 | 필러 | 실리프팅 | 여드름 | 흉터 | 점 | 홍조 | 피부관리 | 피부의료기기 | 슈링크 | 울쎄라 | 써마지 FLX | 레블라이트 토닝 | 아이콘 맥스지 | 버츄RF | 소프라노 티타늄 | 마취정보 | 크림마취 | 수면마취 | 주의! | 해당 병원은 시술 시 마취 진행이 가능한 병원입니다. 환자의 시술 및 수술상황과 진료의 상담을 통해서 진행됩니다.,메이린의원(성수점)
https://www.yeoshin.co.kr/hospitals/5208?from=events&tabmenu=INFO,9.7,10+,인천광역시 남동구 예술로 126 (구월동) 8층 (구월동),0508.0353.0759,"월 화 수 목 금 토 일
10:00
 ~
 20:00 10:00
 ~
 20:00 휴진 10:00
 ~
 20:00 10:00
 ~
 20:00 09:30
 ~
 16:00 휴진","진료정보
진료과
피부과
진료항목
보톡스
다이어트
바디관리
리프팅",진료정보 | 진료과 | 피부과 | 진료항목 | 보톡스 | 다이어트 | 바디관리 | 리프팅,제로의원(인천점)
https://www.yeoshin.co.kr/hospitals/103800?from=events&tabmenu=INFO,9.8,1+,경기도 수원시 팔달구 권광로 165 (인계동) 4층,0508.0353.0100,"월 화 수 목 금 토 일
10:00
 ~
 20:00 10:00
 ~
 20:00 휴진 10:00
 ~
 20:00 10:00
 ~
 20:00 09:30
 ~
 16:00 휴진","진료정보
병원 정보
사후관리
진료과
피부과
진료항목
보톡스
홍조
다이어트
피부관리
바디관리
리프팅",진료정보 | 병원 정보 | 사후관리 | 진료과 | 피부과 | 진료항목 | 보톡스 | 홍조 | 다이어트 | 피부관리 | 바디관리 | 리프팅,제로의원(수원점)
https://www.yeoshin.co.kr/hospitals/227?from=events&tabmenu=INFO,8.6,700+,서울특별시 서초구 강남대로 403 (서초동) 14~18층(서초동),0508.0353.7084,"월 화 수 목 금 토 일
10:00
 ~
 20:00 10:00
 ~
 20:00 10:00
 ~
 20:00 10:00
 ~
 20:00 10:00
 ~
 20:00 09:30
 ~
 17:00 11:00
 ~
 17:00","진료정보
병원 정보
전문의 7명
외국인환자 서비스
중국어 응대
영어 응대
일본어 응대
진료과
성형외과
피부의료기기
악센트프라임
클라리티(제모)
아쿠아필
피코슈어레이저
시크릿RF
크라이오셀
LDM
오투덤테라피
소노케어
브이빔퍼펙타",진료정보 | 병원 정보 | 전문의 7명 | 외국인환자 서비스 | 중국어 응대 | 영어 응대 | 일본어 응대 | 진료과 | 성형외과 | 피부의료기기 | 악센트프라임 | 클라리티(제모) | 아쿠아필 | 피코슈어레이저 | 시크릿RF | 크라이오셀 | LDM | 오투덤테라피 | 소노케어 | 브이빔퍼펙타,리엔장성형외과의원(본점)
https://www.yeoshin.co.kr/hospitals/104087?from=events&tabmenu=INFO,10.0,1+,서울특별시 강남구 도산대로 108 (논현동) 6층,0508.0354.3403,"월 화 수 목 금 토 일
10:30
 ~
 20:30 10:30
 ~
 20:30 10:30
 ~
 20:30 10:30
 ~
 20:30 10:30
 ~
 20:30 10:00
 ~
 16:00 휴진","진료정보
진료과
피부과",진료정보 | 진료과 | 피부과,제로의원(신사점)
https://www.yeoshin.co.kr/hospitals/4628?from=events&tabmenu=INFO,9.1,50+,인천광역시 부평구 부평문화로 55 청담엘의원,0508.0354.1187,"월 화 수 목 금 토 일
10:00
 ~
 19:00 10:00
 ~
 21:00 10:00
 ~
 19:00 휴진 10:00
 ~
 21:00 10:00
 ~
 15:00 휴진","진료정보
병원 정보
전문의 1명
진료과
피부과
피부의료기기
악센트프라임",진료정보 | 병원 정보 | 전문의 1명 | 진료과 | 피부과 | 피부의료기기 | 악센트프라임,청담엘의원
https://www.yeoshin.co.kr/hospitals/2058?from=events&tabmenu=INFO,10.0,1+,경기도 의정부시 시민로 80 센트럴타워빌딩 4층,0508.0354.0647,"월 화 수 목 금 토 일
10:00
 ~
 19:00 10:00
 ~
 21:00 10:00
 ~
 19:00 휴진 10:00
 ~
 21:00 10:00
 ~
 16:00 휴진","진료정보
진료과
성형외과
피부과",진료정보 | 진료과 | 성형외과 | 피부과,메이드림의원(의정부점)
https://www.yeoshin.co.kr/hospitals/103807?from=events&tabmenu=INFO,9.6,10+,"경기도 용인시 기흥구 구갈로 70 (구갈동) 메가타운 801호, 902호",0508.0354.1876,"월 화 수 목 금 토 일
09:00
 ~
 21:00 09:00
 ~
 21:00 09:00
 ~
 21:00 09:00
 ~
 21:00 09:00
 ~
 21:00 09:00
 ~
 15:00 09:00
 ~
 15:00","진료정보
병원 정보
전문의 1명
기본 입원실
사후관리
피부진단기 F-RAY 촬영 >
외국인환자 서비스
영어 응대
진료과
일반외과
한의과
진료항목
지방분해침
안면교정
매선
다이어트한약
다이어트침
피부의료기기
슈링크",진료정보 | 병원 정보 | 전문의 1명 | 기본 입원실 | 사후관리 | 피부진단기 F-RAY 촬영 > | 외국인환자 서비스 | 영어 응대 | 진료과 | 일반외과 | 한의과 | 진료항목 | 지방분해침 | 안면교정 | 매선 | 다이어트한약 | 다이어트침 | 피부의료기기 | 슈링크,한가온한방병원(용인점)
https://www.yeoshin.co.kr/hospitals/104090?from=events&tabmenu=INFO,0.0,,경기도 평택시 경기대로 1365 (서정동) 503호,0508.0355.6229,"월 화 수 목 금 토 일
09:30
 ~
 18:50 09:30
 ~
 18:50 09:30
 ~
 18:50 09:30
 ~
 18:50 09:30
 ~
 18:50 09:00
 ~
 13:50 휴진","진료정보
병원 정보
전문의 1명
사후관리
진료과
피부과
마취정보
크림마취
국소마취
주의!
해당 병원은 시술 시 마취 진행이 가능한 병원입니다. 환자의 시술 및 수술상황과 진료의 상담을 통해서 진행됩니다.",진료정보 | 병원 정보 | 전문의 1명 | 사후관리 | 진료과 | 피부과 | 마취정보 | 크림마취 | 국소마취 | 주의! | 해당 병원은 시술 시 마취 진행이 가능한 병원입니다. 환자의 시술 및 수술상황과 진료의 상담을 통해서 진행됩니다.,봄피부과의원(평택)
https://www.yeoshin.co.kr/hospitals/268?from=events&tabmenu=INFO,9.0,100+,서울특별시 서초구 서초대로77길 54 (서초동) W타워9층,0508.0353.7209,"월 화 수 목 금 토 일
09:30
 ~
 19:00 09:30
 ~
 19:00 09:30
 ~
 19:00 09:30
 ~
 20:00 09:30
 ~
 19:00 09:30
 ~
 17:00 휴진","진료정보
병원 정보
전문의 4명
외국인환자 서비스
영어 응대
일본어 응대
중국어 응대
진료과
성형외과",진료정보 | 병원 정보 | 전문의 4명 | 외국인환자 서비스 | 영어 응대 | 일본어 응대 | 중국어 응대 | 진료과 | 성형외과,유노성형외과
https://www.yeoshin.co.kr/hospitals/131?from=events&tabmenu=INFO,9.6,10K+,서울특별시 광진구 자양동 8-1 제니바클리닉,0508.0353.3345,"월 화 수 목 금 토 일
09:30
 ~
 18:00 09:30
 ~
 18:00 휴진 09:30
 ~
 18:00 09:30
 ~
 18:00 09:30
 ~
 14:30 휴진","진료정보
병원 정보
전문의 1명
진료과
피부과",진료정보 | 병원 정보 | 전문의 1명 | 진료과 | 피부과,제니바클리닉
https://www.yeoshin.co.kr/hospitals/103809?from=events&tabmenu=INFO,10.0,1+,"강원특별자치도 강릉시 솔올로 35 (교동) 조은빌딩 3,4,5층",0508.0354.4223,"월 화 수 목 금 토 일
10:00
 ~
 20:00 10:00
 ~
 20:00 10:00
 ~
 20:00 10:00
 ~
 20:00 10:00
 ~
 20:00 10:00
 ~
 15:00 10:00
 ~
 15:00","진료정보
병원 정보
분야별 협진
기본 입원실
사후관리
진료과
한의과
진료항목
지방분해침
안면교정
매선
다이어트한약
다이어트침
피부의료기기
슈링크
아쿠아필
크라이오셀
이온토
마취정보
크림마취
주의!
해당 병원은 시술 시 마취 진행이 가능한 병원입니다. 환자의 시술 및 수술상황과 진료의 상담을 통해서 진행됩니다.",진료정보 | 병원 정보 | 분야별 협진 | 기본 입원실 | 사후관리 | 진료과 | 한의과 | 진료항목 | 지방분해침 | 안면교정 | 매선 | 다이어트한약 | 다이어트침 | 피부의료기기 | 슈링크 | 아쿠아필 | 크라이오셀 | 이온토 | 마취정보 | 크림마취 | 주의! | 해당 병원은 시술 시 마취 진행이 가능한 병원입니다. 환자의 시술 및 수술상황과 진료의 상담을 통해서 진행됩니다.,한가온한방병원(강릉점)
https://www.yeoshin.co.kr/hospitals/103798?from=events&tabmenu=INFO,9.9,50+,서울특별시 송파구 석촌호수로 160 (삼전동) 수연빌딩 4층,0508.0353.0093,"월 화 수 목 금 토 일
10:00
 ~
 19:00 휴진 휴진 휴진 10:00
 ~
 19:00 10:00
 ~
 16:00 휴진","진료정보
병원 정보
전문의 2명
여의사 진료
진료과
피부과
가정의학과
산부인과
피부의료기기
슈링크
CO2프락셀
CO2레이저
시크릿RF
엘리레이저
울핏",진료정보 | 병원 정보 | 전문의 2명 | 여의사 진료 | 진료과 | 피부과 | 가정의학과 | 산부인과 | 피부의료기기 | 슈링크 | CO2프락셀 | CO2레이저 | 시크릿RF | 엘리레이저 | 울핏,새봄여성의원(송파)
https://www.yeoshin.co.kr/hospitals/2773?from=events&tabmenu=INFO,9.8,700+,경기도 용인시 수지구 현암로 164 클라스웰의원,0508.0354.0677,"월 화 수 목 금 토 일
09:00
 ~
 19:00 09:00
 ~
 19:00 09:00
 ~
 19:00 09:00
 ~
 19:00 09:00
 ~
 19:00 09:00
 ~
 14:00 휴진","진료정보
진료과
피부과",진료정보 | 진료과 | 피부과,클라스웰의원
https://www.yeoshin.co.kr/hospitals/86118?from=events&tabmenu=INFO,9.6,10+,서울특별시 강서구 강서로 323 효동빌딩 301호,0508.0353.3706,"월 화 수 목 금 토 일
10:00
 ~
 19:30 10:00
 ~
 19:30 휴진 10:00
 ~
 20:30 10:00
 ~
 19:30 10:00
 ~
 15:00 휴진","진료정보
병원 정보
사후관리
피부진단기 F-RAY 촬영 >
진료과
성형외과
피부과
피부의료기기
피코슈어레이저",진료정보 | 병원 정보 | 사후관리 | 피부진단기 F-RAY 촬영 > | 진료과 | 성형외과 | 피부과 | 피부의료기기 | 피코슈어레이저,제이드힐의원
https://www.yeoshin.co.kr/hospitals/5227?from=events&tabmenu=INFO,9.9,10+,"부산광역시 부산진구 가야대로784번길 29 (부전동) 4,5층",0508.0353.1040,"월 화 수 목 금 토 일
10:00
 ~
 20:00 10:00
 ~
 20:00 10:00
 ~
 20:00 10:00
 ~
 20:00 10:00
 ~
 20:00 10:00
 ~
 15:30 휴진","진료정보
병원 정보
전문의 1명
진료과
성형외과
피부과
내과
피부의료기기
소노케어",진료정보 | 병원 정보 | 전문의 1명 | 진료과 | 성형외과 | 피부과 | 내과 | 피부의료기기 | 소노케어,마노필의원
https://www.yeoshin.co.kr/hospitals/30?from=events&tabmenu=INFO,9.1,50+,"서울특별시 강남구 논현로 841 (신사동) 5층(신사동, JBMISO 501, 502호)",0508.0353.4364,"월 화 수 목 금 토 일
10:00
 ~
 19:00 10:00
 ~
 19:00 10:00
 ~
 19:00 휴진 10:00
 ~
 19:00 10:00
 ~
 17:00 휴진","진료정보
병원 정보
전문의 1명
진료과
성형외과",진료정보 | 병원 정보 | 전문의 1명 | 진료과 | 성형외과,아이콘성형외과
https://www.yeoshin.co.kr/hospitals/103808?from=events&tabmenu=INFO,10.0,1+,경기도 남양주시 호평로46번길 14 (호평동) 5층,0508.0354.1797,"월 화 수 목 금 토 일
09:00
 ~
 20:30 09:00
 ~
 20:30 09:00
 ~
 20:30 09:00
 ~
 20:30 09:00
 ~
 20:30 09:00
 ~
 15:00 09:00
 ~
 15:00","진료정보
병원 정보
기본 입원실
사후관리
진료과
한의과
진료항목
지방분해침
안면교정
매선
다이어트한약
다이어트침
부기관리
피부의료기기
슈링크
아쿠아필
CO2레이저
크라이오셀
셀라스프락셀
에일린레이저
엣지원프락셀
이온토
마취정보
크림마취
주의!
해당 병원은 시술 시 마취 진행이 가능한 병원입니다. 환자의 시술 및 수술상황과 진료의 상담을 통해서 진행됩니다.",진료정보 | 병원 정보 | 기본 입원실 | 사후관리 | 진료과 | 한의과 | 진료항목 | 지방분해침 | 안면교정 | 매선 | 다이어트한약 | 다이어트침 | 부기관리 | 피부의료기기 | 슈링크 | 아쿠아필 | CO2레이저 | 크라이오셀 | 셀라스프락셀 | 에일린레이저 | 엣지원프락셀 | 이온토 | 마취정보 | 크림마취 | 주의! | 해당 병원은 시술 시 마취 진행이 가능한 병원입니다. 환자의 시술 및 수술상황과 진료의 상담을 통해서 진행됩니다.,한가온한방병원(남양주점)
https://www.yeoshin.co.kr/hospitals/4603?from=events&tabmenu=INFO,9.0,100+,경기도 성남시 분당구 서현로210번길 20 365SY연세의원,0508.0354.0422,"월 화 수 목 금 토 일
09:00
 ~
 16:30 09:00
 ~
 16:30 09:00
 ~
 16:30 09:00
 ~
 16:30 09:00
 ~
 16:30 휴진 휴진","진료정보
병원 정보
전문의 1명
진료과
피부과
피부의료기기
텐써마
리프테라2",진료정보 | 병원 정보 | 전문의 1명 | 진료과 | 피부과 | 피부의료기기 | 텐써마 | 리프테라2,365SY연세의원
https://www.yeoshin.co.kr/hospitals/4493?from=events&tabmenu=INFO,9.5,2K+,서울 송파구 백제고분로 262 영드림의원,0508.0353.3043,"월 화 수 목 금 토 일
09:00
 ~
 18:00 09:00
 ~
 18:00 09:00
 ~
 18:00 14:00
 ~
 18:00 09:00
 ~
 18:00 09:00
 ~
 13:00 휴진","진료정보
병원 정보
전문의 1명
진료과
피부과
가정의학과
내과
피부의료기기
크라이오셀
엣지원프락셀",진료정보 | 병원 정보 | 전문의 1명 | 진료과 | 피부과 | 가정의학과 | 내과 | 피부의료기기 | 크라이오셀 | 엣지원프락셀,영드림의원
https://www.yeoshin.co.kr/hospitals/4029?from=events&tabmenu=INFO,9.7,500+,서울특별시 강남구 선릉로160길 7 유라인의원,0508.0353.4222,"월 화 수 목 금 토 일
10:00
 ~
 20:00 10:00
 ~
 19:00 휴진 10:00
 ~
 20:00 10:00
 ~
 20:00 10:00
 ~
 16:00 휴진","진료정보
병원 정보
전문의 1명
외국인환자 서비스
외국인환자 유치병원
진료과
성형외과
피부과",진료정보 | 병원 정보 | 전문의 1명 | 외국인환자 서비스 | 외국인환자 유치병원 | 진료과 | 성형외과 | 피부과,유라인의원
https://www.yeoshin.co.kr/hospitals/5180?from=events&tabmenu=INFO,9.7,200+,서울특별시 성동구 왕십리로 320 (도선동) 2층 닥터쁘띠의원 왕십리점,0508.0353.1857,"월 화 수 목 금 토 일
10:00
 ~
 20:00 10:00
 ~
 20:00 휴진 10:00
 ~
 20:00 10:00
 ~
 20:00 10:00
 ~
 16:00 휴진","진료정보
병원 정보
전문의 1명
진료과
성형외과
피부과
가정의학과
진료항목
색소
다이어트
다한증
제모
리프팅
모공
문신제거
미백관리
보톡스
필러
무좀레이저
여드름
흉터
점
홍조
피부관리
바디관리
마취정보
크림마취
국소마취
주의!
해당 병원은 시술 시 마취 진행이 가능한 병원입니다. 환자의 시술 및 수술상황과 진료의 상담을 통해서 진행됩니다.",진료정보 | 병원 정보 | 전문의 1명 | 진료과 | 성형외과 | 피부과 | 가정의학과 | 진료항목 | 색소 | 다이어트 | 다한증 | 제모 | 리프팅 | 모공 | 문신제거 | 미백관리 | 보톡스 | 필러 | 무좀레이저 | 여드름 | 흉터 | 점 | 홍조 | 피부관리 | 바디관리 | 마취정보 | 크림마취 | 국소마취 | 주의! | 해당 병원은 시술 시 마취 진행이 가능한 병원입니다. 환자의 시술 및 수술상황과 진료의 상담을 통해서 진행됩니다.,닥터쁘띠의원(왕십리점)
https://www.yeoshin.co.kr/hospitals/4962?from=events&tabmenu=INFO,9.7,100+,인천광역시 미추홀구 미추홀대로 610 (주안동) 현대메디컬프라자 3층,0508.0354.1503,"월 화 수 목 금 토 일
10:00
 ~
 19:00 10:00
 ~
 19:00 10:00
 ~
 19:00 10:00
 ~
 19:00 10:00
 ~
 19:00 10:00
 ~
 16:00 휴진","진료정보
외국인환자 서비스
영어 응대
진료과
성형외과
피부과
피부의료기기
슈링크
클라리티(제모)
아쿠아필
피코슈어레이저
실펌엑스
소프라노 티타늄
온다(ONDA)",진료정보 | 외국인환자 서비스 | 영어 응대 | 진료과 | 성형외과 | 피부과 | 피부의료기기 | 슈링크 | 클라리티(제모) | 아쿠아필 | 피코슈어레이저 | 실펌엑스 | 소프라노 티타늄 | 온다(ONDA),CnB맑고고운본점피부과(주안)
https://www.yeoshin.co.kr/hospitals/4655?from=events&tabmenu=INFO,9.5,3K+,서울시 강남구 강남대로 402 더비비성형외과의원,0508.0353.7737,"월 화 수 목 금 토 일
10:00
 ~
 19:00 10:00
 ~
 19:00 10:00
 ~
 19:00 14:00
 ~
 19:00 10:00
 ~
 21:00 10:00
 ~
 16:00 휴진","진료정보
병원 정보
전문의 1명
진료과
성형외과
피부과",진료정보 | 병원 정보 | 전문의 1명 | 진료과 | 성형외과 | 피부과,더비비성형외과의원
https://www.yeoshin.co.kr/hospitals/4495?from=events&tabmenu=INFO,9.0,50+,"서울특별시 송파구 가락로 99, 3층 301호 (석촌동) 수지의원",0508.0353.3111,"월 화 수 목 금 토 일
10:00
 ~
 19:00 10:00
 ~
 19:00 14:00
 ~
 21:00 10:00
 ~
 19:00 10:00
 ~
 19:00 10:00
 ~
 14:00 휴진","진료정보
병원 정보
전문의 1명
외국인환자 서비스
외국인환자 유치병원
진료과
성형외과
피부과
피부의료기기
아쿠아필
하이퍼럭스
크라이오셀
LDM
오투덤테라피
소노케어",진료정보 | 병원 정보 | 전문의 1명 | 외국인환자 서비스 | 외국인환자 유치병원 | 진료과 | 성형외과 | 피부과 | 피부의료기기 | 아쿠아필 | 하이퍼럭스 | 크라이오셀 | LDM | 오투덤테라피 | 소노케어,수지의원
https://www.yeoshin.co.kr/hospitals/362?from=events&tabmenu=INFO,9.5,900+,서울시 강남구 삼성동 141-35 라르떼의원(선릉점),0508.0353.2227,"월 화 수 목 금 토 일
10:00
 ~
 20:00 10:00
 ~
 20:00 14:00
 ~
 20:00 10:00
 ~
 20:00 10:00
 ~
 20:00 10:00
 ~
 15:00 휴진","진료정보
진료과
피부과",진료정보 | 진료과 | 피부과,라르떼의원(선릉점)
https://www.yeoshin.co.kr/hospitals/5234?from=events&tabmenu=INFO,9.7,400+,서울특별시 양천구 신목로 102 (목동) 5층 목동공감한의원,0508.0353.1939,"월 화 수 목 금 토 일
09:30
 ~
 20:30 09:30
 ~
 20:30 09:30
 ~
 20:30 09:30
 ~
 20:30 09:30
 ~
 20:30 09:30
 ~
 15:00 09:30
 ~
 15:00","진료정보
외국인환자 서비스
외국인환자 유치병원
중국어 응대
영어 응대
일본어 응대
진료과
한의과
진료항목
지방분해침
안면교정
매선
다이어트한약
흉터치료
다이어트침
부기관리
피부의료기기
CO2레이저
올리지오
트리플바디
헬리오스",진료정보 | 외국인환자 서비스 | 외국인환자 유치병원 | 중국어 응대 | 영어 응대 | 일본어 응대 | 진료과 | 한의과 | 진료항목 | 지방분해침 | 안면교정 | 매선 | 다이어트한약 | 흉터치료 | 다이어트침 | 부기관리 | 피부의료기기 | CO2레이저 | 올리지오 | 트리플바디 | 헬리오스,목동공감한의원
https://www.yeoshin.co.kr/hospitals/104052?from=events&tabmenu=INFO,9.9,10+,"서울특별시 강동구 양재대로89가길 29 (성내동) 3층 301호(성내동, 치탑빌딩)",0508.0354.3291,"월 화 수 목 금 토 일
10:00
 ~
 19:00 10:00
 ~
 20:30 10:00
 ~
 19:00 10:00
 ~
 20:30 10:00
 ~
 19:00 09:30
 ~
 14:30 휴진","진료정보
병원 정보
전문의 1명
여의사 진료
사후관리
진료과
피부과
가정의학과
진료항목
여드름
리프팅
피부의료기기
아쿠아필
올리지오
크라이오셀
LDM
오투덤테라피
리프테라
소프웨이브
마취정보
크림마취
주의!
해당 병원은 시술 시 마취 진행이 가능한 병원입니다. 환자의 시술 및 수술상황과 진료의 상담을 통해서 진행됩니다.",진료정보 | 병원 정보 | 전문의 1명 | 여의사 진료 | 사후관리 | 진료과 | 피부과 | 가정의학과 | 진료항목 | 여드름 | 리프팅 | 피부의료기기 | 아쿠아필 | 올리지오 | 크라이오셀 | LDM | 오투덤테라피 | 리프테라 | 소프웨이브 | 마취정보 | 크림마취 | 주의! | 해당 병원은 시술 시 마취 진행이 가능한 병원입니다. 환자의 시술 및 수술상황과 진료의 상담을 통해서 진행됩니다.,벨로아의원
https://www.yeoshin.co.kr/hospitals/2767?from=events&tabmenu=INFO,9.8,10+,인천광역시 서구 청마로167번길 24 아라의원,0508.0354.1561,"월 화 수 목 금 토 일
10:00
 ~
 19:00 10:00
 ~
 19:00 10:00
 ~
 21:00 10:00
 ~
 19:00 10:00
 ~
 21:00 10:00
 ~
 15:00 휴진","진료정보
진료과
피부과
가정의학과
피부의료기기
ASCE엑소좀
포텐자(침습)",진료정보 | 진료과 | 피부과 | 가정의학과 | 피부의료기기 | ASCE엑소좀 | 포텐자(침습),아라의원
https://www.yeoshin.co.kr/hospitals/4933?from=events&tabmenu=INFO,9.7,100+,부산광역시 해운대구 센텀2로 25 일라스의원,0508.0354.2039,"월 화 수 목 금 토 일
11:00
 ~
 20:00 11:00
 ~
 20:00 11:00
 ~
 20:00 11:00
 ~
 20:00 11:00
 ~
 20:00 10:00
 ~
 16:00 휴진","진료정보
병원 정보
전문의 1명
진료과
피부과",진료정보 | 병원 정보 | 전문의 1명 | 진료과 | 피부과,일라스의원
https://www.yeoshin.co.kr/hospitals/4026?from=events&tabmenu=INFO,9.2,100+,서울특별시 강남구 도산대로 104 (논현동) 에이스타의원,0508.0353.2403,"월 화 수 목 금 토 일
10:00
 ~
 19:00 10:00
 ~
 19:00 휴진 10:00
 ~
 19:00 10:00
 ~
 19:00 10:00
 ~
 16:00 휴진","진료정보
병원 정보
전문의 1명
여의사 진료
수술실 CCTV
전담회복실
사후관리
외국인환자 서비스
영어 응대
진료과
성형외과
피부과
일반외과
진료항목
보톡스
필러
교근보톡스
지방흡입
지방이식
실리프팅
점
다이어트
피부관리
다한증
바디관리
리프팅
피부의료기기
피코슈어레이저
올리지오
리니어펌
실펌엑스
리니어지
마취정보
크림마취
수면마취
국소마취
주의!
해당 병원은 시술 시 마취 진행이 가능한 병원입니다. 환자의 시술 및 수술상황과 진료의 상담을 통해서 진행됩니다.",진료정보 | 병원 정보 | 전문의 1명 | 여의사 진료 | 수술실 CCTV | 전담회복실 | 사후관리 | 외국인환자 서비스 | 영어 응대 | 진료과 | 성형외과 | 피부과 | 일반외과 | 진료항목 | 보톡스 | 필러 | 교근보톡스 | 지방흡입 | 지방이식 | 실리프팅 | 점 | 다이어트 | 피부관리 | 다한증 | 바디관리 | 리프팅 | 피부의료기기 | 피코슈어레이저 | 올리지오 | 리니어펌 | 실펌엑스 | 리니어지 | 마취정보 | 크림마취 | 수면마취 | 국소마취 | 주의! | 해당 병원은 시술 시 마취 진행이 가능한 병원입니다. 환자의 시술 및 수술상황과 진료의 상담을 통해서 진행됩니다.,에이스타의원
https://www.yeoshin.co.kr/hospitals/205?from=events&tabmenu=INFO,9.7,400+,서울시 중구 무교로 12 어뉴의원,0508.0353.8433,"월 화 수 목 금 토 일
10:00
 ~
 19:00 10:00
 ~
 20:00 14:00
 ~
 20:00 10:00
 ~
 19:00 10:00
 ~
 20:00 10:00
 ~
 15:00 휴진","진료정보
병원 정보
전문의 1명
진료과
피부과
내과",진료정보 | 병원 정보 | 전문의 1명 | 진료과 | 피부과 | 내과,어뉴의원
https://www.yeoshin.co.kr/hospitals/5016?from=events&tabmenu=INFO,9.5,200+,경기도 하남시 감일중앙로 60 (감이동) 벨솔레파크 4층 뷰티오션의원,0508.0353.9446,"월 화 수 목 금 토 일
09:30
 ~
 19:30 10:30
 ~
 20:30 10:30
 ~
 20:30 휴진 09:30
 ~
 19:30 11:00
 ~
 17:00 휴진","진료정보
진료과
피부과
진료항목
교근보톡스
색소
다이어트
다한증
제모
리프팅
모공
미백관리
보톡스
필러
실리프팅
여드름
흉터
점
탈모
홍조
피부관리
바디관리
피부의료기기
ASCE엑소좀
울쎄라
클라리티(제모)
아쿠아필
셀렉 (IPL)
포텐자(침습)
올리지오
클라리티(토닝)
바디인모드
LDM
텐쎄라
슈링크유니버스
텐써마
온다(ONDA)
포텐자(비침습)
인모드Fx
인모드Forma
마취정보
크림마취
수면마취
주의!
해당 병원은 시술 시 마취 진행이 가능한 병원입니다. 환자의 시술 및 수술상황과 진료의 상담을 통해서 진행됩니다.",진료정보 | 진료과 | 피부과 | 진료항목 | 교근보톡스 | 색소 | 다이어트 | 다한증 | 제모 | 리프팅 | 모공 | 미백관리 | 보톡스 | 필러 | 실리프팅 | 여드름 | 흉터 | 점 | 탈모 | 홍조 | 피부관리 | 바디관리 | 피부의료기기 | ASCE엑소좀 | 울쎄라 | 클라리티(제모) | 아쿠아필 | 셀렉 (IPL) | 포텐자(침습) | 올리지오 | 클라리티(토닝) | 바디인모드 | LDM | 텐쎄라 | 슈링크유니버스 | 텐써마 | 온다(ONDA) | 포텐자(비침습) | 인모드Fx | 인모드Forma | 마취정보 | 크림마취 | 수면마취 | 주의! | 해당 병원은 시술 시 마취 진행이 가능한 병원입니다. 환자의 시술 및 수술상황과 진료의 상담을 통해서 진행됩니다.,뷰티오션의원(하남감일점)
https://www.yeoshin.co.kr/hospitals/5457?from=events&tabmenu=INFO,9.8,100+,서울특별시 강서구 마곡중앙6로 93 (마곡동) 열린프라자 4층,0508.0354.0407,"월 화 수 목 금 토 일
10:00
 ~
 20:00 10:00
 ~
 20:00 10:00
 ~
 20:00 10:00
 ~
 20:00 10:00
 ~
 20:00 10:00
 ~
 16:00 휴진","진료정보
병원 정보
여의사 진료
분야별 협진
사후관리
진료과
한의과
진료항목
지방분해침
안면교정
매선
다이어트한약
흉터치료
다이어트침
부기관리
피부의료기기
슈링크
아쿠아필
시크릿RF
액션2 어븀야그
슈링크유니버스
볼뉴머
리프테라2
마취정보
크림마취
주의!
해당 병원은 시술 시 마취 진행이 가능한 병원입니다. 환자의 시술 및 수술상황과 진료의 상담을 통해서 진행됩니다.",진료정보 | 병원 정보 | 여의사 진료 | 분야별 협진 | 사후관리 | 진료과 | 한의과 | 진료항목 | 지방분해침 | 안면교정 | 매선 | 다이어트한약 | 흉터치료 | 다이어트침 | 부기관리 | 피부의료기기 | 슈링크 | 아쿠아필 | 시크릿RF | 액션2 어븀야그 | 슈링크유니버스 | 볼뉴머 | 리프테라2 | 마취정보 | 크림마취 | 주의! | 해당 병원은 시술 시 마취 진행이 가능한 병원입니다. 환자의 시술 및 수술상황과 진료의 상담을 통해서 진행됩니다.,빛담은한의원
https://www.yeoshin.co.kr/hospitals/5394?from=events&tabmenu=INFO,10.0,1+,서울특별시 송파구 올림픽로 145 (잠실동) 리센츠상가 4층,0508.0354.0537,"월 화 수 목 금 토 일
10:30
 ~
 20:30 10:30
 ~
 20:30 10:30
 ~
 20:30 10:30
 ~
 20:30 10:30
 ~
 20:30 10:00
 ~
 16:00 휴진","진료정보
병원 정보
여의사 진료
사후관리
진료과
한의과
피부의료기기
플라듀오",진료정보 | 병원 정보 | 여의사 진료 | 사후관리 | 진료과 | 한의과 | 피부의료기기 | 플라듀오,다온재한의원
https://www.yeoshin.co.kr/hospitals/3357?from=events&tabmenu=INFO,9.5,1K+,서울시 강남구 테헤란로 101 와우성형외과의원,0508.0353.5175,"월 화 수 목 금 토 일
10:00
 ~
 19:00 10:00
 ~
 19:00 10:00
 ~
 19:00 10:00
 ~
 19:00 10:00
 ~
 19:00 10:00
 ~
 15:00 휴진","진료정보
병원 정보
전문의 2명
외국인환자 서비스
외국인환자 유치병원
일본어 응대
진료과
성형외과",진료정보 | 병원 정보 | 전문의 2명 | 외국인환자 서비스 | 외국인환자 유치병원 | 일본어 응대 | 진료과 | 성형외과,와우성형외과의원
https://www.yeoshin.co.kr/hospitals/870?from=events&tabmenu=INFO,0.0,1+,서울특별시 강남구 강남대로 528 (논현동) 원앤원 63.5빌딩 7층,0508.0353.5231,"월 화 수 목 금 토 일
10:00
 ~
 19:00 11:00
 ~
 21:00 10:00
 ~
 19:00 휴진 11:00
 ~
 21:00 10:00
 ~
 16:00 휴진","진료정보
진료과
피부과
피부의료기기
악센트프라임
소노케어
마취정보
크림마취
수면마취
주의!
해당 병원은 시술 시 마취 진행이 가능한 병원입니다. 환자의 시술 및 수술상황과 진료의 상담을 통해서 진행됩니다.",진료정보 | 진료과 | 피부과 | 피부의료기기 | 악센트프라임 | 소노케어 | 마취정보 | 크림마취 | 수면마취 | 주의! | 해당 병원은 시술 시 마취 진행이 가능한 병원입니다. 환자의 시술 및 수술상황과 진료의 상담을 통해서 진행됩니다.,리젠의원
https://www.yeoshin.co.kr/hospitals/84764?from=events&tabmenu=INFO,10.0,1+,서울특별시 강남구 논현로175길 6 4층 A호 (신사동),0508.0353.7546,"월 화 수 목 금 토 일
09:30
 ~
 18:00 09:30
 ~
 18:00 휴진 09:30
 ~
 18:00 09:30
 ~
 18:00 09:30
 ~
 16:00 휴진","진료정보
병원 정보
전문의 2명
여의사 진료
마취과의 진료
수술실 CCTV
응급처치 시스템
분야별 협진
기본 입원실
사후관리
진료과
성형외과
피부과
마취정보
크림마취
수면마취
비수면 무통마취
국소마취
주의!
해당 병원은 시술 시 마취 진행이 가능한 병원입니다. 환자의 시술 및 수술상황과 진료의 상담을 통해서 진행됩니다.",진료정보 | 병원 정보 | 전문의 2명 | 여의사 진료 | 마취과의 진료 | 수술실 CCTV | 응급처치 시스템 | 분야별 협진 | 기본 입원실 | 사후관리 | 진료과 | 성형외과 | 피부과 | 마취정보 | 크림마취 | 수면마취 | 비수면 무통마취 | 국소마취 | 주의! | 해당 병원은 시술 시 마취 진행이 가능한 병원입니다. 환자의 시술 및 수술상황과 진료의 상담을 통해서 진행됩니다.,메리성형외과의원
https://www.yeoshin.co.kr/hospitals/5349?from=events&tabmenu=INFO,10.0,50+,서울특별시 서초구 신반포로 213 (잠원동) 1층 르웰의원,0508.0353.7099,"월 화 수 목 금 토 일
10:00
 ~
 20:00 10:00
 ~
 20:00 10:00
 ~
 20:00 10:00
 ~
 20:00 10:00
 ~
 20:00 10:00
 ~
 16:00 휴진","진료정보
병원 정보
전문의 1명
여의사 진료
사후관리
외국인환자 서비스
영어 응대
진료과
피부과
가정의학과
진료항목
교근보톡스
색소
다이어트
다한증
리프팅
모공
미백관리
보톡스
필러
여드름
흉터
점
탈모
홍조
피부관리
바디관리
피부의료기기
인모드
써마지 FLX
텐쎄라
버츄RF
리니어지
텐써마
덴서티
마취정보
크림마취
비수면 무통마취
국소마취
주의!
해당 병원은 시술 시 마취 진행이 가능한 병원입니다. 환자의 시술 및 수술상황과 진료의 상담을 통해서 진행됩니다.",진료정보 | 병원 정보 | 전문의 1명 | 여의사 진료 | 사후관리 | 외국인환자 서비스 | 영어 응대 | 진료과 | 피부과 | 가정의학과 | 진료항목 | 교근보톡스 | 색소 | 다이어트 | 다한증 | 리프팅 | 모공 | 미백관리 | 보톡스 | 필러 | 여드름 | 흉터 | 점 | 탈모 | 홍조 | 피부관리 | 바디관리 | 피부의료기기 | 인모드 | 써마지 FLX | 텐쎄라 | 버츄RF | 리니어지 | 텐써마 | 덴서티 | 마취정보 | 크림마취 | 비수면 무통마취 | 국소마취 | 주의! | 해당 병원은 시술 시 마취 진행이 가능한 병원입니다. 환자의 시술 및 수술상황과 진료의 상담을 통해서 진행됩니다.,르웰의원
https://www.yeoshin.co.kr/hospitals/4784?from=events&tabmenu=INFO,8.9,50+,서울특별시 송파구 마천로 311 시온뷰티의원,0508.0353.3030,"월 화 수 목 금 토 일
10:00
 ~
 19:00 10:00
 ~
 20:00 휴진 10:00
 ~
 20:00 10:00
 ~
 19:00 10:00
 ~
 17:00 휴진","진료정보
진료과
피부과
진료항목
교근보톡스
색소
다이어트
다한증
제모
리프팅
모공
문신제거
미백관리
보톡스
필러
무좀레이저
실리프팅
여드름
흉터
점
탈모
홍조
피부관리
피부의료기기
슈링크
악센트프라임
마취정보
크림마취
주의!
해당 병원은 시술 시 마취 진행이 가능한 병원입니다. 환자의 시술 및 수술상황과 진료의 상담을 통해서 진행됩니다.",진료정보 | 진료과 | 피부과 | 진료항목 | 교근보톡스 | 색소 | 다이어트 | 다한증 | 제모 | 리프팅 | 모공 | 문신제거 | 미백관리 | 보톡스 | 필러 | 무좀레이저 | 실리프팅 | 여드름 | 흉터 | 점 | 탈모 | 홍조 | 피부관리 | 피부의료기기 | 슈링크 | 악센트프라임 | 마취정보 | 크림마취 | 주의! | 해당 병원은 시술 시 마취 진행이 가능한 병원입니다. 환자의 시술 및 수술상황과 진료의 상담을 통해서 진행됩니다.,시온뷰티의원
https://www.yeoshin.co.kr/hospitals/103994?from=events&tabmenu=INFO,0.0,1+,서울특별시 강남구 압구정로 310 (신사동) 고려빌딩3층,0508.0353.0432,"월 화 수 목 금 토 일
10:00
 ~
 17:00 10:00
 ~
 17:00 10:00
 ~
 17:00 10:00
 ~
 17:00 10:00
 ~
 17:00 10:00
 ~
 14:00 휴진","진료정보
병원 정보
전문의 1명
여의사 진료
수술실 CCTV
사후관리
진료과
성형외과
피부과
피부의료기기
슈링크
리프테라2
마취정보
크림마취
국소마취
주의!
해당 병원은 시술 시 마취 진행이 가능한 병원입니다. 환자의 시술 및 수술상황과 진료의 상담을 통해서 진행됩니다.",진료정보 | 병원 정보 | 전문의 1명 | 여의사 진료 | 수술실 CCTV | 사후관리 | 진료과 | 성형외과 | 피부과 | 피부의료기기 | 슈링크 | 리프테라2 | 마취정보 | 크림마취 | 국소마취 | 주의! | 해당 병원은 시술 시 마취 진행이 가능한 병원입니다. 환자의 시술 및 수술상황과 진료의 상담을 통해서 진행됩니다.,베스트웰피부과의원
https://www.yeoshin.co.kr/hospitals/4939?from=events&tabmenu=INFO,10.0,1+,부산광역시 동래구 충렬대로 244 르네상스의원,0508.0354.2029,"월 화 수 목 금 토 일
13:00
 ~
 23:00 13:00
 ~
 23:00 13:00
 ~
 23:00 13:00
 ~
 23:00 13:00
 ~
 23:00 10:00
 ~
 20:00 휴진","진료정보
진료과
피부과
피부의료기기
아쿠아필",진료정보 | 진료과 | 피부과 | 피부의료기기 | 아쿠아필,르네상스의원(부산)
https://www.yeoshin.co.kr/hospitals/4583?from=events&tabmenu=INFO,9.3,10+,서울 강남구 언주로 869 비티에프의원,0508.0353.5339,"월 화 수 목 금 토 일
10:00
 ~
 19:00 10:00
 ~
 19:00 10:00
 ~
 19:00 10:00
 ~
 19:00 10:00
 ~
 19:00 10:00
 ~
 16:00 휴진","진료정보
외국인환자 서비스
외국인환자 유치병원
진료과
피부과
진료항목
교근보톡스
색소
다이어트
다한증
제모
리프팅
모공
문신제거
미백관리
보톡스
필러
실리프팅
여드름
흉터
점
탈모
홍조
피부관리
피부의료기기
인모드
울쎄라
써마지 FLX
아쿠아필
CO2레이저
노블린레이저
크라이오셀
LDM
오투덤테라피
피코하이
인피니레이저
인모드Fx
인모드Forma
마취정보
크림마취
수면마취
국소마취
주의!
해당 병원은 시술 시 마취 진행이 가능한 병원입니다. 환자의 시술 및 수술상황과 진료의 상담을 통해서 진행됩니다.",진료정보 | 외국인환자 서비스 | 외국인환자 유치병원 | 진료과 | 피부과 | 진료항목 | 교근보톡스 | 색소 | 다이어트 | 다한증 | 제모 | 리프팅 | 모공 | 문신제거 | 미백관리 | 보톡스 | 필러 | 실리프팅 | 여드름 | 흉터 | 점 | 탈모 | 홍조 | 피부관리 | 피부의료기기 | 인모드 | 울쎄라 | 써마지 FLX | 아쿠아필 | CO2레이저 | 노블린레이저 | 크라이오셀 | LDM | 오투덤테라피 | 피코하이 | 인피니레이저 | 인모드Fx | 인모드Forma | 마취정보 | 크림마취 | 수면마취 | 국소마취 | 주의! | 해당 병원은 시술 시 마취 진행이 가능한 병원입니다. 환자의 시술 및 수술상황과 진료의 상담을 통해서 진행됩니다.,비티에프의원
https://www.yeoshin.co.kr/hospitals/41?from=events&tabmenu=INFO,9.1,600+,서울시 서초구 강남대로 605 비오페이스의원,0508.0353.7263,"월 화 수 목 금 토 일
10:00
 ~
 20:00 10:00
 ~
 20:00 10:00
 ~
 20:00 10:00
 ~
 19:00 10:00
 ~
 20:00 10:00
 ~
 16:00 휴진","진료정보
병원 정보
수술실 CCTV
응급처치 시스템
외국인환자 서비스
외국인환자 유치병원
일본어 응대
중국어 응대
영어 응대
진료과
피부과
가정의학과
진료항목
색소
다이어트
다한증
제모
리프팅
모공
미백관리
보톡스
필러
실리프팅
여드름
흉터
점
홍조
피부관리
바디관리
마취정보
크림마취
수면마취
비수면 무통마취
국소마취
주의!
해당 병원은 시술 시 마취 진행이 가능한 병원입니다. 환자의 시술 및 수술상황과 진료의 상담을 통해서 진행됩니다.",진료정보 | 병원 정보 | 수술실 CCTV | 응급처치 시스템 | 외국인환자 서비스 | 외국인환자 유치병원 | 일본어 응대 | 중국어 응대 | 영어 응대 | 진료과 | 피부과 | 가정의학과 | 진료항목 | 색소 | 다이어트 | 다한증 | 제모 | 리프팅 | 모공 | 미백관리 | 보톡스 | 필러 | 실리프팅 | 여드름 | 흉터 | 점 | 홍조 | 피부관리 | 바디관리 | 마취정보 | 크림마취 | 수면마취 | 비수면 무통마취 | 국소마취 | 주의! | 해당 병원은 시술 시 마취 진행이 가능한 병원입니다. 환자의 시술 및 수술상황과 진료의 상담을 통해서 진행됩니다.,비오페이스의원
https://www.yeoshin.co.kr/hospitals/5226?from=events&tabmenu=INFO,9.6,800+,"서울특별시 서초구 강남대로 453 (서초동) 서초빌딩 4층, 5층",0508.0353.4665,"월 화 수 목 금 토 일
10:30
 ~
 20:00 10:30
 ~
 20:00 10:30
 ~
 20:00 10:30
 ~
 20:00 10:30
 ~
 20:00 10:00
 ~
 17:00 휴진","진료정보
병원 정보
전문의 1명
여의사 진료
외국인환자 서비스
외국인환자 유치병원
영어 응대
진료과
피부과
피부의료기기
인모드
울쎄라
포텐자(침습)
리니어지
클라리티2(토닝)
세르프",진료정보 | 병원 정보 | 전문의 1명 | 여의사 진료 | 외국인환자 서비스 | 외국인환자 유치병원 | 영어 응대 | 진료과 | 피부과 | 피부의료기기 | 인모드 | 울쎄라 | 포텐자(침습) | 리니어지 | 클라리티2(토닝) | 세르프,네스트의원(강남)
https://www.yeoshin.co.kr/hospitals/104104?from=events&tabmenu=INFO,10.0,1+,서울특별시 강남구 논현로 826 (신사동) 6층,0508.0354.3468,"월 화 수 목 금 토 일
10:00
 ~
 20:00 10:00
 ~
 19:00 휴진 10:00
 ~
 19:00 10:00
 ~
 20:00 10:00
 ~
 16:00 휴진","진료정보
병원 정보
여의사 진료
응급처치 시스템
분야별 협진
사후관리
피부진단기 F-RAY 촬영 >
진료과
피부과
피부의료기기
아쿠아필
소노케어
마취정보
크림마취
수면마취
주의!
해당 병원은 시술 시 마취 진행이 가능한 병원입니다. 환자의 시술 및 수술상황과 진료의 상담을 통해서 진행됩니다.",진료정보 | 병원 정보 | 여의사 진료 | 응급처치 시스템 | 분야별 협진 | 사후관리 | 피부진단기 F-RAY 촬영 > | 진료과 | 피부과 | 피부의료기기 | 아쿠아필 | 소노케어 | 마취정보 | 크림마취 | 수면마취 | 주의! | 해당 병원은 시술 시 마취 진행이 가능한 병원입니다. 환자의 시술 및 수술상황과 진료의 상담을 통해서 진행됩니다.,비욘드의원
https://www.yeoshin.co.kr/hospitals/103982?from=events&tabmenu=INFO,0.0,,서울특별시 서초구 효령로 244 (서초동) 셀이즈연세메디컬의원,0508.0353.1526,"월 화 수 목 금 토 일
10:00
 ~
 19:00 10:00
 ~
 19:00 휴진 10:00
 ~
 19:00 10:00
 ~
 19:00 10:00
 ~
 15:00 휴진","진료정보
병원 정보
기본 입원실
환자전용숙소
전담회복실
외국인환자 서비스
영어 응대
중국어 응대
진료과
피부과",진료정보 | 병원 정보 | 기본 입원실 | 환자전용숙소 | 전담회복실 | 외국인환자 서비스 | 영어 응대 | 중국어 응대 | 진료과 | 피부과,셀이즈연세메디컬의원
https://www.yeoshin.co.kr/hospitals/983?from=events&tabmenu=INFO,9.6,400+,서울특별시 강남구 학동로 337 (논현동) H타워 8층,0508.0354.3021,"월 화 수 목 금 토 일
휴진 10:30
 ~
 20:00 10:30
 ~
 20:00 10:30
 ~
 20:00 10:30
 ~
 20:00 10:00
 ~
 16:00 휴진","진료정보
외국인환자 서비스
중국어 응대
영어 응대
진료과
피부과
피부의료기기
악센트프라임",진료정보 | 외국인환자 서비스 | 중국어 응대 | 영어 응대 | 진료과 | 피부과 | 피부의료기기 | 악센트프라임,더제이의원
https://www.yeoshin.co.kr/hospitals/821?from=events&tabmenu=INFO,10.0,1+,서울특별시 강남구 테헤란로 101 연세라인의원,0508.0353.6786,"월 화 수 목 금 토 일
10:00
 ~
 19:00 10:00
 ~
 19:00 10:00
 ~
 19:00 휴진 10:00
 ~
 19:00 10:00
 ~
 16:00 휴진","진료정보
병원 정보
전문의 2명
진료과
피부과
피부의료기기
셀렉 (IPL)
클라리티(토닝)
피코하이",진료정보 | 병원 정보 | 전문의 2명 | 진료과 | 피부과 | 피부의료기기 | 셀렉 (IPL) | 클라리티(토닝) | 피코하이,연세라인의원(강남점)
https://www.yeoshin.co.kr/hospitals/104117?from=events&tabmenu=INFO,0.0,,경기도 성남시 분당구 서현로210번길 20 (서현동) 코코프라자 4층,0508.0354.3501,"월 화 수 목 금 토 일
10:00
 ~
 18:00 10:00
 ~
 18:00 휴진 10:00
 ~
 18:00 10:00
 ~
 18:00 10:00
 ~
 14:00 휴진","진료정보
병원 정보
전문의 1명
수술실 CCTV
응급처치 시스템
기본 입원실
진료과
성형외과
피부과
진료항목
코재수술
안면윤곽
보형물제거
교근보톡스
지방흡입
지방이식
안면거상
보조개성형
리프팅
눈트임
보톡스
필러
실리프팅
눈성형
눈재수술
코성형
피부의료기기
슈링크
악센트프라임
엔코어리프팅
마취정보
크림마취
수면마취
비수면 무통마취
국소마취
주의!
해당 병원은 시술 시 마취 진행이 가능한 병원입니다. 환자의 시술 및 수술상황과 진료의 상담을 통해서 진행됩니다.",진료정보 | 병원 정보 | 전문의 1명 | 수술실 CCTV | 응급처치 시스템 | 기본 입원실 | 진료과 | 성형외과 | 피부과 | 진료항목 | 코재수술 | 안면윤곽 | 보형물제거 | 교근보톡스 | 지방흡입 | 지방이식 | 안면거상 | 보조개성형 | 리프팅 | 눈트임 | 보톡스 | 필러 | 실리프팅 | 눈성형 | 눈재수술 | 코성형 | 피부의료기기 | 슈링크 | 악센트프라임 | 엔코어리프팅 | 마취정보 | 크림마취 | 수면마취 | 비수면 무통마취 | 국소마취 | 주의! | 해당 병원은 시술 시 마취 진행이 가능한 병원입니다. 환자의 시술 및 수술상황과 진료의 상담을 통해서 진행됩니다.,헤라성형외과의원
https://www.yeoshin.co.kr/hospitals/4508?from=events&tabmenu=INFO,8.5,10+,경기 남양주시 퇴계원읍 퇴계원로 20,0508.0354.0272,,"진료정보
병원 정보
전문의 1명
진료과
성형외과
피부과
가정의학과
내과
신경과
정형외과
치과
피부의료기기
악센트프라임
아쿠아필",진료정보 | 병원 정보 | 전문의 1명 | 진료과 | 성형외과 | 피부과 | 가정의학과 | 내과 | 신경과 | 정형외과 | 치과 | 피부의료기기 | 악센트프라임 | 아쿠아필,엘병원
https://www.yeoshin.co.kr/hospitals/5030?from=events&tabmenu=INFO,9.2,10+,"서울특별시 서초구 강남대로61길 17 (서초동, 밀라텔 쉐르빌) 1층 102호, 2층 201호, 지하1층 B101호, B102호, 지하2층 B201호, B202호",0508.0353.7665,"월 화 수 목 금 토 일
10:00
 ~
 21:00 10:00
 ~
 21:00 10:00
 ~
 21:00 10:00
 ~
 21:00 10:00
 ~
 21:00 10:00
 ~
 19:00 10:00
 ~
 19:00","진료정보
병원 정보
여의사 진료
분야별 협진
외국인환자 서비스
외국인환자 유치병원
영어 응대
중국어 응대
일본어 응대
진료과
성형외과
피부과
정형외과
진료항목
안면윤곽
교근보톡스
안면거상
보조개성형
색소
다이어트
다한증
제모
리프팅
모공
문신제거
미백관리
보톡스
필러
무좀레이저
실리프팅
여드름
흉터
점
홍조
피부관리
바디관리
눈성형
눈재수술
코성형
피부의료기기
울쎄라
CO2프락셀
써마지 FLX
포텐자(침습)
피코슈어레이저
올리지오
LDM(트리플)
레블라이트 토닝
트리플바디
크라이오셀
젠틀맥스 프로
액션2 어븀야그
리프테라
포텐자(비침습)
파셀라
마취정보
크림마취
수면마취
국소마취
주의!
해당 병원은 시술 시 마취 진행이 가능한 병원입니다. 환자의 시술 및 수술상황과 진료의 상담을 통해서 진행됩니다.",진료정보 | 병원 정보 | 여의사 진료 | 분야별 협진 | 외국인환자 서비스 | 외국인환자 유치병원 | 영어 응대 | 중국어 응대 | 일본어 응대 | 진료과 | 성형외과 | 피부과 | 정형외과 | 진료항목 | 안면윤곽 | 교근보톡스 | 안면거상 | 보조개성형 | 색소 | 다이어트 | 다한증 | 제모 | 리프팅 | 모공 | 문신제거 | 미백관리 | 보톡스 | 필러 | 무좀레이저 | 실리프팅 | 여드름 | 흉터 | 점 | 홍조 | 피부관리 | 바디관리 | 눈성형 | 눈재수술 | 코성형 | 피부의료기기 | 울쎄라 | CO2프락셀 | 써마지 FLX | 포텐자(침습) | 피코슈어레이저 | 올리지오 | LDM(트리플) | 레블라이트 토닝 | 트리플바디 | 크라이오셀 | 젠틀맥스 프로 | 액션2 어븀야그 | 리프테라 | 포텐자(비침습) | 파셀라 | 마취정보 | 크림마취 | 수면마취 | 국소마취 | 주의! | 해당 병원은 시술 시 마취 진행이 가능한 병원입니다. 환자의 시술 및 수술상황과 진료의 상담을 통해서 진행됩니다.,르샤인의원
https://www.yeoshin.co.kr/hospitals/103786?from=events&tabmenu=INFO,9.8,10+,서울특별시 강남구 압구정로28길 28 (신사동) 2층,0508.0353.0072,"월 화 수 목 금 토 일
10:00
 ~
 19:00 10:00
 ~
 19:00 10:00
 ~
 19:00 10:00
 ~
 19:00 10:00
 ~
 19:00 10:00
 ~
 15:00 휴진","진료정보
진료과
성형외과
피부과
가정의학과
산부인과
피부의료기기
소노케어",진료정보 | 진료과 | 성형외과 | 피부과 | 가정의학과 | 산부인과 | 피부의료기기 | 소노케어,올리미의원
https://www.yeoshin.co.kr/hospitals/4211?from=events&tabmenu=INFO,9.6,10+,서울시 강남구 강남대로 584 성일빌딩 2층 청아연의원,0508.0353.7866,"월 화 수 목 금 토 일
10:30
 ~
 21:00 10:30
 ~
 21:00 휴진 10:30
 ~
 19:00 10:30
 ~
 21:00 10:30
 ~
 16:00 휴진","진료정보
병원 정보
전문의 1명
진료과
피부과
내과
피부의료기기
피코슈어레이저
마취정보
크림마취
수면마취
주의!
해당 병원은 시술 시 마취 진행이 가능한 병원입니다. 환자의 시술 및 수술상황과 진료의 상담을 통해서 진행됩니다.",진료정보 | 병원 정보 | 전문의 1명 | 진료과 | 피부과 | 내과 | 피부의료기기 | 피코슈어레이저 | 마취정보 | 크림마취 | 수면마취 | 주의! | 해당 병원은 시술 시 마취 진행이 가능한 병원입니다. 환자의 시술 및 수술상황과 진료의 상담을 통해서 진행됩니다.,청아연의원
https://www.yeoshin.co.kr/hospitals/4989?from=events&tabmenu=INFO,10.0,1+,울산광역시 중구 종가6길 32 (우정동) KL빌딩 9층,0508.0354.2312,"월 화 수 목 금 토 일
10:00
 ~
 18:00 10:00
 ~
 19:30 휴진 10:00
 ~
 19:30 10:00
 ~
 18:00 10:00
 ~
 14:00 휴진","진료정보
병원 정보
전문의 1명
진료과
피부과
가정의학과
정형외과
피부의료기기
셀렉 (IPL)
클라리티(토닝)
피코하이",진료정보 | 병원 정보 | 전문의 1명 | 진료과 | 피부과 | 가정의학과 | 정형외과 | 피부의료기기 | 셀렉 (IPL) | 클라리티(토닝) | 피코하이,니와미즈의원(울산)
https://www.yeoshin.co.kr/hospitals/4651?from=events&tabmenu=INFO,9.4,100+,대구광역시 중구 동성로5길 26 티아라의원,0508.0354.2410,"월 화 수 목 금 토 일
10:00
 ~
 20:00 10:00
 ~
 20:00 10:00
 ~
 20:00 10:00
 ~
 20:00 10:00
 ~
 21:00 10:00
 ~
 17:00 휴진","진료정보
진료과
성형외과
피부과
피부의료기기
아쿠아필",진료정보 | 진료과 | 성형외과 | 피부과 | 피부의료기기 | 아쿠아필,티아라의원
https://www.yeoshin.co.kr/hospitals/103938?from=events&tabmenu=INFO,9.7,1+,부산광역시 남구 수영로 300 (대연동) 비전프라자 4층 예뻐지는의원,0508.0353.1368,"월 화 수 목 금 토 일
11:00
 ~
 20:00 13:00
 ~
 19:00 11:00
 ~
 19:00 11:00
 ~
 19:00 11:00
 ~
 19:00 11:00
 ~
 15:00 휴진","진료정보
병원 정보
여의사 진료
진료과
피부과
피부의료기기
인모드
포텐자(침습)
리니어펌
LDM
마취정보
크림마취
주의!
해당 병원은 시술 시 마취 진행이 가능한 병원입니다. 환자의 시술 및 수술상황과 진료의 상담을 통해서 진행됩니다.",진료정보 | 병원 정보 | 여의사 진료 | 진료과 | 피부과 | 피부의료기기 | 인모드 | 포텐자(침습) | 리니어펌 | LDM | 마취정보 | 크림마취 | 주의! | 해당 병원은 시술 시 마취 진행이 가능한 병원입니다. 환자의 시술 및 수술상황과 진료의 상담을 통해서 진행됩니다.,예뻐지는의원(부산)
https://www.yeoshin.co.kr/hospitals/4898?from=events&tabmenu=INFO,9.2,10+,부산광역시 해운대구 해운대로 802 삼성리한여성의원,0508.0354.2239,"월 화 수 목 금 토 일
09:30
 ~
 18:00 09:30
 ~
 20:00 09:30
 ~
 18:00 09:30
 ~
 20:00 09:30
 ~
 18:00 09:30
 ~
 13:30 휴진","진료정보
병원 정보
전문의 1명
진료과
성형외과
피부과
산부인과
피부의료기기
악센트프라임",진료정보 | 병원 정보 | 전문의 1명 | 진료과 | 성형외과 | 피부과 | 산부인과 | 피부의료기기 | 악센트프라임,삼성리한여성의원
https://www.yeoshin.co.kr/hospitals/86759?from=events&tabmenu=INFO,9.5,10+,서울특별시 광진구 자양로13길 47 2층 (자양동),0508.0353.0725,"월 화 수 목 금 토 일
09:00
 ~
 18:00 09:00
 ~
 18:00 09:00
 ~
 18:00 09:00
 ~
 18:00 09:00
 ~
 18:00 09:00
 ~
 14:00 휴진","진료정보
병원 정보
전문의 1명
분야별 협진
전담회복실
사후관리
진료과
피부과
가정의학과
내과
진료항목
미백관리
보톡스
필러
실리프팅
여드름
점
탈모
홍조
피부관리
다한증
리프팅
피부의료기기
CO2레이저
V-RO(브이로)
마취정보
크림마취
국소마취
주의!
해당 병원은 시술 시 마취 진행이 가능한 병원입니다. 환자의 시술 및 수술상황과 진료의 상담을 통해서 진행됩니다.",진료정보 | 병원 정보 | 전문의 1명 | 분야별 협진 | 전담회복실 | 사후관리 | 진료과 | 피부과 | 가정의학과 | 내과 | 진료항목 | 미백관리 | 보톡스 | 필러 | 실리프팅 | 여드름 | 점 | 탈모 | 홍조 | 피부관리 | 다한증 | 리프팅 | 피부의료기기 | CO2레이저 | V-RO(브이로) | 마취정보 | 크림마취 | 국소마취 | 주의! | 해당 병원은 시술 시 마취 진행이 가능한 병원입니다. 환자의 시술 및 수술상황과 진료의 상담을 통해서 진행됩니다.,연세미초롬의원
https://www.yeoshin.co.kr/hospitals/73171?from=events&tabmenu=INFO,9.5,1+,"경기도 부천시 원미구 부일로205번길 26 (상동) 대명앤스빌(1차) 302,303호 (상동)",0508.0355.6275,"월 화 수 목 금 토 일
09:30
 ~
 19:00 09:30
 ~
 19:00 09:30
 ~
 19:00 09:30
 ~
 19:00 09:30
 ~
 19:00 09:30
 ~
 15:00 휴진","진료정보
병원 정보
전문의 1명
수술실 CCTV
사후관리
외국인환자 서비스
외국인환자 유치병원
영어 응대
진료과
성형외과
피부과
진료항목
보형물제거
지방흡입
지방이식
안면거상
모발이식
다이어트
리프팅
눈트임
보톡스
필러
실리프팅
탈모
피부관리
눈성형
눈재수술
코성형
마취정보
크림마취
수면마취
비수면 무통마취
국소마취
주의!
해당 병원은 시술 시 마취 진행이 가능한 병원입니다. 환자의 시술 및 수술상황과 진료의 상담을 통해서 진행됩니다.",진료정보 | 병원 정보 | 전문의 1명 | 수술실 CCTV | 사후관리 | 외국인환자 서비스 | 외국인환자 유치병원 | 영어 응대 | 진료과 | 성형외과 | 피부과 | 진료항목 | 보형물제거 | 지방흡입 | 지방이식 | 안면거상 | 모발이식 | 다이어트 | 리프팅 | 눈트임 | 보톡스 | 필러 | 실리프팅 | 탈모 | 피부관리 | 눈성형 | 눈재수술 | 코성형 | 마취정보 | 크림마취 | 수면마취 | 비수면 무통마취 | 국소마취 | 주의! | 해당 병원은 시술 시 마취 진행이 가능한 병원입니다. 환자의 시술 및 수술상황과 진료의 상담을 통해서 진행됩니다.,예스성형외과의원(부천)
https://www.yeoshin.co.kr/hospitals/5129?from=events&tabmenu=INFO,9.7,10+,서울특별시 서초구 서초대로77길 5 (서초동) 리참성형외과,0508.0353.7447,"월 화 수 목 금 토 일
11:00
 ~
 20:00 11:00
 ~
 20:00 11:00
 ~
 20:00 11:00
 ~
 20:00 11:00
 ~
 20:00 10:00
 ~
 17:00 휴진","진료정보
병원 정보
전문의 1명
외국인환자 서비스
외국인환자 유치병원
진료과
성형외과
마취정보
크림마취
수면마취
국소마취
주의!
해당 병원은 시술 시 마취 진행이 가능한 병원입니다. 환자의 시술 및 수술상황과 진료의 상담을 통해서 진행됩니다.",진료정보 | 병원 정보 | 전문의 1명 | 외국인환자 서비스 | 외국인환자 유치병원 | 진료과 | 성형외과 | 마취정보 | 크림마취 | 수면마취 | 국소마취 | 주의! | 해당 병원은 시술 시 마취 진행이 가능한 병원입니다. 환자의 시술 및 수술상황과 진료의 상담을 통해서 진행됩니다.,리참성형외과의원
https://www.yeoshin.co.kr/hospitals/4789?from=events&tabmenu=INFO,9.7,50+,인천광역시 연수구 컨벤시아대로 165 JK위드미의원,0508.0354.1635,"월 화 수 목 금 토 일
10:00
 ~
 19:00 09:30
 ~
 20:30 10:00
 ~
 19:00 09:30
 ~
 20:30 10:00
 ~
 19:00 09:00
 ~
 15:00 휴진","진료정보
병원 정보
전문의 3명
수술실 CCTV
응급처치 시스템
분야별 협진
기본 입원실
전담회복실
사후관리
외국인환자 서비스
영어 응대
중국어 응대
진료과
성형외과
피부과
내과
진료항목
코재수술
지방흡입
지방이식
안면거상
가슴성형
모발이식
보조개성형
가슴재수술
눈트임
교근보톡스
색소
다이어트
다한증
제모
리프팅
모공
문신제거
미백관리
보톡스
필러
무좀레이저
실리프팅
액취증
여드름
흉터
점
탈모
홍조
피부관리
바디관리
눈성형
눈재수술
코성형
마취정보
크림마취
수면마취
비수면 무통마취
전신마취
국소마취
주의!
해당 병원은 시술 시 마취 진행이 가능한 병원입니다. 환자의 시술 및 수술상황과 진료의 상담을 통해서 진행됩니다.",진료정보 | 병원 정보 | 전문의 3명 | 수술실 CCTV | 응급처치 시스템 | 분야별 협진 | 기본 입원실 | 전담회복실 | 사후관리 | 외국인환자 서비스 | 영어 응대 | 중국어 응대 | 진료과 | 성형외과 | 피부과 | 내과 | 진료항목 | 코재수술 | 지방흡입 | 지방이식 | 안면거상 | 가슴성형 | 모발이식 | 보조개성형 | 가슴재수술 | 눈트임 | 교근보톡스 | 색소 | 다이어트 | 다한증 | 제모 | 리프팅 | 모공 | 문신제거 | 미백관리 | 보톡스 | 필러 | 무좀레이저 | 실리프팅 | 액취증 | 여드름 | 흉터 | 점 | 탈모 | 홍조 | 피부관리 | 바디관리 | 눈성형 | 눈재수술 | 코성형 | 마취정보 | 크림마취 | 수면마취 | 비수면 무통마취 | 전신마취 | 국소마취 | 주의! | 해당 병원은 시술 시 마취 진행이 가능한 병원입니다. 환자의 시술 및 수술상황과 진료의 상담을 통해서 진행됩니다.,JK위드미의원
https://www.yeoshin.co.kr/hospitals/5158?from=events&tabmenu=INFO,9.7,1+,충청남도 천안시 동남구 만남로 42 (신부동) 6층,0508.0353.0902,"월 화 수 목 금 토 일
11:00
 ~
 19:00 11:00
 ~
 19:00 11:00
 ~
 19:00 11:00
 ~
 19:00 11:00
 ~
 19:00 10:00
 ~
 14:00 휴진","진료정보
병원 정보
전문의 1명
진료과
산부인과",진료정보 | 병원 정보 | 전문의 1명 | 진료과 | 산부인과,애플산부인과의원(천안점)
https://www.yeoshin.co.kr/hospitals/5161?from=events&tabmenu=INFO,9.4,10+,부산광역시 부산진구 서면로 62-1 (부전동) 2층 (부전동 에이스메디칼타워),0508.0353.1062,"월 화 수 목 금 토 일
10:00
 ~
 20:00 10:00
 ~
 20:00 10:00
 ~
 20:00 10:00
 ~
 20:00 10:00
 ~
 20:00 10:00
 ~
 16:00 휴진","진료정보
병원 정보
전문의 1명
진료과
산부인과",진료정보 | 병원 정보 | 전문의 1명 | 진료과 | 산부인과,애플산부인과의원(부산서면점)
https://www.yeoshin.co.kr/hospitals/5388?from=events&tabmenu=INFO,9.8,200+,"서울특별시 강동구 천호대로 1024 (성내동) 2층 (성내동 610, 힐스테이트천호역젠트리스)",0508.0353.3491,"월 화 수 목 금 토 일
10:00
 ~
 21:00 10:00
 ~
 21:00 10:00
 ~
 21:00 10:00
 ~
 21:00 10:00
 ~
 21:00 10:00
 ~
 17:00 휴진","진료정보
병원 정보
전문의 2명
여의사 진료
전담회복실
사후관리
진료과
산부인과",진료정보 | 병원 정보 | 전문의 2명 | 여의사 진료 | 전담회복실 | 사후관리 | 진료과 | 산부인과,애플산부인과의원(천호점)
https://www.yeoshin.co.kr/hospitals/3846?from=events&tabmenu=INFO,9.5,400+,"서울특별시 강남구 도산대로 55길 29, 대창빌딩 3층 더마스터의원(청담점)",0508.0353.6799,"월 화 수 목 금 토 일
10:00
 ~
 19:00 10:00
 ~
 20:00 10:00
 ~
 20:00 10:00
 ~
 20:00 10:00
 ~
 19:00 휴진 휴진",,,더마스터의원(청담점)
https://www.yeoshin.co.kr/hospitals/4910?from=events&tabmenu=INFO,10.0,1+,서울특별시 서대문구 신촌로 99 차앤박피부과의원(신촌점),0508.0353.2112,,"진료정보
병원 정보
전문의 2명
진료과
피부과",진료정보 | 병원 정보 | 전문의 2명 | 진료과 | 피부과,차앤박피부과의원(신촌점)
https://www.yeoshin.co.kr/hospitals/4926?from=events&tabmenu=INFO,9.7,10+,서울시 강남구 남부순환로 2917 삼성화이트피부과,0508.0353.7025,"월 화 수 목 금 토 일
10:00
 ~
 19:30 10:00
 ~
 19:30 10:00
 ~
 19:30 10:00
 ~
 14:00 10:00
 ~
 19:30 10:00
 ~
 16:00 휴진","진료정보
병원 정보
전문의 1명
진료과
피부과
피부의료기기
ASCE엑소좀
포텐자(침습)",진료정보 | 병원 정보 | 전문의 1명 | 진료과 | 피부과 | 피부의료기기 | ASCE엑소좀 | 포텐자(침습),삼성화이트피부과
https://www.yeoshin.co.kr/hospitals/103991?from=events&tabmenu=INFO,10.0,10+,경기도 성남시 수정구 위례서일로 46 (창곡동) 308호 비오한의원,0508.0353.5030,"월 화 수 목 금 토 일
10:00
 ~
 20:00 10:00
 ~
 20:00 10:00
 ~
 20:00 10:00
 ~
 20:00 10:00
 ~
 20:00 10:00
 ~
 15:00 휴진","진료정보
병원 정보
사후관리
진료과
피부과
한의과
진료항목
미백관리
안면교정
실리프팅
색소
매선
다이어트
다이어트한약
피부관리
바디관리
다이어트침
리프팅
모공
부기관리
피부의료기기
리니어펌
마취정보
크림마취
수면마취
국소마취
주의!
해당 병원은 시술 시 마취 진행이 가능한 병원입니다. 환자의 시술 및 수술상황과 진료의 상담을 통해서 진행됩니다.",진료정보 | 병원 정보 | 사후관리 | 진료과 | 피부과 | 한의과 | 진료항목 | 미백관리 | 안면교정 | 실리프팅 | 색소 | 매선 | 다이어트 | 다이어트한약 | 피부관리 | 바디관리 | 다이어트침 | 리프팅 | 모공 | 부기관리 | 피부의료기기 | 리니어펌 | 마취정보 | 크림마취 | 수면마취 | 국소마취 | 주의! | 해당 병원은 시술 시 마취 진행이 가능한 병원입니다. 환자의 시술 및 수술상황과 진료의 상담을 통해서 진행됩니다.,비오한의원
https://www.yeoshin.co.kr/hospitals/2425?from=events&tabmenu=INFO,9.7,10+,경기도 성남시 분당구 성남대로 168 연세제이의원,0508.0354.0929,"월 화 수 목 금 토 일
10:00
 ~
 19:00 10:00
 ~
 20:00 10:00
 ~
 18:00 10:00
 ~
 19:00 10:00
 ~
 20:00 09:00
 ~
 13:00 휴진","진료정보
진료과
피부과
가정의학과
내과
정형외과
피부의료기기
슈링크
셀렉 (IPL)
클라리티(토닝)
피코하이
리프테라2",진료정보 | 진료과 | 피부과 | 가정의학과 | 내과 | 정형외과 | 피부의료기기 | 슈링크 | 셀렉 (IPL) | 클라리티(토닝) | 피코하이 | 리프테라2,연세제이의원
https://www.yeoshin.co.kr/hospitals/4954?from=events&tabmenu=INFO,9.7,10+,경기도 평택시 소사5길 24 더라인의원,0508.0354.0354,"월 화 수 목 금 토 일
09:30
 ~
 19:00 09:30
 ~
 19:00 09:00
 ~
 13:00 09:30
 ~
 19:00 09:30
 ~
 19:00 09:00
 ~
 13:00 휴진","진료정보
병원 정보
전문의 1명
진료과
피부과
가정의학과
내과
진료항목
탈모
다이어트
리프팅
피부의료기기
써펙트",진료정보 | 병원 정보 | 전문의 1명 | 진료과 | 피부과 | 가정의학과 | 내과 | 진료항목 | 탈모 | 다이어트 | 리프팅 | 피부의료기기 | 써펙트,더라인의원
https://www.yeoshin.co.kr/hospitals/3212?from=events&tabmenu=INFO,9.8,10+,서울특별시 서초구 서초대로 310 (서초동) 소망빌딩 7층 (서초동 1673-10),0508.0353.2675,"월 화 수 목 금 토 일
10:00
 ~
 17:00 10:00
 ~
 17:00 10:00
 ~
 17:00 10:00
 ~
 17:00 10:00
 ~
 17:00 10:00
 ~
 14:00 휴진","진료정보
외국인환자 서비스
영어 응대
진료과
성형외과
피부과
진료항목
보톡스
필러
지방흡입
실리프팅
안면거상
액취증
흉터
피부관리
다한증
제모
눈성형
리프팅
코성형
피부의료기기
슈링크
악센트프라임
마취정보
크림마취
국소마취
주의!
해당 병원은 시술 시 마취 진행이 가능한 병원입니다. 환자의 시술 및 수술상황과 진료의 상담을 통해서 진행됩니다.",진료정보 | 외국인환자 서비스 | 영어 응대 | 진료과 | 성형외과 | 피부과 | 진료항목 | 보톡스 | 필러 | 지방흡입 | 실리프팅 | 안면거상 | 액취증 | 흉터 | 피부관리 | 다한증 | 제모 | 눈성형 | 리프팅 | 코성형 | 피부의료기기 | 슈링크 | 악센트프라임 | 마취정보 | 크림마취 | 국소마취 | 주의! | 해당 병원은 시술 시 마취 진행이 가능한 병원입니다. 환자의 시술 및 수술상황과 진료의 상담을 통해서 진행됩니다.,브라운아이의원
https://www.yeoshin.co.kr/hospitals/4996?from=events&tabmenu=INFO,9.3,10+,경상남도 김해시 가락로 19 (부원동) 아름다운 뉴욕 메디컬센터 3층,0508.0354.2573,"월 화 수 목 금 토 일
10:00
 ~
 19:00 10:00
 ~
 21:00 10:00
 ~
 19:00 10:00
 ~
 19:00 10:00
 ~
 21:00 10:00
 ~
 15:00 휴진","진료정보
진료과
피부과
피부의료기기
슈링크
악센트프라임
피코슈어레이저
크라이오셀",진료정보 | 진료과 | 피부과 | 피부의료기기 | 슈링크 | 악센트프라임 | 피코슈어레이저 | 크라이오셀,아르의원(김해점)
https://www.yeoshin.co.kr/hospitals/5363?from=events&tabmenu=INFO,0.0,,서울특별시 강남구 도산대로 124 (논현동) 대영빌딩 2층(피팅의원),0508.0353.6133,"월 화 수 목 금 토 일
10:30
 ~
 19:30 10:30
 ~
 19:30 10:30
 ~
 19:30 10:30
 ~
 19:30 10:30
 ~
 19:30 10:00
 ~
 16:00 휴진","진료정보
병원 정보
전문의 1명
수술실 CCTV
응급처치 시스템
기본 입원실
사후관리
진료과
성형외과
피부과
마취정보
수면마취
전신마취
주의!
해당 병원은 시술 시 마취 진행이 가능한 병원입니다. 환자의 시술 및 수술상황과 진료의 상담을 통해서 진행됩니다.",진료정보 | 병원 정보 | 전문의 1명 | 수술실 CCTV | 응급처치 시스템 | 기본 입원실 | 사후관리 | 진료과 | 성형외과 | 피부과 | 마취정보 | 수면마취 | 전신마취 | 주의! | 해당 병원은 시술 시 마취 진행이 가능한 병원입니다. 환자의 시술 및 수술상황과 진료의 상담을 통해서 진행됩니다.,피팅의원
https://www.yeoshin.co.kr/hospitals/162?from=events&tabmenu=INFO,9.4,10+,서울특별시 서초구 강남대로 212 (양재동) 보은빌딩 8층,0508.0353.6230,"월 화 수 목 금 토 일
10:00
 ~
 19:00 10:00
 ~
 19:00 10:00
 ~
 19:00 10:00
 ~
 19:00 10:00
 ~
 21:00 10:00
 ~
 16:00 휴진","진료정보
외국인환자 서비스
영어 응대
진료과
피부과
진료항목
교근보톡스
색소
다이어트
리프팅
모공
문신제거
미백관리
보톡스
필러
무좀레이저
실리프팅
여드름
점
탈모
홍조
피부관리
바디관리",진료정보 | 외국인환자 서비스 | 영어 응대 | 진료과 | 피부과 | 진료항목 | 교근보톡스 | 색소 | 다이어트 | 리프팅 | 모공 | 문신제거 | 미백관리 | 보톡스 | 필러 | 무좀레이저 | 실리프팅 | 여드름 | 점 | 탈모 | 홍조 | 피부관리 | 바디관리,핑슬림의원
https://www.yeoshin.co.kr/hospitals/4464?from=events&tabmenu=INFO,9.7,10+,"서울특별시 강남구 삼성로 730, 2~4층 (청담동) 허쉬성형외과",0508.0353.9471,"월 화 수 목 금 토 일
10:00
 ~
 19:00 10:00
 ~
 19:00 10:00
 ~
 19:00 10:00
 ~
 19:00 10:00
 ~
 19:00 10:00
 ~
 16:00 휴진","진료정보
병원 정보
전문의 2명
수술실 CCTV
응급처치 시스템
분야별 협진
기본 입원실
전담회복실
사후관리
외국인환자 서비스
외국인환자 유치병원
영어 응대
일본어 응대
중국어 응대
진료과
성형외과
진료항목
보형물제거
지방흡입
지방이식
안면거상
가슴성형
엉덩이성형
색소
다한증
리프팅
모공
눈트임
문신제거
미백관리
보톡스
필러
실리프팅
액취증
여드름
흉터
홍조
피부관리
바디관리
눈성형
눈재수술
피부의료기기
써마지 CPT
피코슈어레이저
크라이오셀
미라드라이
시크릿터치
셀바이브
리프테라2
쿨페이즈",진료정보 | 병원 정보 | 전문의 2명 | 수술실 CCTV | 응급처치 시스템 | 분야별 협진 | 기본 입원실 | 전담회복실 | 사후관리 | 외국인환자 서비스 | 외국인환자 유치병원 | 영어 응대 | 일본어 응대 | 중국어 응대 | 진료과 | 성형외과 | 진료항목 | 보형물제거 | 지방흡입 | 지방이식 | 안면거상 | 가슴성형 | 엉덩이성형 | 색소 | 다한증 | 리프팅 | 모공 | 눈트임 | 문신제거 | 미백관리 | 보톡스 | 필러 | 실리프팅 | 액취증 | 여드름 | 흉터 | 홍조 | 피부관리 | 바디관리 | 눈성형 | 눈재수술 | 피부의료기기 | 써마지 CPT | 피코슈어레이저 | 크라이오셀 | 미라드라이 | 시크릿터치 | 셀바이브 | 리프테라2 | 쿨페이즈,허쉬성형외과의원
https://www.yeoshin.co.kr/hospitals/5250?from=events&tabmenu=INFO,10.0,1+,경기도 하남시 위례대로 256 (학암동) 3층 302호,0508.0353.7520,"월 화 수 목 금 토 일
10:00
 ~
 20:00 10:00
 ~
 19:00 휴진 10:00
 ~
 19:00 10:00
 ~
 20:00 10:00
 ~
 16:00 휴진","진료정보
병원 정보
사후관리
진료과
피부과
진료항목
교근보톡스
색소
리프팅
모공
문신제거
미백관리
보톡스
필러
실리프팅
여드름
흉터
점
피부관리
바디관리
피부의료기기
슈링크
악센트프라임
피코슈어레이저
실펌엑스
리니어지
덴서티",진료정보 | 병원 정보 | 사후관리 | 진료과 | 피부과 | 진료항목 | 교근보톡스 | 색소 | 리프팅 | 모공 | 문신제거 | 미백관리 | 보톡스 | 필러 | 실리프팅 | 여드름 | 흉터 | 점 | 피부관리 | 바디관리 | 피부의료기기 | 슈링크 | 악센트프라임 | 피코슈어레이저 | 실펌엑스 | 리니어지 | 덴서티,뷰티젠의원(하남)
https://www.yeoshin.co.kr/hospitals/103956?from=events&tabmenu=INFO,9.4,1+,경기도 안양시 동안구 관악대로 387 (관양동) 3층,0508.0355.7121,"월 화 수 목 금 토 일
09:00
 ~
 20:30 09:00
 ~
 20:30 09:00
 ~
 20:30 09:00
 ~
 20:30 09:00
 ~
 20:30 09:00
 ~
 16:00 09:00
 ~
 14:00","진료정보
병원 정보
피부진단기 F-RAY 촬영 >
진료과
한의과
피부의료기기
CO2레이저
미인레이저
리프테라2",진료정보 | 병원 정보 | 피부진단기 F-RAY 촬영 > | 진료과 | 한의과 | 피부의료기기 | CO2레이저 | 미인레이저 | 리프테라2,강녕한의원
https://www.yeoshin.co.kr/hospitals/103822?from=events&tabmenu=INFO,10.0,1+,서울특별시 강남구 강남대로 406 (역삼동) 글라스타워 8층,0508.0353.0137,"월 화 수 목 금 토 일
09:30
 ~
 20:30 09:30
 ~
 18:30 09:30
 ~
 18:30 09:30
 ~
 20:30 09:30
 ~
 18:30 09:30
 ~
 16:30 10:00
 ~
 16:00","진료정보
병원 정보
전문의 4명
여의사 진료
수술실 CCTV
응급처치 시스템
분야별 협진
사후관리
외국인환자 서비스
외국인환자 유치병원
진료과
치과",진료정보 | 병원 정보 | 전문의 4명 | 여의사 진료 | 수술실 CCTV | 응급처치 시스템 | 분야별 협진 | 사후관리 | 외국인환자 서비스 | 외국인환자 유치병원 | 진료과 | 치과,강남클리어치과의원
https://www.yeoshin.co.kr/hospitals/103821?from=events&tabmenu=INFO,0.0,1+,서울특별시 중구 퇴계로 123 (충무로2가) 8층 시즈까의원,0508.0353.2838,"월 화 수 목 금 토 일
10:30
 ~
 18:00 10:30
 ~
 18:00 10:30
 ~
 18:00 10:30
 ~
 18:00 10:30
 ~
 18:00 휴진 휴진","진료정보
병원 정보
전담회복실
사후관리
외국인환자 서비스
외국인환자 유치병원
진료과
성형외과
피부과
가정의학과
비뇨기과
피부의료기기
슈링크
마취정보
크림마취
국소마취
주의!
해당 병원은 시술 시 마취 진행이 가능한 병원입니다. 환자의 시술 및 수술상황과 진료의 상담을 통해서 진행됩니다.",진료정보 | 병원 정보 | 전담회복실 | 사후관리 | 외국인환자 서비스 | 외국인환자 유치병원 | 진료과 | 성형외과 | 피부과 | 가정의학과 | 비뇨기과 | 피부의료기기 | 슈링크 | 마취정보 | 크림마취 | 국소마취 | 주의! | 해당 병원은 시술 시 마취 진행이 가능한 병원입니다. 환자의 시술 및 수술상황과 진료의 상담을 통해서 진행됩니다.,시즈까의원
https://www.yeoshin.co.kr/hospitals/4637?from=events&tabmenu=INFO,9.0,10+,서울특별시 강남구 도산대로 409 닥터한스한의원,0508.0353.5792,"월 화 수 목 금 토 일
10:00
 ~
 19:00 10:00
 ~
 19:00 10:00
 ~
 19:00 10:00
 ~
 20:00 10:00
 ~
 19:00 10:00
 ~
 14:00 휴진","진료정보
진료과
한의과",진료정보 | 진료과 | 한의과,닥터한스한의원
https://www.yeoshin.co.kr/hospitals/5410?from=events&tabmenu=INFO,9.9,1+,서울특별시 강남구 테헤란로87길 17 (삼성동) 마젤란 21아스테리움 3층 301,0508.0353.6570,"월 화 수 목 금 토 일
10:00
 ~
 19:00 10:00
 ~
 19:00 10:00
 ~
 19:00 10:00
 ~
 19:00 10:00
 ~
 19:00 10:00
 ~
 14:00 휴진","진료정보
병원 정보
전문의 1명
여의사 진료
수술실 CCTV
응급처치 시스템
사후관리
진료과
산부인과
마취정보
수면마취
국소마취
주의!
해당 병원은 시술 시 마취 진행이 가능한 병원입니다. 환자의 시술 및 수술상황과 진료의 상담을 통해서 진행됩니다.",진료정보 | 병원 정보 | 전문의 1명 | 여의사 진료 | 수술실 CCTV | 응급처치 시스템 | 사후관리 | 진료과 | 산부인과 | 마취정보 | 수면마취 | 국소마취 | 주의! | 해당 병원은 시술 시 마취 진행이 가능한 병원입니다. 환자의 시술 및 수술상황과 진료의 상담을 통해서 진행됩니다.,연세이롬산부인과의원
https://www.yeoshin.co.kr/hospitals/5220?from=events&tabmenu=INFO,9.3,10+,경기도 안양시 동안구 평촌대로223번길 55 (호계동) 대명빌딩 301~303호,0508.0353.0184,"월 화 수 목 금 토 일
10:30
 ~
 21:00 10:30
 ~
 21:00 10:30
 ~
 21:00 10:30
 ~
 21:00 10:30
 ~
 21:00 10:00
 ~
 16:00 09:30
 ~
 14:30","진료정보
병원 정보
전문의 1명
여의사 진료
사후관리
진료과
한의과
진료항목
지방분해침
매선
다이어트한약
흉터치료
다이어트침
부기관리
피부의료기기
슈링크
액션2 어븀야그
울트라CO2
클라리티2(토닝)
마취정보
크림마취
주의!
해당 병원은 시술 시 마취 진행이 가능한 병원입니다. 환자의 시술 및 수술상황과 진료의 상담을 통해서 진행됩니다.",진료정보 | 병원 정보 | 전문의 1명 | 여의사 진료 | 사후관리 | 진료과 | 한의과 | 진료항목 | 지방분해침 | 매선 | 다이어트한약 | 흉터치료 | 다이어트침 | 부기관리 | 피부의료기기 | 슈링크 | 액션2 어븀야그 | 울트라CO2 | 클라리티2(토닝) | 마취정보 | 크림마취 | 주의! | 해당 병원은 시술 시 마취 진행이 가능한 병원입니다. 환자의 시술 및 수술상황과 진료의 상담을 통해서 진행됩니다.,가로세로한의원(안양평촌점)
https://www.yeoshin.co.kr/hospitals/481?from=events&tabmenu=INFO,9.2,700+,서울특별시 강남구 테헤란로87길 46 (삼성동) 오크우드봄의원&CDU청담유성형외과센터,0508.0353.7740,"월 화 수 목 금 토 일
10:00
 ~
 19:00 10:00
 ~
 20:00 10:00
 ~
 19:00 10:00
 ~
 19:00 10:00
 ~
 20:00 10:00
 ~
 16:00 휴진","진료정보
병원 정보
전문의 3명
마취과의 진료
분야별 협진
전담회복실
외국인환자 서비스
영어 응대
중국어 응대
진료과
성형외과
피부과
가정의학과
산부인과
내과",진료정보 | 병원 정보 | 전문의 3명 | 마취과의 진료 | 분야별 협진 | 전담회복실 | 외국인환자 서비스 | 영어 응대 | 중국어 응대 | 진료과 | 성형외과 | 피부과 | 가정의학과 | 산부인과 | 내과,오크우드봄의원
https://www.yeoshin.co.kr/hospitals/4899?from=events&tabmenu=INFO,8.1,1+,경기도 안산시 단원구 고잔로 76 엔비의원(안산점),0508.0354.0115,"월 화 수 목 금 토 일
10:00
 ~
 19:00 10:00
 ~
 20:00 10:00
 ~
 19:00 10:00
 ~
 20:00 10:00
 ~
 19:00 10:00
 ~
 14:00 휴진","진료정보
피부의료기기
셀렉 (IPL)
클라리티(토닝)
피코하이",진료정보 | 피부의료기기 | 셀렉 (IPL) | 클라리티(토닝) | 피코하이,엔비의원(안산점)
https://www.yeoshin.co.kr/hospitals/104071?from=events&tabmenu=INFO,0.0,,대구광역시 북구 동천로24길 9 (동천동) 2층 혜윰한의원,0508.0353.4451,"월 화 수 목 금 토 일
10:00
 ~
 20:00 10:00
 ~
 20:00 10:00
 ~
 20:00 휴진 10:00
 ~
 20:00 09:00
 ~
 14:00 휴진","진료정보
병원 정보
여의사 진료
분야별 협진
사후관리
진료과
한의과
진료항목
지방분해침
매선
다이어트한약
다이어트침
부기관리
피부의료기기
슈링크
마취정보
크림마취
국소마취
주의!
해당 병원은 시술 시 마취 진행이 가능한 병원입니다. 환자의 시술 및 수술상황과 진료의 상담을 통해서 진행됩니다.",진료정보 | 병원 정보 | 여의사 진료 | 분야별 협진 | 사후관리 | 진료과 | 한의과 | 진료항목 | 지방분해침 | 매선 | 다이어트한약 | 다이어트침 | 부기관리 | 피부의료기기 | 슈링크 | 마취정보 | 크림마취 | 국소마취 | 주의! | 해당 병원은 시술 시 마취 진행이 가능한 병원입니다. 환자의 시술 및 수술상황과 진료의 상담을 통해서 진행됩니다.,혜윰한의원
https://www.yeoshin.co.kr/hospitals/3594?from=events&tabmenu=INFO,8.3,10+,"서울 서초구 강남대로 421, 삼영빌딩 6층 쉬즈한의원(강남점)",0508.0353.7117,"월 화 수 목 금 토 일
휴진 10:00
 ~
 19:00 휴진 휴진 10:00
 ~
 20:00 10:00
 ~
 17:00 휴진","진료정보
병원 정보
여의사 진료
진료과
한의과
진료항목
지방분해침
안면교정
매선
다이어트한약
흉터치료
다이어트침
가슴침
부기관리",진료정보 | 병원 정보 | 여의사 진료 | 진료과 | 한의과 | 진료항목 | 지방분해침 | 안면교정 | 매선 | 다이어트한약 | 흉터치료 | 다이어트침 | 가슴침 | 부기관리,쉬즈한의원(강남점)
https://www.yeoshin.co.kr/hospitals/85473?from=events&tabmenu=INFO,0.0,,서울특별시 강남구 테헤란로 105 A TOWER 12층,0508.0353.4344,"월 화 수 목 금 토 일
10:00
 ~
 19:00 10:00
 ~
 19:00 10:00
 ~
 19:00 10:00
 ~
 19:00 10:00
 ~
 20:00 10:00
 ~
 16:00 휴진","진료정보
병원 정보
전문의 1명
마취과의 진료
수술실 CCTV
응급처치 시스템
기본 입원실
전담회복실
사후관리
외국인환자 서비스
일본어 응대
영어 응대
중국어 응대
진료과
성형외과
피부과
진료항목
코재수술
보형물제거
교근보톡스
지방흡입
지방이식
안면거상
가슴성형
엉덩이성형
보조개성형
가슴재수술
다이어트
리프팅
눈트임
보톡스
필러
실리프팅
흉터
바디관리
눈성형
눈재수술
코성형
마취정보
크림마취
수면마취
전신마취
국소마취
주의!
해당 병원은 시술 시 마취 진행이 가능한 병원입니다. 환자의 시술 및 수술상황과 진료의 상담을 통해서 진행됩니다.",진료정보 | 병원 정보 | 전문의 1명 | 마취과의 진료 | 수술실 CCTV | 응급처치 시스템 | 기본 입원실 | 전담회복실 | 사후관리 | 외국인환자 서비스 | 일본어 응대 | 영어 응대 | 중국어 응대 | 진료과 | 성형외과 | 피부과 | 진료항목 | 코재수술 | 보형물제거 | 교근보톡스 | 지방흡입 | 지방이식 | 안면거상 | 가슴성형 | 엉덩이성형 | 보조개성형 | 가슴재수술 | 다이어트 | 리프팅 | 눈트임 | 보톡스 | 필러 | 실리프팅 | 흉터 | 바디관리 | 눈성형 | 눈재수술 | 코성형 | 마취정보 | 크림마취 | 수면마취 | 전신마취 | 국소마취 | 주의! | 해당 병원은 시술 시 마취 진행이 가능한 병원입니다. 환자의 시술 및 수술상황과 진료의 상담을 통해서 진행됩니다.,미나성형외과
https://www.yeoshin.co.kr/hospitals/5206?from=events&tabmenu=INFO,9.8,100+,서울특별시 서초구 서초중앙로24길 19 (서초동) 나라빌딩 6층,0508.0353.7237,"월 화 수 목 금 토 일
10:30
 ~
 19:30 10:30
 ~
 18:30 10:30
 ~
 19:30 10:30
 ~
 18:30 10:30
 ~
 19:30 10:30
 ~
 17:00 휴진","진료정보
외국인환자 서비스
외국인환자 유치병원
영어 응대
진료과
한의과",진료정보 | 외국인환자 서비스 | 외국인환자 유치병원 | 영어 응대 | 진료과 | 한의과,가로세로한의원(강남점)
https://www.yeoshin.co.kr/hospitals/103833?from=events&tabmenu=INFO,9.5,1+,서울특별시 강남구 강남대로 480 (논현동) 보라티알 빌딩 4층,0508.0353.3530,"월 화 수 목 금 토 일
09:00
 ~
 18:00 09:00
 ~
 18:00 09:00
 ~
 18:00 09:00
 ~
 18:00 09:00
 ~
 18:00 09:00
 ~
 16:00 휴진","진료정보
병원 정보
전문의 1명
수술실 CCTV
응급처치 시스템
전담회복실
사후관리
외국인환자 서비스
영어 응대
진료과
성형외과
피부과
마취정보
크림마취
수면마취
국소마취
주의!
해당 병원은 시술 시 마취 진행이 가능한 병원입니다. 환자의 시술 및 수술상황과 진료의 상담을 통해서 진행됩니다.",진료정보 | 병원 정보 | 전문의 1명 | 수술실 CCTV | 응급처치 시스템 | 전담회복실 | 사후관리 | 외국인환자 서비스 | 영어 응대 | 진료과 | 성형외과 | 피부과 | 마취정보 | 크림마취 | 수면마취 | 국소마취 | 주의! | 해당 병원은 시술 시 마취 진행이 가능한 병원입니다. 환자의 시술 및 수술상황과 진료의 상담을 통해서 진행됩니다.,페이스플러스성형외과의원
https://www.yeoshin.co.kr/hospitals/5089?from=events&tabmenu=INFO,9.6,10+,서울특별시 서초구 남부순환로350길 4 (양재동) 5층 일상의한의원,0508.0353.1657,"월 화 수 목 금 토 일
10:00
 ~
 20:30 10:00
 ~
 20:30 10:00
 ~
 20:30 13:00
 ~
 20:30 10:00
 ~
 20:30 09:30
 ~
 14:00 휴진","진료정보
병원 정보
여의사 진료
피부진단기 F-RAY 촬영 >
외국인환자 서비스
외국인환자 유치병원
영어 응대
중국어 응대
진료과
한의과
진료항목
지방분해침
매선
다이어트한약
흉터치료
다이어트침
부기관리",진료정보 | 병원 정보 | 여의사 진료 | 피부진단기 F-RAY 촬영 > | 외국인환자 서비스 | 외국인환자 유치병원 | 영어 응대 | 중국어 응대 | 진료과 | 한의과 | 진료항목 | 지방분해침 | 매선 | 다이어트한약 | 흉터치료 | 다이어트침 | 부기관리,일상의한의원
https://www.yeoshin.co.kr/hospitals/4652?from=events&tabmenu=INFO,9.7,100+,서울특별시 송파구 송파대로 414 미미한의원,0508.0353.7878,"월 화 수 목 금 토 일
10:00
 ~
 19:00 10:00
 ~
 20:00 10:00
 ~
 19:00 10:00
 ~
 20:00 10:00
 ~
 19:00 10:00
 ~
 14:00 휴진","진료정보
진료과
한의과
진료항목
지방분해침
안면교정
매선
다이어트한약
흉터치료
다이어트침
부기관리",진료정보 | 진료과 | 한의과 | 진료항목 | 지방분해침 | 안면교정 | 매선 | 다이어트한약 | 흉터치료 | 다이어트침 | 부기관리,미미한의원
https://www.yeoshin.co.kr/hospitals/5147?from=events&tabmenu=INFO,9.8,10+,"부산광역시 부산진구 서면로 64 (부전동) 4층(부전동, 청석빌딩)",0508.0354.2092,"월 화 수 목 금 토 일
10:00
 ~
 19:00 10:00
 ~
 19:00 휴진 10:00
 ~
 19:00 10:00
 ~
 19:00 10:00
 ~
 15:00 휴진","진료정보
진료과
한의과
피부의료기기
슈링크",진료정보 | 진료과 | 한의과 | 피부의료기기 | 슈링크,쉬즈한의원(부산점)
https://www.yeoshin.co.kr/hospitals/5044?from=events&tabmenu=INFO,9.1,50+,서울특별시 강남구 강남대로 562 (논현동) 4층 로얄라인의원,0508.0353.5140,"월 화 수 목 금 토 일
10:00
 ~
 19:00 10:00
 ~
 19:00 10:00
 ~
 19:00 10:00
 ~
 19:00 10:00
 ~
 19:00 10:00
 ~
 17:00 휴진","진료정보
병원 정보
전문의 1명
진료과
성형외과
피부과
피부의료기기
ASCE엑소좀
포텐자(침습)
피코슈어레이저",진료정보 | 병원 정보 | 전문의 1명 | 진료과 | 성형외과 | 피부과 | 피부의료기기 | ASCE엑소좀 | 포텐자(침습) | 피코슈어레이저,로얄라인의원
https://www.yeoshin.co.kr/hospitals/104017?from=events&tabmenu=INFO,10.0,1+,"서울특별시 강남구 강남대로 422 (역삼동) 7층(역삼동, 씨티빌딩)",0508.0354.3157,"월 화 수 목 금 토 일
10:00
 ~
 19:00 10:00
 ~
 19:00 10:00
 ~
 19:00 10:00
 ~
 19:00 10:00
 ~
 19:00 10:00
 ~
 16:00 휴진","진료정보
병원 정보
전문의 1명
수술실 CCTV
응급처치 시스템
전담회복실
사후관리
진료과
성형외과
피부과
마취정보
전신마취
국소마취
주의!
해당 병원은 시술 시 마취 진행이 가능한 병원입니다. 환자의 시술 및 수술상황과 진료의 상담을 통해서 진행됩니다.",진료정보 | 병원 정보 | 전문의 1명 | 수술실 CCTV | 응급처치 시스템 | 전담회복실 | 사후관리 | 진료과 | 성형외과 | 피부과 | 마취정보 | 전신마취 | 국소마취 | 주의! | 해당 병원은 시술 시 마취 진행이 가능한 병원입니다. 환자의 시술 및 수술상황과 진료의 상담을 통해서 진행됩니다.,리얼리성형외과의원
https://www.yeoshin.co.kr/hospitals/4994?from=events&tabmenu=INFO,9.7,10+,서울특별시 중구 남대문로9길 51 (을지로1가) 4층(501호) 이림한의원,0508.0353.9768,"월 화 수 목 금 토 일
10:00
 ~
 20:00 10:00
 ~
 19:00 10:00
 ~
 19:00 10:00
 ~
 20:00 10:00
 ~
 19:00 10:00
 ~
 14:00 휴진","진료정보
병원 정보
여의사 진료
사후관리
외국인환자 서비스
중국어 응대
진료과
한의과
진료항목
지방분해침
안면교정
매선
다이어트한약
흉터치료
다이어트침
가슴침
부기관리
피부의료기기
슈링크",진료정보 | 병원 정보 | 여의사 진료 | 사후관리 | 외국인환자 서비스 | 중국어 응대 | 진료과 | 한의과 | 진료항목 | 지방분해침 | 안면교정 | 매선 | 다이어트한약 | 흉터치료 | 다이어트침 | 가슴침 | 부기관리 | 피부의료기기 | 슈링크,이림한의원
https://www.yeoshin.co.kr/hospitals/5051?from=events&tabmenu=INFO,8.5,10+,부산광역시 부산진구 중앙대로 697 (부전동) 우리은행 5층,0508.0354.2099,"월 화 수 목 금 토 일
09:30
 ~
 18:00 09:30
 ~
 18:00 09:30
 ~
 18:00 13:30
 ~
 18:00 09:30
 ~
 18:00 09:30
 ~
 16:00 휴진","진료정보
병원 정보
전문의 1명
진료과
성형외과",진료정보 | 병원 정보 | 전문의 1명 | 진료과 | 성형외과,오두종성형외과의원
https://www.yeoshin.co.kr/hospitals/103797?from=events&tabmenu=INFO,9.8,50+,"서울특별시 강남구 학동로6길 53 (논현동) 2,3층",0508.0353.0092,"월 화 수 목 금 토 일
10:00
 ~
 19:00 10:00
 ~
 19:00 10:00
 ~
 19:00 휴진 10:00
 ~
 21:00 10:00
 ~
 16:00 휴진","진료정보
병원 정보
전문의 1명
진료과
성형외과
피부과
진료항목
미백관리
보톡스
필러
실리프팅
피부관리
리프팅
모공
피부의료기기
LDM
소노케어
리프테라2
쿨페이즈",진료정보 | 병원 정보 | 전문의 1명 | 진료과 | 성형외과 | 피부과 | 진료항목 | 미백관리 | 보톡스 | 필러 | 실리프팅 | 피부관리 | 리프팅 | 모공 | 피부의료기기 | LDM | 소노케어 | 리프테라2 | 쿨페이즈,오엘의원
https://www.yeoshin.co.kr/hospitals/5282?from=events&tabmenu=INFO,9.6,10+,경기도 안양시 동안구 부림로 188 (관양동) 202호,0508.0353.0187,"월 화 수 목 금 토 일
09:00
 ~
 20:00 09:00
 ~
 20:00 09:00
 ~
 20:00 09:00
 ~
 20:00 09:00
 ~
 20:00 휴진 휴진","진료정보
병원 정보
여의사 진료
진료과
한의과
피부의료기기
카프리레이저
마취정보
크림마취
주의!
해당 병원은 시술 시 마취 진행이 가능한 병원입니다. 환자의 시술 및 수술상황과 진료의 상담을 통해서 진행됩니다.",진료정보 | 병원 정보 | 여의사 진료 | 진료과 | 한의과 | 피부의료기기 | 카프리레이저 | 마취정보 | 크림마취 | 주의! | 해당 병원은 시술 시 마취 진행이 가능한 병원입니다. 환자의 시술 및 수술상황과 진료의 상담을 통해서 진행됩니다.,동편부부한의원
https://www.yeoshin.co.kr/hospitals/4788?from=events&tabmenu=INFO,9.4,100+,인천광역시 서구 완정로 147 검단예쁨의원,0508.0354.1523,"월 화 수 목 금 토 일
09:00
 ~
 19:00 09:00
 ~
 19:00 09:00
 ~
 19:00 09:00
 ~
 19:00 휴진 휴진 휴진","진료정보
병원 정보
전문의 2명
수술실 CCTV
분야별 협진
기본 입원실
전담회복실
사후관리
외국인환자 서비스
중국어 응대
진료과
성형외과
피부과
진료항목
지방흡입
지방이식
안면거상
가슴성형
가슴재수술
눈트임
교근보톡스
색소
다이어트
다한증
제모
리프팅
모공
문신제거
미백관리
보톡스
필러
실리프팅
액취증
여드름
흉터
점
홍조
피부관리
바디관리
눈성형
눈재수술
코성형
마취정보
크림마취
수면마취
국소마취
주의!
해당 병원은 시술 시 마취 진행이 가능한 병원입니다. 환자의 시술 및 수술상황과 진료의 상담을 통해서 진행됩니다.",진료정보 | 병원 정보 | 전문의 2명 | 수술실 CCTV | 분야별 협진 | 기본 입원실 | 전담회복실 | 사후관리 | 외국인환자 서비스 | 중국어 응대 | 진료과 | 성형외과 | 피부과 | 진료항목 | 지방흡입 | 지방이식 | 안면거상 | 가슴성형 | 가슴재수술 | 눈트임 | 교근보톡스 | 색소 | 다이어트 | 다한증 | 제모 | 리프팅 | 모공 | 문신제거 | 미백관리 | 보톡스 | 필러 | 실리프팅 | 액취증 | 여드름 | 흉터 | 점 | 홍조 | 피부관리 | 바디관리 | 눈성형 | 눈재수술 | 코성형 | 마취정보 | 크림마취 | 수면마취 | 국소마취 | 주의! | 해당 병원은 시술 시 마취 진행이 가능한 병원입니다. 환자의 시술 및 수술상황과 진료의 상담을 통해서 진행됩니다.,검단예쁨의원
https://www.yeoshin.co.kr/hospitals/103806?from=events&tabmenu=INFO,9.9,10+,부산광역시 북구 화명대로 34 (화명동) 301호,0508.0354.0252,"월 화 수 목 금 토 일
09:00
 ~
 21:00 09:00
 ~
 21:00 09:00
 ~
 21:00 09:00
 ~
 21:00 09:00
 ~
 21:00 09:00
 ~
 16:00 09:00
 ~
 16:00","진료정보
병원 정보
사후관리
외국인환자 서비스
영어 응대
진료과
한의과
진료항목
지방분해침
안면교정
매선
다이어트한약
다이어트침
부기관리
마취정보
크림마취
주의!
해당 병원은 시술 시 마취 진행이 가능한 병원입니다. 환자의 시술 및 수술상황과 진료의 상담을 통해서 진행됩니다.",진료정보 | 병원 정보 | 사후관리 | 외국인환자 서비스 | 영어 응대 | 진료과 | 한의과 | 진료항목 | 지방분해침 | 안면교정 | 매선 | 다이어트한약 | 다이어트침 | 부기관리 | 마취정보 | 크림마취 | 주의! | 해당 병원은 시술 시 마취 진행이 가능한 병원입니다. 환자의 시술 및 수술상황과 진료의 상담을 통해서 진행됩니다.,한가온한의원(화명덕천점)
https://www.yeoshin.co.kr/hospitals/4927?from=events&tabmenu=INFO,9.5,10+,경기도 부천시 상동로 83 로아한의원(부천점),0508.0354.1121,"월 화 수 목 금 토 일
11:00
 ~
 21:00 11:00
 ~
 21:00 휴진 11:00
 ~
 21:00 11:00
 ~
 21:00 10:00
 ~
 15:00 휴진","진료정보
진료과
한의과
진료항목
지방분해침
안면교정
매선
다이어트한약
흉터치료
다이어트침
가슴침
부기관리",진료정보 | 진료과 | 한의과 | 진료항목 | 지방분해침 | 안면교정 | 매선 | 다이어트한약 | 흉터치료 | 다이어트침 | 가슴침 | 부기관리,로아한의원(부천점)
https://www.yeoshin.co.kr/hospitals/4680?from=events&tabmenu=INFO,9.3,10+,"서울특별시 서초구 강남대로 535 (반포동) 9층(반포동, 프린스빌딩)",0508.0353.2268,"월 화 수 목 금 토 일
10:00
 ~
 19:00 10:00
 ~
 19:00 휴진 10:00
 ~
 19:00 10:00
 ~
 19:00 10:00
 ~
 16:00 휴진","진료정보
병원 정보
전문의 1명
진료과
성형외과
피부과
피부의료기기
악센트프라임",진료정보 | 병원 정보 | 전문의 1명 | 진료과 | 성형외과 | 피부과 | 피부의료기기 | 악센트프라임,에스와이(SY)성형외과의원
https://www.yeoshin.co.kr/hospitals/144?from=events&tabmenu=INFO,9.1,1K+,서울특별시 서초구 강남대로 405 (서초동) 통영빌딩 13층 코디성형외과,0508.0353.4872,"월 화 수 목 금 토 일
10:00
 ~
 19:00 10:00
 ~
 19:00 10:00
 ~
 19:00 10:00
 ~
 21:00 10:00
 ~
 19:00 10:00
 ~
 16:00 휴진","진료정보
외국인환자 서비스
외국인환자 유치병원
진료과
성형외과",진료정보 | 외국인환자 서비스 | 외국인환자 유치병원 | 진료과 | 성형외과,코디성형외과
https://www.yeoshin.co.kr/hospitals/5054?from=events&tabmenu=INFO,9.5,10+,서울특별시 서초구 서초대로78길 36 (서초동) 강남지웰타워 302호,0508.0353.4681,"월 화 수 목 금 토 일
10:00
 ~
 20:00 10:00
 ~
 19:00 10:00
 ~
 20:00 10:00
 ~
 19:00 10:00
 ~
 19:00 10:00
 ~
 14:00 휴진","진료정보
진료과
한의과
진료항목
지방분해침
안면교정
매선
다이어트한약
부기관리
피부의료기기
CO2레이저
미인레이저
마취정보
크림마취
주의!
해당 병원은 시술 시 마취 진행이 가능한 병원입니다. 환자의 시술 및 수술상황과 진료의 상담을 통해서 진행됩니다.",진료정보 | 진료과 | 한의과 | 진료항목 | 지방분해침 | 안면교정 | 매선 | 다이어트한약 | 부기관리 | 피부의료기기 | CO2레이저 | 미인레이저 | 마취정보 | 크림마취 | 주의! | 해당 병원은 시술 시 마취 진행이 가능한 병원입니다. 환자의 시술 및 수술상황과 진료의 상담을 통해서 진행됩니다.,성훈한의원
https://www.yeoshin.co.kr/hospitals/104105?from=events&tabmenu=INFO,9.8,1+,"서울특별시 강남구 도산대로 111 (신사동) 13층, 14층 1301, 1401호 (신사동, S-tower)",0508.0354.3470,"월 화 수 목 금 토 일
10:00
 ~
 20:00 10:00
 ~
 20:00 휴진 10:00
 ~
 20:00 10:00
 ~
 20:00 10:00
 ~
 15:00 휴진","진료정보
병원 정보
여의사 진료
분야별 협진
진료과
피부과
피부의료기기
악센트프라임
피코슈어레이저
엔코어리프팅
마취정보
크림마취
국소마취
주의!
해당 병원은 시술 시 마취 진행이 가능한 병원입니다. 환자의 시술 및 수술상황과 진료의 상담을 통해서 진행됩니다.",진료정보 | 병원 정보 | 여의사 진료 | 분야별 협진 | 진료과 | 피부과 | 피부의료기기 | 악센트프라임 | 피코슈어레이저 | 엔코어리프팅 | 마취정보 | 크림마취 | 국소마취 | 주의! | 해당 병원은 시술 시 마취 진행이 가능한 병원입니다. 환자의 시술 및 수술상황과 진료의 상담을 통해서 진행됩니다.,하이미의원(신사)
https://www.yeoshin.co.kr/hospitals/4793?from=events&tabmenu=INFO,10.0,1+,부산광역시 북구 금곡대로 287 삼한골든뷰 7층,0508.0354.2248,"월 화 수 목 금 토 일
10:00
 ~
 20:00 10:00
 ~
 19:00 10:00
 ~
 20:00 10:00
 ~
 19:00 10:00
 ~
 20:00 09:30
 ~
 14:30 휴진","진료정보
병원 정보
전문의 4명
여의사 진료
수술실 CCTV
사후관리
외국인환자 서비스
중국어 응대
일본어 응대
진료과
피부과
진료항목
색소
제모
리프팅
모공
문신제거
미백관리
보톡스
필러
무좀레이저
실리프팅
여드름
흉터
점
탈모
홍조
피부관리
바디관리
피부의료기기
써마지 FLX
악센트프라임
시크릿RF
젠틀맥스 프로 플러스
울쎄라피프라임
마취정보
크림마취
수면마취
비수면 무통마취
주의!
해당 병원은 시술 시 마취 진행이 가능한 병원입니다. 환자의 시술 및 수술상황과 진료의 상담을 통해서 진행됩니다.",진료정보 | 병원 정보 | 전문의 4명 | 여의사 진료 | 수술실 CCTV | 사후관리 | 외국인환자 서비스 | 중국어 응대 | 일본어 응대 | 진료과 | 피부과 | 진료항목 | 색소 | 제모 | 리프팅 | 모공 | 문신제거 | 미백관리 | 보톡스 | 필러 | 무좀레이저 | 실리프팅 | 여드름 | 흉터 | 점 | 탈모 | 홍조 | 피부관리 | 바디관리 | 피부의료기기 | 써마지 FLX | 악센트프라임 | 시크릿RF | 젠틀맥스 프로 플러스 | 울쎄라피프라임 | 마취정보 | 크림마취 | 수면마취 | 비수면 무통마취 | 주의! | 해당 병원은 시술 시 마취 진행이 가능한 병원입니다. 환자의 시술 및 수술상황과 진료의 상담을 통해서 진행됩니다.,더퍼스트피부과의원(부산본점)
https://www.yeoshin.co.kr/hospitals/4709?from=events&tabmenu=INFO,9.7,400+,서울특별시 성동구 성수이로 119 하늘라인의원,0508.0353.1590,"월 화 수 목 금 토 일
10:00
 ~
 19:00 10:00
 ~
 19:30 휴진 10:00
 ~
 19:00 10:00
 ~
 19:00 10:00
 ~
 15:00 휴진","진료정보
병원 정보
전문의 1명
외국인환자 서비스
외국인환자 유치병원
진료과
가정의학과
피부의료기기
피코슈어레이저",진료정보 | 병원 정보 | 전문의 1명 | 외국인환자 서비스 | 외국인환자 유치병원 | 진료과 | 가정의학과 | 피부의료기기 | 피코슈어레이저,하늘라인의원
https://www.yeoshin.co.kr/hospitals/285?from=events&tabmenu=INFO,9.7,2K+,서울시 강남구 삼성동 158-10 연세라헨느의원,0508.0353.6169,"월 화 수 목 금 토 일
10:00
 ~
 19:30 10:00
 ~
 19:30 10:00
 ~
 20:30 10:00
 ~
 19:30 10:00
 ~
 20:30 10:00
 ~
 17:00 휴진","진료정보
진료과
피부과
가정의학과",진료정보 | 진료과 | 피부과 | 가정의학과,연세라헨느의원
https://www.yeoshin.co.kr/hospitals/463?from=events&tabmenu=INFO,9.7,1K+,서울특별시 서초구 서초대로302 연세셀즈의원,0508.0353.4611,"월 화 수 목 금 토 일
11:00
 ~
 20:00 11:00
 ~
 20:00 휴진 11:00
 ~
 20:00 11:00
 ~
 20:00 10:00
 ~
 16:00 휴진","진료정보
병원 정보
전문의 1명
진료과
피부과
가정의학과
진료항목
교근보톡스
색소
다이어트
다한증
리프팅
모공
미백관리
보톡스
필러
실리프팅
여드름
흉터
점
탈모
홍조
피부관리
바디관리
마취정보
크림마취
국소마취
주의!
해당 병원은 시술 시 마취 진행이 가능한 병원입니다. 환자의 시술 및 수술상황과 진료의 상담을 통해서 진행됩니다.",진료정보 | 병원 정보 | 전문의 1명 | 진료과 | 피부과 | 가정의학과 | 진료항목 | 교근보톡스 | 색소 | 다이어트 | 다한증 | 리프팅 | 모공 | 미백관리 | 보톡스 | 필러 | 실리프팅 | 여드름 | 흉터 | 점 | 탈모 | 홍조 | 피부관리 | 바디관리 | 마취정보 | 크림마취 | 국소마취 | 주의! | 해당 병원은 시술 시 마취 진행이 가능한 병원입니다. 환자의 시술 및 수술상황과 진료의 상담을 통해서 진행됩니다.,연세셀즈의원
https://www.yeoshin.co.kr/hospitals/104093?from=events&tabmenu=INFO,0.0,,서울특별시 강남구 선릉로 823 (신사동) 5층 라피스 여성의원,0508.0354.3434,"월 화 수 목 금 토 일
10:00
 ~
 20:00 10:00
 ~
 20:00 10:00
 ~
 20:00 10:00
 ~
 20:00 10:00
 ~
 20:00 10:00
 ~
 16:00 휴진","진료정보
병원 정보
전문의 2명
여의사 진료
사후관리
진료과
피부과
산부인과
피부의료기기
헬리오스
클라리티2(제모)
마취정보
크림마취
수면마취
국소마취
주의!
해당 병원은 시술 시 마취 진행이 가능한 병원입니다. 환자의 시술 및 수술상황과 진료의 상담을 통해서 진행됩니다.",진료정보 | 병원 정보 | 전문의 2명 | 여의사 진료 | 사후관리 | 진료과 | 피부과 | 산부인과 | 피부의료기기 | 헬리오스 | 클라리티2(제모) | 마취정보 | 크림마취 | 수면마취 | 국소마취 | 주의! | 해당 병원은 시술 시 마취 진행이 가능한 병원입니다. 환자의 시술 및 수술상황과 진료의 상담을 통해서 진행됩니다.,라피스여성의원
https://www.yeoshin.co.kr/hospitals/2180?from=events&tabmenu=INFO,9.6,10+,경기도 시흥시 복지로 96 상록빌딩 5층,0508.0353.9914,"월 화 수 목 금 토 일
09:30
 ~
 18:30 09:30
 ~
 18:30 09:30
 ~
 18:30 09:30
 ~
 18:30 09:30
 ~
 18:30 09:00
 ~
 13:00 휴진","진료정보
진료과
피부과
가정의학과
내과
정형외과
피부의료기기
ASCE엑소좀
악센트프라임
포텐자(침습)
시크릿RF",진료정보 | 진료과 | 피부과 | 가정의학과 | 내과 | 정형외과 | 피부의료기기 | ASCE엑소좀 | 악센트프라임 | 포텐자(침습) | 시크릿RF,삼성필의원(시흥)
https://www.yeoshin.co.kr/hospitals/5027?from=events&tabmenu=INFO,9.7,10+,"경기도 시흥시 인선길 21 (장곡동) 노블레스빌딩 2,3층 우리의원",0508.0354.0878,"월 화 수 목 금 토 일
10:30
 ~
 19:00 10:30
 ~
 19:00 10:30
 ~
 18:00 10:30
 ~
 19:00 10:30
 ~
 19:00 10:30
 ~
 14:00 휴진","진료정보
진료과
성형외과
피부과
가정의학과
내과
정형외과
피부의료기기
아쿠아필
소노케어",진료정보 | 진료과 | 성형외과 | 피부과 | 가정의학과 | 내과 | 정형외과 | 피부의료기기 | 아쿠아필 | 소노케어,우리의원(시흥점)
https://www.yeoshin.co.kr/hospitals/103817?from=events&tabmenu=INFO,9.9,100+,서울특별시 강남구 테헤란로 408 (대치동) 대치빌딩 8층,0508.0353.7305,"월 화 수 목 금 토 일
10:00
 ~
 19:30 10:00
 ~
 19:30 10:00
 ~
 19:30 10:00
 ~
 19:30 10:00
 ~
 19:30 10:30
 ~
 16:00 휴진","진료정보
병원 정보
여의사 진료
진료과
피부과
가정의학과
피부의료기기
아쿠아필
소노케어
마취정보
크림마취
수면마취
국소마취
주의!
해당 병원은 시술 시 마취 진행이 가능한 병원입니다. 환자의 시술 및 수술상황과 진료의 상담을 통해서 진행됩니다.",진료정보 | 병원 정보 | 여의사 진료 | 진료과 | 피부과 | 가정의학과 | 피부의료기기 | 아쿠아필 | 소노케어 | 마취정보 | 크림마취 | 수면마취 | 국소마취 | 주의! | 해당 병원은 시술 시 마취 진행이 가능한 병원입니다. 환자의 시술 및 수술상황과 진료의 상담을 통해서 진행됩니다.,골드제이의원
https://www.yeoshin.co.kr/hospitals/104103?from=events&tabmenu=INFO,10.0,1+,서울특별시 영등포구 대림로21길 14 (대림동) 2층,0508.0353.4229,"월 화 수 목 금 토 일
09:00
 ~
 18:00 09:00
 ~
 18:00 09:00
 ~
 13:00 09:00
 ~
 18:00 09:00
 ~
 18:00 09:00
 ~
 13:00 휴진","진료정보
병원 정보
전문의 1명
수술실 CCTV
응급처치 시스템
진료과
성형외과
피부과
내과
진료항목
다이어트
피부의료기기
소노케어
마취정보
크림마취
주의!
해당 병원은 시술 시 마취 진행이 가능한 병원입니다. 환자의 시술 및 수술상황과 진료의 상담을 통해서 진행됩니다.",진료정보 | 병원 정보 | 전문의 1명 | 수술실 CCTV | 응급처치 시스템 | 진료과 | 성형외과 | 피부과 | 내과 | 진료항목 | 다이어트 | 피부의료기기 | 소노케어 | 마취정보 | 크림마취 | 주의! | 해당 병원은 시술 시 마취 진행이 가능한 병원입니다. 환자의 시술 및 수술상황과 진료의 상담을 통해서 진행됩니다.,아산88의원
https://www.yeoshin.co.kr/hospitals/5145?from=events&tabmenu=INFO,9.9,10+,서울특별시 송파구 올림픽로 96 (잠실동) 2층 디온의원,0508.0353.7790,"월 화 수 목 금 토 일
10:30
 ~
 20:00 10:30
 ~
 20:00 10:30
 ~
 20:00 10:30
 ~
 20:00 10:30
 ~
 20:00 10:30
 ~
 16:00 휴진","진료정보
진료과
피부과",진료정보 | 진료과 | 피부과,디온의원(잠실점)
https://www.yeoshin.co.kr/hospitals/4807?from=events&tabmenu=INFO,0.0,10+,대구광역시 동구 동부로26길 6 -,0508.0353.1204,"월 화 수 목 금 토 일
10:00
 ~
 19:00 10:00
 ~
 19:00 휴진 10:00
 ~
 19:00 10:00
 ~
 21:00 10:00
 ~
 15:00 휴진","진료정보
진료과
성형외과
피부과
피부의료기기
슈링크",진료정보 | 진료과 | 성형외과 | 피부과 | 피부의료기기 | 슈링크,나인원의원
https://www.yeoshin.co.kr/hospitals/4967?from=events&tabmenu=INFO,8.7,10+,경기도 의정부시 신흥로240번길 21 (의정부동) 가연타워 5층,0508.0354.1068,"월 화 수 목 금 토 일
09:30
 ~
 18:30 09:30
 ~
 18:30 09:30
 ~
 18:30 09:30
 ~
 18:30 09:30
 ~
 18:30 09:30
 ~
 16:30 09:30
 ~
 16:30","진료정보
병원 정보
전문의 3명
여의사 진료
진료과
성형외과
피부과
진료항목
코재수술
보형물제거
지방흡입
지방이식
안면거상
가슴성형
보조개성형
가슴재수술
눈트임
교근보톡스
색소
다한증
제모
리프팅
모공
문신제거
미백관리
보톡스
필러
실리프팅
액취증
여드름
흉터
점
홍조
피부관리
바디관리
눈성형
눈재수술
코성형
피부의료기기
울쎄라
피코슈어레이저
텐쎄라
텐써마
마취정보
크림마취
수면마취
국소마취
주의!
해당 병원은 시술 시 마취 진행이 가능한 병원입니다. 환자의 시술 및 수술상황과 진료의 상담을 통해서 진행됩니다.",진료정보 | 병원 정보 | 전문의 3명 | 여의사 진료 | 진료과 | 성형외과 | 피부과 | 진료항목 | 코재수술 | 보형물제거 | 지방흡입 | 지방이식 | 안면거상 | 가슴성형 | 보조개성형 | 가슴재수술 | 눈트임 | 교근보톡스 | 색소 | 다한증 | 제모 | 리프팅 | 모공 | 문신제거 | 미백관리 | 보톡스 | 필러 | 실리프팅 | 액취증 | 여드름 | 흉터 | 점 | 홍조 | 피부관리 | 바디관리 | 눈성형 | 눈재수술 | 코성형 | 피부의료기기 | 울쎄라 | 피코슈어레이저 | 텐쎄라 | 텐써마 | 마취정보 | 크림마취 | 수면마취 | 국소마취 | 주의! | 해당 병원은 시술 시 마취 진행이 가능한 병원입니다. 환자의 시술 및 수술상황과 진료의 상담을 통해서 진행됩니다.,쏘울성형외과의원(의정부점)
https://www.yeoshin.co.kr/hospitals/4277?from=events&tabmenu=INFO,9.5,2K+,서울시 영등포구 경인로 870 닥터디자이너의원(영등포점),0508.0353.2836,"월 화 수 목 금 토 일
10:00
 ~
 20:30 10:00
 ~
 20:30 10:00
 ~
 20:30 10:00
 ~
 20:30 10:00
 ~
 20:30 10:00
 ~
 16:30 휴진","진료정보
외국인환자 서비스
외국인환자 유치병원
일본어 응대
영어 응대
중국어 응대
진료과
성형외과
피부과
가정의학과
피부의료기기
울쎄라
아쿠아필
피코슈어레이저",진료정보 | 외국인환자 서비스 | 외국인환자 유치병원 | 일본어 응대 | 영어 응대 | 중국어 응대 | 진료과 | 성형외과 | 피부과 | 가정의학과 | 피부의료기기 | 울쎄라 | 아쿠아필 | 피코슈어레이저,닥터디자이너의원(영등포점)
https://www.yeoshin.co.kr/hospitals/104000?from=events&tabmenu=INFO,9.5,1+,부산광역시 동래구 충렬대로155번길 19 (온천동) 2층 201호,0508.0354.3068,"월 화 수 목 금 토 일
09:30
 ~
 19:30 09:30
 ~
 19:30 09:30
 ~
 19:30 09:30
 ~
 19:30 09:30
 ~
 19:30 09:30
 ~
 13:30 휴진","진료정보
병원 정보
사후관리
진료과
한의과
피부의료기기
슈링크
마취정보
크림마취
주의!
해당 병원은 시술 시 마취 진행이 가능한 병원입니다. 환자의 시술 및 수술상황과 진료의 상담을 통해서 진행됩니다.",진료정보 | 병원 정보 | 사후관리 | 진료과 | 한의과 | 피부의료기기 | 슈링크 | 마취정보 | 크림마취 | 주의! | 해당 병원은 시술 시 마취 진행이 가능한 병원입니다. 환자의 시술 및 수술상황과 진료의 상담을 통해서 진행됩니다.,본바로한의원
https://www.yeoshin.co.kr/hospitals/103957?from=events&tabmenu=INFO,10.0,1+,서울특별시 금천구 벚꽃로 298 (가산동) 216호,0508.0353.1442,"월 화 수 목 금 토 일
09:30
 ~
 20:00 09:30
 ~
 20:00 09:30
 ~
 20:00 09:30
 ~
 20:00 09:30
 ~
 20:00 09:30
 ~
 14:00 휴진","진료정보
병원 정보
여의사 진료
진료과
피부과
산부인과
한의과
피부의료기기
슈링크",진료정보 | 병원 정보 | 여의사 진료 | 진료과 | 피부과 | 산부인과 | 한의과 | 피부의료기기 | 슈링크,편한몸한의원
https://www.yeoshin.co.kr/hospitals/103845?from=events&tabmenu=INFO,9.9,50+,서울특별시 마포구 대흥로 194 (대흥동) 1층 2층,0508.0353.7155,"월 화 수 목 금 토 일
08:30
 ~
 20:30 08:30
 ~
 20:30 08:30
 ~
 20:30 08:30
 ~
 20:30 08:30
 ~
 20:30 09:30
 ~
 15:30 09:30
 ~
 15:30","진료정보
병원 정보
전문의 1명
여의사 진료
진료과
피부과
한의과
진료항목
지방분해침
미백관리
안면교정
여드름
흉터
탈모
다이어트
다이어트한약
피부관리
바디관리
다이어트침
리프팅
부기관리
피부의료기기
헬리오스
리프테라2
파셀라
마취정보
크림마취
주의!
해당 병원은 시술 시 마취 진행이 가능한 병원입니다. 환자의 시술 및 수술상황과 진료의 상담을 통해서 진행됩니다.",진료정보 | 병원 정보 | 전문의 1명 | 여의사 진료 | 진료과 | 피부과 | 한의과 | 진료항목 | 지방분해침 | 미백관리 | 안면교정 | 여드름 | 흉터 | 탈모 | 다이어트 | 다이어트한약 | 피부관리 | 바디관리 | 다이어트침 | 리프팅 | 부기관리 | 피부의료기기 | 헬리오스 | 리프테라2 | 파셀라 | 마취정보 | 크림마취 | 주의! | 해당 병원은 시술 시 마취 진행이 가능한 병원입니다. 환자의 시술 및 수술상황과 진료의 상담을 통해서 진행됩니다.,이대역경희한의원
https://www.yeoshin.co.kr/hospitals/4609?from=events&tabmenu=INFO,8.7,1K+,서울특별시 강남구 논현로 868 엔젤미의원,0508.0354.2806,"월 화 수 목 금 토 일
10:00
 ~
 21:00 10:00
 ~
 19:00 10:00
 ~
 21:00 10:00
 ~
 19:00 10:00
 ~
 21:00 10:00
 ~
 17:00 10:00
 ~
 17:00","진료정보
병원 정보
전문의 2명
외국인환자 서비스
외국인환자 유치병원
중국어 응대
영어 응대
일본어 응대
진료과
성형외과
피부과",진료정보 | 병원 정보 | 전문의 2명 | 외국인환자 서비스 | 외국인환자 유치병원 | 중국어 응대 | 영어 응대 | 일본어 응대 | 진료과 | 성형외과 | 피부과,엔젤미의원
https://www.yeoshin.co.kr/hospitals/103829?from=events&tabmenu=INFO,9.7,10+,"서울특별시 강남구 봉은사로 457 (삼성동) S&C TOWER 삼성 101,102호 (삼성동)",0508.0353.7719,"월 화 수 목 금 토 일
10:00
 ~
 18:00 10:00
 ~
 18:00 휴진 10:00
 ~
 18:00 10:00
 ~
 18:00 10:00
 ~
 16:00 휴진","진료정보
병원 정보
응급처치 시스템
분야별 협진
기본 입원실
전담회복실
피부진단기 F-RAY 촬영 >
외국인환자 서비스
영어 응대
진료과
성형외과
피부과
진료항목
코재수술
보형물제거
교근보톡스
지방이식
안면거상
색소
다한증
리프팅
모공
눈트임
보톡스
필러
실리프팅
여드름
점
홍조
바디관리
눈성형
눈재수술
코성형
피부의료기기
악센트프라임
피코슈어레이저
마취정보
크림마취
수면마취
국소마취
주의!
해당 병원은 시술 시 마취 진행이 가능한 병원입니다. 환자의 시술 및 수술상황과 진료의 상담을 통해서 진행됩니다.",진료정보 | 병원 정보 | 응급처치 시스템 | 분야별 협진 | 기본 입원실 | 전담회복실 | 피부진단기 F-RAY 촬영 > | 외국인환자 서비스 | 영어 응대 | 진료과 | 성형외과 | 피부과 | 진료항목 | 코재수술 | 보형물제거 | 교근보톡스 | 지방이식 | 안면거상 | 색소 | 다한증 | 리프팅 | 모공 | 눈트임 | 보톡스 | 필러 | 실리프팅 | 여드름 | 점 | 홍조 | 바디관리 | 눈성형 | 눈재수술 | 코성형 | 피부의료기기 | 악센트프라임 | 피코슈어레이저 | 마취정보 | 크림마취 | 수면마취 | 국소마취 | 주의! | 해당 병원은 시술 시 마취 진행이 가능한 병원입니다. 환자의 시술 및 수술상황과 진료의 상담을 통해서 진행됩니다.,세라성형외과의원
https://www.yeoshin.co.kr/hospitals/103981?from=events&tabmenu=INFO,9.8,1+,부산광역시 해운대구 좌동로 98 (좌동) 디베르비타 3층,0508.0354.0109,"월 화 수 목 금 토 일
09:00
 ~
 20:00 09:00
 ~
 20:00 09:00
 ~
 20:00 09:00
 ~
 20:00 09:00
 ~
 20:00 09:00
 ~
 14:00 09:00
 ~
 14:00","진료정보
병원 정보
사후관리
피부진단기 F-RAY 촬영 >
진료과
피부과
내과
신경과
정형외과
한의과
피부의료기기
크라이오셀
엣지원프락셀
마취정보
크림마취
주의!
해당 병원은 시술 시 마취 진행이 가능한 병원입니다. 환자의 시술 및 수술상황과 진료의 상담을 통해서 진행됩니다.",진료정보 | 병원 정보 | 사후관리 | 피부진단기 F-RAY 촬영 > | 진료과 | 피부과 | 내과 | 신경과 | 정형외과 | 한의과 | 피부의료기기 | 크라이오셀 | 엣지원프락셀 | 마취정보 | 크림마취 | 주의! | 해당 병원은 시술 시 마취 진행이 가능한 병원입니다. 환자의 시술 및 수술상황과 진료의 상담을 통해서 진행됩니다.,더힘찬한의원(해운대본점)
https://www.yeoshin.co.kr/hospitals/5066?from=events&tabmenu=INFO,0.0,1+,"경기도 수원시 영통구 봉영로 1612 (영통동) 304, 305호 (영통동, 보보스프라자)",0508.0354.0859,"월 화 수 목 금 토 일
10:00
 ~
 21:00 10:00
 ~
 21:00 10:00
 ~
 21:00 10:00
 ~
 21:00 10:00
 ~
 21:00 10:00
 ~
 17:00 10:00
 ~
 17:00","진료정보
병원 정보
여의사 진료
사후관리
외국인환자 서비스
외국인환자 유치병원
영어 응대
진료과
성형외과
피부과
한의과
진료항목
여드름
흉터
점
색소
다이어트
피부관리
흉터치료
리프팅
모공
피부의료기기
CO2레이저
미인레이저
마취정보
크림마취
국소마취
주의!
해당 병원은 시술 시 마취 진행이 가능한 병원입니다. 환자의 시술 및 수술상황과 진료의 상담을 통해서 진행됩니다.",진료정보 | 병원 정보 | 여의사 진료 | 사후관리 | 외국인환자 서비스 | 외국인환자 유치병원 | 영어 응대 | 진료과 | 성형외과 | 피부과 | 한의과 | 진료항목 | 여드름 | 흉터 | 점 | 색소 | 다이어트 | 피부관리 | 흉터치료 | 리프팅 | 모공 | 피부의료기기 | CO2레이저 | 미인레이저 | 마취정보 | 크림마취 | 국소마취 | 주의! | 해당 병원은 시술 시 마취 진행이 가능한 병원입니다. 환자의 시술 및 수술상황과 진료의 상담을 통해서 진행됩니다.,윤빛한의원
https://www.yeoshin.co.kr/hospitals/86281?from=events&tabmenu=INFO,9.9,10+,"서울특별시 강서구 방화대로 294 (마곡동) 4층 404호 (마곡동, 마곡더블유타워)",0508.0353.6876,"월 화 수 목 금 토 일
10:00
 ~
 21:00 휴진 10:00
 ~
 21:00 10:00
 ~
 21:00 10:00
 ~
 21:00 09:30
 ~
 15:00 09:30
 ~
 15:00","진료정보
병원 정보
여의사 진료
진료과
피부과
한의과
피부의료기기
헬리오스
로터스2",진료정보 | 병원 정보 | 여의사 진료 | 진료과 | 피부과 | 한의과 | 피부의료기기 | 헬리오스 | 로터스2,새라한의원
https://www.yeoshin.co.kr/hospitals/4625?from=events&tabmenu=INFO,9.3,50+,대전광역시 서구 둔산로31번길 10-23,0508.0354.1936,"월 화 수 목 금 토 일
10:00
 ~
 20:00 10:00
 ~
 20:00 10:00
 ~
 20:00 10:00
 ~
 20:00 10:00
 ~
 20:00 10:00
 ~
 16:00 휴진",,,메이드유의원(대전점)
https://www.yeoshin.co.kr/hospitals/5087?from=events&tabmenu=INFO,9.4,1K+,서울특별시 마포구 양화로 156 (동교동) LG팰리스빌딩 5층 501-503호,0508.0353.2201,"월 화 수 목 금 토 일
10:30
 ~
 20:00 10:30
 ~
 20:00 10:30
 ~
 20:00 10:30
 ~
 20:00 10:30
 ~
 20:00 10:30
 ~
 16:00 휴진","진료정보
병원 정보
전문의 1명
외국인환자 서비스
일본어 응대
영어 응대
중국어 응대
진료과
피부과
가정의학과
피부의료기기
슈링크
에어젯
아쿠아필
피코슈어레이저
크라이오셀
플라듀오
소노케어",진료정보 | 병원 정보 | 전문의 1명 | 외국인환자 서비스 | 일본어 응대 | 영어 응대 | 중국어 응대 | 진료과 | 피부과 | 가정의학과 | 피부의료기기 | 슈링크 | 에어젯 | 아쿠아필 | 피코슈어레이저 | 크라이오셀 | 플라듀오 | 소노케어,디온의원(홍대점)
https://www.yeoshin.co.kr/hospitals/87418?from=events&tabmenu=INFO,9.7,50+,서울특별시 동대문구 고산자로 406 (용두동) 화성빌딩 3층,0508.0353.7152,"월 화 수 목 금 토 일
10:00
 ~
 20:00 10:00
 ~
 20:00 10:00
 ~
 20:00 10:00
 ~
 20:00 10:00
 ~
 20:00 10:00
 ~
 14:00 10:00
 ~
 14:00","진료정보
병원 정보
여의사 진료
사후관리
진료과
한의과
피부의료기기
슈링크
크라이오셀
엣지원프락셀
마취정보
크림마취
국소마취
주의!
해당 병원은 시술 시 마취 진행이 가능한 병원입니다. 환자의 시술 및 수술상황과 진료의 상담을 통해서 진행됩니다.",진료정보 | 병원 정보 | 여의사 진료 | 사후관리 | 진료과 | 한의과 | 피부의료기기 | 슈링크 | 크라이오셀 | 엣지원프락셀 | 마취정보 | 크림마취 | 국소마취 | 주의! | 해당 병원은 시술 시 마취 진행이 가능한 병원입니다. 환자의 시술 및 수술상황과 진료의 상담을 통해서 진행됩니다.,바라온한의원
https://www.yeoshin.co.kr/hospitals/103962?from=events&tabmenu=INFO,9.5,1+,경상남도 창원시 성산구 가양로124번길 4 (대방동) 4층 402호,0508.0355.3599,"월 화 수 목 금 토 일
09:00
 ~
 18:00 09:00
 ~
 20:00 09:00
 ~
 13:00 09:00
 ~
 20:00 09:00
 ~
 18:00 09:00
 ~
 13:00 휴진","진료정보
병원 정보
여의사 진료
진료과
한의과
피부의료기기
슈링크
리프테라2",진료정보 | 병원 정보 | 여의사 진료 | 진료과 | 한의과 | 피부의료기기 | 슈링크 | 리프테라2,엄마손한의원
https://www.yeoshin.co.kr/hospitals/103968?from=events&tabmenu=INFO,0.0,,경상남도 창원시 성산구 원이대로 668 (상남동) 2층,0508.0353.1466,"월 화 수 목 금 토 일
10:00
 ~
 18:00 10:00
 ~
 20:00 휴진 10:00
 ~
 21:00 10:00
 ~
 18:00 09:00
 ~
 13:00 휴진","진료정보
병원 정보
여의사 진료
진료과
피부과
한의과
진료항목
지방분해침
미백관리
여드름
탈모
색소
매선
홍조
다이어트
다이어트한약
다한증
흉터치료
모공
문신제거
피부의료기기
슈링크
리프테라2",진료정보 | 병원 정보 | 여의사 진료 | 진료과 | 피부과 | 한의과 | 진료항목 | 지방분해침 | 미백관리 | 여드름 | 탈모 | 색소 | 매선 | 홍조 | 다이어트 | 다이어트한약 | 다한증 | 흉터치료 | 모공 | 문신제거 | 피부의료기기 | 슈링크 | 리프테라2,하늘마음한의원(창원점)
https://www.yeoshin.co.kr/hospitals/103824?from=events&tabmenu=INFO,9.9,100+,서울특별시 양천구 신월로 341 (신정동) 4층,0508.0353.7145,"월 화 수 목 금 토 일
09:30
 ~
 20:00 09:30
 ~
 18:00 09:30
 ~
 20:00 09:30
 ~
 18:00 09:30
 ~
 20:00 09:30
 ~
 14:00 휴진","진료정보
병원 정보
사후관리
피부진단기 F-RAY 촬영 >
진료과
한의과
진료항목
지방분해침
매선
다이어트한약
흉터치료
다이어트침
부기관리
피부의료기기
CO2레이저
헬리오스
슈링크유니버스
마취정보
크림마취
주의!
해당 병원은 시술 시 마취 진행이 가능한 병원입니다. 환자의 시술 및 수술상황과 진료의 상담을 통해서 진행됩니다.",진료정보 | 병원 정보 | 사후관리 | 피부진단기 F-RAY 촬영 > | 진료과 | 한의과 | 진료항목 | 지방분해침 | 매선 | 다이어트한약 | 흉터치료 | 다이어트침 | 부기관리 | 피부의료기기 | CO2레이저 | 헬리오스 | 슈링크유니버스 | 마취정보 | 크림마취 | 주의! | 해당 병원은 시술 시 마취 진행이 가능한 병원입니다. 환자의 시술 및 수술상황과 진료의 상담을 통해서 진행됩니다.,세연한의원
https://www.yeoshin.co.kr/hospitals/103820?from=events&tabmenu=INFO,9.4,1+,"서울특별시 강남구 도산대로 108 (논현동) 렉스타워 7층,8층",0508.0353.0135,"월 화 수 목 금 토 일
10:00
 ~
 19:00 10:00
 ~
 21:00 10:00
 ~
 19:00 10:00
 ~
 21:00 10:00
 ~
 19:00 10:00
 ~
 17:00 휴진","진료정보
병원 정보
전문의 4명
여의사 진료
응급처치 시스템
분야별 협진
기본 입원실
전담회복실
사후관리
외국인환자 서비스
중국어 응대
일본어 응대
진료과
성형외과
피부과
산부인과
비뇨기과
진료항목
코재수술
지방흡입
지방이식
안면거상
엉덩이성형
보조개성형
눈트임
질케어
질필러
소음순성형
레이저 질 성형
피임기구삽입
외음부성형
다이어트
다한증
제모
리프팅
모공
미백관리
보톡스
필러
실리프팅
액취증
여드름
점
피부관리
바디관리
눈성형
눈재수술
코성형
피부의료기기
인모드
울쎄라
아쿠아필
포텐자(침습)
소노케어
텐쎄라
리니어지
텐써마
마취정보
크림마취
수면마취
국소마취
주의!
해당 병원은 시술 시 마취 진행이 가능한 병원입니다. 환자의 시술 및 수술상황과 진료의 상담을 통해서 진행됩니다.",진료정보 | 병원 정보 | 전문의 4명 | 여의사 진료 | 응급처치 시스템 | 분야별 협진 | 기본 입원실 | 전담회복실 | 사후관리 | 외국인환자 서비스 | 중국어 응대 | 일본어 응대 | 진료과 | 성형외과 | 피부과 | 산부인과 | 비뇨기과 | 진료항목 | 코재수술 | 지방흡입 | 지방이식 | 안면거상 | 엉덩이성형 | 보조개성형 | 눈트임 | 질케어 | 질필러 | 소음순성형 | 레이저 질 성형 | 피임기구삽입 | 외음부성형 | 다이어트 | 다한증 | 제모 | 리프팅 | 모공 | 미백관리 | 보톡스 | 필러 | 실리프팅 | 액취증 | 여드름 | 점 | 피부관리 | 바디관리 | 눈성형 | 눈재수술 | 코성형 | 피부의료기기 | 인모드 | 울쎄라 | 아쿠아필 | 포텐자(침습) | 소노케어 | 텐쎄라 | 리니어지 | 텐써마 | 마취정보 | 크림마취 | 수면마취 | 국소마취 | 주의! | 해당 병원은 시술 시 마취 진행이 가능한 병원입니다. 환자의 시술 및 수술상황과 진료의 상담을 통해서 진행됩니다.,마이셀의원
https://www.yeoshin.co.kr/hospitals/4997?from=events&tabmenu=INFO,9.6,100+,"서울특별시 관악구 쑥고개로 70 (봉천동) (봉천동, 스카이빌딩) 3층",0508.0353.9250,"월 화 수 목 금 토 일
09:00
 ~
 18:00 09:00
 ~
 18:00 09:00
 ~
 18:00 09:00
 ~
 18:00 09:00
 ~
 18:00 휴진 휴진","진료정보
병원 정보
전문의 1명
진료과
피부과
가정의학과
내과
피부의료기기
악센트프라임
크라이오셀
엣지원프락셀",진료정보 | 병원 정보 | 전문의 1명 | 진료과 | 피부과 | 가정의학과 | 내과 | 피부의료기기 | 악센트프라임 | 크라이오셀 | 엣지원프락셀,더나은가정의학과의원
https://www.yeoshin.co.kr/hospitals/104044?from=events&tabmenu=INFO,9.9,1+,서울특별시 강남구 봉은사로 434 (삼성동) 석수빌딩 4층,0508.0354.3271,"월 화 수 목 금 토 일
10:00
 ~
 18:00 10:00
 ~
 20:30 10:00
 ~
 18:00 10:00
 ~
 20:30 10:00
 ~
 18:00 10:00
 ~
 15:00 휴진","진료정보
병원 정보
기본 입원실
전담회복실
진료과
피부과
한의과
진료항목
미백관리
점
다이어트한약
흉터치료
모공
피부의료기기
CO2레이저
크라이오토닝
마취정보
크림마취
주의!
해당 병원은 시술 시 마취 진행이 가능한 병원입니다. 환자의 시술 및 수술상황과 진료의 상담을 통해서 진행됩니다.",진료정보 | 병원 정보 | 기본 입원실 | 전담회복실 | 진료과 | 피부과 | 한의과 | 진료항목 | 미백관리 | 점 | 다이어트한약 | 흉터치료 | 모공 | 피부의료기기 | CO2레이저 | 크라이오토닝 | 마취정보 | 크림마취 | 주의! | 해당 병원은 시술 시 마취 진행이 가능한 병원입니다. 환자의 시술 및 수술상황과 진료의 상담을 통해서 진행됩니다.,자연재생한의원
https://www.yeoshin.co.kr/hospitals/72563?from=events&tabmenu=INFO,10.0,10+,"경기도 김포시 김포한강4로 113 507호 (장기동, 신한프라자)",0508.0355.8133,"월 화 수 목 금 토 일
10:00
 ~
 20:00 10:00
 ~
 20:00 10:00
 ~
 20:00 10:00
 ~
 20:00 10:00
 ~
 20:00 09:00
 ~
 14:00 휴진","진료정보
병원 정보
여의사 진료
외국인환자 서비스
영어 응대
진료과
한의과
진료항목
지방분해침
안면교정
매선
다이어트한약
흉터치료
다이어트침
피부의료기기
크라이오셀
엣지원프락셀
마취정보
크림마취
주의!
해당 병원은 시술 시 마취 진행이 가능한 병원입니다. 환자의 시술 및 수술상황과 진료의 상담을 통해서 진행됩니다.",진료정보 | 병원 정보 | 여의사 진료 | 외국인환자 서비스 | 영어 응대 | 진료과 | 한의과 | 진료항목 | 지방분해침 | 안면교정 | 매선 | 다이어트한약 | 흉터치료 | 다이어트침 | 피부의료기기 | 크라이오셀 | 엣지원프락셀 | 마취정보 | 크림마취 | 주의! | 해당 병원은 시술 시 마취 진행이 가능한 병원입니다. 환자의 시술 및 수술상황과 진료의 상담을 통해서 진행됩니다.,올리브한의원(김포점)
https://www.yeoshin.co.kr/hospitals/6?from=events&tabmenu=INFO,9.1,1K+,서울시 강남구 강남대로 432 리디아클리닉,0508.0353.2705,"월 화 수 목 금 토 일
10:00
 ~
 19:00 10:00
 ~
 19:00 10:00
 ~
 19:00 10:00
 ~
 19:00 10:00
 ~
 19:00 10:00
 ~
 14:30 휴진","진료정보
병원 정보
전문의 1명
피부진단기 F-RAY 촬영 >
외국인환자 서비스
외국인환자 유치병원
진료과
피부과
가정의학과
산부인과",진료정보 | 병원 정보 | 전문의 1명 | 피부진단기 F-RAY 촬영 > | 외국인환자 서비스 | 외국인환자 유치병원 | 진료과 | 피부과 | 가정의학과 | 산부인과,리디아여성의원
https://www.yeoshin.co.kr/hospitals/4657?from=events&tabmenu=INFO,9.1,100+,인천 연수구 하모니로 158 잇츠미성형외과의원,0508.0354.1710,"월 화 수 목 금 토 일
10:00
 ~
 20:00 10:00
 ~
 20:00 10:00
 ~
 20:00 10:00
 ~
 20:00 10:00
 ~
 20:00 10:00
 ~
 16:00 휴진","진료정보
병원 정보
전문의 1명
진료과
성형외과
피부과
피부의료기기
슈링크
인모드
ASCE엑소좀
울쎄라
CO2프락셀
써마지 FLX
클라리티(제모)
LDM-MED
아쿠아필
포텐자(침습)
피코슈어레이저
루카스 레이저
클라리티(토닝)
바디인모드
크라이오셀
슈링크유니버스
인소닉
피코웨이
아포지레이저
볼뉴머
온다(ONDA)
포텐자(비침습)
인모드Fx
인모드Forma
마취정보
크림마취
수면마취
비수면 무통마취
전신마취
국소마취
주의!
해당 병원은 시술 시 마취 진행이 가능한 병원입니다. 환자의 시술 및 수술상황과 진료의 상담을 통해서 진행됩니다.",진료정보 | 병원 정보 | 전문의 1명 | 진료과 | 성형외과 | 피부과 | 피부의료기기 | 슈링크 | 인모드 | ASCE엑소좀 | 울쎄라 | CO2프락셀 | 써마지 FLX | 클라리티(제모) | LDM-MED | 아쿠아필 | 포텐자(침습) | 피코슈어레이저 | 루카스 레이저 | 클라리티(토닝) | 바디인모드 | 크라이오셀 | 슈링크유니버스 | 인소닉 | 피코웨이 | 아포지레이저 | 볼뉴머 | 온다(ONDA) | 포텐자(비침습) | 인모드Fx | 인모드Forma | 마취정보 | 크림마취 | 수면마취 | 비수면 무통마취 | 전신마취 | 국소마취 | 주의! | 해당 병원은 시술 시 마취 진행이 가능한 병원입니다. 환자의 시술 및 수술상황과 진료의 상담을 통해서 진행됩니다.,잇츠미성형외과의원
https://www.yeoshin.co.kr/hospitals/103954?from=events&tabmenu=INFO,9.8,1+,경기도 성남시 분당구 서현로210번길 20 (서현동) 코코프라자 3층,0508.0353.6552,"월 화 수 목 금 토 일
10:30
 ~
 20:00 10:30
 ~
 20:00 10:30
 ~
 20:00 10:30
 ~
 20:00 10:30
 ~
 20:00 10:30
 ~
 15:30 휴진","진료정보
병원 정보
여의사 진료
사후관리
진료과
한의과
마취정보
크림마취
주의!
해당 병원은 시술 시 마취 진행이 가능한 병원입니다. 환자의 시술 및 수술상황과 진료의 상담을 통해서 진행됩니다.",진료정보 | 병원 정보 | 여의사 진료 | 사후관리 | 진료과 | 한의과 | 마취정보 | 크림마취 | 주의! | 해당 병원은 시술 시 마취 진행이 가능한 병원입니다. 환자의 시술 및 수술상황과 진료의 상담을 통해서 진행됩니다.,리체안한의원(분당)
https://www.yeoshin.co.kr/hospitals/104006?from=events&tabmenu=INFO,9.0,1+,경기도 안양시 동안구 평촌대로223번길 65 (호계동) 범계빌딩 5층 502호,0508.0355.1977,"월 화 수 목 금 토 일
11:00
 ~
 21:00 11:00
 ~
 21:00 휴진 11:00
 ~
 21:00 11:00
 ~
 21:00 10:00
 ~
 15:00 휴진","진료정보
병원 정보
여의사 진료
사후관리
진료과
한의과
마취정보
크림마취
주의!
해당 병원은 시술 시 마취 진행이 가능한 병원입니다. 환자의 시술 및 수술상황과 진료의 상담을 통해서 진행됩니다.",진료정보 | 병원 정보 | 여의사 진료 | 사후관리 | 진료과 | 한의과 | 마취정보 | 크림마취 | 주의! | 해당 병원은 시술 시 마취 진행이 가능한 병원입니다. 환자의 시술 및 수술상황과 진료의 상담을 통해서 진행됩니다.,리샘한의원(안양범계점)
https://www.yeoshin.co.kr/hospitals/4992?from=events&tabmenu=INFO,8.8,50+,경기도 수원시 팔달구 권광로 208 (인계동) 4층,0508.0354.0869,"월 화 수 목 금 토 일
10:30
 ~
 19:00 14:00
 ~
 21:00 10:30
 ~
 19:00 14:00
 ~
 21:00 10:30
 ~
 19:00 10:30
 ~
 16:00 휴진","진료정보
진료과
피부과
피부의료기기
아쿠아필
크라이오셀
엣지원프락셀
엔코어리프팅",진료정보 | 진료과 | 피부과 | 피부의료기기 | 아쿠아필 | 크라이오셀 | 엣지원프락셀 | 엔코어리프팅,더올린의원(수원점)
https://www.yeoshin.co.kr/hospitals/103951?from=events&tabmenu=INFO,9.8,10+,부산광역시 수영구 수영로 667 (광안동) 3층,0508.0353.9873,"월 화 수 목 금 토 일
10:00
 ~
 18:00 10:00
 ~
 20:00 10:00
 ~
 17:00 10:00
 ~
 18:00 10:00
 ~
 20:00 10:00
 ~
 14:00 휴진","진료정보
병원 정보
여의사 진료
사후관리
진료과
한의과
피부의료기기
아쿠아필
크라이오셀
엣지원프락셀
마취정보
크림마취
주의!
해당 병원은 시술 시 마취 진행이 가능한 병원입니다. 환자의 시술 및 수술상황과 진료의 상담을 통해서 진행됩니다.",진료정보 | 병원 정보 | 여의사 진료 | 사후관리 | 진료과 | 한의과 | 피부의료기기 | 아쿠아필 | 크라이오셀 | 엣지원프락셀 | 마취정보 | 크림마취 | 주의! | 해당 병원은 시술 시 마취 진행이 가능한 병원입니다. 환자의 시술 및 수술상황과 진료의 상담을 통해서 진행됩니다.,미소담한의원(수영점)
https://www.yeoshin.co.kr/hospitals/103950?from=events&tabmenu=INFO,9.7,10+,경기도 안양시 동안구 엘에스로 136 (호계동) 214호 금정라인한의원,0508.0353.4109,"월 화 수 목 금 토 일
10:00
 ~
 20:00 10:00
 ~
 20:00 10:00
 ~
 20:00 10:00
 ~
 20:00 10:00
 ~
 20:00 휴진 휴진","진료정보
진료과
한의과
진료항목
지방분해침
다이어트한약
부기관리
피부의료기기
슈링크
크라이오셀
엣지원프락셀",진료정보 | 진료과 | 한의과 | 진료항목 | 지방분해침 | 다이어트한약 | 부기관리 | 피부의료기기 | 슈링크 | 크라이오셀 | 엣지원프락셀,금정라인한의원
https://www.yeoshin.co.kr/hospitals/5378?from=events&tabmenu=INFO,9.3,1+,서울특별시 종로구 종로 19 (종로1가) 3층 302-1호,0508.0353.8264,"월 화 수 목 금 토 일
10:00
 ~
 20:00 10:00
 ~
 20:00 10:00
 ~
 20:00 10:00
 ~
 20:00 10:00
 ~
 20:00 휴진 휴진","진료정보
병원 정보
여의사 진료
사후관리
진료과
한의과
진료항목
지방분해침
안면교정
매선
다이어트한약
다이어트침
부기관리
피부의료기기
크라이오셀
엣지원프락셀",진료정보 | 병원 정보 | 여의사 진료 | 사후관리 | 진료과 | 한의과 | 진료항목 | 지방분해침 | 안면교정 | 매선 | 다이어트한약 | 다이어트침 | 부기관리 | 피부의료기기 | 크라이오셀 | 엣지원프락셀,종로청담한의원
https://www.yeoshin.co.kr/hospitals/5255?from=events&tabmenu=INFO,8.5,1+,"서울특별시 서초구 강남대로 337 (서초동) 1,4,5층",0508.0353.7051,"월 화 수 목 금 토 일
09:00
 ~
 18:00 09:00
 ~
 18:00 09:00
 ~
 18:00 09:00
 ~
 18:00 09:00
 ~
 18:00 09:00
 ~
 15:00 휴진","진료정보
병원 정보
수술실 CCTV
기본 입원실
전담회복실
진료과
안과
진료항목
라식
라섹
렌즈삽입술
안구건조증
안구모반제거
드림렌즈
노안교정",진료정보 | 병원 정보 | 수술실 CCTV | 기본 입원실 | 전담회복실 | 진료과 | 안과 | 진료항목 | 라식 | 라섹 | 렌즈삽입술 | 안구건조증 | 안구모반제거 | 드림렌즈 | 노안교정,성모진안과의원
https://www.yeoshin.co.kr/hospitals/5259?from=events&tabmenu=INFO,9.8,10+,"서울특별시 강남구 테헤란로 333 (역삼동) 8층, 9층",0508.0353.6325,"월 화 수 목 금 토 일
09:30
 ~
 18:30 09:30
 ~
 19:30 휴진 09:30
 ~
 19:30 09:30
 ~
 18:30 09:30
 ~
 15:30 휴진","진료정보
병원 정보
전문의 3명
여의사 진료
수술실 CCTV
응급처치 시스템
분야별 협진
기본 입원실
전담회복실
사후관리
외국인환자 서비스
중국어 응대
진료과
안과
진료항목
라식
라섹
렌즈삽입술
안구건조증
렌즈제거술
안구모반제거
드림렌즈
노안교정
눈트임
마취정보
국소마취
주의!
해당 병원은 시술 시 마취 진행이 가능한 병원입니다. 환자의 시술 및 수술상황과 진료의 상담을 통해서 진행됩니다.",진료정보 | 병원 정보 | 전문의 3명 | 여의사 진료 | 수술실 CCTV | 응급처치 시스템 | 분야별 협진 | 기본 입원실 | 전담회복실 | 사후관리 | 외국인환자 서비스 | 중국어 응대 | 진료과 | 안과 | 진료항목 | 라식 | 라섹 | 렌즈삽입술 | 안구건조증 | 렌즈제거술 | 안구모반제거 | 드림렌즈 | 노안교정 | 눈트임 | 마취정보 | 국소마취 | 주의! | 해당 병원은 시술 시 마취 진행이 가능한 병원입니다. 환자의 시술 및 수술상황과 진료의 상담을 통해서 진행됩니다.,강남센트럴안과의원
https://www.yeoshin.co.kr/hospitals/2633?from=events&tabmenu=INFO,9.2,1K+,서울특별시 강남구 강남대로 468 (역삼동) 12층 골든발란스여성의원,0508.0354.2802,"월 화 수 목 금 토 일
10:00
 ~
 20:00 10:00
 ~
 19:00 10:00
 ~
 19:00 10:00
 ~
 19:00 10:00
 ~
 20:00 10:00
 ~
 17:00 10:00
 ~
 17:00","진료정보
병원 정보
전문의 1명
외국인환자 서비스
영어 응대
중국어 응대
일본어 응대
진료과
성형외과
피부과
산부인과",진료정보 | 병원 정보 | 전문의 1명 | 외국인환자 서비스 | 영어 응대 | 중국어 응대 | 일본어 응대 | 진료과 | 성형외과 | 피부과 | 산부인과,골든발란스여성의원
https://www.yeoshin.co.kr/hospitals/5400?from=events&tabmenu=INFO,9.1,10+,서울특별시 중구 명동3길 44 (을지로2가) 4층,0508.0353.8535,"월 화 수 목 금 토 일
10:00
 ~
 21:00 10:00
 ~
 20:00 10:00
 ~
 20:00 10:00
 ~
 20:00 10:00
 ~
 20:00 10:00
 ~
 16:00 휴진","진료정보
병원 정보
전문의 1명
여의사 진료
전담회복실
진료과
산부인과",진료정보 | 병원 정보 | 전문의 1명 | 여의사 진료 | 전담회복실 | 진료과 | 산부인과,애플산부인과의원(명동점)
https://www.yeoshin.co.kr/hospitals/5155?from=events&tabmenu=INFO,7.5,1+,대구광역시 중구 동성로 25 (사일동) 영스퀘어 3층,0508.0353.1095,"월 화 수 목 금 토 일
10:00
 ~
 20:00 10:00
 ~
 20:00 10:00
 ~
 20:00 10:00
 ~
 20:00 10:00
 ~
 20:00 10:00
 ~
 16:00 휴진","진료정보
병원 정보
전문의 1명
진료과
산부인과",진료정보 | 병원 정보 | 전문의 1명 | 진료과 | 산부인과,애플산부인과의원(대구점)
https://www.yeoshin.co.kr/hospitals/104049?from=events&tabmenu=INFO,10.0,1+,"서울특별시 서초구 강남대로 519 (반포동) 3, 8, 9층",0508.0353.7729,"월 화 수 목 금 토 일
09:30
 ~
 17:00 09:30
 ~
 17:00 휴진 09:30
 ~
 17:00 09:30
 ~
 17:00 09:00
 ~
 14:00 휴진","진료정보
병원 정보
전문의 5명
여의사 진료
수술실 CCTV
응급처치 시스템
기본 입원실
전담회복실
사후관리
진료과
안과
마취정보
국소마취
주의!
해당 병원은 시술 시 마취 진행이 가능한 병원입니다. 환자의 시술 및 수술상황과 진료의 상담을 통해서 진행됩니다.",진료정보 | 병원 정보 | 전문의 5명 | 여의사 진료 | 수술실 CCTV | 응급처치 시스템 | 기본 입원실 | 전담회복실 | 사후관리 | 진료과 | 안과 | 마취정보 | 국소마취 | 주의! | 해당 병원은 시술 시 마취 진행이 가능한 병원입니다. 환자의 시술 및 수술상황과 진료의 상담을 통해서 진행됩니다.,강남브랜드안과의원
https://www.yeoshin.co.kr/hospitals/4518?from=events&tabmenu=INFO,9.8,10+,서울특별시 강남구 테헤란로 121 (역삼동) 원빌딩 5층,0508.0353.7011,"월 화 수 목 금 토 일
10:00
 ~
 19:00 10:00
 ~
 19:00 10:00
 ~
 19:00 10:00
 ~
 19:00 10:00
 ~
 19:00 10:00
 ~
 15:00 휴진","진료정보
병원 정보
전문의 1명
진료과
피부과
산부인과",진료정보 | 병원 정보 | 전문의 1명 | 진료과 | 피부과 | 산부인과,에스여성의원
https://www.yeoshin.co.kr/hospitals/104098?from=events&tabmenu=INFO,10.0,1+,"서울특별시 송파구 오금로 396 (가락동, 에스케이허브파크) 203,204,208호",0508.0353.4752,"월 화 수 목 금 토 일
09:00
 ~
 18:00 09:00
 ~
 18:00 09:00
 ~
 18:00 09:00
 ~
 18:00 09:00
 ~
 18:00 09:00
 ~
 12:50 휴진","진료정보
병원 정보
전문의 1명
수술실 CCTV
응급처치 시스템
분야별 협진
전담회복실
진료과
성형외과
피부과
신경과
정형외과
진료항목
지방흡입
피부관리
마취정보
크림마취
수면마취
국소마취
주의!
해당 병원은 시술 시 마취 진행이 가능한 병원입니다. 환자의 시술 및 수술상황과 진료의 상담을 통해서 진행됩니다.",진료정보 | 병원 정보 | 전문의 1명 | 수술실 CCTV | 응급처치 시스템 | 분야별 협진 | 전담회복실 | 진료과 | 성형외과 | 피부과 | 신경과 | 정형외과 | 진료항목 | 지방흡입 | 피부관리 | 마취정보 | 크림마취 | 수면마취 | 국소마취 | 주의! | 해당 병원은 시술 시 마취 진행이 가능한 병원입니다. 환자의 시술 및 수술상황과 진료의 상담을 통해서 진행됩니다.,서울스마트본의원
https://www.yeoshin.co.kr/hospitals/103848?from=events&tabmenu=INFO,9.5,10+,서울특별시 강남구 학동로6길 36 (논현동) 리메이크강남의원,0508.0353.3225,"월 화 수 목 금 토 일
10:00
 ~
 19:00 10:00
 ~
 19:00 10:00
 ~
 19:00 10:00
 ~
 19:00 10:00
 ~
 19:00 10:00
 ~
 15:00 휴진","진료정보
병원 정보
전문의 1명
여의사 진료
마취과의 진료
수술실 CCTV
응급처치 시스템
분야별 협진
전담회복실
사후관리
진료과
피부과
가정의학과
비뇨기과
내과
정형외과
피부의료기기
브이빔퍼펙타
마취정보
크림마취
수면마취
국소마취
주의!
해당 병원은 마취통증의학과 전문의가 상주하는 병원입니다. 환자의 시술 및 수술상황과 진료의 상담을 통해서 진행됩니다.",진료정보 | 병원 정보 | 전문의 1명 | 여의사 진료 | 마취과의 진료 | 수술실 CCTV | 응급처치 시스템 | 분야별 협진 | 전담회복실 | 사후관리 | 진료과 | 피부과 | 가정의학과 | 비뇨기과 | 내과 | 정형외과 | 피부의료기기 | 브이빔퍼펙타 | 마취정보 | 크림마취 | 수면마취 | 국소마취 | 주의! | 해당 병원은 마취통증의학과 전문의가 상주하는 병원입니다. 환자의 시술 및 수술상황과 진료의 상담을 통해서 진행됩니다.,리메이크강남의원
https://www.yeoshin.co.kr/hospitals/4672?from=events&tabmenu=INFO,9.1,10+,서울특별시 서초구 강남대로 589 (잠원동) 멀버리힐스 메디컬타워 8층 아너스티성형외과,0508.0353.5334,"월 화 수 목 금 토 일
10:00
 ~
 19:00 10:00
 ~
 19:00 10:00
 ~
 19:00 10:00
 ~
 19:00 10:00
 ~
 19:00 10:00
 ~
 17:00 휴진","진료정보
병원 정보
전문의 1명
외국인환자 서비스
외국인환자 유치병원
진료과
성형외과
피부과
가정의학과
산부인과
내과
신경과
정형외과
안과
피부의료기기
아쿠아필",진료정보 | 병원 정보 | 전문의 1명 | 외국인환자 서비스 | 외국인환자 유치병원 | 진료과 | 성형외과 | 피부과 | 가정의학과 | 산부인과 | 내과 | 신경과 | 정형외과 | 안과 | 피부의료기기 | 아쿠아필,아너스티성형외과의원
https://www.yeoshin.co.kr/hospitals/104011?from=events&tabmenu=INFO,0.0,,경기도 안양시 동안구 임곡로 40 (비산동) 3층 301호(비산동),0508.0354.3112,"월 화 수 목 금 토 일
09:30
 ~
 20:30 09:30
 ~
 18:30 14:00
 ~
 20:30 09:30
 ~
 18:30 09:30
 ~
 20:30 09:30
 ~
 13:30 휴진","진료정보
병원 정보
전문의 1명
여의사 진료
사후관리
진료과
치과",진료정보 | 병원 정보 | 전문의 1명 | 여의사 진료 | 사후관리 | 진료과 | 치과,올리브치과의원
https://www.yeoshin.co.kr/hospitals/104084?from=events&tabmenu=INFO,0.0,,서울특별시 송파구 오금로 410 (가락동) 3층 302호,0508.0355.3046,"월 화 수 목 금 토 일
09:30
 ~
 18:30 09:30
 ~
 20:00 09:30
 ~
 20:00 휴진 09:30
 ~
 18:30 09:30
 ~
 14:00 휴진","진료정보
병원 정보
사후관리
진료과
치과
피부의료기기
코레지 셀핏
마취정보
크림마취
가글마취
비수면 무통마취
국소마취
주의!
해당 병원은 시술 시 마취 진행이 가능한 병원입니다. 환자의 시술 및 수술상황과 진료의 상담을 통해서 진행됩니다.",진료정보 | 병원 정보 | 사후관리 | 진료과 | 치과 | 피부의료기기 | 코레지 셀핏 | 마취정보 | 크림마취 | 가글마취 | 비수면 무통마취 | 국소마취 | 주의! | 해당 병원은 시술 시 마취 진행이 가능한 병원입니다. 환자의 시술 및 수술상황과 진료의 상담을 통해서 진행됩니다.,서울상아치과의원
https://www.yeoshin.co.kr/hospitals/4940?from=events&tabmenu=INFO,10.0,1+,서울시 강남구 논현로85길 43 참진한의원,0215660047,"월 화 수 목 금 토 일
12:00
 ~
 20:30 10:00
 ~
 19:00 휴진 12:00
 ~
 20:30 12:00
 ~
 20:00 10:00
 ~
 15:30 휴진","진료정보
진료과
한의과
피부의료기기
CO2레이저
피코어레이저
GV레이저",진료정보 | 진료과 | 한의과 | 피부의료기기 | CO2레이저 | 피코어레이저 | GV레이저,참진한의원
https://www.yeoshin.co.kr/hospitals/103932?from=events&tabmenu=INFO,0.0,,부산광역시 부산진구 중앙대로 736 (부전동) 5층,0508.0353.1338,"월 화 수 목 금 토 일
10:00
 ~
 17:00 10:00
 ~
 17:00 10:00
 ~
 17:00 휴진 10:00
 ~
 18:00 10:00
 ~
 15:00 휴진","진료정보
병원 정보
전문의 1명
응급처치 시스템
전담회복실
사후관리
진료과
안과",진료정보 | 병원 정보 | 전문의 1명 | 응급처치 시스템 | 전담회복실 | 사후관리 | 진료과 | 안과,하늘안과(부산점)
https://www.yeoshin.co.kr/hospitals/5221?from=events&tabmenu=INFO,0.0,,경기도 성남시 분당구 황새울로360번길 19 (서현동) 금화빌딩3층 하늘체한의원,0508.0353.0129,"월 화 수 목 금 토 일
11:00
 ~
 21:00 11:00
 ~
 21:00 11:00
 ~
 21:00 15:00
 ~
 21:00 11:00
 ~
 21:00 10:00
 ~
 16:00 휴진","진료정보
진료과
한의과
피부의료기기
슈링크
마취정보
크림마취
주의!
해당 병원은 시술 시 마취 진행이 가능한 병원입니다. 환자의 시술 및 수술상황과 진료의 상담을 통해서 진행됩니다.",진료정보 | 진료과 | 한의과 | 피부의료기기 | 슈링크 | 마취정보 | 크림마취 | 주의! | 해당 병원은 시술 시 마취 진행이 가능한 병원입니다. 환자의 시술 및 수술상황과 진료의 상담을 통해서 진행됩니다.,하늘체한의원(분당점)
https://www.yeoshin.co.kr/hospitals/104047?from=events&tabmenu=INFO,10.0,1+,서울특별시 강동구 고덕비즈밸리로 26 (고덕동) A동 218호,0508.0354.3276,"월 화 수 목 금 토 일
10:00
 ~
 19:00 10:00
 ~
 19:00 10:00
 ~
 19:00 10:00
 ~
 19:00 10:00
 ~
 19:00 09:00
 ~
 13:00 휴진","진료정보
병원 정보
전문의 1명
여의사 진료
응급처치 시스템
전담회복실
사후관리
외국인환자 서비스
일본어 응대
진료과
산부인과
진료항목
질필러
소음순성형
레이저 질 성형
피임기구삽입
마취정보
크림마취
수면마취
국소마취
주의!
해당 병원은 시술 시 마취 진행이 가능한 병원입니다. 환자의 시술 및 수술상황과 진료의 상담을 통해서 진행됩니다.",진료정보 | 병원 정보 | 전문의 1명 | 여의사 진료 | 응급처치 시스템 | 전담회복실 | 사후관리 | 외국인환자 서비스 | 일본어 응대 | 진료과 | 산부인과 | 진료항목 | 질필러 | 소음순성형 | 레이저 질 성형 | 피임기구삽입 | 마취정보 | 크림마취 | 수면마취 | 국소마취 | 주의! | 해당 병원은 시술 시 마취 진행이 가능한 병원입니다. 환자의 시술 및 수술상황과 진료의 상담을 통해서 진행됩니다.,비즈밸리여성의원
https://www.yeoshin.co.kr/hospitals/5033?from=events&tabmenu=INFO,9.7,10+,서울특별시 중구 동호로 180 (신당동) 대승빌딩 3층,0508.0353.9257,"월 화 수 목 금 토 일
09:30
 ~
 20:00 09:30
 ~
 20:00 09:30
 ~
 20:00 09:30
 ~
 20:00 09:30
 ~
 20:00 09:30
 ~
 15:00 09:30
 ~
 15:00","진료정보
병원 정보
전문의 1명
진료과
한의과",진료정보 | 병원 정보 | 전문의 1명 | 진료과 | 한의과,참다인한의원
https://www.yeoshin.co.kr/hospitals/5427?from=events&tabmenu=INFO,9.9,10+,서울특별시 서초구 서초대로77길 54 (서초동) 10층,0508.0353.7162,"월 화 수 목 금 토 일
10:00
 ~
 19:00 10:00
 ~
 19:00 10:00
 ~
 13:00 10:00
 ~
 19:00 10:00
 ~
 19:00 09:30
 ~
 15:00 휴진","진료정보
병원 정보
전문의 1명
여의사 진료
분야별 협진
전담회복실
사후관리
외국인환자 서비스
외국인환자 유치병원
중국어 응대
영어 응대
일본어 응대
진료과
피부과
산부인과
진료항목
질케어
질필러
소음순성형
레이저 질 성형
피임기구삽입
외음부성형
색소
다이어트
제모
리프팅
미백관리
보톡스
흉터
홍조
바디관리
피부의료기기
아쿠아필
오메가라이트
BBL레이저
LDM
마취정보
크림마취
수면마취
국소마취
주의!
해당 병원은 시술 시 마취 진행이 가능한 병원입니다. 환자의 시술 및 수술상황과 진료의 상담을 통해서 진행됩니다.",진료정보 | 병원 정보 | 전문의 1명 | 여의사 진료 | 분야별 협진 | 전담회복실 | 사후관리 | 외국인환자 서비스 | 외국인환자 유치병원 | 중국어 응대 | 영어 응대 | 일본어 응대 | 진료과 | 피부과 | 산부인과 | 진료항목 | 질케어 | 질필러 | 소음순성형 | 레이저 질 성형 | 피임기구삽입 | 외음부성형 | 색소 | 다이어트 | 제모 | 리프팅 | 미백관리 | 보톡스 | 흉터 | 홍조 | 바디관리 | 피부의료기기 | 아쿠아필 | 오메가라이트 | BBL레이저 | LDM | 마취정보 | 크림마취 | 수면마취 | 국소마취 | 주의! | 해당 병원은 시술 시 마취 진행이 가능한 병원입니다. 환자의 시술 및 수술상황과 진료의 상담을 통해서 진행됩니다.,히어산부인과의원
https://www.yeoshin.co.kr/hospitals/5252?from=events&tabmenu=INFO,9.8,10+,경기도 평택시 지제동삭2로 181-24 (동삭동) 2층,0508.0354.0565,"월 화 수 목 금 토 일
09:00
 ~
 20:30 09:00
 ~
 20:30 09:00
 ~
 20:30 09:00
 ~
 20:30 09:00
 ~
 20:30 09:00
 ~
 15:00 09:00
 ~
 15:00","진료정보
병원 정보
전문의 1명
수술실 CCTV
분야별 협진
사후관리
진료과
피부과
내과
신경과
피부의료기기
카프리레이저",진료정보 | 병원 정보 | 전문의 1명 | 수술실 CCTV | 분야별 협진 | 사후관리 | 진료과 | 피부과 | 내과 | 신경과 | 피부의료기기 | 카프리레이저,아산소리이비인후과의원
https://www.yeoshin.co.kr/hospitals/104080?from=events&tabmenu=INFO,0.0,,"서울특별시 서초구 강남대로 419 (서초동) 지하2층 (서초동,파고다타워)",0508.0354.3375,"월 화 수 목 금 토 일
09:00
 ~
 20:00 09:00
 ~
 20:00 09:00
 ~
 20:00 09:00
 ~
 20:00 09:00
 ~
 20:00 09:00
 ~
 18:00 휴진","진료정보
병원 정보
수술실 CCTV
응급처치 시스템
분야별 협진
기본 입원실
전담회복실
사후관리
진료과
피부과
마취정보
크림마취
수면마취
국소마취
주의!
해당 병원은 시술 시 마취 진행이 가능한 병원입니다. 환자의 시술 및 수술상황과 진료의 상담을 통해서 진행됩니다.",진료정보 | 병원 정보 | 수술실 CCTV | 응급처치 시스템 | 분야별 협진 | 기본 입원실 | 전담회복실 | 사후관리 | 진료과 | 피부과 | 마취정보 | 크림마취 | 수면마취 | 국소마취 | 주의! | 해당 병원은 시술 시 마취 진행이 가능한 병원입니다. 환자의 시술 및 수술상황과 진료의 상담을 통해서 진행됩니다.,강남다움의원
https://www.yeoshin.co.kr/hospitals/4502?from=events&tabmenu=INFO,9.6,1K+,서울시 동대문구 왕산로 185 예쁜나의원,0508.0353.9153,"월 화 수 목 금 토 일
10:00
 ~
 21:00 10:00
 ~
 18:00 휴진 10:00
 ~
 21:00 10:00
 ~
 18:00 09:00
 ~
 17:00 휴진","진료정보
병원 정보
전문의 1명
여의사 진료
사후관리
외국인환자 서비스
영어 응대
진료과
성형외과
피부과
가정의학과
진료항목
색소
다이어트
제모
리프팅
모공
문신제거
미백관리
보톡스
필러
무좀레이저
실리프팅
액취증
여드름
흉터
점
탈모
홍조
피부관리
바디관리
코성형
피부의료기기
슈링크
아쿠아필
피코슈어레이저
소노케어
마취정보
크림마취
국소마취
주의!
해당 병원은 시술 시 마취 진행이 가능한 병원입니다. 환자의 시술 및 수술상황과 진료의 상담을 통해서 진행됩니다.",진료정보 | 병원 정보 | 전문의 1명 | 여의사 진료 | 사후관리 | 외국인환자 서비스 | 영어 응대 | 진료과 | 성형외과 | 피부과 | 가정의학과 | 진료항목 | 색소 | 다이어트 | 제모 | 리프팅 | 모공 | 문신제거 | 미백관리 | 보톡스 | 필러 | 무좀레이저 | 실리프팅 | 액취증 | 여드름 | 흉터 | 점 | 탈모 | 홍조 | 피부관리 | 바디관리 | 코성형 | 피부의료기기 | 슈링크 | 아쿠아필 | 피코슈어레이저 | 소노케어 | 마취정보 | 크림마취 | 국소마취 | 주의! | 해당 병원은 시술 시 마취 진행이 가능한 병원입니다. 환자의 시술 및 수술상황과 진료의 상담을 통해서 진행됩니다.,예쁜나의원
https://www.yeoshin.co.kr/hospitals/5281?from=events&tabmenu=INFO,8.9,1+,서울특별시 강남구 도산대로 110 (논현동) kbl 3층,0508.0353.9547,"월 화 수 목 금 토 일
10:00
 ~
 19:00 10:00
 ~
 19:00 10:00
 ~
 19:00 10:00
 ~
 19:00 10:00
 ~
 19:00 10:00
 ~
 16:00 휴진","진료정보
병원 정보
전문의 2명
마취과의 진료
수술실 CCTV
응급처치 시스템
분야별 협진
기본 입원실
전담회복실
사후관리
외국인환자 서비스
외국인환자 유치병원
일본어 응대
진료과
성형외과
마취정보
수면마취
전신마취
국소마취
주의!
해당 병원은 시술 시 마취 진행이 가능한 병원입니다. 환자의 시술 및 수술상황과 진료의 상담을 통해서 진행됩니다.",진료정보 | 병원 정보 | 전문의 2명 | 마취과의 진료 | 수술실 CCTV | 응급처치 시스템 | 분야별 협진 | 기본 입원실 | 전담회복실 | 사후관리 | 외국인환자 서비스 | 외국인환자 유치병원 | 일본어 응대 | 진료과 | 성형외과 | 마취정보 | 수면마취 | 전신마취 | 국소마취 | 주의! | 해당 병원은 시술 시 마취 진행이 가능한 병원입니다. 환자의 시술 및 수술상황과 진료의 상담을 통해서 진행됩니다.,바나나성형외과의원
https://www.yeoshin.co.kr/hospitals/689?from=events&tabmenu=INFO,9.5,1K+,서울특별시 강남구 도산대로 110 어린공주성형외과의원,0508.0353.5298,"월 화 수 목 금 토 일
10:30
 ~
 19:00 10:30
 ~
 19:00 휴진 10:30
 ~
 19:00 10:30
 ~
 21:00 10:00
 ~
 16:00 휴진","진료정보
병원 정보
전문의 1명
진료과
성형외과
피부과",진료정보 | 병원 정보 | 전문의 1명 | 진료과 | 성형외과 | 피부과,어린공주성형외과의원
https://www.yeoshin.co.kr/hospitals/4153?from=events&tabmenu=INFO,9.7,10+,서울특별시 강남구 학동로 415 (청담동) 청담1988빌딩 7층,0508.0353.2450,"월 화 수 목 금 토 일
10:00
 ~
 19:00 10:00
 ~
 21:00 10:00
 ~
 19:00 10:00
 ~
 21:00 10:00
 ~
 19:00 10:00
 ~
 16:00 휴진","진료정보
병원 정보
전문의 1명
진료과
피부과
가정의학과",진료정보 | 병원 정보 | 전문의 1명 | 진료과 | 피부과 | 가정의학과,이오클리닉
https://www.yeoshin.co.kr/hospitals/306?from=events&tabmenu=INFO,9.8,1+,"서울시 강남구 도산대로 122 에메랄드타워 5,6,7층",0508.0353.5902,"월 화 수 목 금 토 일
11:00
 ~
 19:00 11:00
 ~
 19:00 11:00
 ~
 19:00 11:00
 ~
 19:00 11:00
 ~
 19:00 10:30
 ~
 14:00 휴진","진료정보
병원 정보
응급처치 시스템
전담회복실
사후관리
진료과
성형외과
피부과
마취정보
크림마취
수면마취
비수면 무통마취
전신마취
국소마취
주의!
해당 병원은 시술 시 마취 진행이 가능한 병원입니다. 환자의 시술 및 수술상황과 진료의 상담을 통해서 진행됩니다.",진료정보 | 병원 정보 | 응급처치 시스템 | 전담회복실 | 사후관리 | 진료과 | 성형외과 | 피부과 | 마취정보 | 크림마취 | 수면마취 | 비수면 무통마취 | 전신마취 | 국소마취 | 주의! | 해당 병원은 시술 시 마취 진행이 가능한 병원입니다. 환자의 시술 및 수술상황과 진료의 상담을 통해서 진행됩니다.,지힐링스퀘어의원
https://www.yeoshin.co.kr/hospitals/5334?from=events&tabmenu=INFO,9.5,10+,서울특별시 강남구 강남대로 616 (신사동) 신사미타워 6층,0508.0353.1262,"월 화 수 목 금 토 일
10:00
 ~
 18:00 10:00
 ~
 18:00 10:00
 ~
 18:00 10:00
 ~
 18:00 10:00
 ~
 18:00 09:30
 ~
 14:00 휴진","진료정보
병원 정보
수술실 CCTV
응급처치 시스템
전담회복실
사후관리
진료과
성형외과
피부과
진료항목
지방흡입
지방이식
다이어트
바디관리
마취정보
수면마취
국소마취
주의!
해당 병원은 시술 시 마취 진행이 가능한 병원입니다. 환자의 시술 및 수술상황과 진료의 상담을 통해서 진행됩니다.",진료정보 | 병원 정보 | 수술실 CCTV | 응급처치 시스템 | 전담회복실 | 사후관리 | 진료과 | 성형외과 | 피부과 | 진료항목 | 지방흡입 | 지방이식 | 다이어트 | 바디관리 | 마취정보 | 수면마취 | 국소마취 | 주의! | 해당 병원은 시술 시 마취 진행이 가능한 병원입니다. 환자의 시술 및 수술상황과 진료의 상담을 통해서 진행됩니다.,닥터크리미의원
https://www.yeoshin.co.kr/hospitals/103856?from=events&tabmenu=INFO,0.0,,서울특별시 서초구 강남대로 407 (서초동) 12층 (서초동 OPUS407),0508.0353.1290,"월 화 수 목 금 토 일
10:00
 ~
 19:00 10:00
 ~
 19:00 10:00
 ~
 19:00 10:00
 ~
 19:00 10:00
 ~
 19:00 10:00
 ~
 16:00 휴진","진료정보
병원 정보
전문의 1명
수술실 CCTV
응급처치 시스템
기본 입원실
전담회복실
사후관리
진료과
성형외과
마취정보
수면마취
주의!
해당 병원은 시술 시 마취 진행이 가능한 병원입니다. 환자의 시술 및 수술상황과 진료의 상담을 통해서 진행됩니다.",진료정보 | 병원 정보 | 전문의 1명 | 수술실 CCTV | 응급처치 시스템 | 기본 입원실 | 전담회복실 | 사후관리 | 진료과 | 성형외과 | 마취정보 | 수면마취 | 주의! | 해당 병원은 시술 시 마취 진행이 가능한 병원입니다. 환자의 시술 및 수술상황과 진료의 상담을 통해서 진행됩니다.,디라이트외과의원
https://www.yeoshin.co.kr/hospitals/5319?from=events&tabmenu=INFO,10.0,50+,서울특별시 강남구 압구정로 450 (청담동) 6~7층(청담동),0508.0353.5665,"월 화 수 목 금 토 일
휴진 10:00
 ~
 19:00 10:00
 ~
 19:00 10:00
 ~
 19:00 10:00
 ~
 19:00 10:00
 ~
 19:00 휴진","진료정보
병원 정보
여의사 진료
수술실 CCTV
전담회복실
사후관리
외국인환자 서비스
영어 응대
일본어 응대
진료과
성형외과
피부과",진료정보 | 병원 정보 | 여의사 진료 | 수술실 CCTV | 전담회복실 | 사후관리 | 외국인환자 서비스 | 영어 응대 | 일본어 응대 | 진료과 | 성형외과 | 피부과,르로제의원
https://www.yeoshin.co.kr/hospitals/201?from=events&tabmenu=INFO,9.4,100+,"서울특별시 강남구 테헤란로 110 601호(역삼동, 캠브리지강남빌딩)",0508.0353.6596,"월 화 수 목 금 토 일
10:00
 ~
 19:00 10:00
 ~
 19:00 10:00
 ~
 19:00 10:00
 ~
 19:00 10:00
 ~
 19:00 10:00
 ~
 15:00 휴진","진료정보
병원 정보
전문의 2명
수술실 CCTV
응급처치 시스템
전담회복실
사후관리
외국인환자 서비스
중국어 응대
일본어 응대
영어 응대
진료과
성형외과
피부과
진료항목
지방흡입
지방이식
가슴성형
엉덩이성형
보조개성형
색소
가슴재수술
리프팅
눈트임
보톡스
필러
실리프팅
흉터
점
피부관리
바디관리
눈성형
눈재수술
코성형
마취정보
크림마취
수면마취
비수면 무통마취
국소마취
주의!
해당 병원은 시술 시 마취 진행이 가능한 병원입니다. 환자의 시술 및 수술상황과 진료의 상담을 통해서 진행됩니다.",진료정보 | 병원 정보 | 전문의 2명 | 수술실 CCTV | 응급처치 시스템 | 전담회복실 | 사후관리 | 외국인환자 서비스 | 중국어 응대 | 일본어 응대 | 영어 응대 | 진료과 | 성형외과 | 피부과 | 진료항목 | 지방흡입 | 지방이식 | 가슴성형 | 엉덩이성형 | 보조개성형 | 색소 | 가슴재수술 | 리프팅 | 눈트임 | 보톡스 | 필러 | 실리프팅 | 흉터 | 점 | 피부관리 | 바디관리 | 눈성형 | 눈재수술 | 코성형 | 마취정보 | 크림마취 | 수면마취 | 비수면 무통마취 | 국소마취 | 주의! | 해당 병원은 시술 시 마취 진행이 가능한 병원입니다. 환자의 시술 및 수술상황과 진료의 상담을 통해서 진행됩니다.,스노우의원(강남점)
https://www.yeoshin.co.kr/hospitals/1468?from=events&tabmenu=INFO,10.0,1+,서울특별시 강남구 테헤란로 141 KR타워 5층,0508.0354.0391,"월 화 수 목 금 토 일
10:00
 ~
 20:00 10:00
 ~
 20:00 10:00
 ~
 20:00 10:00
 ~
 20:00 10:00
 ~
 20:00 10:00
 ~
 16:00 휴진","진료정보
병원 정보
전문의 2명
외국인환자 서비스
일본어 응대
중국어 응대
영어 응대
진료과
피부과
가정의학과
피부의료기기
피코슈어레이저",진료정보 | 병원 정보 | 전문의 2명 | 외국인환자 서비스 | 일본어 응대 | 중국어 응대 | 영어 응대 | 진료과 | 피부과 | 가정의학과 | 피부의료기기 | 피코슈어레이저,지세븐의원
https://www.yeoshin.co.kr/hospitals/5204?from=events&tabmenu=INFO,9.8,1+,서울특별시 종로구 청계천로 71 (관철동) 계원빌딜401호,0508.0353.8316,"월 화 수 목 금 토 일
11:00
 ~
 20:20 11:00
 ~
 18:30 11:00
 ~
 20:20 11:00
 ~
 18:30 11:00
 ~
 20:20 11:00
 ~
 15:00 휴진","진료정보
병원 정보
전문의 1명
진료과
피부과
가정의학과",진료정보 | 병원 정보 | 전문의 1명 | 진료과 | 피부과 | 가정의학과,닥터포유의원(종로점)
https://www.yeoshin.co.kr/hospitals/103849?from=events&tabmenu=INFO,0.0,,서울특별시 강남구 언주로 856 (신사동) 새김성형외과의원,0508.0353.1123,"월 화 수 목 금 토 일
09:30
 ~
 19:00 09:30
 ~
 19:00 09:30
 ~
 19:00 휴진 09:30
 ~
 19:00 09:30
 ~
 16:00 휴진","진료정보
병원 정보
전문의 4명
여의사 진료
마취과의 진료
수술실 CCTV
분야별 협진
기본 입원실
전담회복실
사후관리
진료과
성형외과
마취정보
수면마취
전신마취
국소마취
주의!
해당 병원은 마취통증의학과 전문의가 상주하는 병원입니다. 환자의 시술 및 수술상황과 진료의 상담을 통해서 진행됩니다.",진료정보 | 병원 정보 | 전문의 4명 | 여의사 진료 | 마취과의 진료 | 수술실 CCTV | 분야별 협진 | 기본 입원실 | 전담회복실 | 사후관리 | 진료과 | 성형외과 | 마취정보 | 수면마취 | 전신마취 | 국소마취 | 주의! | 해당 병원은 마취통증의학과 전문의가 상주하는 병원입니다. 환자의 시술 및 수술상황과 진료의 상담을 통해서 진행됩니다.,새김성형외과
https://www.yeoshin.co.kr/hospitals/135?from=events&tabmenu=INFO,0.0,,"서울특별시 서초구 강남대로 435 3층 (서초동, 주류성빌딩) 3층",0508.0353.7204,"월 화 수 목 금 토 일
10:00
 ~
 19:00 10:00
 ~
 19:00 10:00
 ~
 19:00 10:00
 ~
 19:00 10:00
 ~
 19:00 10:00
 ~
 16:00 휴진","진료정보
병원 정보
전문의 3명
마취과의 진료
수술실 CCTV
응급처치 시스템
분야별 협진
기본 입원실
전담회복실
사후관리
외국인환자 서비스
외국인환자 유치병원
진료과
성형외과
마취정보
크림마취
수면마취
전신마취
국소마취
주의!
해당 병원은 시술 시 마취 진행이 가능한 병원입니다. 환자의 시술 및 수술상황과 진료의 상담을 통해서 진행됩니다.",진료정보 | 병원 정보 | 전문의 3명 | 마취과의 진료 | 수술실 CCTV | 응급처치 시스템 | 분야별 협진 | 기본 입원실 | 전담회복실 | 사후관리 | 외국인환자 서비스 | 외국인환자 유치병원 | 진료과 | 성형외과 | 마취정보 | 크림마취 | 수면마취 | 전신마취 | 국소마취 | 주의! | 해당 병원은 시술 시 마취 진행이 가능한 병원입니다. 환자의 시술 및 수술상황과 진료의 상담을 통해서 진행됩니다.,마블성형외과의원
https://www.yeoshin.co.kr/hospitals/103831?from=events&tabmenu=INFO,0.0,,서울특별시 서초구 강남대로 483 (반포동) 청호타워 5층,0508.0353.3075,"월 화 수 목 금 토 일
10:30
 ~
 19:00 10:30
 ~
 19:00 휴진 10:30
 ~
 19:00 10:30
 ~
 19:00 10:30
 ~
 15:00 휴진","진료정보
병원 정보
전문의 1명
수술실 CCTV
응급처치 시스템
진료과
성형외과
피부과
마취정보
크림마취
수면마취
전신마취
주의!
해당 병원은 시술 시 마취 진행이 가능한 병원입니다. 환자의 시술 및 수술상황과 진료의 상담을 통해서 진행됩니다.",진료정보 | 병원 정보 | 전문의 1명 | 수술실 CCTV | 응급처치 시스템 | 진료과 | 성형외과 | 피부과 | 마취정보 | 크림마취 | 수면마취 | 전신마취 | 주의! | 해당 병원은 시술 시 마취 진행이 가능한 병원입니다. 환자의 시술 및 수술상황과 진료의 상담을 통해서 진행됩니다.,클레이성형외과의원
https://www.yeoshin.co.kr/hospitals/4671?from=events&tabmenu=INFO,4.3,1+,서울특별시 서초구 강남대로53길 7 노엘의원,0508.0353.2017,"월 화 수 목 금 토 일
10:00
 ~
 19:00 10:00
 ~
 19:00 10:00
 ~
 19:00 10:00
 ~
 19:00 10:00
 ~
 19:00 10:00
 ~
 16:00 휴진","진료정보
병원 정보
전문의 1명",진료정보 | 병원 정보 | 전문의 1명,노엘의원
https://www.yeoshin.co.kr/hospitals/5293?from=events&tabmenu=INFO,0.0,,서울특별시 강남구 강남대로 458 (역삼동) 남영빌딩 6층 리모성형외과,0508.0353.6452,"월 화 수 목 금 토 일
10:00
 ~
 19:00 10:00
 ~
 19:00 10:00
 ~
 19:00 10:00
 ~
 19:00 10:00
 ~
 19:00 10:00
 ~
 16:00 휴진","진료정보
병원 정보
전문의 2명
수술실 CCTV
응급처치 시스템
기본 입원실
전담회복실
사후관리
외국인환자 서비스
일본어 응대
중국어 응대
진료과
성형외과
피부과
진료항목
보형물제거
교근보톡스
지방흡입
지방이식
안면거상
가슴성형
모발이식
가슴재수술
리프팅
모공
미백관리
보톡스
필러
실리프팅
흉터
피부관리
피부의료기기
울쎄라
CO2프락셀
CO2레이저
스마트룩스
크라이오셀
마취정보
크림마취
수면마취
전신마취
국소마취
주의!
해당 병원은 시술 시 마취 진행이 가능한 병원입니다. 환자의 시술 및 수술상황과 진료의 상담을 통해서 진행됩니다.",진료정보 | 병원 정보 | 전문의 2명 | 수술실 CCTV | 응급처치 시스템 | 기본 입원실 | 전담회복실 | 사후관리 | 외국인환자 서비스 | 일본어 응대 | 중국어 응대 | 진료과 | 성형외과 | 피부과 | 진료항목 | 보형물제거 | 교근보톡스 | 지방흡입 | 지방이식 | 안면거상 | 가슴성형 | 모발이식 | 가슴재수술 | 리프팅 | 모공 | 미백관리 | 보톡스 | 필러 | 실리프팅 | 흉터 | 피부관리 | 피부의료기기 | 울쎄라 | CO2프락셀 | CO2레이저 | 스마트룩스 | 크라이오셀 | 마취정보 | 크림마취 | 수면마취 | 전신마취 | 국소마취 | 주의! | 해당 병원은 시술 시 마취 진행이 가능한 병원입니다. 환자의 시술 및 수술상황과 진료의 상담을 통해서 진행됩니다.,리모성형외과의원
https://www.yeoshin.co.kr/hospitals/4978?from=events&tabmenu=INFO,9.9,10+,인천광역시 부평구 경원대로 1407 (부평동) 4층 스카이라인의원,0508.0354.1778,"월 화 수 목 금 토 일
10:00
 ~
 19:00 10:00
 ~
 19:00 10:00
 ~
 19:00 10:00
 ~
 19:00 10:00
 ~
 19:00 10:00
 ~
 17:00 휴진","진료정보
진료과
성형외과
피부과
피부의료기기
리프테라2",진료정보 | 진료과 | 성형외과 | 피부과 | 피부의료기기 | 리프테라2,스카이라인의원
https://www.yeoshin.co.kr/hospitals/5456?from=events&tabmenu=INFO,0.0,,경기도 남양주시 다산순환로 158 (다산동) 2층,0508.0353.0196,"월 화 수 목 금 토 일
10:00
 ~
 20:00 10:00
 ~
 19:00 10:00
 ~
 19:00 10:00
 ~
 19:00 10:00
 ~
 20:00 10:00
 ~
 16:00 휴진","진료정보
병원 정보
전문의 2명
수술실 CCTV
응급처치 시스템
분야별 협진
사후관리
진료과
성형외과
피부과
가정의학과
마취정보
크림마취
수면마취
비수면 무통마취
국소마취
주의!
해당 병원은 시술 시 마취 진행이 가능한 병원입니다. 환자의 시술 및 수술상황과 진료의 상담을 통해서 진행됩니다.",진료정보 | 병원 정보 | 전문의 2명 | 수술실 CCTV | 응급처치 시스템 | 분야별 협진 | 사후관리 | 진료과 | 성형외과 | 피부과 | 가정의학과 | 마취정보 | 크림마취 | 수면마취 | 비수면 무통마취 | 국소마취 | 주의! | 해당 병원은 시술 시 마취 진행이 가능한 병원입니다. 환자의 시술 및 수술상황과 진료의 상담을 통해서 진행됩니다.,아쥬르의원
https://www.yeoshin.co.kr/hospitals/5411?from=events&tabmenu=INFO,0.0,1+,경기도 김포시 김포한강8로 416 (구래동) 4층,0508.0354.2951,"월 화 수 목 금 토 일
10:00
 ~
 19:00 10:00
 ~
 19:00 10:00
 ~
 19:00 10:00
 ~
 19:00 10:00
 ~
 19:00 10:00
 ~
 15:00 10:00
 ~
 15:00","진료정보
병원 정보
여의사 진료
응급처치 시스템
분야별 협진
기본 입원실
전담회복실
사후관리
진료과
피부과
가정의학과
내과
한의과
피부의료기기
슈링크
피코슈어레이저
마취정보
크림마취
수면마취
국소마취
주의!
해당 병원은 시술 시 마취 진행이 가능한 병원입니다. 환자의 시술 및 수술상황과 진료의 상담을 통해서 진행됩니다.",진료정보 | 병원 정보 | 여의사 진료 | 응급처치 시스템 | 분야별 협진 | 기본 입원실 | 전담회복실 | 사후관리 | 진료과 | 피부과 | 가정의학과 | 내과 | 한의과 | 피부의료기기 | 슈링크 | 피코슈어레이저 | 마취정보 | 크림마취 | 수면마취 | 국소마취 | 주의! | 해당 병원은 시술 시 마취 진행이 가능한 병원입니다. 환자의 시술 및 수술상황과 진료의 상담을 통해서 진행됩니다.,춘의생한방병원
https://www.yeoshin.co.kr/hospitals/471?from=events&tabmenu=INFO,9.3,10+,서울시 강남구 봉은사로108 닥터망고의원,0508.0353.7974,"월 화 수 목 금 토 일
10:00
 ~
 19:00 10:00
 ~
 19:00 10:00
 ~
 19:00 10:00
 ~
 19:00 10:00
 ~
 19:00 10:00
 ~
 16:00 휴진","진료정보
병원 정보
응급처치 시스템
기본 입원실
전담회복실
사후관리
외국인환자 서비스
일본어 응대
영어 응대
진료과
성형외과
피부과
진료항목
보톡스
지방흡입
마취정보
수면마취
국소마취
주의!
해당 병원은 시술 시 마취 진행이 가능한 병원입니다. 환자의 시술 및 수술상황과 진료의 상담을 통해서 진행됩니다.",진료정보 | 병원 정보 | 응급처치 시스템 | 기본 입원실 | 전담회복실 | 사후관리 | 외국인환자 서비스 | 일본어 응대 | 영어 응대 | 진료과 | 성형외과 | 피부과 | 진료항목 | 보톡스 | 지방흡입 | 마취정보 | 수면마취 | 국소마취 | 주의! | 해당 병원은 시술 시 마취 진행이 가능한 병원입니다. 환자의 시술 및 수술상황과 진료의 상담을 통해서 진행됩니다.,닥터망고의원
