event_url,hospital_name,hospital_url,status
https://www.yeoshin.co.kr/event/mobile/15644,동안중심의원,https://www.yeoshin.co.kr/hospitals/4986?from=events&tabmenu=EVENTS,success
https://www.yeoshin.co.kr/event/mobile/26348,새라한의원,https://www.yeoshin.co.kr/hospitals/86281?from=events&tabmenu=EVENTS,success
https://www.yeoshin.co.kr/event/mobile/14773,영드림의원,https://www.yeoshin.co.kr/hospitals/4493?from=events&tabmenu=EVENTS,success
https://www.yeoshin.co.kr/event/mobile/24645,더이뻐의원,https://www.yeoshin.co.kr/hospitals/103832?from=events&tabmenu=EVENTS,success
https://www.yeoshin.co.kr/event/mobile/16179,제너리스의원(연신내점),https://www.yeoshin.co.kr/hospitals/5011?from=events&tabmenu=EVENTS,success
https://www.yeoshin.co.kr/event/mobile/23085,뷰티블라썸의원,https://www.yeoshin.co.kr/hospitals/5408?from=events&tabmenu=EVENTS,success
https://www.yeoshin.co.kr/event/mobile/16987,롤리팝성형외과의원,https://www.yeoshin.co.kr/hospitals/5056?from=events&tabmenu=EVENTS,success
https://www.yeoshin.co.kr/event/mobile/27553,비욘드의원,https://www.yeoshin.co.kr/hospitals/104104?from=events&tabmenu=EVENTS,success
https://www.yeoshin.co.kr/event/mobile/24440,휴먼피부과의원(평택점),https://www.yeoshin.co.kr/hospitals/2591?from=events&tabmenu=EVENTS,success
https://www.yeoshin.co.kr/event/mobile/26042,청담엔샤인의원,https://www.yeoshin.co.kr/hospitals/5280?from=events&tabmenu=EVENTS,success
https://www.yeoshin.co.kr/event/mobile/21484,뷰티앤디지털치과병원,https://www.yeoshin.co.kr/hospitals/5125?from=events&tabmenu=EVENTS,success
https://www.yeoshin.co.kr/event/mobile/16177,제너리스의원(연신내점),https://www.yeoshin.co.kr/hospitals/5011?from=events&tabmenu=EVENTS,success
https://www.yeoshin.co.kr/event/mobile/7276,신사에그의원,https://www.yeoshin.co.kr/hospitals/4154?from=events&tabmenu=EVENTS,success
https://www.yeoshin.co.kr/event/mobile/19162,닥터뉴셀의원,https://www.yeoshin.co.kr/hospitals/5148?from=events&tabmenu=EVENTS,success
https://www.yeoshin.co.kr/event/mobile/21013,청담엔샤인의원,https://www.yeoshin.co.kr/hospitals/5280?from=events&tabmenu=EVENTS,success
https://www.yeoshin.co.kr/event/mobile/27004,에디션성형외과,https://www.yeoshin.co.kr/hospitals/5002?from=events&tabmenu=EVENTS,success
https://www.yeoshin.co.kr/event/mobile/26719,제이필의원(홍대점),https://www.yeoshin.co.kr/hospitals/104043?from=events&tabmenu=EVENTS,success
https://www.yeoshin.co.kr/event/mobile/26394,루셀의원,https://www.yeoshin.co.kr/hospitals/5421?from=events&tabmenu=EVENTS,success
https://www.yeoshin.co.kr/event/mobile/25182,제이필의원(강남점),https://www.yeoshin.co.kr/hospitals/356?from=events&tabmenu=EVENTS,success
https://www.yeoshin.co.kr/event/mobile/27193,로렐의원,https://www.yeoshin.co.kr/hospitals/4517?from=events&tabmenu=EVENTS,success
https://www.yeoshin.co.kr/event/mobile/24651,더이뻐의원,https://www.yeoshin.co.kr/hospitals/103832?from=events&tabmenu=EVENTS,success
https://www.yeoshin.co.kr/event/mobile/25647,리엔장성형외과의원(본점),https://www.yeoshin.co.kr/hospitals/227?from=events&tabmenu=EVENTS,success
https://www.yeoshin.co.kr/event/mobile/24070,포레웰의원,https://www.yeoshin.co.kr/hospitals/103791?from=events&tabmenu=EVENTS,success
https://www.yeoshin.co.kr/event/mobile/21247,다이아의원,https://www.yeoshin.co.kr/hospitals/4892?from=events&tabmenu=EVENTS,success
https://www.yeoshin.co.kr/event/mobile/17995,지우의원,https://www.yeoshin.co.kr/hospitals/3766?from=events&tabmenu=EVENTS,success
https://www.yeoshin.co.kr/event/mobile/27349,에르네의원,https://www.yeoshin.co.kr/hospitals/171?from=events&tabmenu=EVENTS,success
https://www.yeoshin.co.kr/event/mobile/27589,리베리의원(마포점),https://www.yeoshin.co.kr/hospitals/104102?from=events&tabmenu=EVENTS,success
https://www.yeoshin.co.kr/event/mobile/20416,신사에그의원,https://www.yeoshin.co.kr/hospitals/4154?from=events&tabmenu=EVENTS,success
https://www.yeoshin.co.kr/event/mobile/11503,루비의원(명동점),https://www.yeoshin.co.kr/hospitals/4439?from=events&tabmenu=EVENTS,success
https://www.yeoshin.co.kr/event/mobile/26527,수지의원,https://www.yeoshin.co.kr/hospitals/4495?from=events&tabmenu=EVENTS,success
https://www.yeoshin.co.kr/event/mobile/25581,웰니스365의원(강서),https://www.yeoshin.co.kr/hospitals/103936?from=events&tabmenu=EVENTS,success
https://www.yeoshin.co.kr/event/mobile/23404,온리프성형외과,https://www.yeoshin.co.kr/hospitals/4157?from=events&tabmenu=EVENTS,success
https://www.yeoshin.co.kr/event/mobile/23508,온리프성형외과,https://www.yeoshin.co.kr/hospitals/4157?from=events&tabmenu=EVENTS,success
https://www.yeoshin.co.kr/event/mobile/666,루비의원(명동점),https://www.yeoshin.co.kr/hospitals/4439?from=events&tabmenu=EVENTS,success
https://www.yeoshin.co.kr/event/mobile/14458,라르떼의원(선릉점),https://www.yeoshin.co.kr/hospitals/362?from=events&tabmenu=EVENTS,success
https://www.yeoshin.co.kr/event/mobile/27052,포레나의원,https://www.yeoshin.co.kr/hospitals/5081?from=events&tabmenu=EVENTS,success
https://www.yeoshin.co.kr/event/mobile/26328,메이필클리닉,https://www.yeoshin.co.kr/hospitals/2075?from=events&tabmenu=EVENTS,success
https://www.yeoshin.co.kr/event/mobile/2469,메이필클리닉,https://www.yeoshin.co.kr/hospitals/2075?from=events&tabmenu=EVENTS,success
https://www.yeoshin.co.kr/event/mobile/27819,프레쉬테마의원,https://www.yeoshin.co.kr/hospitals/104096?from=events&tabmenu=EVENTS,success
https://www.yeoshin.co.kr/event/mobile/15277,미케이의원,https://www.yeoshin.co.kr/hospitals/278?from=events&tabmenu=EVENTS,success
https://www.yeoshin.co.kr/event/mobile/15692,니와미즈의원(울산),https://www.yeoshin.co.kr/hospitals/4989?from=events&tabmenu=EVENTS,success
https://www.yeoshin.co.kr/event/mobile/26030,강남초이스병원,https://www.yeoshin.co.kr/hospitals/103986?from=events&tabmenu=EVENTS,success
https://www.yeoshin.co.kr/event/mobile/21553,셀린의원(삼성점),https://www.yeoshin.co.kr/hospitals/5258?from=events&tabmenu=EVENTS,success
https://www.yeoshin.co.kr/event/mobile/25259,끗한의원(수원),https://www.yeoshin.co.kr/hospitals/103930?from=events&tabmenu=EVENTS,success
https://www.yeoshin.co.kr/event/mobile/8282,베이드의원,https://www.yeoshin.co.kr/hospitals/4738?from=events&tabmenu=EVENTS,success
https://www.yeoshin.co.kr/event/mobile/23770,브라운성형외과의원,https://www.yeoshin.co.kr/hospitals/4231?from=events&tabmenu=EVENTS,success
https://www.yeoshin.co.kr/event/mobile/25024,CNP차앤박피부과(명동점),https://www.yeoshin.co.kr/hospitals/103839?from=events&tabmenu=EVENTS,success
https://www.yeoshin.co.kr/event/mobile/875,뷰티제이의원,https://www.yeoshin.co.kr/hospitals/4715?from=events&tabmenu=EVENTS,success
https://www.yeoshin.co.kr/event/mobile/18321,베네핏의원,https://www.yeoshin.co.kr/hospitals/4653?from=events&tabmenu=EVENTS,success
https://www.yeoshin.co.kr/event/mobile/18249,브라운성형외과의원,https://www.yeoshin.co.kr/hospitals/4231?from=events&tabmenu=EVENTS,success
https://www.yeoshin.co.kr/event/mobile/4490,케이톡스의원(인천구월점),https://www.yeoshin.co.kr/hospitals/4594?from=events&tabmenu=EVENTS,success
https://www.yeoshin.co.kr/event/mobile/27533,모리프한의원,https://www.yeoshin.co.kr/hospitals/104099?from=events&tabmenu=EVENTS,success
https://www.yeoshin.co.kr/event/mobile/1996,파크뷰의원(운정점),https://www.yeoshin.co.kr/hospitals/3112?from=events&tabmenu=EVENTS,success
https://www.yeoshin.co.kr/event/mobile/27092,휴먼피부과의원(청라점),https://www.yeoshin.co.kr/hospitals/2836?from=events&tabmenu=EVENTS,success
https://www.yeoshin.co.kr/event/mobile/26346,땡큐성형외과의원,https://www.yeoshin.co.kr/hospitals/4755?from=events&tabmenu=EVENTS,success
https://www.yeoshin.co.kr/event/mobile/14428,메이드유의원(대전점),https://www.yeoshin.co.kr/hospitals/4625?from=events&tabmenu=EVENTS,success
https://www.yeoshin.co.kr/event/mobile/21703,디온의원(홍대점),https://www.yeoshin.co.kr/hospitals/5087?from=events&tabmenu=EVENTS,success
https://www.yeoshin.co.kr/event/mobile/27477,유앤아이의원(영등포점),https://www.yeoshin.co.kr/hospitals/4599?from=events&tabmenu=EVENTS,success
https://www.yeoshin.co.kr/event/mobile/25302,반니성형외과의원,https://www.yeoshin.co.kr/hospitals/4626?from=events&tabmenu=EVENTS,success
https://www.yeoshin.co.kr/event/mobile/23257,어뉴의원,https://www.yeoshin.co.kr/hospitals/205?from=events&tabmenu=EVENTS,success
https://www.yeoshin.co.kr/event/mobile/26089,연의원 범계(안양),https://www.yeoshin.co.kr/hospitals/4974?from=events&tabmenu=EVENTS,success
https://www.yeoshin.co.kr/event/mobile/26446,일공공성형외과의원,https://www.yeoshin.co.kr/hospitals/104033?from=events&tabmenu=EVENTS,success
https://www.yeoshin.co.kr/event/mobile/26560,유넬의원,https://www.yeoshin.co.kr/hospitals/103960?from=events&tabmenu=EVENTS,success
https://www.yeoshin.co.kr/event/mobile/20872,더비비성형외과의원,https://www.yeoshin.co.kr/hospitals/4655?from=events&tabmenu=EVENTS,success
https://www.yeoshin.co.kr/event/mobile/26292,더비비성형외과의원,https://www.yeoshin.co.kr/hospitals/4655?from=events&tabmenu=EVENTS,success
https://www.yeoshin.co.kr/event/mobile/18828,뷰티앤디지털치과병원,https://www.yeoshin.co.kr/hospitals/5125?from=events&tabmenu=EVENTS,success
https://www.yeoshin.co.kr/event/mobile/26694,제이필의원(홍대점),https://www.yeoshin.co.kr/hospitals/104043?from=events&tabmenu=EVENTS,success
https://www.yeoshin.co.kr/event/mobile/18814,뷰티앤디지털치과병원,https://www.yeoshin.co.kr/hospitals/5125?from=events&tabmenu=EVENTS,success
https://www.yeoshin.co.kr/event/mobile/21908,닥터쁘띠의원(인천구월점),https://www.yeoshin.co.kr/hospitals/5346?from=events&tabmenu=EVENTS,success
https://www.yeoshin.co.kr/event/mobile/13742,제이필의원(강남점),https://www.yeoshin.co.kr/hospitals/356?from=events&tabmenu=EVENTS,success
https://www.yeoshin.co.kr/event/mobile/12416,VS라인의원(인천구월점),https://www.yeoshin.co.kr/hospitals/4862?from=events&tabmenu=EVENTS,success
https://www.yeoshin.co.kr/event/mobile/27791,세라성형외과의원,https://www.yeoshin.co.kr/hospitals/103829?from=events&tabmenu=EVENTS,success
https://www.yeoshin.co.kr/event/mobile/22026,비올라셀성형외과,https://www.yeoshin.co.kr/hospitals/5366?from=events&tabmenu=EVENTS,success
https://www.yeoshin.co.kr/event/mobile/22849,닥터쁘띠의원(대전점),https://www.yeoshin.co.kr/hospitals/5241?from=events&tabmenu=EVENTS,success
https://www.yeoshin.co.kr/event/mobile/27560,서울탑초이스의원,https://www.yeoshin.co.kr/hospitals/104062?from=events&tabmenu=EVENTS,success
https://www.yeoshin.co.kr/event/mobile/16377,제너리스의원(연신내점),https://www.yeoshin.co.kr/hospitals/5011?from=events&tabmenu=EVENTS,success
https://www.yeoshin.co.kr/event/mobile/21910,제너리스의원(연신내점),https://www.yeoshin.co.kr/hospitals/5011?from=events&tabmenu=EVENTS,success
https://www.yeoshin.co.kr/event/mobile/1740,유앤아이의원(일산점),https://www.yeoshin.co.kr/hospitals/4767?from=events&tabmenu=EVENTS,success
https://www.yeoshin.co.kr/event/mobile/3684,다이아의원,https://www.yeoshin.co.kr/hospitals/4892?from=events&tabmenu=EVENTS,success
https://www.yeoshin.co.kr/event/mobile/26588,포레나의원,https://www.yeoshin.co.kr/hospitals/5081?from=events&tabmenu=EVENTS,success
https://www.yeoshin.co.kr/event/mobile/7970,지우의원,https://www.yeoshin.co.kr/hospitals/3766?from=events&tabmenu=EVENTS,success
https://www.yeoshin.co.kr/event/mobile/27446,잠실온피부과의원,https://www.yeoshin.co.kr/hospitals/104046?from=events&tabmenu=EVENTS,success
https://www.yeoshin.co.kr/event/mobile/16851,유앤아이의원(대전점),https://www.yeoshin.co.kr/hospitals/5048?from=events&tabmenu=EVENTS,success
https://www.yeoshin.co.kr/event/mobile/18625,리엔장의원(목동점),https://www.yeoshin.co.kr/hospitals/228?from=events&tabmenu=EVENTS,success
https://www.yeoshin.co.kr/event/mobile/26033,강남초이스병원,https://www.yeoshin.co.kr/hospitals/103986?from=events&tabmenu=EVENTS,success
https://www.yeoshin.co.kr/event/mobile/27785,나은내일한의원,https://www.yeoshin.co.kr/hospitals/5256?from=events&tabmenu=EVENTS,success
https://www.yeoshin.co.kr/event/mobile/26504,경희다나은한의원,https://www.yeoshin.co.kr/hospitals/104009?from=events&tabmenu=EVENTS,success
https://www.yeoshin.co.kr/event/mobile/26214,강남초이스병원,https://www.yeoshin.co.kr/hospitals/103986?from=events&tabmenu=EVENTS,success
https://www.yeoshin.co.kr/event/mobile/11002,글래시피부과의원,https://www.yeoshin.co.kr/hospitals/4701?from=events&tabmenu=EVENTS,success
https://www.yeoshin.co.kr/event/mobile/10892,뷰티제이의원,https://www.yeoshin.co.kr/hospitals/4715?from=events&tabmenu=EVENTS,success
https://www.yeoshin.co.kr/event/mobile/772,베이드의원,https://www.yeoshin.co.kr/hospitals/4738?from=events&tabmenu=EVENTS,success
https://www.yeoshin.co.kr/event/mobile/17270,연세더나은의원,https://www.yeoshin.co.kr/hospitals/5063?from=events&tabmenu=EVENTS,success
https://www.yeoshin.co.kr/event/mobile/12212,유올림의원,https://www.yeoshin.co.kr/hospitals/4815?from=events&tabmenu=EVENTS,success
https://www.yeoshin.co.kr/event/mobile/14742,원더의원,https://www.yeoshin.co.kr/hospitals/4477?from=events&tabmenu=EVENTS,success
https://www.yeoshin.co.kr/event/mobile/17240,톡스앤필(제주점),https://www.yeoshin.co.kr/hospitals/5060?from=events&tabmenu=EVENTS,success
https://www.yeoshin.co.kr/event/mobile/9056,스무살의원,https://www.yeoshin.co.kr/hospitals/4931?from=events&tabmenu=EVENTS,success
https://www.yeoshin.co.kr/event/mobile/26271,워너비의원,https://www.yeoshin.co.kr/hospitals/5414?from=events&tabmenu=EVENTS,success
https://www.yeoshin.co.kr/event/mobile/5550,더청담의원,https://www.yeoshin.co.kr/hospitals/4906?from=events&tabmenu=EVENTS,success
https://www.yeoshin.co.kr/event/mobile/26119,유앤아이피부과의원(판교점),https://www.yeoshin.co.kr/hospitals/4802?from=events&tabmenu=EVENTS,success
https://www.yeoshin.co.kr/event/mobile/7851,비티에프의원,https://www.yeoshin.co.kr/hospitals/4583?from=events&tabmenu=EVENTS,success
https://www.yeoshin.co.kr/event/mobile/21702,디온의원(홍대점),https://www.yeoshin.co.kr/hospitals/5087?from=events&tabmenu=EVENTS,success
https://www.yeoshin.co.kr/event/mobile/8357,메이드유의원(대전점),https://www.yeoshin.co.kr/hospitals/4625?from=events&tabmenu=EVENTS,success
https://www.yeoshin.co.kr/event/mobile/19667,디온의원(홍대점),https://www.yeoshin.co.kr/hospitals/5087?from=events&tabmenu=EVENTS,success
https://www.yeoshin.co.kr/event/mobile/27537,모리프한의원,https://www.yeoshin.co.kr/hospitals/104099?from=events&tabmenu=EVENTS,success
https://www.yeoshin.co.kr/event/mobile/24645,더이뻐의원,https://www.yeoshin.co.kr/hospitals/103832?from=events&tabmenu=EVENTS,success
https://www.yeoshin.co.kr/event/mobile/18828,뷰티앤디지털치과병원,https://www.yeoshin.co.kr/hospitals/5125?from=events&tabmenu=EVENTS,success
https://www.yeoshin.co.kr/event/mobile/19446,뷰티앤디지털치과병원,https://www.yeoshin.co.kr/hospitals/5125?from=events&tabmenu=EVENTS,success
https://www.yeoshin.co.kr/event/mobile/17295,블리비의원(발산점),https://www.yeoshin.co.kr/hospitals/5072?from=events&tabmenu=EVENTS,success
https://www.yeoshin.co.kr/event/mobile/27494,아이맘한의원,https://www.yeoshin.co.kr/hospitals/421?from=events&tabmenu=EVENTS,success
https://www.yeoshin.co.kr/event/mobile/17382,블리비의원(명동점),https://www.yeoshin.co.kr/hospitals/5076?from=events&tabmenu=EVENTS,success
https://www.yeoshin.co.kr/event/mobile/22851,닥터쁘띠의원(대전점),https://www.yeoshin.co.kr/hospitals/5241?from=events&tabmenu=EVENTS,success
https://www.yeoshin.co.kr/event/mobile/5040,유앤아이의원(수원점),https://www.yeoshin.co.kr/hospitals/4717?from=events&tabmenu=EVENTS,success
https://www.yeoshin.co.kr/event/mobile/21236,가산시그니처정형외과의원,https://www.yeoshin.co.kr/hospitals/5291?from=events&tabmenu=EVENTS,success
https://www.yeoshin.co.kr/event/mobile/27439,청담엔샤인의원,https://www.yeoshin.co.kr/hospitals/5280?from=events&tabmenu=EVENTS,success
https://www.yeoshin.co.kr/event/mobile/23353,다이아의원,https://www.yeoshin.co.kr/hospitals/4892?from=events&tabmenu=EVENTS,success
https://www.yeoshin.co.kr/event/mobile/25585,웰니스365의원(강서),https://www.yeoshin.co.kr/hospitals/103936?from=events&tabmenu=EVENTS,success
https://www.yeoshin.co.kr/event/mobile/27800,위례우주한의원,https://www.yeoshin.co.kr/hospitals/104074?from=events&tabmenu=EVENTS,success
https://www.yeoshin.co.kr/event/mobile/26462,이대역경희한의원,https://www.yeoshin.co.kr/hospitals/103845?from=events&tabmenu=EVENTS,success
https://www.yeoshin.co.kr/event/mobile/26048,바라온한의원,https://www.yeoshin.co.kr/hospitals/87418?from=events&tabmenu=EVENTS,success
https://www.yeoshin.co.kr/event/mobile/13138,제니바클리닉,https://www.yeoshin.co.kr/hospitals/131?from=events&tabmenu=EVENTS,success
https://www.yeoshin.co.kr/event/mobile/26285,더힘찬한의원(해운대본점),https://www.yeoshin.co.kr/hospitals/103981?from=events&tabmenu=EVENTS,success
https://www.yeoshin.co.kr/event/mobile/25702,강녕한의원,https://www.yeoshin.co.kr/hospitals/103956?from=events&tabmenu=EVENTS,success
https://www.yeoshin.co.kr/event/mobile/17309,블리비의원(영등포점),https://www.yeoshin.co.kr/hospitals/5071?from=events&tabmenu=EVENTS,success
https://www.yeoshin.co.kr/event/mobile/15787,아이콘성형외과,https://www.yeoshin.co.kr/hospitals/30?from=events&tabmenu=EVENTS,success
https://www.yeoshin.co.kr/event/mobile/26229,베스트웰피부과의원,https://www.yeoshin.co.kr/hospitals/103994?from=events&tabmenu=EVENTS,success
https://www.yeoshin.co.kr/event/mobile/26217,더힘찬한의원(해운대본점),https://www.yeoshin.co.kr/hospitals/103981?from=events&tabmenu=EVENTS,success
https://www.yeoshin.co.kr/event/mobile/25884,엄마손한의원,https://www.yeoshin.co.kr/hospitals/103962?from=events&tabmenu=EVENTS,success
https://www.yeoshin.co.kr/event/mobile/25868,하늘마음한의원(창원점),https://www.yeoshin.co.kr/hospitals/103968?from=events&tabmenu=EVENTS,success
https://www.yeoshin.co.kr/event/mobile/16049,연세제이의원,https://www.yeoshin.co.kr/hospitals/2425?from=events&tabmenu=EVENTS,success
https://www.yeoshin.co.kr/event/mobile/17283,은하여성의원,https://www.yeoshin.co.kr/hospitals/5074?from=events&tabmenu=EVENTS,success
https://www.yeoshin.co.kr/event/mobile/17269,연세더나은의원,https://www.yeoshin.co.kr/hospitals/5063?from=events&tabmenu=EVENTS,success
https://www.yeoshin.co.kr/event/mobile/18312,베네핏의원,https://www.yeoshin.co.kr/hospitals/4653?from=events&tabmenu=EVENTS,success
https://www.yeoshin.co.kr/event/mobile/19667,디온의원(홍대점),https://www.yeoshin.co.kr/hospitals/5087?from=events&tabmenu=EVENTS,success
https://www.yeoshin.co.kr/event/mobile/8877,조은날의원,https://www.yeoshin.co.kr/hospitals/200?from=events&tabmenu=EVENTS,success
https://www.yeoshin.co.kr/event/mobile/12876,365SY연세의원,https://www.yeoshin.co.kr/hospitals/4603?from=events&tabmenu=EVENTS,success
https://www.yeoshin.co.kr/event/mobile/26348,새라한의원,https://www.yeoshin.co.kr/hospitals/86281?from=events&tabmenu=EVENTS,success
https://www.yeoshin.co.kr/event/mobile/24579,세연한의원,https://www.yeoshin.co.kr/hospitals/103824?from=events&tabmenu=EVENTS,success
https://www.yeoshin.co.kr/event/mobile/17384,블리비의원(명동점),https://www.yeoshin.co.kr/hospitals/5076?from=events&tabmenu=EVENTS,success
https://www.yeoshin.co.kr/event/mobile/239,루비의원(명동점),https://www.yeoshin.co.kr/hospitals/4439?from=events&tabmenu=EVENTS,success
https://www.yeoshin.co.kr/event/mobile/17297,블리비의원(발산점),https://www.yeoshin.co.kr/hospitals/5072?from=events&tabmenu=EVENTS,success
https://www.yeoshin.co.kr/event/mobile/9309,페이브피부과의원(용산),https://www.yeoshin.co.kr/hospitals/4826?from=events&tabmenu=EVENTS,success
https://www.yeoshin.co.kr/event/mobile/11994,신사에그의원,https://www.yeoshin.co.kr/hospitals/4154?from=events&tabmenu=EVENTS,success
https://www.yeoshin.co.kr/event/mobile/17312,블리비의원(영등포점),https://www.yeoshin.co.kr/hospitals/5071?from=events&tabmenu=EVENTS,success
https://www.yeoshin.co.kr/event/mobile/27556,용인미하나의원,https://www.yeoshin.co.kr/hospitals/4848?from=events&tabmenu=EVENTS,success
https://www.yeoshin.co.kr/event/mobile/8527,신사에그의원,https://www.yeoshin.co.kr/hospitals/4154?from=events&tabmenu=EVENTS,success
https://www.yeoshin.co.kr/event/mobile/23639,빛담은한의원,https://www.yeoshin.co.kr/hospitals/5457?from=events&tabmenu=EVENTS,success
https://www.yeoshin.co.kr/event/mobile/18817,뷰티앤디지털치과병원,https://www.yeoshin.co.kr/hospitals/5125?from=events&tabmenu=EVENTS,success
https://www.yeoshin.co.kr/event/mobile/25389,마이셀의원,https://www.yeoshin.co.kr/hospitals/103820?from=events&tabmenu=EVENTS,success
https://www.yeoshin.co.kr/event/mobile/21110,제너리스의원(연신내점),https://www.yeoshin.co.kr/hospitals/5011?from=events&tabmenu=EVENTS,success
https://www.yeoshin.co.kr/event/mobile/26787,반하다의원,https://www.yeoshin.co.kr/hospitals/267?from=events&tabmenu=EVENTS,success
https://www.yeoshin.co.kr/event/mobile/21218,가산시그니처정형외과의원,https://www.yeoshin.co.kr/hospitals/5291?from=events&tabmenu=EVENTS,success
https://www.yeoshin.co.kr/event/mobile/27525,아이맘한의원,https://www.yeoshin.co.kr/hospitals/421?from=events&tabmenu=EVENTS,success
https://www.yeoshin.co.kr/event/mobile/26416,유온느의원,https://www.yeoshin.co.kr/hospitals/103855?from=events&tabmenu=EVENTS,success
https://www.yeoshin.co.kr/event/mobile/26305,웰니스365의원(강서),https://www.yeoshin.co.kr/hospitals/103936?from=events&tabmenu=EVENTS,success
https://www.yeoshin.co.kr/event/mobile/20511,네스트의원(강남),https://www.yeoshin.co.kr/hospitals/5226?from=events&tabmenu=EVENTS,success
https://www.yeoshin.co.kr/event/mobile/26885,메이린의원(대구점),https://www.yeoshin.co.kr/hospitals/5429?from=events&tabmenu=EVENTS,success
https://www.yeoshin.co.kr/event/mobile/24503,가로세로한의원(안양평촌점),https://www.yeoshin.co.kr/hospitals/5220?from=events&tabmenu=EVENTS,success
https://www.yeoshin.co.kr/event/mobile/26366,미본한의원,https://www.yeoshin.co.kr/hospitals/104007?from=events&tabmenu=EVENTS,success
https://www.yeoshin.co.kr/event/mobile/27808,위례우주한의원,https://www.yeoshin.co.kr/hospitals/104074?from=events&tabmenu=EVENTS,success
https://www.yeoshin.co.kr/event/mobile/25879,엄마손한의원,https://www.yeoshin.co.kr/hospitals/103962?from=events&tabmenu=EVENTS,success
https://www.yeoshin.co.kr/event/mobile/26887,벨로아의원,https://www.yeoshin.co.kr/hospitals/104052?from=events&tabmenu=EVENTS,success
https://www.yeoshin.co.kr/event/mobile/25709,강녕한의원,https://www.yeoshin.co.kr/hospitals/103956?from=events&tabmenu=EVENTS,success
https://www.yeoshin.co.kr/event/mobile/15699,더나은가정의학과의원,https://www.yeoshin.co.kr/hospitals/4997?from=events&tabmenu=EVENTS,success
https://www.yeoshin.co.kr/event/mobile/25865,하늘마음한의원(창원점),https://www.yeoshin.co.kr/hospitals/103968?from=events&tabmenu=EVENTS,success
https://www.yeoshin.co.kr/event/mobile/15747,오크우드봄의원,https://www.yeoshin.co.kr/hospitals/481?from=events&tabmenu=EVENTS,success
https://www.yeoshin.co.kr/event/mobile/25630,동편부부한의원,https://www.yeoshin.co.kr/hospitals/5282?from=events&tabmenu=EVENTS,success
https://www.yeoshin.co.kr/event/mobile/26767,자연재생한의원,https://www.yeoshin.co.kr/hospitals/104044?from=events&tabmenu=EVENTS,success
https://www.yeoshin.co.kr/event/mobile/25553,올리브한의원(김포점),https://www.yeoshin.co.kr/hospitals/72563?from=events&tabmenu=EVENTS,success
https://www.yeoshin.co.kr/event/mobile/6793,리디아여성의원,https://www.yeoshin.co.kr/hospitals/6?from=events&tabmenu=EVENTS,success
https://www.yeoshin.co.kr/event/mobile/25041,더청담의원,https://www.yeoshin.co.kr/hospitals/4906?from=events&tabmenu=EVENTS,success
https://www.yeoshin.co.kr/event/mobile/24339,한가온한방병원(남양주점),https://www.yeoshin.co.kr/hospitals/103808?from=events&tabmenu=EVENTS,success
https://www.yeoshin.co.kr/event/mobile/27105,유앤아이의원(과천점),https://www.yeoshin.co.kr/hospitals/103997?from=events&tabmenu=EVENTS,success
https://www.yeoshin.co.kr/event/mobile/25205,잇츠미성형외과의원,https://www.yeoshin.co.kr/hospitals/4657?from=events&tabmenu=EVENTS,success
https://www.yeoshin.co.kr/event/mobile/25763,리체안한의원(분당),https://www.yeoshin.co.kr/hospitals/103954?from=events&tabmenu=EVENTS,success
https://www.yeoshin.co.kr/event/mobile/26630,리샘한의원(안양범계점),https://www.yeoshin.co.kr/hospitals/104006?from=events&tabmenu=EVENTS,success
https://www.yeoshin.co.kr/event/mobile/20440,더올린의원(수원점),https://www.yeoshin.co.kr/hospitals/4992?from=events&tabmenu=EVENTS,success
https://www.yeoshin.co.kr/event/mobile/25757,미소담한의원(수영점),https://www.yeoshin.co.kr/hospitals/103951?from=events&tabmenu=EVENTS,success
https://www.yeoshin.co.kr/event/mobile/25999,새라한의원,https://www.yeoshin.co.kr/hospitals/86281?from=events&tabmenu=EVENTS,success
https://www.yeoshin.co.kr/event/mobile/27602,비욘드의원,https://www.yeoshin.co.kr/hospitals/104104?from=events&tabmenu=EVENTS,success
https://www.yeoshin.co.kr/event/mobile/18828,뷰티앤디지털치과병원,https://www.yeoshin.co.kr/hospitals/5125?from=events&tabmenu=EVENTS,success
https://www.yeoshin.co.kr/event/mobile/19446,뷰티앤디지털치과병원,https://www.yeoshin.co.kr/hospitals/5125?from=events&tabmenu=EVENTS,success
https://www.yeoshin.co.kr/event/mobile/17294,블리비의원(발산점),https://www.yeoshin.co.kr/hospitals/5072?from=events&tabmenu=EVENTS,success
https://www.yeoshin.co.kr/event/mobile/27493,아이맘한의원,https://www.yeoshin.co.kr/hospitals/421?from=events&tabmenu=EVENTS,success
https://www.yeoshin.co.kr/event/mobile/27439,청담엔샤인의원,https://www.yeoshin.co.kr/hospitals/5280?from=events&tabmenu=EVENTS,success
https://www.yeoshin.co.kr/event/mobile/9537,페이브피부과의원(용산),https://www.yeoshin.co.kr/hospitals/4826?from=events&tabmenu=EVENTS,success
https://www.yeoshin.co.kr/event/mobile/26463,이대역경희한의원,https://www.yeoshin.co.kr/hospitals/103845?from=events&tabmenu=EVENTS,success
https://www.yeoshin.co.kr/event/mobile/27801,위례우주한의원,https://www.yeoshin.co.kr/hospitals/104074?from=events&tabmenu=EVENTS,success
https://www.yeoshin.co.kr/event/mobile/27800,위례우주한의원,https://www.yeoshin.co.kr/hospitals/104074?from=events&tabmenu=EVENTS,success
https://www.yeoshin.co.kr/event/mobile/26504,경희다나은한의원,https://www.yeoshin.co.kr/hospitals/104009?from=events&tabmenu=EVENTS,success
https://www.yeoshin.co.kr/event/mobile/26214,강남초이스병원,https://www.yeoshin.co.kr/hospitals/103986?from=events&tabmenu=EVENTS,success
https://www.yeoshin.co.kr/event/mobile/26048,바라온한의원,https://www.yeoshin.co.kr/hospitals/87418?from=events&tabmenu=EVENTS,success
https://www.yeoshin.co.kr/event/mobile/24342,한가온한방병원(남양주점),https://www.yeoshin.co.kr/hospitals/103808?from=events&tabmenu=EVENTS,success
https://www.yeoshin.co.kr/event/mobile/15076,오운의원(구리점),https://www.yeoshin.co.kr/hospitals/4909?from=events&tabmenu=EVENTS,success
https://www.yeoshin.co.kr/event/mobile/25729,성훈한의원,https://www.yeoshin.co.kr/hospitals/5054?from=events&tabmenu=EVENTS,success
https://www.yeoshin.co.kr/event/mobile/16302,뷰티오션의원(하남감일점),https://www.yeoshin.co.kr/hospitals/5016?from=events&tabmenu=EVENTS,success
https://www.yeoshin.co.kr/event/mobile/26348,새라한의원,https://www.yeoshin.co.kr/hospitals/86281?from=events&tabmenu=EVENTS,success
https://www.yeoshin.co.kr/event/mobile/24579,세연한의원,https://www.yeoshin.co.kr/hospitals/103824?from=events&tabmenu=EVENTS,success
https://www.yeoshin.co.kr/event/mobile/21363,청담란셀의원,https://www.yeoshin.co.kr/hospitals/5310?from=events&tabmenu=EVENTS,success
https://www.yeoshin.co.kr/event/mobile/23071,뷰티블라썸의원,https://www.yeoshin.co.kr/hospitals/5408?from=events&tabmenu=EVENTS,success
https://www.yeoshin.co.kr/event/mobile/25813,더올림성형외과의원,https://www.yeoshin.co.kr/hospitals/103860?from=events&tabmenu=EVENTS,success
https://www.yeoshin.co.kr/event/mobile/25217,더올림성형외과의원,https://www.yeoshin.co.kr/hospitals/103860?from=events&tabmenu=EVENTS,success
https://www.yeoshin.co.kr/event/mobile/25185,더올림성형외과의원,https://www.yeoshin.co.kr/hospitals/103860?from=events&tabmenu=EVENTS,success
https://www.yeoshin.co.kr/event/mobile/26714,제이필의원(홍대점),https://www.yeoshin.co.kr/hospitals/104043?from=events&tabmenu=EVENTS,success
https://www.yeoshin.co.kr/event/mobile/25234,더프라이드성형외과의원,https://www.yeoshin.co.kr/hospitals/103843?from=events&tabmenu=EVENTS,success
https://www.yeoshin.co.kr/event/mobile/21212,가산시그니처정형외과의원,https://www.yeoshin.co.kr/hospitals/5291?from=events&tabmenu=EVENTS,success
https://www.yeoshin.co.kr/event/mobile/21228,가산시그니처정형외과의원,https://www.yeoshin.co.kr/hospitals/5291?from=events&tabmenu=EVENTS,success
https://www.yeoshin.co.kr/event/mobile/22571,신상성형외과의원,https://www.yeoshin.co.kr/hospitals/4696?from=events&tabmenu=EVENTS,success
https://www.yeoshin.co.kr/event/mobile/23072,뷰티블라썸의원,https://www.yeoshin.co.kr/hospitals/5408?from=events&tabmenu=EVENTS,success
https://www.yeoshin.co.kr/event/mobile/8710,다이아의원,https://www.yeoshin.co.kr/hospitals/4892?from=events&tabmenu=EVENTS,success
https://www.yeoshin.co.kr/event/mobile/3684,다이아의원,https://www.yeoshin.co.kr/hospitals/4892?from=events&tabmenu=EVENTS,success
https://www.yeoshin.co.kr/event/mobile/26588,포레나의원,https://www.yeoshin.co.kr/hospitals/5081?from=events&tabmenu=EVENTS,success
https://www.yeoshin.co.kr/event/mobile/5966,다이아의원,https://www.yeoshin.co.kr/hospitals/4892?from=events&tabmenu=EVENTS,success
https://www.yeoshin.co.kr/event/mobile/17035,유니풀의원,https://www.yeoshin.co.kr/hospitals/5055?from=events&tabmenu=EVENTS,success
https://www.yeoshin.co.kr/event/mobile/20307,리블룸의원(원주),https://www.yeoshin.co.kr/hospitals/5218?from=events&tabmenu=EVENTS,success
https://www.yeoshin.co.kr/event/mobile/18032,삼성노블의원(고양점),https://www.yeoshin.co.kr/hospitals/5095?from=events&tabmenu=EVENTS,success
https://www.yeoshin.co.kr/event/mobile/332,송도비앤미의원,https://www.yeoshin.co.kr/hospitals/4668?from=events&tabmenu=EVENTS,success
https://www.yeoshin.co.kr/event/mobile/27526,아이맘한의원,https://www.yeoshin.co.kr/hospitals/421?from=events&tabmenu=EVENTS,success
https://www.yeoshin.co.kr/event/mobile/17299,블리비의원(발산점),https://www.yeoshin.co.kr/hospitals/5072?from=events&tabmenu=EVENTS,success
https://www.yeoshin.co.kr/event/mobile/24357,한가온한방병원(용인점),https://www.yeoshin.co.kr/hospitals/103807?from=events&tabmenu=EVENTS,success
https://www.yeoshin.co.kr/event/mobile/17385,블리비의원(명동점),https://www.yeoshin.co.kr/hospitals/5076?from=events&tabmenu=EVENTS,success
https://www.yeoshin.co.kr/event/mobile/26123,페이브피부과의원(용산),https://www.yeoshin.co.kr/hospitals/4826?from=events&tabmenu=EVENTS,success
https://www.yeoshin.co.kr/event/mobile/17314,블리비의원(영등포점),https://www.yeoshin.co.kr/hospitals/5071?from=events&tabmenu=EVENTS,success
https://www.yeoshin.co.kr/event/mobile/24368,한가온한방병원(강릉점),https://www.yeoshin.co.kr/hospitals/103809?from=events&tabmenu=EVENTS,success
https://www.yeoshin.co.kr/event/mobile/8142,영드림의원,https://www.yeoshin.co.kr/hospitals/4493?from=events&tabmenu=EVENTS,success
https://www.yeoshin.co.kr/event/mobile/21981,닥터쁘띠의원(인천구월점),https://www.yeoshin.co.kr/hospitals/5346?from=events&tabmenu=EVENTS,success
https://www.yeoshin.co.kr/event/mobile/19443,뷰티앤디지털치과병원,https://www.yeoshin.co.kr/hospitals/5125?from=events&tabmenu=EVENTS,success
https://www.yeoshin.co.kr/event/mobile/23109,뷰티블라썸의원,https://www.yeoshin.co.kr/hospitals/5408?from=events&tabmenu=EVENTS,success
https://www.yeoshin.co.kr/event/mobile/26621,제너리스의원(연신내점),https://www.yeoshin.co.kr/hospitals/5011?from=events&tabmenu=EVENTS,success
https://www.yeoshin.co.kr/event/mobile/5966,다이아의원,https://www.yeoshin.co.kr/hospitals/4892?from=events&tabmenu=EVENTS,success
https://www.yeoshin.co.kr/event/mobile/25953,샤인유의원(수원점),https://www.yeoshin.co.kr/hospitals/271?from=events&tabmenu=EVENTS,success
https://www.yeoshin.co.kr/event/mobile/27785,나은내일한의원,https://www.yeoshin.co.kr/hospitals/5256?from=events&tabmenu=EVENTS,success
https://www.yeoshin.co.kr/event/mobile/26037,강남초이스병원,https://www.yeoshin.co.kr/hospitals/103986?from=events&tabmenu=EVENTS,success
https://www.yeoshin.co.kr/event/mobile/26896,벨로아의원,https://www.yeoshin.co.kr/hospitals/104052?from=events&tabmenu=EVENTS,success
https://www.yeoshin.co.kr/event/mobile/3625,베이드의원,https://www.yeoshin.co.kr/hospitals/4738?from=events&tabmenu=EVENTS,success
https://www.yeoshin.co.kr/event/mobile/7220,유앤아이의원(영등포점),https://www.yeoshin.co.kr/hospitals/4599?from=events&tabmenu=EVENTS,success
https://www.yeoshin.co.kr/event/mobile/17752,디온의원(홍대점),https://www.yeoshin.co.kr/hospitals/5087?from=events&tabmenu=EVENTS,success
https://www.yeoshin.co.kr/event/mobile/19766,CnB맑고고운본점피부과(주안),https://www.yeoshin.co.kr/hospitals/4962?from=events&tabmenu=EVENTS,success
https://www.yeoshin.co.kr/event/mobile/20953,신아웰니스의원,https://www.yeoshin.co.kr/hospitals/5272?from=events&tabmenu=EVENTS,success
https://www.yeoshin.co.kr/event/mobile/25215,더올림성형외과의원,https://www.yeoshin.co.kr/hospitals/103860?from=events&tabmenu=EVENTS,success
https://www.yeoshin.co.kr/event/mobile/25214,더올림성형외과의원,https://www.yeoshin.co.kr/hospitals/103860?from=events&tabmenu=EVENTS,success
https://www.yeoshin.co.kr/event/mobile/21277,딜라이트피부과의원,https://www.yeoshin.co.kr/hospitals/5296?from=events&tabmenu=EVENTS,success
https://www.yeoshin.co.kr/event/mobile/24422,휴먼피부과의원(평택점),https://www.yeoshin.co.kr/hospitals/2591?from=events&tabmenu=EVENTS,success
https://www.yeoshin.co.kr/event/mobile/21278,딜라이트피부과의원,https://www.yeoshin.co.kr/hospitals/5296?from=events&tabmenu=EVENTS,success
https://www.yeoshin.co.kr/event/mobile/20954,신아웰니스의원,https://www.yeoshin.co.kr/hospitals/5272?from=events&tabmenu=EVENTS,success
https://www.yeoshin.co.kr/event/mobile/27314,에르네의원,https://www.yeoshin.co.kr/hospitals/171?from=events&tabmenu=EVENTS,success
https://www.yeoshin.co.kr/event/mobile/17618,포레나의원,https://www.yeoshin.co.kr/hospitals/5081?from=events&tabmenu=EVENTS,success
https://www.yeoshin.co.kr/event/mobile/27313,에르네의원,https://www.yeoshin.co.kr/hospitals/171?from=events&tabmenu=EVENTS,success
https://www.yeoshin.co.kr/event/mobile/27330,에르네의원,https://www.yeoshin.co.kr/hospitals/171?from=events&tabmenu=EVENTS,success
https://www.yeoshin.co.kr/event/mobile/17619,포레나의원,https://www.yeoshin.co.kr/hospitals/5081?from=events&tabmenu=EVENTS,success
https://www.yeoshin.co.kr/event/mobile/27331,에르네의원,https://www.yeoshin.co.kr/hospitals/171?from=events&tabmenu=EVENTS,success
https://www.yeoshin.co.kr/event/mobile/27303,에르네의원,https://www.yeoshin.co.kr/hospitals/171?from=events&tabmenu=EVENTS,success
https://www.yeoshin.co.kr/event/mobile/27304,에르네의원,https://www.yeoshin.co.kr/hospitals/171?from=events&tabmenu=EVENTS,success
https://www.yeoshin.co.kr/event/mobile/21554,셀린의원(삼성점),https://www.yeoshin.co.kr/hospitals/5258?from=events&tabmenu=EVENTS,success
https://www.yeoshin.co.kr/event/mobile/27332,에르네의원,https://www.yeoshin.co.kr/hospitals/171?from=events&tabmenu=EVENTS,success
https://www.yeoshin.co.kr/event/mobile/24556,셀린의원(삼성점),https://www.yeoshin.co.kr/hospitals/5258?from=events&tabmenu=EVENTS,success
https://www.yeoshin.co.kr/event/mobile/20361,디에스타의원,https://www.yeoshin.co.kr/hospitals/3707?from=events&tabmenu=EVENTS,success
https://www.yeoshin.co.kr/event/mobile/7501,수앤모성형외과의원,https://www.yeoshin.co.kr/hospitals/4712?from=events&tabmenu=EVENTS,success
https://www.yeoshin.co.kr/event/mobile/24528,셀린의원(삼성점),https://www.yeoshin.co.kr/hospitals/5258?from=events&tabmenu=EVENTS,success
https://www.yeoshin.co.kr/event/mobile/22538,하이엔드피부과,https://www.yeoshin.co.kr/hospitals/5389?from=events&tabmenu=EVENTS,success
https://www.yeoshin.co.kr/event/mobile/24555,셀린의원(삼성점),https://www.yeoshin.co.kr/hospitals/5258?from=events&tabmenu=EVENTS,success
https://www.yeoshin.co.kr/event/mobile/19128,휴먼피부과의원(청라점),https://www.yeoshin.co.kr/hospitals/2836?from=events&tabmenu=EVENTS,success
https://www.yeoshin.co.kr/event/mobile/27686,크크서울의원,https://www.yeoshin.co.kr/hospitals/66?from=events&tabmenu=EVENTS,success
https://www.yeoshin.co.kr/event/mobile/9645,글래시피부과의원,https://www.yeoshin.co.kr/hospitals/4701?from=events&tabmenu=EVENTS,success
https://www.yeoshin.co.kr/event/mobile/8527,신사에그의원,https://www.yeoshin.co.kr/hospitals/4154?from=events&tabmenu=EVENTS,success
https://www.yeoshin.co.kr/event/mobile/18817,뷰티앤디지털치과병원,https://www.yeoshin.co.kr/hospitals/5125?from=events&tabmenu=EVENTS,success
https://www.yeoshin.co.kr/event/mobile/332,송도비앤미의원,https://www.yeoshin.co.kr/hospitals/4668?from=events&tabmenu=EVENTS,success
https://www.yeoshin.co.kr/event/mobile/25389,마이셀의원,https://www.yeoshin.co.kr/hospitals/103820?from=events&tabmenu=EVENTS,success
https://www.yeoshin.co.kr/event/mobile/21218,가산시그니처정형외과의원,https://www.yeoshin.co.kr/hospitals/5291?from=events&tabmenu=EVENTS,success
https://www.yeoshin.co.kr/event/mobile/27525,아이맘한의원,https://www.yeoshin.co.kr/hospitals/421?from=events&tabmenu=EVENTS,success
https://www.yeoshin.co.kr/event/mobile/26416,유온느의원,https://www.yeoshin.co.kr/hospitals/103855?from=events&tabmenu=EVENTS,success
https://www.yeoshin.co.kr/event/mobile/26305,웰니스365의원(강서),https://www.yeoshin.co.kr/hospitals/103936?from=events&tabmenu=EVENTS,success
https://www.yeoshin.co.kr/event/mobile/26890,벨로아의원,https://www.yeoshin.co.kr/hospitals/104052?from=events&tabmenu=EVENTS,success
https://www.yeoshin.co.kr/event/mobile/25876,엄마손한의원,https://www.yeoshin.co.kr/hospitals/103962?from=events&tabmenu=EVENTS,success
https://www.yeoshin.co.kr/event/mobile/27808,위례우주한의원,https://www.yeoshin.co.kr/hospitals/104074?from=events&tabmenu=EVENTS,success
https://www.yeoshin.co.kr/event/mobile/25709,강녕한의원,https://www.yeoshin.co.kr/hospitals/103956?from=events&tabmenu=EVENTS,success
https://www.yeoshin.co.kr/event/mobile/14755,검단예쁨의원,https://www.yeoshin.co.kr/hospitals/4788?from=events&tabmenu=EVENTS,success
https://www.yeoshin.co.kr/event/mobile/25865,하늘마음한의원(창원점),https://www.yeoshin.co.kr/hospitals/103968?from=events&tabmenu=EVENTS,success
https://www.yeoshin.co.kr/event/mobile/15747,오크우드봄의원,https://www.yeoshin.co.kr/hospitals/481?from=events&tabmenu=EVENTS,success
https://www.yeoshin.co.kr/event/mobile/25630,동편부부한의원,https://www.yeoshin.co.kr/hospitals/5282?from=events&tabmenu=EVENTS,success
https://www.yeoshin.co.kr/event/mobile/26767,자연재생한의원,https://www.yeoshin.co.kr/hospitals/104044?from=events&tabmenu=EVENTS,success
https://www.yeoshin.co.kr/event/mobile/24339,한가온한방병원(남양주점),https://www.yeoshin.co.kr/hospitals/103808?from=events&tabmenu=EVENTS,success
https://www.yeoshin.co.kr/event/mobile/26630,리샘한의원(안양범계점),https://www.yeoshin.co.kr/hospitals/104006?from=events&tabmenu=EVENTS,success
https://www.yeoshin.co.kr/event/mobile/25646,금정라인한의원,https://www.yeoshin.co.kr/hospitals/103950?from=events&tabmenu=EVENTS,success
https://www.yeoshin.co.kr/event/mobile/21915,닥터쁘띠의원(인천구월점),https://www.yeoshin.co.kr/hospitals/5346?from=events&tabmenu=EVENTS,success
https://www.yeoshin.co.kr/event/mobile/21914,닥터쁘띠의원(인천구월점),https://www.yeoshin.co.kr/hospitals/5346?from=events&tabmenu=EVENTS,success
https://www.yeoshin.co.kr/event/mobile/21007,청담엔샤인의원,https://www.yeoshin.co.kr/hospitals/5280?from=events&tabmenu=EVENTS,success
https://www.yeoshin.co.kr/event/mobile/21235,가산시그니처정형외과의원,https://www.yeoshin.co.kr/hospitals/5291?from=events&tabmenu=EVENTS,success
https://www.yeoshin.co.kr/event/mobile/25807,청담엔샤인의원,https://www.yeoshin.co.kr/hospitals/5280?from=events&tabmenu=EVENTS,success
https://www.yeoshin.co.kr/event/mobile/26716,제이필의원(홍대점),https://www.yeoshin.co.kr/hospitals/104043?from=events&tabmenu=EVENTS,success
https://www.yeoshin.co.kr/event/mobile/21234,가산시그니처정형외과의원,https://www.yeoshin.co.kr/hospitals/5291?from=events&tabmenu=EVENTS,success
https://www.yeoshin.co.kr/event/mobile/24409,온리프성형외과,https://www.yeoshin.co.kr/hospitals/4157?from=events&tabmenu=EVENTS,success
https://www.yeoshin.co.kr/event/mobile/12952,뉴엘라인의원,https://www.yeoshin.co.kr/hospitals/4917?from=events&tabmenu=EVENTS,success
https://www.yeoshin.co.kr/event/mobile/25172,온리프성형외과,https://www.yeoshin.co.kr/hospitals/4157?from=events&tabmenu=EVENTS,success
https://www.yeoshin.co.kr/event/mobile/13753,뉴엘라인의원,https://www.yeoshin.co.kr/hospitals/4917?from=events&tabmenu=EVENTS,success
https://www.yeoshin.co.kr/event/mobile/26494,경희다나은한의원,https://www.yeoshin.co.kr/hospitals/104009?from=events&tabmenu=EVENTS,success
https://www.yeoshin.co.kr/event/mobile/26505,경희다나은한의원,https://www.yeoshin.co.kr/hospitals/104009?from=events&tabmenu=EVENTS,success
https://www.yeoshin.co.kr/event/mobile/26500,경희다나은한의원,https://www.yeoshin.co.kr/hospitals/104009?from=events&tabmenu=EVENTS,success
https://www.yeoshin.co.kr/event/mobile/15695,니와미즈의원(울산),https://www.yeoshin.co.kr/hospitals/4989?from=events&tabmenu=EVENTS,success
https://www.yeoshin.co.kr/event/mobile/23064,워너비의원,https://www.yeoshin.co.kr/hospitals/5414?from=events&tabmenu=EVENTS,success
https://www.yeoshin.co.kr/event/mobile/3936,메이드유의원(대전점),https://www.yeoshin.co.kr/hospitals/4625?from=events&tabmenu=EVENTS,success
https://www.yeoshin.co.kr/event/mobile/23063,워너비의원,https://www.yeoshin.co.kr/hospitals/5414?from=events&tabmenu=EVENTS,success
https://www.yeoshin.co.kr/event/mobile/11843,메이드유의원(대전점),https://www.yeoshin.co.kr/hospitals/4625?from=events&tabmenu=EVENTS,success
https://www.yeoshin.co.kr/event/mobile/8527,신사에그의원,https://www.yeoshin.co.kr/hospitals/4154?from=events&tabmenu=EVENTS,success
https://www.yeoshin.co.kr/event/mobile/18817,뷰티앤디지털치과병원,https://www.yeoshin.co.kr/hospitals/5125?from=events&tabmenu=EVENTS,success
https://www.yeoshin.co.kr/event/mobile/332,송도비앤미의원,https://www.yeoshin.co.kr/hospitals/4668?from=events&tabmenu=EVENTS,success
https://www.yeoshin.co.kr/event/mobile/21218,가산시그니처정형외과의원,https://www.yeoshin.co.kr/hospitals/5291?from=events&tabmenu=EVENTS,success
https://www.yeoshin.co.kr/event/mobile/27525,아이맘한의원,https://www.yeoshin.co.kr/hospitals/421?from=events&tabmenu=EVENTS,success
https://www.yeoshin.co.kr/event/mobile/26416,유온느의원,https://www.yeoshin.co.kr/hospitals/103855?from=events&tabmenu=EVENTS,success
https://www.yeoshin.co.kr/event/mobile/20511,네스트의원(강남),https://www.yeoshin.co.kr/hospitals/5226?from=events&tabmenu=EVENTS,success
https://www.yeoshin.co.kr/event/mobile/25277,미미한의원,https://www.yeoshin.co.kr/hospitals/4652?from=events&tabmenu=EVENTS,success
https://www.yeoshin.co.kr/event/mobile/26885,메이린의원(대구점),https://www.yeoshin.co.kr/hospitals/5429?from=events&tabmenu=EVENTS,success
https://www.yeoshin.co.kr/event/mobile/26366,미본한의원,https://www.yeoshin.co.kr/hospitals/104007?from=events&tabmenu=EVENTS,success
https://www.yeoshin.co.kr/event/mobile/27808,위례우주한의원,https://www.yeoshin.co.kr/hospitals/104074?from=events&tabmenu=EVENTS,success
https://www.yeoshin.co.kr/event/mobile/3710,라르떼의원(선릉점),https://www.yeoshin.co.kr/hospitals/362?from=events&tabmenu=EVENTS,success
https://www.yeoshin.co.kr/event/mobile/24062,오엘의원,https://www.yeoshin.co.kr/hospitals/103797?from=events&tabmenu=EVENTS,success
https://www.yeoshin.co.kr/event/mobile/25041,더청담의원,https://www.yeoshin.co.kr/hospitals/4906?from=events&tabmenu=EVENTS,success
https://www.yeoshin.co.kr/event/mobile/27105,유앤아이의원(과천점),https://www.yeoshin.co.kr/hospitals/103997?from=events&tabmenu=EVENTS,success
https://www.yeoshin.co.kr/event/mobile/17746,디온의원(홍대점),https://www.yeoshin.co.kr/hospitals/5087?from=events&tabmenu=EVENTS,success
https://www.yeoshin.co.kr/event/mobile/25646,금정라인한의원,https://www.yeoshin.co.kr/hospitals/103950?from=events&tabmenu=EVENTS,success
https://www.yeoshin.co.kr/event/mobile/22225,청담란셀의원,https://www.yeoshin.co.kr/hospitals/5310?from=events&tabmenu=EVENTS,success
https://www.yeoshin.co.kr/event/mobile/26416,유온느의원,https://www.yeoshin.co.kr/hospitals/103855?from=events&tabmenu=EVENTS,success
https://www.yeoshin.co.kr/event/mobile/27419,잠실온피부과의원,https://www.yeoshin.co.kr/hospitals/104046?from=events&tabmenu=EVENTS,success
https://www.yeoshin.co.kr/event/mobile/26305,웰니스365의원(강서),https://www.yeoshin.co.kr/hospitals/103936?from=events&tabmenu=EVENTS,success
https://www.yeoshin.co.kr/event/mobile/24503,가로세로한의원(안양평촌점),https://www.yeoshin.co.kr/hospitals/5220?from=events&tabmenu=EVENTS,success
https://www.yeoshin.co.kr/event/mobile/25876,엄마손한의원,https://www.yeoshin.co.kr/hospitals/103962?from=events&tabmenu=EVENTS,success
https://www.yeoshin.co.kr/event/mobile/27808,위례우주한의원,https://www.yeoshin.co.kr/hospitals/104074?from=events&tabmenu=EVENTS,success
https://www.yeoshin.co.kr/event/mobile/27807,위례우주한의원,https://www.yeoshin.co.kr/hospitals/104074?from=events&tabmenu=EVENTS,success
https://www.yeoshin.co.kr/event/mobile/27376,종로청담한의원,https://www.yeoshin.co.kr/hospitals/5378?from=events&tabmenu=EVENTS,success
https://www.yeoshin.co.kr/event/mobile/26216,더힘찬한의원(해운대본점),https://www.yeoshin.co.kr/hospitals/103981?from=events&tabmenu=EVENTS,success
https://www.yeoshin.co.kr/event/mobile/24800,미케이의원,https://www.yeoshin.co.kr/hospitals/278?from=events&tabmenu=EVENTS,success
https://www.yeoshin.co.kr/event/mobile/26221,더힘찬한의원(해운대본점),https://www.yeoshin.co.kr/hospitals/103981?from=events&tabmenu=EVENTS,success
https://www.yeoshin.co.kr/event/mobile/15699,더나은가정의학과의원,https://www.yeoshin.co.kr/hospitals/4997?from=events&tabmenu=EVENTS,success
https://www.yeoshin.co.kr/event/mobile/15747,오크우드봄의원,https://www.yeoshin.co.kr/hospitals/481?from=events&tabmenu=EVENTS,success
https://www.yeoshin.co.kr/event/mobile/15698,더나은가정의학과의원,https://www.yeoshin.co.kr/hospitals/4997?from=events&tabmenu=EVENTS,success
https://www.yeoshin.co.kr/event/mobile/26767,자연재생한의원,https://www.yeoshin.co.kr/hospitals/104044?from=events&tabmenu=EVENTS,success
https://www.yeoshin.co.kr/event/mobile/25553,올리브한의원(김포점),https://www.yeoshin.co.kr/hospitals/72563?from=events&tabmenu=EVENTS,success
https://www.yeoshin.co.kr/event/mobile/24339,한가온한방병원(남양주점),https://www.yeoshin.co.kr/hospitals/103808?from=events&tabmenu=EVENTS,success
https://www.yeoshin.co.kr/event/mobile/25413,바라온한의원,https://www.yeoshin.co.kr/hospitals/87418?from=events&tabmenu=EVENTS,success
https://www.yeoshin.co.kr/event/mobile/27105,유앤아이의원(과천점),https://www.yeoshin.co.kr/hospitals/103997?from=events&tabmenu=EVENTS,success
https://www.yeoshin.co.kr/event/mobile/25205,잇츠미성형외과의원,https://www.yeoshin.co.kr/hospitals/4657?from=events&tabmenu=EVENTS,success
https://www.yeoshin.co.kr/event/mobile/17746,디온의원(홍대점),https://www.yeoshin.co.kr/hospitals/5087?from=events&tabmenu=EVENTS,success
https://www.yeoshin.co.kr/event/mobile/22279,루미의원,https://www.yeoshin.co.kr/hospitals/3360?from=events&tabmenu=EVENTS,success
https://www.yeoshin.co.kr/event/mobile/20440,더올린의원(수원점),https://www.yeoshin.co.kr/hospitals/4992?from=events&tabmenu=EVENTS,success
https://www.yeoshin.co.kr/event/mobile/22282,루미의원,https://www.yeoshin.co.kr/hospitals/3360?from=events&tabmenu=EVENTS,success
https://www.yeoshin.co.kr/event/mobile/25643,금정라인한의원,https://www.yeoshin.co.kr/hospitals/103950?from=events&tabmenu=EVENTS,success
https://www.yeoshin.co.kr/event/mobile/25646,금정라인한의원,https://www.yeoshin.co.kr/hospitals/103950?from=events&tabmenu=EVENTS,success
https://www.yeoshin.co.kr/event/mobile/24501,성훈한의원,https://www.yeoshin.co.kr/hospitals/5054?from=events&tabmenu=EVENTS,success
https://www.yeoshin.co.kr/event/mobile/25757,미소담한의원(수영점),https://www.yeoshin.co.kr/hospitals/103951?from=events&tabmenu=EVENTS,success
https://www.yeoshin.co.kr/event/mobile/12290,영드림의원,https://www.yeoshin.co.kr/hospitals/4493?from=events&tabmenu=EVENTS,success
https://www.yeoshin.co.kr/event/mobile/23320,메이린의원(대구점),https://www.yeoshin.co.kr/hospitals/5429?from=events&tabmenu=EVENTS,success
https://www.yeoshin.co.kr/event/mobile/27581,리베리의원(마포점),https://www.yeoshin.co.kr/hospitals/104102?from=events&tabmenu=EVENTS,success
https://www.yeoshin.co.kr/event/mobile/25451,장덕한방병원(서초),https://www.yeoshin.co.kr/hospitals/103853?from=events&tabmenu=EVENTS,success
https://www.yeoshin.co.kr/event/mobile/27280,연세팜스의원(은평),https://www.yeoshin.co.kr/hospitals/104069?from=events&tabmenu=EVENTS,success
https://www.yeoshin.co.kr/event/mobile/23869,루미에버의원,https://www.yeoshin.co.kr/hospitals/5463?from=events&tabmenu=EVENTS,success
https://www.yeoshin.co.kr/event/mobile/24765,용인미하나의원,https://www.yeoshin.co.kr/hospitals/4848?from=events&tabmenu=EVENTS,success
https://www.yeoshin.co.kr/event/mobile/1078,루비의원(명동점),https://www.yeoshin.co.kr/hospitals/4439?from=events&tabmenu=EVENTS,success
https://www.yeoshin.co.kr/event/mobile/1709,신사에그의원,https://www.yeoshin.co.kr/hospitals/4154?from=events&tabmenu=EVENTS,success
https://www.yeoshin.co.kr/event/mobile/17886,페이브피부과의원(용산),https://www.yeoshin.co.kr/hospitals/4826?from=events&tabmenu=EVENTS,success
https://www.yeoshin.co.kr/event/mobile/8215,비오페이스의원,https://www.yeoshin.co.kr/hospitals/41?from=events&tabmenu=EVENTS,success
https://www.yeoshin.co.kr/event/mobile/19216,삼성필의원(시흥),https://www.yeoshin.co.kr/hospitals/2180?from=events&tabmenu=EVENTS,success
https://www.yeoshin.co.kr/event/mobile/2194,차앤박피부과의원(신촌점),https://www.yeoshin.co.kr/hospitals/4910?from=events&tabmenu=EVENTS,success
https://www.yeoshin.co.kr/event/mobile/11,뷰티제이의원,https://www.yeoshin.co.kr/hospitals/4715?from=events&tabmenu=EVENTS,success
https://www.yeoshin.co.kr/event/mobile/11640,VS라인의원(압구정점),https://www.yeoshin.co.kr/hospitals/4497?from=events&tabmenu=EVENTS,success
https://www.yeoshin.co.kr/event/mobile/6901,VS라인의원(인천구월점),https://www.yeoshin.co.kr/hospitals/4862?from=events&tabmenu=EVENTS,success
https://www.yeoshin.co.kr/event/mobile/17243,송도비앤미의원,https://www.yeoshin.co.kr/hospitals/4668?from=events&tabmenu=EVENTS,success
https://www.yeoshin.co.kr/event/mobile/24119,포레웰의원,https://www.yeoshin.co.kr/hospitals/103791?from=events&tabmenu=EVENTS,success
https://www.yeoshin.co.kr/event/mobile/11615,루비의원(명동점),https://www.yeoshin.co.kr/hospitals/4439?from=events&tabmenu=EVENTS,success
https://www.yeoshin.co.kr/event/mobile/9537,페이브피부과의원(용산),https://www.yeoshin.co.kr/hospitals/4826?from=events&tabmenu=EVENTS,success
https://www.yeoshin.co.kr/event/mobile/23357,메이린의원(대구점),https://www.yeoshin.co.kr/hospitals/5429?from=events&tabmenu=EVENTS,success
https://www.yeoshin.co.kr/event/mobile/22151,네스트의원(강남),https://www.yeoshin.co.kr/hospitals/5226?from=events&tabmenu=EVENTS,success
https://www.yeoshin.co.kr/event/mobile/535,다이아의원,https://www.yeoshin.co.kr/hospitals/4892?from=events&tabmenu=EVENTS,success
https://www.yeoshin.co.kr/event/mobile/26626,경희다나은한의원,https://www.yeoshin.co.kr/hospitals/104009?from=events&tabmenu=EVENTS,success
https://www.yeoshin.co.kr/event/mobile/27805,위례우주한의원,https://www.yeoshin.co.kr/hospitals/104074?from=events&tabmenu=EVENTS,success
https://www.yeoshin.co.kr/event/mobile/11622,차앤박피부과의원(신촌점),https://www.yeoshin.co.kr/hospitals/4910?from=events&tabmenu=EVENTS,success
https://www.yeoshin.co.kr/event/mobile/25923,셀린의원(삼성점),https://www.yeoshin.co.kr/hospitals/5258?from=events&tabmenu=EVENTS,success
https://www.yeoshin.co.kr/event/mobile/17878,메이드림의원(의정부점),https://www.yeoshin.co.kr/hospitals/2058?from=events&tabmenu=EVENTS,success
https://www.yeoshin.co.kr/event/mobile/18034,삼성노블의원(고양점),https://www.yeoshin.co.kr/hospitals/5095?from=events&tabmenu=EVENTS,success
https://www.yeoshin.co.kr/event/mobile/20562,뷰티젠의원(하남),https://www.yeoshin.co.kr/hospitals/5250?from=events&tabmenu=EVENTS,success
https://www.yeoshin.co.kr/event/mobile/17272,연세더나은의원,https://www.yeoshin.co.kr/hospitals/5063?from=events&tabmenu=EVENTS,success
https://www.yeoshin.co.kr/event/mobile/26011,미소담한의원(수영점),https://www.yeoshin.co.kr/hospitals/103951?from=events&tabmenu=EVENTS,success
https://www.yeoshin.co.kr/event/mobile/26686,제이필의원(홍대점),https://www.yeoshin.co.kr/hospitals/104043?from=events&tabmenu=EVENTS,success
https://www.yeoshin.co.kr/event/mobile/11135,제이필의원(강남점),https://www.yeoshin.co.kr/hospitals/356?from=events&tabmenu=EVENTS,success
https://www.yeoshin.co.kr/event/mobile/10919,나인원의원,https://www.yeoshin.co.kr/hospitals/4807?from=events&tabmenu=EVENTS,success
https://www.yeoshin.co.kr/event/mobile/24524,골드제이의원,https://www.yeoshin.co.kr/hospitals/103817?from=events&tabmenu=EVENTS,success
https://www.yeoshin.co.kr/event/mobile/20998,닥터쁘띠의원(왕십리점),https://www.yeoshin.co.kr/hospitals/5180?from=events&tabmenu=EVENTS,success
https://www.yeoshin.co.kr/event/mobile/24627,포레웰의원,https://www.yeoshin.co.kr/hospitals/103791?from=events&tabmenu=EVENTS,success
https://www.yeoshin.co.kr/event/mobile/17108,연세라인의원(강남점),https://www.yeoshin.co.kr/hospitals/821?from=events&tabmenu=EVENTS,success
https://www.yeoshin.co.kr/event/mobile/21239,성모진안과의원,https://www.yeoshin.co.kr/hospitals/5255?from=events&tabmenu=EVENTS,success
https://www.yeoshin.co.kr/event/mobile/21427,강남센트럴안과의원,https://www.yeoshin.co.kr/hospitals/5259?from=events&tabmenu=EVENTS,success
https://www.yeoshin.co.kr/event/mobile/22428,신아웰니스의원,https://www.yeoshin.co.kr/hospitals/5272?from=events&tabmenu=EVENTS,success
https://www.yeoshin.co.kr/event/mobile/27607,수지의원,https://www.yeoshin.co.kr/hospitals/4495?from=events&tabmenu=EVENTS,success
https://www.yeoshin.co.kr/event/mobile/27551,수지의원,https://www.yeoshin.co.kr/hospitals/4495?from=events&tabmenu=EVENTS,success
https://www.yeoshin.co.kr/event/mobile/16772,오두종성형외과의원,https://www.yeoshin.co.kr/hospitals/5051?from=events&tabmenu=EVENTS,success
https://www.yeoshin.co.kr/event/mobile/9294,시온뷰티의원,https://www.yeoshin.co.kr/hospitals/4784?from=events&tabmenu=EVENTS,success
https://www.yeoshin.co.kr/event/mobile/12184,골든발란스여성의원,https://www.yeoshin.co.kr/hospitals/2633?from=events&tabmenu=EVENTS,success
https://www.yeoshin.co.kr/event/mobile/16090,동안중심의원,https://www.yeoshin.co.kr/hospitals/4986?from=events&tabmenu=EVENTS,success
https://www.yeoshin.co.kr/event/mobile/590,골든발란스여성의원,https://www.yeoshin.co.kr/hospitals/2633?from=events&tabmenu=EVENTS,success
https://www.yeoshin.co.kr/event/mobile/6628,루비의원(명동점),https://www.yeoshin.co.kr/hospitals/4439?from=events&tabmenu=EVENTS,success
https://www.yeoshin.co.kr/event/mobile/20436,제너리스의원(연신내점),https://www.yeoshin.co.kr/hospitals/5011?from=events&tabmenu=EVENTS,success
https://www.yeoshin.co.kr/event/mobile/10545,다이아의원,https://www.yeoshin.co.kr/hospitals/4892?from=events&tabmenu=EVENTS,success
https://www.yeoshin.co.kr/event/mobile/27751,닥터디자이너의원(영등포점),https://www.yeoshin.co.kr/hospitals/4277?from=events&tabmenu=EVENTS,success
https://www.yeoshin.co.kr/event/mobile/25500,예쁨주의쁨의원(천안점),https://www.yeoshin.co.kr/hospitals/103933?from=events&tabmenu=EVENTS,success
https://www.yeoshin.co.kr/event/mobile/20648,에이스타의원,https://www.yeoshin.co.kr/hospitals/4026?from=events&tabmenu=EVENTS,success
https://www.yeoshin.co.kr/event/mobile/21766,고든몸한의원(하단점),https://www.yeoshin.co.kr/hospitals/5306?from=events&tabmenu=EVENTS,success
https://www.yeoshin.co.kr/event/mobile/26825,청담더오피부과의원,https://www.yeoshin.co.kr/hospitals/103983?from=events&tabmenu=EVENTS,success
https://www.yeoshin.co.kr/event/mobile/27503,데이원의원(강남역점),https://www.yeoshin.co.kr/hospitals/484?from=events&tabmenu=EVENTS,success
https://www.yeoshin.co.kr/event/mobile/5350,푸른의원,https://www.yeoshin.co.kr/hospitals/4747?from=events&tabmenu=EVENTS,success
https://www.yeoshin.co.kr/event/mobile/21758,닥터쁘띠의원(왕십리점),https://www.yeoshin.co.kr/hospitals/5180?from=events&tabmenu=EVENTS,success
https://www.yeoshin.co.kr/event/mobile/17706,성훈한의원,https://www.yeoshin.co.kr/hospitals/5054?from=events&tabmenu=EVENTS,success
https://www.yeoshin.co.kr/event/mobile/6459,지우의원,https://www.yeoshin.co.kr/hospitals/3766?from=events&tabmenu=EVENTS,success
https://www.yeoshin.co.kr/event/mobile/26786,반하다의원,https://www.yeoshin.co.kr/hospitals/267?from=events&tabmenu=EVENTS,success
https://www.yeoshin.co.kr/event/mobile/24341,VS라인의원(인천구월점),https://www.yeoshin.co.kr/hospitals/4862?from=events&tabmenu=EVENTS,success
https://www.yeoshin.co.kr/event/mobile/23704,애플산부인과의원(명동점),https://www.yeoshin.co.kr/hospitals/5400?from=events&tabmenu=EVENTS,success
https://www.yeoshin.co.kr/event/mobile/17384,블리비의원(명동점),https://www.yeoshin.co.kr/hospitals/5076?from=events&tabmenu=EVENTS,success
https://www.yeoshin.co.kr/event/mobile/17297,블리비의원(발산점),https://www.yeoshin.co.kr/hospitals/5072?from=events&tabmenu=EVENTS,success
https://www.yeoshin.co.kr/event/mobile/26448,유니성형외과의원,https://www.yeoshin.co.kr/hospitals/104005?from=events&tabmenu=EVENTS,success
https://www.yeoshin.co.kr/event/mobile/19729,애플산부인과의원(대구점),https://www.yeoshin.co.kr/hospitals/5155?from=events&tabmenu=EVENTS,success
https://www.yeoshin.co.kr/event/mobile/26863,강남브랜드안과의원,https://www.yeoshin.co.kr/hospitals/104049?from=events&tabmenu=EVENTS,success
https://www.yeoshin.co.kr/event/mobile/17385,블리비의원(명동점),https://www.yeoshin.co.kr/hospitals/5076?from=events&tabmenu=EVENTS,success
https://www.yeoshin.co.kr/event/mobile/26447,유니성형외과의원,https://www.yeoshin.co.kr/hospitals/104005?from=events&tabmenu=EVENTS,success
https://www.yeoshin.co.kr/event/mobile/26659,제이필의원(홍대점),https://www.yeoshin.co.kr/hospitals/104043?from=events&tabmenu=EVENTS,success
https://www.yeoshin.co.kr/event/mobile/19456,에스여성의원,https://www.yeoshin.co.kr/hospitals/4518?from=events&tabmenu=EVENTS,success
https://www.yeoshin.co.kr/event/mobile/15286,다이아의원,https://www.yeoshin.co.kr/hospitals/4892?from=events&tabmenu=EVENTS,success
https://www.yeoshin.co.kr/event/mobile/22480,온리프성형외과,https://www.yeoshin.co.kr/hospitals/4157?from=events&tabmenu=EVENTS,success
https://www.yeoshin.co.kr/event/mobile/7209,삼성리한여성의원,https://www.yeoshin.co.kr/hospitals/4898?from=events&tabmenu=EVENTS,success
https://www.yeoshin.co.kr/event/mobile/23012,연세이롬산부인과의원,https://www.yeoshin.co.kr/hospitals/5410?from=events&tabmenu=EVENTS,success
https://www.yeoshin.co.kr/event/mobile/17109,연세라인의원(강남점),https://www.yeoshin.co.kr/hospitals/821?from=events&tabmenu=EVENTS,success
https://www.yeoshin.co.kr/event/mobile/26511,당산센트럴내과의원,https://www.yeoshin.co.kr/hospitals/104010?from=events&tabmenu=EVENTS,success
https://www.yeoshin.co.kr/event/mobile/27597,라피스여성의원,https://www.yeoshin.co.kr/hospitals/104093?from=events&tabmenu=EVENTS,success
https://www.yeoshin.co.kr/event/mobile/17312,블리비의원(영등포점),https://www.yeoshin.co.kr/hospitals/5071?from=events&tabmenu=EVENTS,success
https://www.yeoshin.co.kr/event/mobile/811,시온뷰티의원,https://www.yeoshin.co.kr/hospitals/4784?from=events&tabmenu=EVENTS,success
https://www.yeoshin.co.kr/event/mobile/26877,벨로아의원,https://www.yeoshin.co.kr/hospitals/104052?from=events&tabmenu=EVENTS,success
https://www.yeoshin.co.kr/event/mobile/26872,벨로아의원,https://www.yeoshin.co.kr/hospitals/104052?from=events&tabmenu=EVENTS,success
https://www.yeoshin.co.kr/event/mobile/1937,메이필클리닉,https://www.yeoshin.co.kr/hospitals/2075?from=events&tabmenu=EVENTS,success
https://www.yeoshin.co.kr/event/mobile/4707,리디아여성의원,https://www.yeoshin.co.kr/hospitals/6?from=events&tabmenu=EVENTS,success
https://www.yeoshin.co.kr/event/mobile/26873,벨로아의원,https://www.yeoshin.co.kr/hospitals/104052?from=events&tabmenu=EVENTS,success
https://www.yeoshin.co.kr/event/mobile/19128,휴먼피부과의원(청라점),https://www.yeoshin.co.kr/hospitals/2836?from=events&tabmenu=EVENTS,success
https://www.yeoshin.co.kr/event/mobile/19129,휴먼피부과의원(청라점),https://www.yeoshin.co.kr/hospitals/2836?from=events&tabmenu=EVENTS,success
https://www.yeoshin.co.kr/event/mobile/26086,리참성형외과의원,https://www.yeoshin.co.kr/hospitals/5129?from=events&tabmenu=EVENTS,success
https://www.yeoshin.co.kr/event/mobile/20006,용인미하나의원,https://www.yeoshin.co.kr/hospitals/4848?from=events&tabmenu=EVENTS,success
https://www.yeoshin.co.kr/event/mobile/8495,365SY연세의원,https://www.yeoshin.co.kr/hospitals/4603?from=events&tabmenu=EVENTS,success
https://www.yeoshin.co.kr/event/mobile/24307,와우성형외과의원,https://www.yeoshin.co.kr/hospitals/3357?from=events&tabmenu=EVENTS,success
https://www.yeoshin.co.kr/event/mobile/535,다이아의원,https://www.yeoshin.co.kr/hospitals/4892?from=events&tabmenu=EVENTS,success
https://www.yeoshin.co.kr/event/mobile/18034,삼성노블의원(고양점),https://www.yeoshin.co.kr/hospitals/5095?from=events&tabmenu=EVENTS,success
https://www.yeoshin.co.kr/event/mobile/20562,뷰티젠의원(하남),https://www.yeoshin.co.kr/hospitals/5250?from=events&tabmenu=EVENTS,success
https://www.yeoshin.co.kr/event/mobile/17582,CnB맑고고운본점피부과(주안),https://www.yeoshin.co.kr/hospitals/4962?from=events&tabmenu=EVENTS,success
https://www.yeoshin.co.kr/event/mobile/5945,루비의원(명동점),https://www.yeoshin.co.kr/hospitals/4439?from=events&tabmenu=EVENTS,success
https://www.yeoshin.co.kr/event/mobile/21218,가산시그니처정형외과의원,https://www.yeoshin.co.kr/hospitals/5291?from=events&tabmenu=EVENTS,success
https://www.yeoshin.co.kr/event/mobile/24423,휴먼피부과의원(평택점),https://www.yeoshin.co.kr/hospitals/2591?from=events&tabmenu=EVENTS,success
https://www.yeoshin.co.kr/event/mobile/3710,라르떼의원(선릉점),https://www.yeoshin.co.kr/hospitals/362?from=events&tabmenu=EVENTS,success
https://www.yeoshin.co.kr/event/mobile/27647,크크서울의원,https://www.yeoshin.co.kr/hospitals/66?from=events&tabmenu=EVENTS,success
https://www.yeoshin.co.kr/event/mobile/3713,넬의원,https://www.yeoshin.co.kr/hospitals/2776?from=events&tabmenu=EVENTS,success
https://www.yeoshin.co.kr/event/mobile/16105,동안중심의원,https://www.yeoshin.co.kr/hospitals/4986?from=events&tabmenu=EVENTS,success
https://www.yeoshin.co.kr/event/mobile/24425,휴먼피부과의원(평택점),https://www.yeoshin.co.kr/hospitals/2591?from=events&tabmenu=EVENTS,success
https://www.yeoshin.co.kr/event/mobile/18131,허쉬성형외과의원,https://www.yeoshin.co.kr/hospitals/4464?from=events&tabmenu=EVENTS,success
https://www.yeoshin.co.kr/event/mobile/18971,브라운아이의원,https://www.yeoshin.co.kr/hospitals/3212?from=events&tabmenu=EVENTS,success
https://www.yeoshin.co.kr/event/mobile/18148,휴먼피부과의원(청라점),https://www.yeoshin.co.kr/hospitals/2836?from=events&tabmenu=EVENTS,success
https://www.yeoshin.co.kr/event/mobile/6032,루비의원(명동점),https://www.yeoshin.co.kr/hospitals/4439?from=events&tabmenu=EVENTS,success
https://www.yeoshin.co.kr/event/mobile/25467,파스텔휴먼피부과의원(왕십리),https://www.yeoshin.co.kr/hospitals/88848?from=events&tabmenu=EVENTS,success
https://www.yeoshin.co.kr/event/mobile/20580,동탄오라클피부과의원,https://www.yeoshin.co.kr/hospitals/4849?from=events&tabmenu=EVENTS,success
https://www.yeoshin.co.kr/event/mobile/24648,더이뻐의원,https://www.yeoshin.co.kr/hospitals/103832?from=events&tabmenu=EVENTS,success
https://www.yeoshin.co.kr/event/mobile/1765,수지의원,https://www.yeoshin.co.kr/hospitals/4495?from=events&tabmenu=EVENTS,success
https://www.yeoshin.co.kr/event/mobile/595,페이브피부과의원(용산),https://www.yeoshin.co.kr/hospitals/4826?from=events&tabmenu=EVENTS,success
https://www.yeoshin.co.kr/event/mobile/15769,페이브피부과의원(용산),https://www.yeoshin.co.kr/hospitals/4826?from=events&tabmenu=EVENTS,success
https://www.yeoshin.co.kr/event/mobile/2182,365SY연세의원,https://www.yeoshin.co.kr/hospitals/4603?from=events&tabmenu=EVENTS,success
https://www.yeoshin.co.kr/event/mobile/16095,동안중심의원,https://www.yeoshin.co.kr/hospitals/4986?from=events&tabmenu=EVENTS,success
https://www.yeoshin.co.kr/event/mobile/25952,미소담한의원(수영점),https://www.yeoshin.co.kr/hospitals/103951?from=events&tabmenu=EVENTS,success
https://www.yeoshin.co.kr/event/mobile/18704,루비의원(명동점),https://www.yeoshin.co.kr/hospitals/4439?from=events&tabmenu=EVENTS,success
https://www.yeoshin.co.kr/event/mobile/25829,청담엔케이피부과의원,https://www.yeoshin.co.kr/hospitals/103971?from=events&tabmenu=EVENTS,success
https://www.yeoshin.co.kr/event/mobile/18506,핑슬림의원,https://www.yeoshin.co.kr/hospitals/162?from=events&tabmenu=EVENTS,success
https://www.yeoshin.co.kr/event/mobile/22578,애플산부인과의원(명동점),https://www.yeoshin.co.kr/hospitals/5400?from=events&tabmenu=EVENTS,success
https://www.yeoshin.co.kr/event/mobile/23704,애플산부인과의원(명동점),https://www.yeoshin.co.kr/hospitals/5400?from=events&tabmenu=EVENTS,success
https://www.yeoshin.co.kr/event/mobile/19729,애플산부인과의원(대구점),https://www.yeoshin.co.kr/hospitals/5155?from=events&tabmenu=EVENTS,success
https://www.yeoshin.co.kr/event/mobile/27155,한나이브성형외과의원,https://www.yeoshin.co.kr/hospitals/34?from=events&tabmenu=EVENTS,success
https://www.yeoshin.co.kr/event/mobile/15424,르네상스의원(부산),https://www.yeoshin.co.kr/hospitals/4939?from=events&tabmenu=EVENTS,success
https://www.yeoshin.co.kr/event/mobile/14637,365SY연세의원,https://www.yeoshin.co.kr/hospitals/4603?from=events&tabmenu=EVENTS,success
https://www.yeoshin.co.kr/event/mobile/18148,휴먼피부과의원(청라점),https://www.yeoshin.co.kr/hospitals/2836?from=events&tabmenu=EVENTS,success
https://www.yeoshin.co.kr/event/mobile/26498,웰니스365의원(강서),https://www.yeoshin.co.kr/hospitals/103936?from=events&tabmenu=EVENTS,success
https://www.yeoshin.co.kr/event/mobile/20468,하늘라인의원,https://www.yeoshin.co.kr/hospitals/4709?from=events&tabmenu=EVENTS,success
https://www.yeoshin.co.kr/event/mobile/25031,CNP차앤박피부과(명동점),https://www.yeoshin.co.kr/hospitals/103839?from=events&tabmenu=EVENTS,success
https://www.yeoshin.co.kr/event/mobile/23859,신아웰니스의원,https://www.yeoshin.co.kr/hospitals/5272?from=events&tabmenu=EVENTS,success
https://www.yeoshin.co.kr/event/mobile/20841,제너리스의원(연신내점),https://www.yeoshin.co.kr/hospitals/5011?from=events&tabmenu=EVENTS,success
https://www.yeoshin.co.kr/event/mobile/16642,신사에그의원,https://www.yeoshin.co.kr/hospitals/4154?from=events&tabmenu=EVENTS,success
https://www.yeoshin.co.kr/event/mobile/26212,메이린의원(대구점),https://www.yeoshin.co.kr/hospitals/5429?from=events&tabmenu=EVENTS,success
https://www.yeoshin.co.kr/event/mobile/19156,닥터뉴셀의원,https://www.yeoshin.co.kr/hospitals/5148?from=events&tabmenu=EVENTS,success
https://www.yeoshin.co.kr/event/mobile/11323,유앤아이의원(일산점),https://www.yeoshin.co.kr/hospitals/4767?from=events&tabmenu=EVENTS,success
https://www.yeoshin.co.kr/event/mobile/26169,루셀의원,https://www.yeoshin.co.kr/hospitals/5421?from=events&tabmenu=EVENTS,success
https://www.yeoshin.co.kr/event/mobile/18732,루비의원(명동점),https://www.yeoshin.co.kr/hospitals/4439?from=events&tabmenu=EVENTS,success
https://www.yeoshin.co.kr/event/mobile/27667,하이미의원(신사),https://www.yeoshin.co.kr/hospitals/104105?from=events&tabmenu=EVENTS,success
https://www.yeoshin.co.kr/event/mobile/24116,포레웰의원,https://www.yeoshin.co.kr/hospitals/103791?from=events&tabmenu=EVENTS,success
https://www.yeoshin.co.kr/event/mobile/17907,페이브피부과의원(용산),https://www.yeoshin.co.kr/hospitals/4826?from=events&tabmenu=EVENTS,success
https://www.yeoshin.co.kr/event/mobile/22552,신상성형외과의원,https://www.yeoshin.co.kr/hospitals/4696?from=events&tabmenu=EVENTS,success
https://www.yeoshin.co.kr/event/mobile/27171,오엘의원,https://www.yeoshin.co.kr/hospitals/103797?from=events&tabmenu=EVENTS,success
https://www.yeoshin.co.kr/event/mobile/17331,블리비의원(영등포점),https://www.yeoshin.co.kr/hospitals/5071?from=events&tabmenu=EVENTS,success
https://www.yeoshin.co.kr/event/mobile/18037,삼성노블의원(고양점),https://www.yeoshin.co.kr/hospitals/5095?from=events&tabmenu=EVENTS,success
https://www.yeoshin.co.kr/event/mobile/3919,JK위드미의원,https://www.yeoshin.co.kr/hospitals/4789?from=events&tabmenu=EVENTS,success
https://www.yeoshin.co.kr/event/mobile/20665,닉스의원(천안점),https://www.yeoshin.co.kr/hospitals/5244?from=events&tabmenu=EVENTS,success
https://www.yeoshin.co.kr/event/mobile/20640,닉스의원(수원점),https://www.yeoshin.co.kr/hospitals/5245?from=events&tabmenu=EVENTS,success
https://www.yeoshin.co.kr/event/mobile/20628,닉스의원(수원점),https://www.yeoshin.co.kr/hospitals/5245?from=events&tabmenu=EVENTS,success
https://www.yeoshin.co.kr/event/mobile/19998,용인미하나의원,https://www.yeoshin.co.kr/hospitals/4848?from=events&tabmenu=EVENTS,success
https://www.yeoshin.co.kr/event/mobile/24878,용인미하나의원,https://www.yeoshin.co.kr/hospitals/4848?from=events&tabmenu=EVENTS,success
https://www.yeoshin.co.kr/event/mobile/16971,롤리팝성형외과의원,https://www.yeoshin.co.kr/hospitals/5056?from=events&tabmenu=EVENTS,success
https://www.yeoshin.co.kr/event/mobile/27415,서울스마트본의원,https://www.yeoshin.co.kr/hospitals/104098?from=events&tabmenu=EVENTS,success
https://www.yeoshin.co.kr/event/mobile/26510,당산센트럴내과의원,https://www.yeoshin.co.kr/hospitals/104010?from=events&tabmenu=EVENTS,success
https://www.yeoshin.co.kr/event/mobile/26420,닥터디자이너의원(영등포점),https://www.yeoshin.co.kr/hospitals/4277?from=events&tabmenu=EVENTS,success
https://www.yeoshin.co.kr/event/mobile/26784,반하다의원,https://www.yeoshin.co.kr/hospitals/267?from=events&tabmenu=EVENTS,success
https://www.yeoshin.co.kr/event/mobile/25966,온리프성형외과,https://www.yeoshin.co.kr/hospitals/4157?from=events&tabmenu=EVENTS,success
https://www.yeoshin.co.kr/event/mobile/10528,제니바클리닉,https://www.yeoshin.co.kr/hospitals/131?from=events&tabmenu=EVENTS,success
https://www.yeoshin.co.kr/event/mobile/11746,리드림의원(의료법인미래의료재단),https://www.yeoshin.co.kr/hospitals/202?from=events&tabmenu=EVENTS,success
https://www.yeoshin.co.kr/event/mobile/25816,리메이크강남의원,https://www.yeoshin.co.kr/hospitals/103848?from=events&tabmenu=EVENTS,success
https://www.yeoshin.co.kr/event/mobile/24897,리메이크강남의원,https://www.yeoshin.co.kr/hospitals/103848?from=events&tabmenu=EVENTS,success
https://www.yeoshin.co.kr/event/mobile/27411,유니성형외과의원,https://www.yeoshin.co.kr/hospitals/104005?from=events&tabmenu=EVENTS,success
https://www.yeoshin.co.kr/event/mobile/22119,아너스티성형외과의원,https://www.yeoshin.co.kr/hospitals/4672?from=events&tabmenu=EVENTS,success
https://www.yeoshin.co.kr/event/mobile/27423,서울스마트본의원,https://www.yeoshin.co.kr/hospitals/104098?from=events&tabmenu=EVENTS,success
https://www.yeoshin.co.kr/event/mobile/24466,시즈까의원,https://www.yeoshin.co.kr/hospitals/103821?from=events&tabmenu=EVENTS,success
https://www.yeoshin.co.kr/event/mobile/24463,시즈까의원,https://www.yeoshin.co.kr/hospitals/103821?from=events&tabmenu=EVENTS,success
https://www.yeoshin.co.kr/event/mobile/25771,페이브피부과의원(용산),https://www.yeoshin.co.kr/hospitals/4826?from=events&tabmenu=EVENTS,success
https://www.yeoshin.co.kr/event/mobile/26236,셀이즈연세메디컬의원,https://www.yeoshin.co.kr/hospitals/103982?from=events&tabmenu=EVENTS,success
https://www.yeoshin.co.kr/event/mobile/26806,반하다의원,https://www.yeoshin.co.kr/hospitals/267?from=events&tabmenu=EVENTS,success
https://www.yeoshin.co.kr/event/mobile/26235,셀이즈연세메디컬의원,https://www.yeoshin.co.kr/hospitals/103982?from=events&tabmenu=EVENTS,success
https://www.yeoshin.co.kr/event/mobile/26770,반하다의원,https://www.yeoshin.co.kr/hospitals/267?from=events&tabmenu=EVENTS,success
https://www.yeoshin.co.kr/event/mobile/27408,에르네의원,https://www.yeoshin.co.kr/hospitals/171?from=events&tabmenu=EVENTS,success
https://www.yeoshin.co.kr/event/mobile/26220,순플러스성형외과의원,https://www.yeoshin.co.kr/hospitals/103847?from=events&tabmenu=EVENTS,success
https://www.yeoshin.co.kr/event/mobile/26883,뉴엘라인의원,https://www.yeoshin.co.kr/hospitals/4917?from=events&tabmenu=EVENTS,success
https://www.yeoshin.co.kr/event/mobile/25326,더리즈의원(강남),https://www.yeoshin.co.kr/hospitals/103859?from=events&tabmenu=EVENTS,success
https://www.yeoshin.co.kr/event/mobile/26031,강남초이스병원,https://www.yeoshin.co.kr/hospitals/103986?from=events&tabmenu=EVENTS,success
https://www.yeoshin.co.kr/event/mobile/20696,세린의원,https://www.yeoshin.co.kr/hospitals/5224?from=events&tabmenu=EVENTS,success
https://www.yeoshin.co.kr/event/mobile/26256,셀린의원(삼성점),https://www.yeoshin.co.kr/hospitals/5258?from=events&tabmenu=EVENTS,success
https://www.yeoshin.co.kr/event/mobile/27381,청담쥬넥스의원,https://www.yeoshin.co.kr/hospitals/104035?from=events&tabmenu=EVENTS,success
https://www.yeoshin.co.kr/event/mobile/25327,더리즈의원(강남),https://www.yeoshin.co.kr/hospitals/103859?from=events&tabmenu=EVENTS,success
https://www.yeoshin.co.kr/event/mobile/22342,르웰의원,https://www.yeoshin.co.kr/hospitals/5349?from=events&tabmenu=EVENTS,success
https://www.yeoshin.co.kr/event/mobile/25450,장덕한방병원(서초),https://www.yeoshin.co.kr/hospitals/103853?from=events&tabmenu=EVENTS,success
https://www.yeoshin.co.kr/event/mobile/25476,파스텔휴먼피부과의원(왕십리),https://www.yeoshin.co.kr/hospitals/88848?from=events&tabmenu=EVENTS,success
https://www.yeoshin.co.kr/event/mobile/22649,신아웰니스의원,https://www.yeoshin.co.kr/hospitals/5272?from=events&tabmenu=EVENTS,success
https://www.yeoshin.co.kr/event/mobile/22827,페이브피부과의원(용산),https://www.yeoshin.co.kr/hospitals/4826?from=events&tabmenu=EVENTS,success
https://www.yeoshin.co.kr/event/mobile/27541,아산88의원,https://www.yeoshin.co.kr/hospitals/104103?from=events&tabmenu=EVENTS,success
https://www.yeoshin.co.kr/event/mobile/19953,땡큐성형외과의원,https://www.yeoshin.co.kr/hospitals/4755?from=events&tabmenu=EVENTS,success
https://www.yeoshin.co.kr/event/mobile/19999,용인미하나의원,https://www.yeoshin.co.kr/hospitals/4848?from=events&tabmenu=EVENTS,success
https://www.yeoshin.co.kr/event/mobile/26469,올리브치과의원,https://www.yeoshin.co.kr/hospitals/104011?from=events&tabmenu=EVENTS,success
https://www.yeoshin.co.kr/event/mobile/20101,메이필클리닉,https://www.yeoshin.co.kr/hospitals/2075?from=events&tabmenu=EVENTS,success
https://www.yeoshin.co.kr/event/mobile/27515,라피스여성의원,https://www.yeoshin.co.kr/hospitals/104093?from=events&tabmenu=EVENTS,success
https://www.yeoshin.co.kr/event/mobile/25449,장덕한방병원(서초),https://www.yeoshin.co.kr/hospitals/103853?from=events&tabmenu=EVENTS,success
https://www.yeoshin.co.kr/event/mobile/25553,올리브한의원(김포점),https://www.yeoshin.co.kr/hospitals/72563?from=events&tabmenu=EVENTS,success
https://www.yeoshin.co.kr/event/mobile/27707,헤라성형외과의원,https://www.yeoshin.co.kr/hospitals/104117?from=events&tabmenu=EVENTS,success
https://www.yeoshin.co.kr/event/mobile/26018,올리브한의원(김포점),https://www.yeoshin.co.kr/hospitals/72563?from=events&tabmenu=EVENTS,success
https://www.yeoshin.co.kr/event/mobile/25558,올리브한의원(김포점),https://www.yeoshin.co.kr/hospitals/72563?from=events&tabmenu=EVENTS,success
https://www.yeoshin.co.kr/event/mobile/17307,블리비의원(발산점),https://www.yeoshin.co.kr/hospitals/5072?from=events&tabmenu=EVENTS,success
https://www.yeoshin.co.kr/event/mobile/17395,블리비의원(명동점),https://www.yeoshin.co.kr/hospitals/5076?from=events&tabmenu=EVENTS,success
https://www.yeoshin.co.kr/event/mobile/19100,디온의원(잠실점),https://www.yeoshin.co.kr/hospitals/5145?from=events&tabmenu=EVENTS,success
https://www.yeoshin.co.kr/event/mobile/2356,더청담의원,https://www.yeoshin.co.kr/hospitals/4906?from=events&tabmenu=EVENTS,success
https://www.yeoshin.co.kr/event/mobile/27605,비티큐의원,https://www.yeoshin.co.kr/hospitals/103999?from=events&tabmenu=EVENTS,success
https://www.yeoshin.co.kr/event/mobile/19277,닥터뉴셀의원,https://www.yeoshin.co.kr/hospitals/5148?from=events&tabmenu=EVENTS,success
https://www.yeoshin.co.kr/event/mobile/19723,뷰티앤디지털치과병원,https://www.yeoshin.co.kr/hospitals/5125?from=events&tabmenu=EVENTS,success
https://www.yeoshin.co.kr/event/mobile/22857,닥터쁘띠의원(대전점),https://www.yeoshin.co.kr/hospitals/5241?from=events&tabmenu=EVENTS,success
https://www.yeoshin.co.kr/event/mobile/21230,가산시그니처정형외과의원,https://www.yeoshin.co.kr/hospitals/5291?from=events&tabmenu=EVENTS,success
https://www.yeoshin.co.kr/event/mobile/27340,유앤아이의원(창동점),https://www.yeoshin.co.kr/hospitals/104077?from=events&tabmenu=EVENTS,success
https://www.yeoshin.co.kr/event/mobile/26383,닥터쁘띠의원(인천구월점),https://www.yeoshin.co.kr/hospitals/5346?from=events&tabmenu=EVENTS,success
https://www.yeoshin.co.kr/event/mobile/23341,송도비앤미의원,https://www.yeoshin.co.kr/hospitals/4668?from=events&tabmenu=EVENTS,success
https://www.yeoshin.co.kr/event/mobile/21008,청담엔샤인의원,https://www.yeoshin.co.kr/hospitals/5280?from=events&tabmenu=EVENTS,success
https://www.yeoshin.co.kr/event/mobile/9307,VS라인의원(인천구월점),https://www.yeoshin.co.kr/hospitals/4862?from=events&tabmenu=EVENTS,success
https://www.yeoshin.co.kr/event/mobile/26195,유온느의원,https://www.yeoshin.co.kr/hospitals/103855?from=events&tabmenu=EVENTS,success
https://www.yeoshin.co.kr/event/mobile/20940,송도비앤미의원,https://www.yeoshin.co.kr/hospitals/4668?from=events&tabmenu=EVENTS,success
https://www.yeoshin.co.kr/event/mobile/23620,빛담은한의원,https://www.yeoshin.co.kr/hospitals/5457?from=events&tabmenu=EVENTS,success
https://www.yeoshin.co.kr/event/mobile/21275,딜라이트피부과의원,https://www.yeoshin.co.kr/hospitals/5296?from=events&tabmenu=EVENTS,success
https://www.yeoshin.co.kr/event/mobile/27020,유앤아이의원(일산점),https://www.yeoshin.co.kr/hospitals/4767?from=events&tabmenu=EVENTS,success
https://www.yeoshin.co.kr/event/mobile/26963,에디션성형외과,https://www.yeoshin.co.kr/hospitals/5002?from=events&tabmenu=EVENTS,success
https://www.yeoshin.co.kr/event/mobile/21109,제너리스의원(연신내점),https://www.yeoshin.co.kr/hospitals/5011?from=events&tabmenu=EVENTS,success
https://www.yeoshin.co.kr/event/mobile/24299,청담란셀의원,https://www.yeoshin.co.kr/hospitals/5310?from=events&tabmenu=EVENTS,success
https://www.yeoshin.co.kr/event/mobile/15763,페이브피부과의원(용산),https://www.yeoshin.co.kr/hospitals/4826?from=events&tabmenu=EVENTS,success
https://www.yeoshin.co.kr/event/mobile/17243,송도비앤미의원,https://www.yeoshin.co.kr/hospitals/4668?from=events&tabmenu=EVENTS,success
https://www.yeoshin.co.kr/event/mobile/3513,다이아의원,https://www.yeoshin.co.kr/hospitals/4892?from=events&tabmenu=EVENTS,success
https://www.yeoshin.co.kr/event/mobile/8,뉴엘라인의원,https://www.yeoshin.co.kr/hospitals/4917?from=events&tabmenu=EVENTS,success
https://www.yeoshin.co.kr/event/mobile/27044,샤인빔의원(송도점),https://www.yeoshin.co.kr/hospitals/104060?from=events&tabmenu=EVENTS,success
https://www.yeoshin.co.kr/event/mobile/26684,제이필의원(홍대점),https://www.yeoshin.co.kr/hospitals/104043?from=events&tabmenu=EVENTS,success
https://www.yeoshin.co.kr/event/mobile/24500,뉴엘라인의원,https://www.yeoshin.co.kr/hospitals/4917?from=events&tabmenu=EVENTS,success
https://www.yeoshin.co.kr/event/mobile/27397,웰니스365의원(강서),https://www.yeoshin.co.kr/hospitals/103936?from=events&tabmenu=EVENTS,success
https://www.yeoshin.co.kr/event/mobile/24963,유앤아이의원(대전점),https://www.yeoshin.co.kr/hospitals/5048?from=events&tabmenu=EVENTS,success
https://www.yeoshin.co.kr/event/mobile/27444,샤인유의원(수원점),https://www.yeoshin.co.kr/hospitals/271?from=events&tabmenu=EVENTS,success
https://www.yeoshin.co.kr/event/mobile/27608,수지의원,https://www.yeoshin.co.kr/hospitals/4495?from=events&tabmenu=EVENTS,success
https://www.yeoshin.co.kr/event/mobile/26945,순플러스성형외과의원,https://www.yeoshin.co.kr/hospitals/103847?from=events&tabmenu=EVENTS,success
https://www.yeoshin.co.kr/event/mobile/26445,포레나의원,https://www.yeoshin.co.kr/hospitals/5081?from=events&tabmenu=EVENTS,success
https://www.yeoshin.co.kr/event/mobile/2752,연세라헨느의원,https://www.yeoshin.co.kr/hospitals/285?from=events&tabmenu=EVENTS,success
https://www.yeoshin.co.kr/event/mobile/17041,유니풀의원,https://www.yeoshin.co.kr/hospitals/5055?from=events&tabmenu=EVENTS,success
https://www.yeoshin.co.kr/event/mobile/17261,닥터고운선의원,https://www.yeoshin.co.kr/hospitals/350?from=events&tabmenu=EVENTS,success
https://www.yeoshin.co.kr/event/mobile/3974,미케이의원,https://www.yeoshin.co.kr/hospitals/278?from=events&tabmenu=EVENTS,success
https://www.yeoshin.co.kr/event/mobile/4842,엘병원,https://www.yeoshin.co.kr/hospitals/4508?from=events&tabmenu=EVENTS,success
https://www.yeoshin.co.kr/event/mobile/4867,뷰티크의원(방배이수점),https://www.yeoshin.co.kr/hospitals/337?from=events&tabmenu=EVENTS,success
https://www.yeoshin.co.kr/event/mobile/26627,경희다나은한의원,https://www.yeoshin.co.kr/hospitals/104009?from=events&tabmenu=EVENTS,success
https://www.yeoshin.co.kr/event/mobile/15426,르네상스의원(부산),https://www.yeoshin.co.kr/hospitals/4939?from=events&tabmenu=EVENTS,success
https://www.yeoshin.co.kr/event/mobile/14427,티아라의원,https://www.yeoshin.co.kr/hospitals/4651?from=events&tabmenu=EVENTS,success
https://www.yeoshin.co.kr/event/mobile/5561,원더의원,https://www.yeoshin.co.kr/hospitals/4477?from=events&tabmenu=EVENTS,success
https://www.yeoshin.co.kr/event/mobile/16384,늘샤인의원,https://www.yeoshin.co.kr/hospitals/5026?from=events&tabmenu=EVENTS,success
https://www.yeoshin.co.kr/event/mobile/2962,푸른의원,https://www.yeoshin.co.kr/hospitals/4747?from=events&tabmenu=EVENTS,success
https://www.yeoshin.co.kr/event/mobile/27507,데이원의원(강남역점),https://www.yeoshin.co.kr/hospitals/484?from=events&tabmenu=EVENTS,success
https://www.yeoshin.co.kr/event/mobile/15407,연세미사랑의원,https://www.yeoshin.co.kr/hospitals/4686?from=events&tabmenu=EVENTS,success
https://www.yeoshin.co.kr/event/mobile/17239,톡스앤필(제주점),https://www.yeoshin.co.kr/hospitals/5060?from=events&tabmenu=EVENTS,success
https://www.yeoshin.co.kr/event/mobile/23766,브라운성형외과의원,https://www.yeoshin.co.kr/hospitals/4231?from=events&tabmenu=EVENTS,success
https://www.yeoshin.co.kr/event/mobile/25830,청담엔케이피부과의원,https://www.yeoshin.co.kr/hospitals/103971?from=events&tabmenu=EVENTS,success
https://www.yeoshin.co.kr/event/mobile/24664,강남제이스타의원,https://www.yeoshin.co.kr/hospitals/103828?from=events&tabmenu=EVENTS,success
https://www.yeoshin.co.kr/event/mobile/24346,한가온한방병원(남양주점),https://www.yeoshin.co.kr/hospitals/103808?from=events&tabmenu=EVENTS,success
https://www.yeoshin.co.kr/event/mobile/26140,유앤아이의원(과천점),https://www.yeoshin.co.kr/hospitals/103997?from=events&tabmenu=EVENTS,success
https://www.yeoshin.co.kr/event/mobile/16968,셀린피부과의원,https://www.yeoshin.co.kr/hospitals/1219?from=events&tabmenu=EVENTS,success
https://www.yeoshin.co.kr/event/mobile/17738,디온의원(홍대점),https://www.yeoshin.co.kr/hospitals/5087?from=events&tabmenu=EVENTS,success
https://www.yeoshin.co.kr/event/mobile/16522,용인미하나의원,https://www.yeoshin.co.kr/hospitals/4848?from=events&tabmenu=EVENTS,success
https://www.yeoshin.co.kr/event/mobile/16102,동안중심의원,https://www.yeoshin.co.kr/hospitals/4986?from=events&tabmenu=EVENTS,success
https://www.yeoshin.co.kr/event/mobile/24992,휴먼피부과의원(광명철산점),https://www.yeoshin.co.kr/hospitals/72180?from=events&tabmenu=EVENTS,success
https://www.yeoshin.co.kr/event/mobile/16274,더올린의원(수원점),https://www.yeoshin.co.kr/hospitals/4992?from=events&tabmenu=EVENTS,success
https://www.yeoshin.co.kr/event/mobile/25952,미소담한의원(수영점),https://www.yeoshin.co.kr/hospitals/103951?from=events&tabmenu=EVENTS,success
https://www.yeoshin.co.kr/event/mobile/26562,유넬의원,https://www.yeoshin.co.kr/hospitals/103960?from=events&tabmenu=EVENTS,success
https://www.yeoshin.co.kr/event/mobile/26644,제이필의원(홍대점),https://www.yeoshin.co.kr/hospitals/104043?from=events&tabmenu=EVENTS,success
https://www.yeoshin.co.kr/event/mobile/23337,제이필의원(강남점),https://www.yeoshin.co.kr/hospitals/356?from=events&tabmenu=EVENTS,success
https://www.yeoshin.co.kr/event/mobile/2115,제이필의원(강남점),https://www.yeoshin.co.kr/hospitals/356?from=events&tabmenu=EVENTS,success
https://www.yeoshin.co.kr/event/mobile/26693,제이필의원(홍대점),https://www.yeoshin.co.kr/hospitals/104043?from=events&tabmenu=EVENTS,success
https://www.yeoshin.co.kr/event/mobile/11135,제이필의원(강남점),https://www.yeoshin.co.kr/hospitals/356?from=events&tabmenu=EVENTS,success
https://www.yeoshin.co.kr/event/mobile/27605,비티큐의원,https://www.yeoshin.co.kr/hospitals/103999?from=events&tabmenu=EVENTS,success
https://www.yeoshin.co.kr/event/mobile/12473,제이필의원(강남점),https://www.yeoshin.co.kr/hospitals/356?from=events&tabmenu=EVENTS,success
https://www.yeoshin.co.kr/event/mobile/27342,유앤아이의원(창동점),https://www.yeoshin.co.kr/hospitals/104077?from=events&tabmenu=EVENTS,success
https://www.yeoshin.co.kr/event/mobile/3588,제이필의원(강남점),https://www.yeoshin.co.kr/hospitals/356?from=events&tabmenu=EVENTS,success
https://www.yeoshin.co.kr/event/mobile/10683,제이필의원(강남점),https://www.yeoshin.co.kr/hospitals/356?from=events&tabmenu=EVENTS,success
https://www.yeoshin.co.kr/event/mobile/23719,쉬즈한의원(강남점),https://www.yeoshin.co.kr/hospitals/3594?from=events&tabmenu=EVENTS,success
https://www.yeoshin.co.kr/event/mobile/18463,페이브피부과의원(용산),https://www.yeoshin.co.kr/hospitals/4826?from=events&tabmenu=EVENTS,success
https://www.yeoshin.co.kr/event/mobile/20862,닥터뉴셀의원,https://www.yeoshin.co.kr/hospitals/5148?from=events&tabmenu=EVENTS,success
https://www.yeoshin.co.kr/event/mobile/26682,제이필의원(홍대점),https://www.yeoshin.co.kr/hospitals/104043?from=events&tabmenu=EVENTS,success
https://www.yeoshin.co.kr/event/mobile/21233,가산시그니처정형외과의원,https://www.yeoshin.co.kr/hospitals/5291?from=events&tabmenu=EVENTS,success
https://www.yeoshin.co.kr/event/mobile/19277,닥터뉴셀의원,https://www.yeoshin.co.kr/hospitals/5148?from=events&tabmenu=EVENTS,success
https://www.yeoshin.co.kr/event/mobile/3984,제이필의원(강남점),https://www.yeoshin.co.kr/hospitals/356?from=events&tabmenu=EVENTS,success
https://www.yeoshin.co.kr/event/mobile/19723,뷰티앤디지털치과병원,https://www.yeoshin.co.kr/hospitals/5125?from=events&tabmenu=EVENTS,success
https://www.yeoshin.co.kr/event/mobile/27696,리메이크강남의원,https://www.yeoshin.co.kr/hospitals/103848?from=events&tabmenu=EVENTS,success
https://www.yeoshin.co.kr/event/mobile/11521,VS라인의원(압구정점),https://www.yeoshin.co.kr/hospitals/4497?from=events&tabmenu=EVENTS,success
https://www.yeoshin.co.kr/event/mobile/22857,닥터쁘띠의원(대전점),https://www.yeoshin.co.kr/hospitals/5241?from=events&tabmenu=EVENTS,success
https://www.yeoshin.co.kr/event/mobile/9781,제이필의원(강남점),https://www.yeoshin.co.kr/hospitals/356?from=events&tabmenu=EVENTS,success
https://www.yeoshin.co.kr/event/mobile/2703,제이필의원(강남점),https://www.yeoshin.co.kr/hospitals/356?from=events&tabmenu=EVENTS,success
https://www.yeoshin.co.kr/event/mobile/24564,제이필의원(강남점),https://www.yeoshin.co.kr/hospitals/356?from=events&tabmenu=EVENTS,success
https://www.yeoshin.co.kr/event/mobile/2372,제이필의원(강남점),https://www.yeoshin.co.kr/hospitals/356?from=events&tabmenu=EVENTS,success
https://www.yeoshin.co.kr/event/mobile/21230,가산시그니처정형외과의원,https://www.yeoshin.co.kr/hospitals/5291?from=events&tabmenu=EVENTS,success
https://www.yeoshin.co.kr/event/mobile/2268,제이필의원(강남점),https://www.yeoshin.co.kr/hospitals/356?from=events&tabmenu=EVENTS,success
https://www.yeoshin.co.kr/event/mobile/15772,페이브피부과의원(용산),https://www.yeoshin.co.kr/hospitals/4826?from=events&tabmenu=EVENTS,success
https://www.yeoshin.co.kr/event/mobile/27340,유앤아이의원(창동점),https://www.yeoshin.co.kr/hospitals/104077?from=events&tabmenu=EVENTS,success
https://www.yeoshin.co.kr/event/mobile/27134,한나이브성형외과의원,https://www.yeoshin.co.kr/hospitals/34?from=events&tabmenu=EVENTS,success
https://www.yeoshin.co.kr/event/mobile/26383,닥터쁘띠의원(인천구월점),https://www.yeoshin.co.kr/hospitals/5346?from=events&tabmenu=EVENTS,success
https://www.yeoshin.co.kr/event/mobile/26657,제이필의원(홍대점),https://www.yeoshin.co.kr/hospitals/104043?from=events&tabmenu=EVENTS,success
https://www.yeoshin.co.kr/event/mobile/2791,제이필의원(강남점),https://www.yeoshin.co.kr/hospitals/356?from=events&tabmenu=EVENTS,success
https://www.yeoshin.co.kr/event/mobile/23632,빛담은한의원,https://www.yeoshin.co.kr/hospitals/5457?from=events&tabmenu=EVENTS,success
https://www.yeoshin.co.kr/event/mobile/26660,제이필의원(홍대점),https://www.yeoshin.co.kr/hospitals/104043?from=events&tabmenu=EVENTS,success
https://www.yeoshin.co.kr/event/mobile/902,제이필의원(강남점),https://www.yeoshin.co.kr/hospitals/356?from=events&tabmenu=EVENTS,success
https://www.yeoshin.co.kr/event/mobile/23341,송도비앤미의원,https://www.yeoshin.co.kr/hospitals/4668?from=events&tabmenu=EVENTS,success
https://www.yeoshin.co.kr/event/mobile/25632,한나이브성형외과의원,https://www.yeoshin.co.kr/hospitals/34?from=events&tabmenu=EVENTS,success
https://www.yeoshin.co.kr/event/mobile/1704,제이필의원(강남점),https://www.yeoshin.co.kr/hospitals/356?from=events&tabmenu=EVENTS,success
https://www.yeoshin.co.kr/event/mobile/23794,페이브피부과의원(용산),https://www.yeoshin.co.kr/hospitals/4826?from=events&tabmenu=EVENTS,success
https://www.yeoshin.co.kr/event/mobile/23423,닥터뉴셀의원,https://www.yeoshin.co.kr/hospitals/5148?from=events&tabmenu=EVENTS,success
https://www.yeoshin.co.kr/event/mobile/21008,청담엔샤인의원,https://www.yeoshin.co.kr/hospitals/5280?from=events&tabmenu=EVENTS,success
https://www.yeoshin.co.kr/event/mobile/6105,제이필의원(강남점),https://www.yeoshin.co.kr/hospitals/356?from=events&tabmenu=EVENTS,success
https://www.yeoshin.co.kr/event/mobile/26640,제이필의원(홍대점),https://www.yeoshin.co.kr/hospitals/104043?from=events&tabmenu=EVENTS,success
https://www.yeoshin.co.kr/event/mobile/718,제이필의원(강남점),https://www.yeoshin.co.kr/hospitals/356?from=events&tabmenu=EVENTS,success
https://www.yeoshin.co.kr/event/mobile/26646,제이필의원(홍대점),https://www.yeoshin.co.kr/hospitals/104043?from=events&tabmenu=EVENTS,success
https://www.yeoshin.co.kr/event/mobile/13742,제이필의원(강남점),https://www.yeoshin.co.kr/hospitals/356?from=events&tabmenu=EVENTS,success
https://www.yeoshin.co.kr/event/mobile/26653,제이필의원(홍대점),https://www.yeoshin.co.kr/hospitals/104043?from=events&tabmenu=EVENTS,success
https://www.yeoshin.co.kr/event/mobile/25352,송도비앤미의원,https://www.yeoshin.co.kr/hospitals/4668?from=events&tabmenu=EVENTS,success
https://www.yeoshin.co.kr/event/mobile/20731,제너리스의원(연신내점),https://www.yeoshin.co.kr/hospitals/5011?from=events&tabmenu=EVENTS,success
https://www.yeoshin.co.kr/event/mobile/17389,블리비의원(명동점),https://www.yeoshin.co.kr/hospitals/5076?from=events&tabmenu=EVENTS,success
https://www.yeoshin.co.kr/event/mobile/27716,유온느의원,https://www.yeoshin.co.kr/hospitals/103855?from=events&tabmenu=EVENTS,success
https://www.yeoshin.co.kr/event/mobile/27582,리베리의원(마포점),https://www.yeoshin.co.kr/hospitals/104102?from=events&tabmenu=EVENTS,success
https://www.yeoshin.co.kr/event/mobile/27522,아이맘한의원,https://www.yeoshin.co.kr/hospitals/421?from=events&tabmenu=EVENTS,success
https://www.yeoshin.co.kr/event/mobile/27487,서울상아치과의원,https://www.yeoshin.co.kr/hospitals/104084?from=events&tabmenu=EVENTS,success
https://www.yeoshin.co.kr/event/mobile/27485,쉬즈한의원(강남점),https://www.yeoshin.co.kr/hospitals/3594?from=events&tabmenu=EVENTS,success
https://www.yeoshin.co.kr/event/mobile/27436,청담엔샤인의원,https://www.yeoshin.co.kr/hospitals/5280?from=events&tabmenu=EVENTS,success
https://www.yeoshin.co.kr/event/mobile/26195,유온느의원,https://www.yeoshin.co.kr/hospitals/103855?from=events&tabmenu=EVENTS,success
https://www.yeoshin.co.kr/event/mobile/23614,VS라인의원(인천구월점),https://www.yeoshin.co.kr/hospitals/4862?from=events&tabmenu=EVENTS,success
https://www.yeoshin.co.kr/event/mobile/17398,블리비의원(명동점),https://www.yeoshin.co.kr/hospitals/5076?from=events&tabmenu=EVENTS,success
https://www.yeoshin.co.kr/event/mobile/17302,블리비의원(발산점),https://www.yeoshin.co.kr/hospitals/5072?from=events&tabmenu=EVENTS,success
https://www.yeoshin.co.kr/event/mobile/12346,VS라인의원(인천구월점),https://www.yeoshin.co.kr/hospitals/4862?from=events&tabmenu=EVENTS,success
https://www.yeoshin.co.kr/event/mobile/20940,송도비앤미의원,https://www.yeoshin.co.kr/hospitals/4668?from=events&tabmenu=EVENTS,success
https://www.yeoshin.co.kr/event/mobile/23703,가산시그니처정형외과의원,https://www.yeoshin.co.kr/hospitals/5291?from=events&tabmenu=EVENTS,success
https://www.yeoshin.co.kr/event/mobile/26384,닥터쁘띠의원(인천구월점),https://www.yeoshin.co.kr/hospitals/5346?from=events&tabmenu=EVENTS,success
https://www.yeoshin.co.kr/event/mobile/13219,제이필의원(강남점),https://www.yeoshin.co.kr/hospitals/356?from=events&tabmenu=EVENTS,success
https://www.yeoshin.co.kr/event/mobile/21232,가산시그니처정형외과의원,https://www.yeoshin.co.kr/hospitals/5291?from=events&tabmenu=EVENTS,success
https://www.yeoshin.co.kr/event/mobile/20576,참진한의원,https://www.yeoshin.co.kr/hospitals/4940?from=events&tabmenu=EVENTS,success
https://www.yeoshin.co.kr/event/mobile/11047,제이필의원(강남점),https://www.yeoshin.co.kr/hospitals/356?from=events&tabmenu=EVENTS,success
https://www.yeoshin.co.kr/event/mobile/23620,빛담은한의원,https://www.yeoshin.co.kr/hospitals/5457?from=events&tabmenu=EVENTS,success
https://www.yeoshin.co.kr/event/mobile/21275,딜라이트피부과의원,https://www.yeoshin.co.kr/hospitals/5296?from=events&tabmenu=EVENTS,success
https://www.yeoshin.co.kr/event/mobile/8121,제이필의원(강남점),https://www.yeoshin.co.kr/hospitals/356?from=events&tabmenu=EVENTS,success
https://www.yeoshin.co.kr/event/mobile/650,제이필의원(강남점),https://www.yeoshin.co.kr/hospitals/356?from=events&tabmenu=EVENTS,success
https://www.yeoshin.co.kr/event/mobile/1099,제이필의원(강남점),https://www.yeoshin.co.kr/hospitals/356?from=events&tabmenu=EVENTS,success
https://www.yeoshin.co.kr/event/mobile/27020,유앤아이의원(일산점),https://www.yeoshin.co.kr/hospitals/4767?from=events&tabmenu=EVENTS,success
https://www.yeoshin.co.kr/event/mobile/19204,제이필의원(강남점),https://www.yeoshin.co.kr/hospitals/356?from=events&tabmenu=EVENTS,success
https://www.yeoshin.co.kr/event/mobile/5981,제이필의원(강남점),https://www.yeoshin.co.kr/hospitals/356?from=events&tabmenu=EVENTS,success
https://www.yeoshin.co.kr/event/mobile/26645,제이필의원(홍대점),https://www.yeoshin.co.kr/hospitals/104043?from=events&tabmenu=EVENTS,success
https://www.yeoshin.co.kr/event/mobile/8081,제이필의원(강남점),https://www.yeoshin.co.kr/hospitals/356?from=events&tabmenu=EVENTS,success
https://www.yeoshin.co.kr/event/mobile/23650,빛담은한의원,https://www.yeoshin.co.kr/hospitals/5457?from=events&tabmenu=EVENTS,success
https://www.yeoshin.co.kr/event/mobile/5604,제이필의원(강남점),https://www.yeoshin.co.kr/hospitals/356?from=events&tabmenu=EVENTS,success
https://www.yeoshin.co.kr/event/mobile/26247,루셀의원,https://www.yeoshin.co.kr/hospitals/5421?from=events&tabmenu=EVENTS,success
https://www.yeoshin.co.kr/event/mobile/21353,뷰티앤디지털치과병원,https://www.yeoshin.co.kr/hospitals/5125?from=events&tabmenu=EVENTS,success
https://www.yeoshin.co.kr/event/mobile/24443,휴먼피부과의원(평택점),https://www.yeoshin.co.kr/hospitals/2591?from=events&tabmenu=EVENTS,success
https://www.yeoshin.co.kr/event/mobile/26714,제이필의원(홍대점),https://www.yeoshin.co.kr/hospitals/104043?from=events&tabmenu=EVENTS,success
https://www.yeoshin.co.kr/event/mobile/9054,제이필의원(강남점),https://www.yeoshin.co.kr/hospitals/356?from=events&tabmenu=EVENTS,success
https://www.yeoshin.co.kr/event/mobile/27606,비티큐의원,https://www.yeoshin.co.kr/hospitals/103999?from=events&tabmenu=EVENTS,success
https://www.yeoshin.co.kr/event/mobile/25796,하늘안과(부산점),https://www.yeoshin.co.kr/hospitals/103932?from=events&tabmenu=EVENTS,success
https://www.yeoshin.co.kr/event/mobile/2781,제이필의원(강남점),https://www.yeoshin.co.kr/hospitals/356?from=events&tabmenu=EVENTS,success
https://www.yeoshin.co.kr/event/mobile/4905,제이필의원(강남점),https://www.yeoshin.co.kr/hospitals/356?from=events&tabmenu=EVENTS,success
https://www.yeoshin.co.kr/event/mobile/26662,제이필의원(홍대점),https://www.yeoshin.co.kr/hospitals/104043?from=events&tabmenu=EVENTS,success
https://www.yeoshin.co.kr/event/mobile/22650,신아웰니스의원,https://www.yeoshin.co.kr/hospitals/5272?from=events&tabmenu=EVENTS,success
https://www.yeoshin.co.kr/event/mobile/17956,페이브피부과의원(용산),https://www.yeoshin.co.kr/hospitals/4826?from=events&tabmenu=EVENTS,success
https://www.yeoshin.co.kr/event/mobile/23496,제너리스의원(연신내점),https://www.yeoshin.co.kr/hospitals/5011?from=events&tabmenu=EVENTS,success
https://www.yeoshin.co.kr/event/mobile/17505,제이필의원(강남점),https://www.yeoshin.co.kr/hospitals/356?from=events&tabmenu=EVENTS,success
https://www.yeoshin.co.kr/event/mobile/10435,제이필의원(강남점),https://www.yeoshin.co.kr/hospitals/356?from=events&tabmenu=EVENTS,success
https://www.yeoshin.co.kr/event/mobile/26670,제이필의원(홍대점),https://www.yeoshin.co.kr/hospitals/104043?from=events&tabmenu=EVENTS,success
https://www.yeoshin.co.kr/event/mobile/23472,뷰티블라썸의원,https://www.yeoshin.co.kr/hospitals/5408?from=events&tabmenu=EVENTS,success
https://www.yeoshin.co.kr/event/mobile/16537,제이필의원(강남점),https://www.yeoshin.co.kr/hospitals/356?from=events&tabmenu=EVENTS,success
https://www.yeoshin.co.kr/event/mobile/27003,에디션성형외과,https://www.yeoshin.co.kr/hospitals/5002?from=events&tabmenu=EVENTS,success
https://www.yeoshin.co.kr/event/mobile/26963,에디션성형외과,https://www.yeoshin.co.kr/hospitals/5002?from=events&tabmenu=EVENTS,success
https://www.yeoshin.co.kr/event/mobile/22168,딜라이트피부과의원,https://www.yeoshin.co.kr/hospitals/5296?from=events&tabmenu=EVENTS,success
https://www.yeoshin.co.kr/event/mobile/26712,제이필의원(홍대점),https://www.yeoshin.co.kr/hospitals/104043?from=events&tabmenu=EVENTS,success
https://www.yeoshin.co.kr/event/mobile/4731,제이필의원(강남점),https://www.yeoshin.co.kr/hospitals/356?from=events&tabmenu=EVENTS,success
https://www.yeoshin.co.kr/event/mobile/21109,제너리스의원(연신내점),https://www.yeoshin.co.kr/hospitals/5011?from=events&tabmenu=EVENTS,success
https://www.yeoshin.co.kr/event/mobile/25182,제이필의원(강남점),https://www.yeoshin.co.kr/hospitals/356?from=events&tabmenu=EVENTS,success
https://www.yeoshin.co.kr/event/mobile/26715,제이필의원(홍대점),https://www.yeoshin.co.kr/hospitals/104043?from=events&tabmenu=EVENTS,success
https://www.yeoshin.co.kr/event/mobile/27403,제이필의원(강남점),https://www.yeoshin.co.kr/hospitals/356?from=events&tabmenu=EVENTS,success
https://www.yeoshin.co.kr/event/mobile/26695,제이필의원(홍대점),https://www.yeoshin.co.kr/hospitals/104043?from=events&tabmenu=EVENTS,success
https://www.yeoshin.co.kr/event/mobile/24444,휴먼피부과의원(평택점),https://www.yeoshin.co.kr/hospitals/2591?from=events&tabmenu=EVENTS,success
https://www.yeoshin.co.kr/event/mobile/24571,하늘체한의원(분당점),https://www.yeoshin.co.kr/hospitals/5221?from=events&tabmenu=EVENTS,success
https://www.yeoshin.co.kr/event/mobile/24299,청담란셀의원,https://www.yeoshin.co.kr/hospitals/5310?from=events&tabmenu=EVENTS,success
https://www.yeoshin.co.kr/event/mobile/15763,페이브피부과의원(용산),https://www.yeoshin.co.kr/hospitals/4826?from=events&tabmenu=EVENTS,success
https://www.yeoshin.co.kr/event/mobile/16728,제이필의원(강남점),https://www.yeoshin.co.kr/hospitals/356?from=events&tabmenu=EVENTS,success
https://www.yeoshin.co.kr/event/mobile/26862,비즈밸리여성의원,https://www.yeoshin.co.kr/hospitals/104047?from=events&tabmenu=EVENTS,success
https://www.yeoshin.co.kr/event/mobile/12171,제이필의원(강남점),https://www.yeoshin.co.kr/hospitals/356?from=events&tabmenu=EVENTS,success
https://www.yeoshin.co.kr/event/mobile/27697,서울탑초이스의원,https://www.yeoshin.co.kr/hospitals/104062?from=events&tabmenu=EVENTS,success
https://www.yeoshin.co.kr/event/mobile/25391,마이셀의원,https://www.yeoshin.co.kr/hospitals/103820?from=events&tabmenu=EVENTS,success
https://www.yeoshin.co.kr/event/mobile/7234,제이필의원(강남점),https://www.yeoshin.co.kr/hospitals/356?from=events&tabmenu=EVENTS,success
https://www.yeoshin.co.kr/event/mobile/24570,하늘체한의원(분당점),https://www.yeoshin.co.kr/hospitals/5221?from=events&tabmenu=EVENTS,success
https://www.yeoshin.co.kr/event/mobile/21272,딜라이트피부과의원,https://www.yeoshin.co.kr/hospitals/5296?from=events&tabmenu=EVENTS,success
https://www.yeoshin.co.kr/event/mobile/26686,제이필의원(홍대점),https://www.yeoshin.co.kr/hospitals/104043?from=events&tabmenu=EVENTS,success
https://www.yeoshin.co.kr/event/mobile/26691,제이필의원(홍대점),https://www.yeoshin.co.kr/hospitals/104043?from=events&tabmenu=EVENTS,success
https://www.yeoshin.co.kr/event/mobile/9537,페이브피부과의원(용산),https://www.yeoshin.co.kr/hospitals/4826?from=events&tabmenu=EVENTS,success
https://www.yeoshin.co.kr/event/mobile/25392,마이셀의원,https://www.yeoshin.co.kr/hospitals/103820?from=events&tabmenu=EVENTS,success
https://www.yeoshin.co.kr/event/mobile/24791,다온재한의원,https://www.yeoshin.co.kr/hospitals/5394?from=events&tabmenu=EVENTS,success
https://www.yeoshin.co.kr/event/mobile/26641,제이필의원(홍대점),https://www.yeoshin.co.kr/hospitals/104043?from=events&tabmenu=EVENTS,success
https://www.yeoshin.co.kr/event/mobile/20303,가로세로한의원(강남점),https://www.yeoshin.co.kr/hospitals/5206?from=events&tabmenu=EVENTS,success
https://www.yeoshin.co.kr/event/mobile/3513,다이아의원,https://www.yeoshin.co.kr/hospitals/4892?from=events&tabmenu=EVENTS,success
https://www.yeoshin.co.kr/event/mobile/25669,지우의원,https://www.yeoshin.co.kr/hospitals/3766?from=events&tabmenu=EVENTS,success
https://www.yeoshin.co.kr/event/mobile/8,뉴엘라인의원,https://www.yeoshin.co.kr/hospitals/4917?from=events&tabmenu=EVENTS,success
https://www.yeoshin.co.kr/event/mobile/26639,제이필의원(홍대점),https://www.yeoshin.co.kr/hospitals/104043?from=events&tabmenu=EVENTS,success
https://www.yeoshin.co.kr/event/mobile/26687,제이필의원(홍대점),https://www.yeoshin.co.kr/hospitals/104043?from=events&tabmenu=EVENTS,success
https://www.yeoshin.co.kr/event/mobile/26694,제이필의원(홍대점),https://www.yeoshin.co.kr/hospitals/104043?from=events&tabmenu=EVENTS,success
https://www.yeoshin.co.kr/event/mobile/26718,제이필의원(홍대점),https://www.yeoshin.co.kr/hospitals/104043?from=events&tabmenu=EVENTS,success
https://www.yeoshin.co.kr/event/mobile/26676,제이필의원(홍대점),https://www.yeoshin.co.kr/hospitals/104043?from=events&tabmenu=EVENTS,success
https://www.yeoshin.co.kr/event/mobile/20042,지우의원,https://www.yeoshin.co.kr/hospitals/3766?from=events&tabmenu=EVENTS,success
https://www.yeoshin.co.kr/event/mobile/26808,포레나의원,https://www.yeoshin.co.kr/hospitals/5081?from=events&tabmenu=EVENTS,success
https://www.yeoshin.co.kr/event/mobile/1197,다이아의원,https://www.yeoshin.co.kr/hospitals/4892?from=events&tabmenu=EVENTS,success
https://www.yeoshin.co.kr/event/mobile/25723,순플러스성형외과의원,https://www.yeoshin.co.kr/hospitals/103847?from=events&tabmenu=EVENTS,success
https://www.yeoshin.co.kr/event/mobile/24068,포레웰의원,https://www.yeoshin.co.kr/hospitals/103791?from=events&tabmenu=EVENTS,success
https://www.yeoshin.co.kr/event/mobile/27044,샤인빔의원(송도점),https://www.yeoshin.co.kr/hospitals/104060?from=events&tabmenu=EVENTS,success
https://www.yeoshin.co.kr/event/mobile/24960,순플러스성형외과의원,https://www.yeoshin.co.kr/hospitals/103847?from=events&tabmenu=EVENTS,success
https://www.yeoshin.co.kr/event/mobile/26684,제이필의원(홍대점),https://www.yeoshin.co.kr/hospitals/104043?from=events&tabmenu=EVENTS,success
https://www.yeoshin.co.kr/event/mobile/26650,제이필의원(홍대점),https://www.yeoshin.co.kr/hospitals/104043?from=events&tabmenu=EVENTS,success
https://www.yeoshin.co.kr/event/mobile/13136,페이브피부과의원(용산),https://www.yeoshin.co.kr/hospitals/4826?from=events&tabmenu=EVENTS,success
https://www.yeoshin.co.kr/event/mobile/26460,이대역경희한의원,https://www.yeoshin.co.kr/hospitals/103845?from=events&tabmenu=EVENTS,success
https://www.yeoshin.co.kr/event/mobile/8117,다이아의원,https://www.yeoshin.co.kr/hospitals/4892?from=events&tabmenu=EVENTS,success
https://www.yeoshin.co.kr/event/mobile/26642,제이필의원(홍대점),https://www.yeoshin.co.kr/hospitals/104043?from=events&tabmenu=EVENTS,success
https://www.yeoshin.co.kr/event/mobile/27087,순플러스성형외과의원,https://www.yeoshin.co.kr/hospitals/103847?from=events&tabmenu=EVENTS,success
https://www.yeoshin.co.kr/event/mobile/27397,웰니스365의원(강서),https://www.yeoshin.co.kr/hospitals/103936?from=events&tabmenu=EVENTS,success
https://www.yeoshin.co.kr/event/mobile/27391,웰니스365의원(강서),https://www.yeoshin.co.kr/hospitals/103936?from=events&tabmenu=EVENTS,success
https://www.yeoshin.co.kr/event/mobile/26567,웰니스365의원(강서),https://www.yeoshin.co.kr/hospitals/103936?from=events&tabmenu=EVENTS,success
https://www.yeoshin.co.kr/event/mobile/23588,닥터스팟여성의원,https://www.yeoshin.co.kr/hospitals/5461?from=events&tabmenu=EVENTS,success
https://www.yeoshin.co.kr/event/mobile/26655,제이필의원(홍대점),https://www.yeoshin.co.kr/hospitals/104043?from=events&tabmenu=EVENTS,success
https://www.yeoshin.co.kr/event/mobile/15898,이림한의원,https://www.yeoshin.co.kr/hospitals/4994?from=events&tabmenu=EVENTS,success
https://www.yeoshin.co.kr/event/mobile/26685,제이필의원(홍대점),https://www.yeoshin.co.kr/hospitals/104043?from=events&tabmenu=EVENTS,success
https://www.yeoshin.co.kr/event/mobile/26681,제이필의원(홍대점),https://www.yeoshin.co.kr/hospitals/104043?from=events&tabmenu=EVENTS,success
https://www.yeoshin.co.kr/event/mobile/26638,제이필의원(홍대점),https://www.yeoshin.co.kr/hospitals/104043?from=events&tabmenu=EVENTS,success
https://www.yeoshin.co.kr/event/mobile/7467,수지의원,https://www.yeoshin.co.kr/hospitals/4495?from=events&tabmenu=EVENTS,success
https://www.yeoshin.co.kr/event/mobile/10098,제이필의원(강남점),https://www.yeoshin.co.kr/hospitals/356?from=events&tabmenu=EVENTS,success
https://www.yeoshin.co.kr/event/mobile/26701,제이필의원(홍대점),https://www.yeoshin.co.kr/hospitals/104043?from=events&tabmenu=EVENTS,success
https://www.yeoshin.co.kr/event/mobile/26700,제이필의원(홍대점),https://www.yeoshin.co.kr/hospitals/104043?from=events&tabmenu=EVENTS,success
https://www.yeoshin.co.kr/event/mobile/26652,제이필의원(홍대점),https://www.yeoshin.co.kr/hospitals/104043?from=events&tabmenu=EVENTS,success
https://www.yeoshin.co.kr/event/mobile/26669,제이필의원(홍대점),https://www.yeoshin.co.kr/hospitals/104043?from=events&tabmenu=EVENTS,success
https://www.yeoshin.co.kr/event/mobile/26648,제이필의원(홍대점),https://www.yeoshin.co.kr/hospitals/104043?from=events&tabmenu=EVENTS,success
https://www.yeoshin.co.kr/event/mobile/26219,순플러스성형외과의원,https://www.yeoshin.co.kr/hospitals/103847?from=events&tabmenu=EVENTS,success
https://www.yeoshin.co.kr/event/mobile/24963,유앤아이의원(대전점),https://www.yeoshin.co.kr/hospitals/5048?from=events&tabmenu=EVENTS,success
https://www.yeoshin.co.kr/event/mobile/26647,제이필의원(홍대점),https://www.yeoshin.co.kr/hospitals/104043?from=events&tabmenu=EVENTS,success
https://www.yeoshin.co.kr/event/mobile/26637,제이필의원(홍대점),https://www.yeoshin.co.kr/hospitals/104043?from=events&tabmenu=EVENTS,success
https://www.yeoshin.co.kr/event/mobile/26658,제이필의원(홍대점),https://www.yeoshin.co.kr/hospitals/104043?from=events&tabmenu=EVENTS,success
https://www.yeoshin.co.kr/event/mobile/26713,제이필의원(홍대점),https://www.yeoshin.co.kr/hospitals/104043?from=events&tabmenu=EVENTS,success
https://www.yeoshin.co.kr/event/mobile/6503,다이아의원,https://www.yeoshin.co.kr/hospitals/4892?from=events&tabmenu=EVENTS,success
https://www.yeoshin.co.kr/event/mobile/2134,지우의원,https://www.yeoshin.co.kr/hospitals/3766?from=events&tabmenu=EVENTS,success
https://www.yeoshin.co.kr/event/mobile/27444,샤인유의원(수원점),https://www.yeoshin.co.kr/hospitals/271?from=events&tabmenu=EVENTS,success
https://www.yeoshin.co.kr/event/mobile/26703,제이필의원(홍대점),https://www.yeoshin.co.kr/hospitals/104043?from=events&tabmenu=EVENTS,success
https://www.yeoshin.co.kr/event/mobile/26675,제이필의원(홍대점),https://www.yeoshin.co.kr/hospitals/104043?from=events&tabmenu=EVENTS,success
https://www.yeoshin.co.kr/event/mobile/26218,순플러스성형외과의원,https://www.yeoshin.co.kr/hospitals/103847?from=events&tabmenu=EVENTS,success
https://www.yeoshin.co.kr/event/mobile/27608,수지의원,https://www.yeoshin.co.kr/hospitals/4495?from=events&tabmenu=EVENTS,success
https://www.yeoshin.co.kr/event/mobile/26719,제이필의원(홍대점),https://www.yeoshin.co.kr/hospitals/104043?from=events&tabmenu=EVENTS,success
https://www.yeoshin.co.kr/event/mobile/26945,순플러스성형외과의원,https://www.yeoshin.co.kr/hospitals/103847?from=events&tabmenu=EVENTS,success
https://www.yeoshin.co.kr/event/mobile/23912,참다인한의원,https://www.yeoshin.co.kr/hospitals/5033?from=events&tabmenu=EVENTS,success
https://www.yeoshin.co.kr/event/mobile/26649,제이필의원(홍대점),https://www.yeoshin.co.kr/hospitals/104043?from=events&tabmenu=EVENTS,success
https://www.yeoshin.co.kr/event/mobile/26445,포레나의원,https://www.yeoshin.co.kr/hospitals/5081?from=events&tabmenu=EVENTS,success
https://www.yeoshin.co.kr/event/mobile/26706,제이필의원(홍대점),https://www.yeoshin.co.kr/hospitals/104043?from=events&tabmenu=EVENTS,success
https://www.yeoshin.co.kr/event/mobile/26514,당산센트럴내과의원,https://www.yeoshin.co.kr/hospitals/104010?from=events&tabmenu=EVENTS,success
https://www.yeoshin.co.kr/event/mobile/26663,제이필의원(홍대점),https://www.yeoshin.co.kr/hospitals/104043?from=events&tabmenu=EVENTS,success
https://www.yeoshin.co.kr/event/mobile/25276,미미한의원,https://www.yeoshin.co.kr/hospitals/4652?from=events&tabmenu=EVENTS,success
https://www.yeoshin.co.kr/event/mobile/26708,제이필의원(홍대점),https://www.yeoshin.co.kr/hospitals/104043?from=events&tabmenu=EVENTS,success
https://www.yeoshin.co.kr/event/mobile/26672,제이필의원(홍대점),https://www.yeoshin.co.kr/hospitals/104043?from=events&tabmenu=EVENTS,success
https://www.yeoshin.co.kr/event/mobile/26688,제이필의원(홍대점),https://www.yeoshin.co.kr/hospitals/104043?from=events&tabmenu=EVENTS,success
https://www.yeoshin.co.kr/event/mobile/26629,순플러스성형외과의원,https://www.yeoshin.co.kr/hospitals/103847?from=events&tabmenu=EVENTS,success
https://www.yeoshin.co.kr/event/mobile/26716,제이필의원(홍대점),https://www.yeoshin.co.kr/hospitals/104043?from=events&tabmenu=EVENTS,success
https://www.yeoshin.co.kr/event/mobile/26659,제이필의원(홍대점),https://www.yeoshin.co.kr/hospitals/104043?from=events&tabmenu=EVENTS,success
https://www.yeoshin.co.kr/event/mobile/26651,제이필의원(홍대점),https://www.yeoshin.co.kr/hospitals/104043?from=events&tabmenu=EVENTS,success
https://www.yeoshin.co.kr/event/mobile/27548,잠실온피부과의원,https://www.yeoshin.co.kr/hospitals/104046?from=events&tabmenu=EVENTS,success
https://www.yeoshin.co.kr/event/mobile/26665,제이필의원(홍대점),https://www.yeoshin.co.kr/hospitals/104043?from=events&tabmenu=EVENTS,success
https://www.yeoshin.co.kr/event/mobile/18631,리엔장의원(목동점),https://www.yeoshin.co.kr/hospitals/228?from=events&tabmenu=EVENTS,success
https://www.yeoshin.co.kr/event/mobile/26250,셀린의원(삼성점),https://www.yeoshin.co.kr/hospitals/5258?from=events&tabmenu=EVENTS,success
https://www.yeoshin.co.kr/event/mobile/2752,연세라헨느의원,https://www.yeoshin.co.kr/hospitals/285?from=events&tabmenu=EVENTS,success
https://www.yeoshin.co.kr/event/mobile/17041,유니풀의원,https://www.yeoshin.co.kr/hospitals/5055?from=events&tabmenu=EVENTS,success
https://www.yeoshin.co.kr/event/mobile/14435,클라스웰의원,https://www.yeoshin.co.kr/hospitals/2773?from=events&tabmenu=EVENTS,success
https://www.yeoshin.co.kr/event/mobile/17261,닥터고운선의원,https://www.yeoshin.co.kr/hospitals/350?from=events&tabmenu=EVENTS,success
https://www.yeoshin.co.kr/event/mobile/3974,미케이의원,https://www.yeoshin.co.kr/hospitals/278?from=events&tabmenu=EVENTS,success
https://www.yeoshin.co.kr/event/mobile/20482,마노필의원,https://www.yeoshin.co.kr/hospitals/5227?from=events&tabmenu=EVENTS,success
https://www.yeoshin.co.kr/event/mobile/23010,연세이롬산부인과의원,https://www.yeoshin.co.kr/hospitals/5410?from=events&tabmenu=EVENTS,success
https://www.yeoshin.co.kr/event/mobile/20788,디에스타의원,https://www.yeoshin.co.kr/hospitals/3707?from=events&tabmenu=EVENTS,success
https://www.yeoshin.co.kr/event/mobile/18926,유니풀의원,https://www.yeoshin.co.kr/hospitals/5055?from=events&tabmenu=EVENTS,success
https://www.yeoshin.co.kr/event/mobile/20469,디에스타의원,https://www.yeoshin.co.kr/hospitals/3707?from=events&tabmenu=EVENTS,success
https://www.yeoshin.co.kr/event/mobile/25866,하늘마음한의원(창원점),https://www.yeoshin.co.kr/hospitals/103968?from=events&tabmenu=EVENTS,success
https://www.yeoshin.co.kr/event/mobile/17319,블리비의원(영등포점),https://www.yeoshin.co.kr/hospitals/5071?from=events&tabmenu=EVENTS,success
https://www.yeoshin.co.kr/event/mobile/27818,프레쉬테마의원,https://www.yeoshin.co.kr/hospitals/104096?from=events&tabmenu=EVENTS,success
https://www.yeoshin.co.kr/event/mobile/27563,라피스여성의원,https://www.yeoshin.co.kr/hospitals/104093?from=events&tabmenu=EVENTS,success
https://www.yeoshin.co.kr/event/mobile/26279,뮤즈의원(김해점),https://www.yeoshin.co.kr/hospitals/103975?from=events&tabmenu=EVENTS,success
https://www.yeoshin.co.kr/event/mobile/17327,블리비의원(영등포점),https://www.yeoshin.co.kr/hospitals/5071?from=events&tabmenu=EVENTS,success
https://www.yeoshin.co.kr/event/mobile/4842,엘병원,https://www.yeoshin.co.kr/hospitals/4508?from=events&tabmenu=EVENTS,success
https://www.yeoshin.co.kr/event/mobile/20483,마노필의원,https://www.yeoshin.co.kr/hospitals/5227?from=events&tabmenu=EVENTS,success
https://www.yeoshin.co.kr/event/mobile/4867,뷰티크의원(방배이수점),https://www.yeoshin.co.kr/hospitals/337?from=events&tabmenu=EVENTS,success
https://www.yeoshin.co.kr/event/mobile/17043,유니풀의원,https://www.yeoshin.co.kr/hospitals/5055?from=events&tabmenu=EVENTS,success
https://www.yeoshin.co.kr/event/mobile/20595,세린의원,https://www.yeoshin.co.kr/hospitals/5224?from=events&tabmenu=EVENTS,success
https://www.yeoshin.co.kr/event/mobile/23509,디에스타의원,https://www.yeoshin.co.kr/hospitals/3707?from=events&tabmenu=EVENTS,success
https://www.yeoshin.co.kr/event/mobile/26624,경희다나은한의원,https://www.yeoshin.co.kr/hospitals/104009?from=events&tabmenu=EVENTS,success
https://www.yeoshin.co.kr/event/mobile/10517,미케이의원,https://www.yeoshin.co.kr/hospitals/278?from=events&tabmenu=EVENTS,success
https://www.yeoshin.co.kr/event/mobile/26365,미본한의원,https://www.yeoshin.co.kr/hospitals/104007?from=events&tabmenu=EVENTS,success
https://www.yeoshin.co.kr/event/mobile/26627,경희다나은한의원,https://www.yeoshin.co.kr/hospitals/104009?from=events&tabmenu=EVENTS,success
https://www.yeoshin.co.kr/event/mobile/15426,르네상스의원(부산),https://www.yeoshin.co.kr/hospitals/4939?from=events&tabmenu=EVENTS,success
https://www.yeoshin.co.kr/event/mobile/26628,경희다나은한의원,https://www.yeoshin.co.kr/hospitals/104009?from=events&tabmenu=EVENTS,success
https://www.yeoshin.co.kr/event/mobile/20479,마노필의원,https://www.yeoshin.co.kr/hospitals/5227?from=events&tabmenu=EVENTS,success
https://www.yeoshin.co.kr/event/mobile/17992,클라스웰의원,https://www.yeoshin.co.kr/hospitals/2773?from=events&tabmenu=EVENTS,success
https://www.yeoshin.co.kr/event/mobile/20480,마노필의원,https://www.yeoshin.co.kr/hospitals/5227?from=events&tabmenu=EVENTS,success
https://www.yeoshin.co.kr/event/mobile/15273,미케이의원,https://www.yeoshin.co.kr/hospitals/278?from=events&tabmenu=EVENTS,success
https://www.yeoshin.co.kr/event/mobile/24115,블랑여성의원,https://www.yeoshin.co.kr/hospitals/79894?from=events&tabmenu=EVENTS,success
https://www.yeoshin.co.kr/event/mobile/20481,마노필의원,https://www.yeoshin.co.kr/hospitals/5227?from=events&tabmenu=EVENTS,success
https://www.yeoshin.co.kr/event/mobile/25883,엄마손한의원,https://www.yeoshin.co.kr/hospitals/103962?from=events&tabmenu=EVENTS,success
https://www.yeoshin.co.kr/event/mobile/19213,삼성필의원(시흥),https://www.yeoshin.co.kr/hospitals/2180?from=events&tabmenu=EVENTS,success
https://www.yeoshin.co.kr/event/mobile/20484,마노필의원,https://www.yeoshin.co.kr/hospitals/5227?from=events&tabmenu=EVENTS,success
https://www.yeoshin.co.kr/event/mobile/15427,르네상스의원(부산),https://www.yeoshin.co.kr/hospitals/4939?from=events&tabmenu=EVENTS,success
https://www.yeoshin.co.kr/event/mobile/20775,마노필의원,https://www.yeoshin.co.kr/hospitals/5227?from=events&tabmenu=EVENTS,success
https://www.yeoshin.co.kr/event/mobile/24169,블랑여성의원,https://www.yeoshin.co.kr/hospitals/79894?from=events&tabmenu=EVENTS,success
https://www.yeoshin.co.kr/event/mobile/15715,아이콘성형외과,https://www.yeoshin.co.kr/hospitals/30?from=events&tabmenu=EVENTS,success
https://www.yeoshin.co.kr/event/mobile/20478,마노필의원,https://www.yeoshin.co.kr/hospitals/5227?from=events&tabmenu=EVENTS,success
https://www.yeoshin.co.kr/event/mobile/19216,삼성필의원(시흥),https://www.yeoshin.co.kr/hospitals/2180?from=events&tabmenu=EVENTS,success
https://www.yeoshin.co.kr/event/mobile/25708,강녕한의원,https://www.yeoshin.co.kr/hospitals/103956?from=events&tabmenu=EVENTS,success
https://www.yeoshin.co.kr/event/mobile/16242,시온뷰티의원,https://www.yeoshin.co.kr/hospitals/4784?from=events&tabmenu=EVENTS,success
https://www.yeoshin.co.kr/event/mobile/676,유앤아이피부과의원(판교점),https://www.yeoshin.co.kr/hospitals/4802?from=events&tabmenu=EVENTS,success
https://www.yeoshin.co.kr/event/mobile/14427,티아라의원,https://www.yeoshin.co.kr/hospitals/4651?from=events&tabmenu=EVENTS,success
https://www.yeoshin.co.kr/event/mobile/17264,연세더나은의원,https://www.yeoshin.co.kr/hospitals/5063?from=events&tabmenu=EVENTS,success
https://www.yeoshin.co.kr/event/mobile/18035,삼성노블의원(고양점),https://www.yeoshin.co.kr/hospitals/5095?from=events&tabmenu=EVENTS,success
https://www.yeoshin.co.kr/event/mobile/27101,유앤아이의원(과천점),https://www.yeoshin.co.kr/hospitals/103997?from=events&tabmenu=EVENTS,success
https://www.yeoshin.co.kr/event/mobile/20561,뷰티젠의원(하남),https://www.yeoshin.co.kr/hospitals/5250?from=events&tabmenu=EVENTS,success
https://www.yeoshin.co.kr/event/mobile/5914,글래시피부과의원,https://www.yeoshin.co.kr/hospitals/4701?from=events&tabmenu=EVENTS,success
https://www.yeoshin.co.kr/event/mobile/5541,글래시피부과의원,https://www.yeoshin.co.kr/hospitals/4701?from=events&tabmenu=EVENTS,success
https://www.yeoshin.co.kr/event/mobile/15498,일라스의원,https://www.yeoshin.co.kr/hospitals/4933?from=events&tabmenu=EVENTS,success
https://www.yeoshin.co.kr/event/mobile/23112,뷰티젠의원(하남),https://www.yeoshin.co.kr/hospitals/5250?from=events&tabmenu=EVENTS,success
https://www.yeoshin.co.kr/event/mobile/5561,원더의원,https://www.yeoshin.co.kr/hospitals/4477?from=events&tabmenu=EVENTS,success
https://www.yeoshin.co.kr/event/mobile/16384,늘샤인의원,https://www.yeoshin.co.kr/hospitals/5026?from=events&tabmenu=EVENTS,success
https://www.yeoshin.co.kr/event/mobile/26536,유리움한의원,https://www.yeoshin.co.kr/hospitals/5118?from=events&tabmenu=EVENTS,success
https://www.yeoshin.co.kr/event/mobile/23441,JK위드미의원,https://www.yeoshin.co.kr/hospitals/4789?from=events&tabmenu=EVENTS,success
https://www.yeoshin.co.kr/event/mobile/26898,유이성형외과의원,https://www.yeoshin.co.kr/hospitals/103940?from=events&tabmenu=EVENTS,success
https://www.yeoshin.co.kr/event/mobile/27507,데이원의원(강남역점),https://www.yeoshin.co.kr/hospitals/484?from=events&tabmenu=EVENTS,success
https://www.yeoshin.co.kr/event/mobile/22756,애플산부인과의원(천호점),https://www.yeoshin.co.kr/hospitals/5388?from=events&tabmenu=EVENTS,success
https://www.yeoshin.co.kr/event/mobile/22292,애플산부인과의원(천호점),https://www.yeoshin.co.kr/hospitals/5388?from=events&tabmenu=EVENTS,success
https://www.yeoshin.co.kr/event/mobile/16041,데이원의원(강남역점),https://www.yeoshin.co.kr/hospitals/484?from=events&tabmenu=EVENTS,success
https://www.yeoshin.co.kr/event/mobile/13535,파크뷰의원(운정점),https://www.yeoshin.co.kr/hospitals/3112?from=events&tabmenu=EVENTS,success
https://www.yeoshin.co.kr/event/mobile/6366,뷰티제이의원,https://www.yeoshin.co.kr/hospitals/4715?from=events&tabmenu=EVENTS,success
https://www.yeoshin.co.kr/event/mobile/2962,푸른의원,https://www.yeoshin.co.kr/hospitals/4747?from=events&tabmenu=EVENTS,success
https://www.yeoshin.co.kr/event/mobile/19218,삼성필의원(시흥),https://www.yeoshin.co.kr/hospitals/2180?from=events&tabmenu=EVENTS,success
https://www.yeoshin.co.kr/event/mobile/25533,끗한의원(수원),https://www.yeoshin.co.kr/hospitals/103930?from=events&tabmenu=EVENTS,success
https://www.yeoshin.co.kr/event/mobile/27284,연세팜스의원(은평),https://www.yeoshin.co.kr/hospitals/104069?from=events&tabmenu=EVENTS,success
https://www.yeoshin.co.kr/event/mobile/17189,아라의원,https://www.yeoshin.co.kr/hospitals/2767?from=events&tabmenu=EVENTS,success
https://www.yeoshin.co.kr/event/mobile/16371,나비성형외과의원,https://www.yeoshin.co.kr/hospitals/4868?from=events&tabmenu=EVENTS,success
https://www.yeoshin.co.kr/event/mobile/27506,데이원의원(강남역점),https://www.yeoshin.co.kr/hospitals/484?from=events&tabmenu=EVENTS,success
https://www.yeoshin.co.kr/event/mobile/4592,더청담의원,https://www.yeoshin.co.kr/hospitals/4906?from=events&tabmenu=EVENTS,success
https://www.yeoshin.co.kr/event/mobile/15407,연세미사랑의원,https://www.yeoshin.co.kr/hospitals/4686?from=events&tabmenu=EVENTS,success
https://www.yeoshin.co.kr/event/mobile/17237,톡스앤필(제주점),https://www.yeoshin.co.kr/hospitals/5060?from=events&tabmenu=EVENTS,success
https://www.yeoshin.co.kr/event/mobile/9621,유앤아이피부과의원(판교점),https://www.yeoshin.co.kr/hospitals/4802?from=events&tabmenu=EVENTS,success
https://www.yeoshin.co.kr/event/mobile/19220,삼성필의원(시흥),https://www.yeoshin.co.kr/hospitals/2180?from=events&tabmenu=EVENTS,success
https://www.yeoshin.co.kr/event/mobile/16370,나비성형외과의원,https://www.yeoshin.co.kr/hospitals/4868?from=events&tabmenu=EVENTS,success
https://www.yeoshin.co.kr/event/mobile/20556,뷰티젠의원(하남),https://www.yeoshin.co.kr/hospitals/5250?from=events&tabmenu=EVENTS,success
https://www.yeoshin.co.kr/event/mobile/19217,삼성필의원(시흥),https://www.yeoshin.co.kr/hospitals/2180?from=events&tabmenu=EVENTS,success
https://www.yeoshin.co.kr/event/mobile/27442,마노필의원,https://www.yeoshin.co.kr/hospitals/5227?from=events&tabmenu=EVENTS,success
https://www.yeoshin.co.kr/event/mobile/17239,톡스앤필(제주점),https://www.yeoshin.co.kr/hospitals/5060?from=events&tabmenu=EVENTS,success
https://www.yeoshin.co.kr/event/mobile/23766,브라운성형외과의원,https://www.yeoshin.co.kr/hospitals/4231?from=events&tabmenu=EVENTS,success
https://www.yeoshin.co.kr/event/mobile/21968,아라의원,https://www.yeoshin.co.kr/hospitals/2767?from=events&tabmenu=EVENTS,success
https://www.yeoshin.co.kr/event/mobile/15789,쏘울성형외과의원(의정부점),https://www.yeoshin.co.kr/hospitals/4967?from=events&tabmenu=EVENTS,success
https://www.yeoshin.co.kr/event/mobile/23526,청담르벨의원,https://www.yeoshin.co.kr/hospitals/5009?from=events&tabmenu=EVENTS,success
https://www.yeoshin.co.kr/event/mobile/24665,강남제이스타의원,https://www.yeoshin.co.kr/hospitals/103828?from=events&tabmenu=EVENTS,success
https://www.yeoshin.co.kr/event/mobile/25830,청담엔케이피부과의원,https://www.yeoshin.co.kr/hospitals/103971?from=events&tabmenu=EVENTS,success
https://www.yeoshin.co.kr/event/mobile/23113,뷰티젠의원(하남),https://www.yeoshin.co.kr/hospitals/5250?from=events&tabmenu=EVENTS,success
https://www.yeoshin.co.kr/event/mobile/15401,연세미사랑의원,https://www.yeoshin.co.kr/hospitals/4686?from=events&tabmenu=EVENTS,success
https://www.yeoshin.co.kr/event/mobile/19219,삼성필의원(시흥),https://www.yeoshin.co.kr/hospitals/2180?from=events&tabmenu=EVENTS,success
